instance,cell_type,x_um,y_um
INTERNAL_3_0,INTERNAL_3,2.02,-51.36
INTERNAL_3_1,INTERNAL_3,15.82,-51.36
INTERNAL_3_2,INTERNAL_3,21.340000000000003,-51.36
INTERNAL_3_3,INTERNAL_3,26.86,-51.36
INTERNAL_3_4,INTERNAL_3,35.14,-51.36
INTERNAL_3_5,INTERNAL_3,46.18000000000001,-51.36
INTERNAL_3_6,INTERNAL_3,57.22,-51.36
INTERNAL_3_7,INTERNAL_3,65.5,-51.36
INTERNAL_3_8,INTERNAL_3,71.02,-51.36
INTERNAL_3_9,INTERNAL_3,82.06,-51.36
INTERNAL_3_10,INTERNAL_3,87.58,-51.36
INTERNAL_3_11,INTERNAL_3,117.94,-51.36
INTERNAL_3_12,INTERNAL_3,134.5,-51.36
INTERNAL_3_13,INTERNAL_3,137.26,-51.36
INTERNAL_3_14,INTERNAL_3,148.3,-51.36
INTERNAL_3_15,INTERNAL_3,159.34,-51.36
INTERNAL_3_16,INTERNAL_3,162.1,-51.36
INTERNAL_3_17,INTERNAL_3,164.86,-51.36
INTERNAL_3_18,INTERNAL_3,178.66,-51.36
INTERNAL_3_19,INTERNAL_3,186.94,-51.36
INTERNAL_3_20,INTERNAL_3,192.46,-51.36
INTERNAL_7_0,INTERNAL_7,6.16,-51.36
INTERNAL_7_1,INTERNAL_7,11.68,-51.36
INTERNAL_7_2,INTERNAL_7,31.0,-51.36
INTERNAL_7_3,INTERNAL_7,50.32,-51.36
INTERNAL_7_4,INTERNAL_7,61.36,-51.36
INTERNAL_7_5,INTERNAL_7,77.92000000000002,-51.36
INTERNAL_7_6,INTERNAL_7,91.72,-51.36
INTERNAL_7_7,INTERNAL_7,100.0,-51.36
INTERNAL_7_8,INTERNAL_7,105.52000000000001,-51.36
INTERNAL_7_9,INTERNAL_7,122.08000000000001,-51.36
INTERNAL_7_10,INTERNAL_7,130.35999999999999,-51.36
INTERNAL_7_11,INTERNAL_7,152.44,-51.36
INTERNAL_7_12,INTERNAL_7,171.76,-51.36
INTERNAL_7_13,INTERNAL_7,182.79999999999998,-51.36
INTERNAL_7_14,INTERNAL_7,196.6,-51.36
VIA_L1M1_PR_MR_0,VIA_L1M1_PR_MR,167.21,11.39
VIA_L1M1_PR_MR_1,VIA_L1M1_PR_MR,176.41,11.39
VIA_L1M1_PR_MR_2,VIA_L1M1_PR_MR,158.01,11.73
VIA_L1M1_PR_MR_3,VIA_L1M1_PR_MR,159.85,11.73
VIA_L1M1_PR_MR_4,VIA_L1M1_PR_MR,175.03,11.73
VIA_L1M1_PR_MR_5,VIA_L1M1_PR_MR,183.77,11.73
VIA_L1M1_PR_MR_6,VIA_L1M1_PR_MR,184.69,11.73
VIA_L1M1_PR_MR_7,VIA_L1M1_PR_MR,158.93,12.07
VIA_L1M1_PR_MR_8,VIA_L1M1_PR_MR,161.23,12.07
VIA_L1M1_PR_MR_9,VIA_L1M1_PR_MR,162.15,12.07
VIA_L1M1_PR_MR_10,VIA_L1M1_PR_MR,163.53,12.07
VIA_L1M1_PR_MR_11,VIA_L1M1_PR_MR,164.45000000000002,12.07
VIA_L1M1_PR_MR_12,VIA_L1M1_PR_MR,166.29,12.07
VIA_L1M1_PR_MR_13,VIA_L1M1_PR_MR,169.51,12.07
VIA_L1M1_PR_MR_14,VIA_L1M1_PR_MR,169.97,12.07
VIA_L1M1_PR_MR_15,VIA_L1M1_PR_MR,170.43,12.07
VIA_L1M1_PR_MR_16,VIA_L1M1_PR_MR,170.89000000000001,12.07
VIA_L1M1_PR_MR_17,VIA_L1M1_PR_MR,171.81,12.07
VIA_L1M1_PR_MR_18,VIA_L1M1_PR_MR,172.27,12.07
VIA_L1M1_PR_MR_19,VIA_L1M1_PR_MR,173.65,12.07
VIA_L1M1_PR_MR_20,VIA_L1M1_PR_MR,174.11,12.07
VIA_L1M1_PR_MR_21,VIA_L1M1_PR_MR,176.87,12.07
VIA_L1M1_PR_MR_22,VIA_L1M1_PR_MR,181.01,12.07
VIA_L1M1_PR_MR_23,VIA_L1M1_PR_MR,181.93,12.07
VIA_L1M1_PR_MR_24,VIA_L1M1_PR_MR,182.85,12.07
VIA_L1M1_PR_MR_25,VIA_L1M1_PR_MR,185.61,12.07
VIA_L1M1_PR_MR_26,VIA_L1M1_PR_MR,186.07,12.07
VIA_L1M1_PR_MR_27,VIA_L1M1_PR_MR,186.99,12.07
VIA_L1M1_PR_MR_28,VIA_L1M1_PR_MR,160.31,12.41
VIA_L1M1_PR_MR_29,VIA_L1M1_PR_MR,165.37,12.41
VIA_L1M1_PR_MR_30,VIA_L1M1_PR_MR,172.73,12.41
VIA_L1M1_PR_MR_31,VIA_L1M1_PR_MR,179.63,12.41
VIA_L1M1_PR_MR_32,VIA_L1M1_PR_MR,187.91,12.41
VIA_L1M1_PR_MR_33,VIA_L1M1_PR_MR,163.99,12.75
VIA_L1M1_PR_MR_34,VIA_L1M1_PR_MR,180.55,12.75
VIA_L1M1_PR_MR_35,VIA_L1M1_PR_MR,168.59,13.09
VIA_L1M1_PR_MR_36,VIA_L1M1_PR_MR,178.71,13.09
VIA_L1M1_PR_MR_37,VIA_L1M1_PR_MR,181.93,13.09
VIA_L1M1_PR_MR_38,VIA_L1M1_PR_MR,154.79,14.11
VIA_L1M1_PR_MR_39,VIA_L1M1_PR_MR,163.07,14.11
VIA_L1M1_PR_MR_40,VIA_L1M1_PR_MR,170.89000000000001,14.11
VIA_L1M1_PR_MR_41,VIA_L1M1_PR_MR,171.81,14.11
VIA_L1M1_PR_MR_42,VIA_L1M1_PR_MR,172.73,14.11
VIA_L1M1_PR_MR_43,VIA_L1M1_PR_MR,174.11,14.450000000000001
VIA_L1M1_PR_MR_44,VIA_L1M1_PR_MR,184.23,14.450000000000001
VIA_L1M1_PR_MR_45,VIA_L1M1_PR_MR,155.71,14.790000000000001
VIA_L1M1_PR_MR_46,VIA_L1M1_PR_MR,159.85,14.790000000000001
VIA_L1M1_PR_MR_47,VIA_L1M1_PR_MR,168.13,14.790000000000001
VIA_L1M1_PR_MR_48,VIA_L1M1_PR_MR,177.79,14.790000000000001
VIA_L1M1_PR_MR_49,VIA_L1M1_PR_MR,180.09,14.790000000000001
VIA_L1M1_PR_MR_50,VIA_L1M1_PR_MR,154.33,15.13
VIA_L1M1_PR_MR_51,VIA_L1M1_PR_MR,155.25,15.13
VIA_L1M1_PR_MR_52,VIA_L1M1_PR_MR,156.63,15.13
VIA_L1M1_PR_MR_53,VIA_L1M1_PR_MR,157.09,15.13
VIA_L1M1_PR_MR_54,VIA_L1M1_PR_MR,158.01,15.13
VIA_L1M1_PR_MR_55,VIA_L1M1_PR_MR,159.39000000000001,15.13
VIA_L1M1_PR_MR_56,VIA_L1M1_PR_MR,160.31,15.13
VIA_L1M1_PR_MR_57,VIA_L1M1_PR_MR,161.69,15.13
VIA_L1M1_PR_MR_58,VIA_L1M1_PR_MR,163.07,15.13
VIA_L1M1_PR_MR_59,VIA_L1M1_PR_MR,163.99,15.13
VIA_L1M1_PR_MR_60,VIA_L1M1_PR_MR,169.05,15.13
VIA_L1M1_PR_MR_61,VIA_L1M1_PR_MR,175.32,15.13
VIA_L1M1_PR_MR_62,VIA_L1M1_PR_MR,175.95000000000002,15.13
VIA_L1M1_PR_MR_63,VIA_L1M1_PR_MR,176.41,15.13
VIA_L1M1_PR_MR_64,VIA_L1M1_PR_MR,177.33,15.13
VIA_L1M1_PR_MR_65,VIA_L1M1_PR_MR,178.71,15.13
VIA_L1M1_PR_MR_66,VIA_L1M1_PR_MR,180.55,15.13
VIA_L1M1_PR_MR_67,VIA_L1M1_PR_MR,181.93,15.13
VIA_L1M1_PR_MR_68,VIA_L1M1_PR_MR,183.77,15.13
VIA_L1M1_PR_MR_69,VIA_L1M1_PR_MR,185.15,15.13
VIA_L1M1_PR_MR_70,VIA_L1M1_PR_MR,186.53,15.13
VIA_L1M1_PR_MR_71,VIA_L1M1_PR_MR,187.91,15.13
VIA_L1M1_PR_MR_72,VIA_L1M1_PR_MR,162.15,15.47
VIA_L1M1_PR_MR_73,VIA_L1M1_PR_MR,172.73,15.47
VIA_L1M1_PR_MR_74,VIA_L1M1_PR_MR,173.65,15.47
VIA_L1M1_PR_MR_75,VIA_L1M1_PR_MR,186.07,15.47
VIA_L1M1_PR_MR_76,VIA_L1M1_PR_MR,188.37,15.47
VIA_L1M1_PR_MR_77,VIA_L1M1_PR_MR,168.59,15.81
VIA_L1M1_PR_MR_78,VIA_L1M1_PR_MR,181.47,15.81
VIA_L1M1_PR_MR_79,VIA_L1M1_PR_MR,182.39000000000001,15.81
VIA_L1M1_PR_MR_80,VIA_L1M1_PR_MR,182.85,15.81
VIA_L1M1_PR_MR_81,VIA_L1M1_PR_MR,160.77,16.830000000000002
VIA_L1M1_PR_MR_82,VIA_L1M1_PR_MR,154.79,17.17
VIA_L1M1_PR_MR_83,VIA_L1M1_PR_MR,155.71,17.17
VIA_L1M1_PR_MR_84,VIA_L1M1_PR_MR,168.59,17.17
VIA_L1M1_PR_MR_85,VIA_L1M1_PR_MR,182.39000000000001,17.17
VIA_L1M1_PR_MR_86,VIA_L1M1_PR_MR,165.82500000000002,17.495
VIA_L1M1_PR_MR_87,VIA_L1M1_PR_MR,152.95000000000002,17.51
VIA_L1M1_PR_MR_88,VIA_L1M1_PR_MR,153.87,17.51
VIA_L1M1_PR_MR_89,VIA_L1M1_PR_MR,157.55,17.51
VIA_L1M1_PR_MR_90,VIA_L1M1_PR_MR,158.01,17.51
VIA_L1M1_PR_MR_91,VIA_L1M1_PR_MR,159.39000000000001,17.51
VIA_L1M1_PR_MR_92,VIA_L1M1_PR_MR,160.31,17.51
VIA_L1M1_PR_MR_93,VIA_L1M1_PR_MR,161.69,17.51
VIA_L1M1_PR_MR_94,VIA_L1M1_PR_MR,164.91,17.51
VIA_L1M1_PR_MR_95,VIA_L1M1_PR_MR,166.29,17.51
VIA_L1M1_PR_MR_96,VIA_L1M1_PR_MR,167.67000000000002,17.51
VIA_L1M1_PR_MR_97,VIA_L1M1_PR_MR,175.03,17.51
VIA_L1M1_PR_MR_98,VIA_L1M1_PR_MR,175.95000000000002,17.51
VIA_L1M1_PR_MR_99,VIA_L1M1_PR_MR,180.26,17.51
VIA_L1M1_PR_MR_100,VIA_L1M1_PR_MR,183.31,17.51
VIA_L1M1_PR_MR_101,VIA_L1M1_PR_MR,184.23,17.51
VIA_L1M1_PR_MR_102,VIA_L1M1_PR_MR,184.69,17.51
VIA_L1M1_PR_MR_103,VIA_L1M1_PR_MR,185.15,17.51
VIA_L1M1_PR_MR_104,VIA_L1M1_PR_MR,158.93,17.85
VIA_L1M1_PR_MR_105,VIA_L1M1_PR_MR,162.15,17.85
VIA_L1M1_PR_MR_106,VIA_L1M1_PR_MR,163.07,17.85
VIA_L1M1_PR_MR_107,VIA_L1M1_PR_MR,166.75,17.85
VIA_L1M1_PR_MR_108,VIA_L1M1_PR_MR,170.43,17.85
VIA_L1M1_PR_MR_109,VIA_L1M1_PR_MR,174.11,17.85
VIA_L1M1_PR_MR_110,VIA_L1M1_PR_MR,178.25,17.85
VIA_L1M1_PR_MR_111,VIA_L1M1_PR_MR,178.71,17.85
VIA_L1M1_PR_MR_112,VIA_L1M1_PR_MR,185.61,17.85
VIA_L1M1_PR_MR_113,VIA_L1M1_PR_MR,153.87,18.19
VIA_L1M1_PR_MR_114,VIA_L1M1_PR_MR,181.47,18.19
VIA_L1M1_PR_MR_115,VIA_L1M1_PR_MR,156.17000000000002,18.53
VIA_L1M1_PR_MR_116,VIA_L1M1_PR_MR,163.99,18.53
VIA_L1M1_PR_MR_117,VIA_L1M1_PR_MR,175.95000000000002,18.53
VIA_L1M1_PR_MR_118,VIA_L1M1_PR_MR,176.87,18.53
VIA_L1M1_PR_MR_119,VIA_L1M1_PR_MR,185.15,18.53
VIA_L1M1_PR_MR_120,VIA_L1M1_PR_MR,186.99,18.53
VIA_L1M1_PR_MR_121,VIA_L1M1_PR_MR,157.09,19.55
VIA_L1M1_PR_MR_122,VIA_L1M1_PR_MR,162.15,19.55
VIA_L1M1_PR_MR_123,VIA_L1M1_PR_MR,163.07,19.55
VIA_L1M1_PR_MR_124,VIA_L1M1_PR_MR,156.63,19.89
VIA_L1M1_PR_MR_125,VIA_L1M1_PR_MR,182.85,19.89
VIA_L1M1_PR_MR_126,VIA_L1M1_PR_MR,186.07,19.89
VIA_L1M1_PR_MR_127,VIA_L1M1_PR_MR,158.93,20.23
VIA_L1M1_PR_MR_128,VIA_L1M1_PR_MR,160.77,20.23
VIA_L1M1_PR_MR_129,VIA_L1M1_PR_MR,163.99,20.23
VIA_L1M1_PR_MR_130,VIA_L1M1_PR_MR,166.29,20.23
VIA_L1M1_PR_MR_131,VIA_L1M1_PR_MR,180.465,20.23
VIA_L1M1_PR_MR_132,VIA_L1M1_PR_MR,181.93,20.23
VIA_L1M1_PR_MR_133,VIA_L1M1_PR_MR,183.77,20.23
VIA_L1M1_PR_MR_134,VIA_L1M1_PR_MR,81.65,20.57
VIA_L1M1_PR_MR_135,VIA_L1M1_PR_MR,82.11,20.57
VIA_L1M1_PR_MR_136,VIA_L1M1_PR_MR,83.49,20.57
VIA_L1M1_PR_MR_137,VIA_L1M1_PR_MR,154.79,20.57
VIA_L1M1_PR_MR_138,VIA_L1M1_PR_MR,156.17000000000002,20.57
VIA_L1M1_PR_MR_139,VIA_L1M1_PR_MR,157.55,20.57
VIA_L1M1_PR_MR_140,VIA_L1M1_PR_MR,159.85,20.57
VIA_L1M1_PR_MR_141,VIA_L1M1_PR_MR,163.07,20.57
VIA_L1M1_PR_MR_142,VIA_L1M1_PR_MR,168.13,20.57
VIA_L1M1_PR_MR_143,VIA_L1M1_PR_MR,169.51,20.57
VIA_L1M1_PR_MR_144,VIA_L1M1_PR_MR,172.73,20.57
VIA_L1M1_PR_MR_145,VIA_L1M1_PR_MR,173.65,20.57
VIA_L1M1_PR_MR_146,VIA_L1M1_PR_MR,178.25,20.57
VIA_L1M1_PR_MR_147,VIA_L1M1_PR_MR,179.17000000000002,20.57
VIA_L1M1_PR_MR_148,VIA_L1M1_PR_MR,182.39000000000001,20.57
VIA_L1M1_PR_MR_149,VIA_L1M1_PR_MR,182.85,20.57
VIA_L1M1_PR_MR_150,VIA_L1M1_PR_MR,186.53,20.57
VIA_L1M1_PR_MR_151,VIA_L1M1_PR_MR,186.99,20.57
VIA_L1M1_PR_MR_152,VIA_L1M1_PR_MR,158.47,20.91
VIA_L1M1_PR_MR_153,VIA_L1M1_PR_MR,164.45000000000002,20.91
VIA_L1M1_PR_MR_154,VIA_L1M1_PR_MR,177.79,20.91
VIA_L1M1_PR_MR_155,VIA_L1M1_PR_MR,181.47,20.91
VIA_L1M1_PR_MR_156,VIA_L1M1_PR_MR,80.73,21.25
VIA_L1M1_PR_MR_157,VIA_L1M1_PR_MR,82.57000000000001,21.25
VIA_L1M1_PR_MR_158,VIA_L1M1_PR_MR,154.79,21.25
VIA_L1M1_PR_MR_159,VIA_L1M1_PR_MR,181.01,21.25
VIA_L1M1_PR_MR_160,VIA_L1M1_PR_MR,184.69,21.25
VIA_L1M1_PR_MR_161,VIA_L1M1_PR_MR,157.09,22.27
VIA_L1M1_PR_MR_162,VIA_L1M1_PR_MR,161.23,22.27
VIA_L1M1_PR_MR_163,VIA_L1M1_PR_MR,166.75,22.27
VIA_L1M1_PR_MR_164,VIA_L1M1_PR_MR,167.21,22.27
VIA_L1M1_PR_MR_165,VIA_L1M1_PR_MR,175.03,22.61
VIA_L1M1_PR_MR_166,VIA_L1M1_PR_MR,175.49,22.61
VIA_L1M1_PR_MR_167,VIA_L1M1_PR_MR,178.25,22.61
VIA_L1M1_PR_MR_168,VIA_L1M1_PR_MR,150.65,22.95
VIA_L1M1_PR_MR_169,VIA_L1M1_PR_MR,151.57,22.95
VIA_L1M1_PR_MR_170,VIA_L1M1_PR_MR,153.87,22.95
VIA_L1M1_PR_MR_171,VIA_L1M1_PR_MR,154.79,22.95
VIA_L1M1_PR_MR_172,VIA_L1M1_PR_MR,156.17000000000002,22.95
VIA_L1M1_PR_MR_173,VIA_L1M1_PR_MR,157.09,22.95
VIA_L1M1_PR_MR_174,VIA_L1M1_PR_MR,158.01,22.95
VIA_L1M1_PR_MR_175,VIA_L1M1_PR_MR,163.53,22.95
VIA_L1M1_PR_MR_176,VIA_L1M1_PR_MR,164.91,22.95
VIA_L1M1_PR_MR_177,VIA_L1M1_PR_MR,167.67000000000002,22.95
VIA_L1M1_PR_MR_178,VIA_L1M1_PR_MR,168.59,22.95
VIA_L1M1_PR_MR_179,VIA_L1M1_PR_MR,169.51,22.95
VIA_L1M1_PR_MR_180,VIA_L1M1_PR_MR,171.81,22.95
VIA_L1M1_PR_MR_181,VIA_L1M1_PR_MR,174.11,22.95
VIA_L1M1_PR_MR_182,VIA_L1M1_PR_MR,176.21,22.95
VIA_L1M1_PR_MR_183,VIA_L1M1_PR_MR,179.63,22.95
VIA_L1M1_PR_MR_184,VIA_L1M1_PR_MR,181.01,22.95
VIA_L1M1_PR_MR_185,VIA_L1M1_PR_MR,181.47,22.95
VIA_L1M1_PR_MR_186,VIA_L1M1_PR_MR,183.31,22.95
VIA_L1M1_PR_MR_187,VIA_L1M1_PR_MR,184.69,22.95
VIA_L1M1_PR_MR_188,VIA_L1M1_PR_MR,186.07,22.95
VIA_L1M1_PR_MR_189,VIA_L1M1_PR_MR,186.53,22.95
VIA_L1M1_PR_MR_190,VIA_L1M1_PR_MR,158.47,23.29
VIA_L1M1_PR_MR_191,VIA_L1M1_PR_MR,166.19,23.29
VIA_L1M1_PR_MR_192,VIA_L1M1_PR_MR,173.65,23.29
VIA_L1M1_PR_MR_193,VIA_L1M1_PR_MR,185.15,23.29
VIA_L1M1_PR_MR_194,VIA_L1M1_PR_MR,150.19,23.63
VIA_L1M1_PR_MR_195,VIA_L1M1_PR_MR,154.79,23.63
VIA_L1M1_PR_MR_196,VIA_L1M1_PR_MR,162.15,23.63
VIA_L1M1_PR_MR_197,VIA_L1M1_PR_MR,180.09,23.63
VIA_L1M1_PR_MR_198,VIA_L1M1_PR_MR,187.91,23.63
VIA_L1M1_PR_MR_199,VIA_L1M1_PR_MR,158.47,23.97
VIA_L1M1_PR_MR_200,VIA_L1M1_PR_MR,159.85,23.97
VIA_L1M1_PR_MR_201,VIA_L1M1_PR_MR,163.99,23.97
VIA_L1M1_PR_MR_202,VIA_L1M1_PR_MR,176.87,23.97
VIA_L1M1_PR_MR_203,VIA_L1M1_PR_MR,186.07,23.97
VIA_L1M1_PR_MR_204,VIA_L1M1_PR_MR,77.97,24.990000000000002
VIA_L1M1_PR_MR_205,VIA_L1M1_PR_MR,80.73,24.990000000000002
VIA_L1M1_PR_MR_206,VIA_L1M1_PR_MR,82.57000000000001,24.990000000000002
VIA_L1M1_PR_MR_207,VIA_L1M1_PR_MR,155.71,24.990000000000002
VIA_L1M1_PR_MR_208,VIA_L1M1_PR_MR,164.45000000000002,24.990000000000002
VIA_L1M1_PR_MR_209,VIA_L1M1_PR_MR,153.41,25.330000000000002
VIA_L1M1_PR_MR_210,VIA_L1M1_PR_MR,165.37,25.67
VIA_L1M1_PR_MR_211,VIA_L1M1_PR_MR,169.51,25.67
VIA_L1M1_PR_MR_212,VIA_L1M1_PR_MR,173.19,25.67
VIA_L1M1_PR_MR_213,VIA_L1M1_PR_MR,178.25,25.67
VIA_L1M1_PR_MR_214,VIA_L1M1_PR_MR,79.35000000000001,26.01
VIA_L1M1_PR_MR_215,VIA_L1M1_PR_MR,85.33,26.01
VIA_L1M1_PR_MR_216,VIA_L1M1_PR_MR,151.11,26.01
VIA_L1M1_PR_MR_217,VIA_L1M1_PR_MR,151.57,26.01
VIA_L1M1_PR_MR_218,VIA_L1M1_PR_MR,152.49,26.01
VIA_L1M1_PR_MR_219,VIA_L1M1_PR_MR,153.87,26.01
VIA_L1M1_PR_MR_220,VIA_L1M1_PR_MR,154.79,26.01
VIA_L1M1_PR_MR_221,VIA_L1M1_PR_MR,155.25,26.01
VIA_L1M1_PR_MR_222,VIA_L1M1_PR_MR,156.17000000000002,26.01
VIA_L1M1_PR_MR_223,VIA_L1M1_PR_MR,158.01,26.01
VIA_L1M1_PR_MR_224,VIA_L1M1_PR_MR,159.39000000000001,26.01
VIA_L1M1_PR_MR_225,VIA_L1M1_PR_MR,160.77,26.01
VIA_L1M1_PR_MR_226,VIA_L1M1_PR_MR,161.23,26.01
VIA_L1M1_PR_MR_227,VIA_L1M1_PR_MR,163.99,26.01
VIA_L1M1_PR_MR_228,VIA_L1M1_PR_MR,164.45000000000002,26.01
VIA_L1M1_PR_MR_229,VIA_L1M1_PR_MR,166.29,26.01
VIA_L1M1_PR_MR_230,VIA_L1M1_PR_MR,180.55,26.01
VIA_L1M1_PR_MR_231,VIA_L1M1_PR_MR,181.93,26.01
VIA_L1M1_PR_MR_232,VIA_L1M1_PR_MR,182.85,26.01
VIA_L1M1_PR_MR_233,VIA_L1M1_PR_MR,183.31,26.01
VIA_L1M1_PR_MR_234,VIA_L1M1_PR_MR,184.69,26.01
VIA_L1M1_PR_MR_235,VIA_L1M1_PR_MR,185.61,26.01
VIA_L1M1_PR_MR_236,VIA_L1M1_PR_MR,77.97,26.35
VIA_L1M1_PR_MR_237,VIA_L1M1_PR_MR,78.89,26.35
VIA_L1M1_PR_MR_238,VIA_L1M1_PR_MR,81.65,26.35
VIA_L1M1_PR_MR_239,VIA_L1M1_PR_MR,159.85,26.35
VIA_L1M1_PR_MR_240,VIA_L1M1_PR_MR,167.21,26.35
VIA_L1M1_PR_MR_241,VIA_L1M1_PR_MR,175.49,26.35
VIA_L1M1_PR_MR_242,VIA_L1M1_PR_MR,180.09,26.35
VIA_L1M1_PR_MR_243,VIA_L1M1_PR_MR,186.53,26.35
VIA_L1M1_PR_MR_244,VIA_L1M1_PR_MR,77.05,26.69
VIA_L1M1_PR_MR_245,VIA_L1M1_PR_MR,80.73,26.69
VIA_L1M1_PR_MR_246,VIA_L1M1_PR_MR,83.49,26.69
VIA_L1M1_PR_MR_247,VIA_L1M1_PR_MR,83.95,26.69
VIA_L1M1_PR_MR_248,VIA_L1M1_PR_MR,84.41,26.69
VIA_L1M1_PR_MR_249,VIA_L1M1_PR_MR,158.01,26.69
VIA_L1M1_PR_MR_250,VIA_L1M1_PR_MR,162.61,26.69
VIA_L1M1_PR_MR_251,VIA_L1M1_PR_MR,161.69,27.71
VIA_L1M1_PR_MR_252,VIA_L1M1_PR_MR,173.19,27.71
VIA_L1M1_PR_MR_253,VIA_L1M1_PR_MR,180.09,27.71
VIA_L1M1_PR_MR_254,VIA_L1M1_PR_MR,181.93,27.71
VIA_L1M1_PR_MR_255,VIA_L1M1_PR_MR,183.31,27.71
VIA_L1M1_PR_MR_256,VIA_L1M1_PR_MR,165.83,28.05
VIA_L1M1_PR_MR_257,VIA_L1M1_PR_MR,167.67000000000002,28.05
VIA_L1M1_PR_MR_258,VIA_L1M1_PR_MR,173.65,28.05
VIA_L1M1_PR_MR_259,VIA_L1M1_PR_MR,179.63,28.05
VIA_L1M1_PR_MR_260,VIA_L1M1_PR_MR,150.19,28.39
VIA_L1M1_PR_MR_261,VIA_L1M1_PR_MR,151.11,28.39
VIA_L1M1_PR_MR_262,VIA_L1M1_PR_MR,152.95000000000002,28.39
VIA_L1M1_PR_MR_263,VIA_L1M1_PR_MR,154.33,28.39
VIA_L1M1_PR_MR_264,VIA_L1M1_PR_MR,154.79,28.39
VIA_L1M1_PR_MR_265,VIA_L1M1_PR_MR,156.17000000000002,28.39
VIA_L1M1_PR_MR_266,VIA_L1M1_PR_MR,157.55,28.39
VIA_L1M1_PR_MR_267,VIA_L1M1_PR_MR,158.01,28.39
VIA_L1M1_PR_MR_268,VIA_L1M1_PR_MR,159.39000000000001,28.39
VIA_L1M1_PR_MR_269,VIA_L1M1_PR_MR,160.31,28.39
VIA_L1M1_PR_MR_270,VIA_L1M1_PR_MR,162.095,28.39
VIA_L1M1_PR_MR_271,VIA_L1M1_PR_MR,162.61,28.39
VIA_L1M1_PR_MR_272,VIA_L1M1_PR_MR,163.53,28.39
VIA_L1M1_PR_MR_273,VIA_L1M1_PR_MR,163.99,28.39
VIA_L1M1_PR_MR_274,VIA_L1M1_PR_MR,164.62,28.39
VIA_L1M1_PR_MR_275,VIA_L1M1_PR_MR,172.73,28.39
VIA_L1M1_PR_MR_276,VIA_L1M1_PR_MR,175.49,28.39
VIA_L1M1_PR_MR_277,VIA_L1M1_PR_MR,182.85,28.39
VIA_L1M1_PR_MR_278,VIA_L1M1_PR_MR,184.69,28.39
VIA_L1M1_PR_MR_279,VIA_L1M1_PR_MR,185.61,28.39
VIA_L1M1_PR_MR_280,VIA_L1M1_PR_MR,186.07,28.39
VIA_L1M1_PR_MR_281,VIA_L1M1_PR_MR,186.99,28.39
VIA_L1M1_PR_MR_282,VIA_L1M1_PR_MR,170.43,28.73
VIA_L1M1_PR_MR_283,VIA_L1M1_PR_MR,176.41,28.73
VIA_L1M1_PR_MR_284,VIA_L1M1_PR_MR,179.17000000000002,28.73
VIA_L1M1_PR_MR_285,VIA_L1M1_PR_MR,151.11,29.07
VIA_L1M1_PR_MR_286,VIA_L1M1_PR_MR,153.87,29.41
VIA_L1M1_PR_MR_287,VIA_L1M1_PR_MR,155.25,29.41
VIA_L1M1_PR_MR_288,VIA_L1M1_PR_MR,157.55,29.41
VIA_L1M1_PR_MR_289,VIA_L1M1_PR_MR,186.53,29.41
VIA_L1M1_PR_MR_290,VIA_L1M1_PR_MR,158.47,30.43
VIA_L1M1_PR_MR_291,VIA_L1M1_PR_MR,152.95000000000002,31.11
VIA_L1M1_PR_MR_292,VIA_L1M1_PR_MR,165.37,31.11
VIA_L1M1_PR_MR_293,VIA_L1M1_PR_MR,169.51,31.11
VIA_L1M1_PR_MR_294,VIA_L1M1_PR_MR,176.41,31.11
VIA_L1M1_PR_MR_295,VIA_L1M1_PR_MR,151.11,31.45
VIA_L1M1_PR_MR_296,VIA_L1M1_PR_MR,152.03,31.45
VIA_L1M1_PR_MR_297,VIA_L1M1_PR_MR,153.41,31.45
VIA_L1M1_PR_MR_298,VIA_L1M1_PR_MR,154.33,31.45
VIA_L1M1_PR_MR_299,VIA_L1M1_PR_MR,156.17000000000002,31.45
VIA_L1M1_PR_MR_300,VIA_L1M1_PR_MR,157.09,31.45
VIA_L1M1_PR_MR_301,VIA_L1M1_PR_MR,159.39000000000001,31.45
VIA_L1M1_PR_MR_302,VIA_L1M1_PR_MR,161.23,31.45
VIA_L1M1_PR_MR_303,VIA_L1M1_PR_MR,162.605,31.45
VIA_L1M1_PR_MR_304,VIA_L1M1_PR_MR,163.07,31.45
VIA_L1M1_PR_MR_305,VIA_L1M1_PR_MR,163.53,31.45
VIA_L1M1_PR_MR_306,VIA_L1M1_PR_MR,164.45000000000002,31.45
VIA_L1M1_PR_MR_307,VIA_L1M1_PR_MR,171.81,31.45
VIA_L1M1_PR_MR_308,VIA_L1M1_PR_MR,177.79,31.45
VIA_L1M1_PR_MR_309,VIA_L1M1_PR_MR,178.71,31.45
VIA_L1M1_PR_MR_310,VIA_L1M1_PR_MR,183.31,31.45
VIA_L1M1_PR_MR_311,VIA_L1M1_PR_MR,183.77,31.45
VIA_L1M1_PR_MR_312,VIA_L1M1_PR_MR,184.69,31.45
VIA_L1M1_PR_MR_313,VIA_L1M1_PR_MR,185.15,31.45
VIA_L1M1_PR_MR_314,VIA_L1M1_PR_MR,155.25,31.79
VIA_L1M1_PR_MR_315,VIA_L1M1_PR_MR,160.31,31.79
VIA_L1M1_PR_MR_316,VIA_L1M1_PR_MR,160.77,31.79
VIA_L1M1_PR_MR_317,VIA_L1M1_PR_MR,166.75,31.79
VIA_L1M1_PR_MR_318,VIA_L1M1_PR_MR,182.85,31.79
VIA_L1M1_PR_MR_319,VIA_L1M1_PR_MR,156.17000000000002,32.13
VIA_L1M1_PR_MR_320,VIA_L1M1_PR_MR,186.07,32.13
VIA_L1M1_PR_MR_321,VIA_L1M1_PR_MR,84.41,33.15
VIA_L1M1_PR_MR_322,VIA_L1M1_PR_MR,159.85,33.15
VIA_L1M1_PR_MR_323,VIA_L1M1_PR_MR,160.31,33.15
VIA_L1M1_PR_MR_324,VIA_L1M1_PR_MR,168.59,33.15
VIA_L1M1_PR_MR_325,VIA_L1M1_PR_MR,169.51,33.15
VIA_L1M1_PR_MR_326,VIA_L1M1_PR_MR,184.69,33.15
VIA_L1M1_PR_MR_327,VIA_L1M1_PR_MR,185.15,33.15
VIA_L1M1_PR_MR_328,VIA_L1M1_PR_MR,160.77,33.49
VIA_L1M1_PR_MR_329,VIA_L1M1_PR_MR,154.33,33.83
VIA_L1M1_PR_MR_330,VIA_L1M1_PR_MR,155.25,33.83
VIA_L1M1_PR_MR_331,VIA_L1M1_PR_MR,155.71,33.83
VIA_L1M1_PR_MR_332,VIA_L1M1_PR_MR,156.63,33.83
VIA_L1M1_PR_MR_333,VIA_L1M1_PR_MR,158.47,33.83
VIA_L1M1_PR_MR_334,VIA_L1M1_PR_MR,158.93,33.83
VIA_L1M1_PR_MR_335,VIA_L1M1_PR_MR,161.69,33.83
VIA_L1M1_PR_MR_336,VIA_L1M1_PR_MR,162.61,33.83
VIA_L1M1_PR_MR_337,VIA_L1M1_PR_MR,163.53,33.83
VIA_L1M1_PR_MR_338,VIA_L1M1_PR_MR,164.91,33.83
VIA_L1M1_PR_MR_339,VIA_L1M1_PR_MR,165.83,33.83
VIA_L1M1_PR_MR_340,VIA_L1M1_PR_MR,166.29,33.83
VIA_L1M1_PR_MR_341,VIA_L1M1_PR_MR,168.6,33.83
VIA_L1M1_PR_MR_342,VIA_L1M1_PR_MR,172.27,33.83
VIA_L1M1_PR_MR_343,VIA_L1M1_PR_MR,176.41,33.83
VIA_L1M1_PR_MR_344,VIA_L1M1_PR_MR,178.71,33.83
VIA_L1M1_PR_MR_345,VIA_L1M1_PR_MR,179.63,33.83
VIA_L1M1_PR_MR_346,VIA_L1M1_PR_MR,181.01,33.83
VIA_L1M1_PR_MR_347,VIA_L1M1_PR_MR,182.39000000000001,33.83
VIA_L1M1_PR_MR_348,VIA_L1M1_PR_MR,82.11,34.17
VIA_L1M1_PR_MR_349,VIA_L1M1_PR_MR,158.01,34.17
VIA_L1M1_PR_MR_350,VIA_L1M1_PR_MR,171.81,34.17
VIA_L1M1_PR_MR_351,VIA_L1M1_PR_MR,175.95000000000002,34.17
VIA_L1M1_PR_MR_352,VIA_L1M1_PR_MR,176.87,34.17
VIA_L1M1_PR_MR_353,VIA_L1M1_PR_MR,180.09,34.17
VIA_L1M1_PR_MR_354,VIA_L1M1_PR_MR,186.07,34.17
VIA_L1M1_PR_MR_355,VIA_L1M1_PR_MR,83.95,34.51
VIA_L1M1_PR_MR_356,VIA_L1M1_PR_MR,163.99,34.51
VIA_L1M1_PR_MR_357,VIA_L1M1_PR_MR,164.45000000000002,34.51
VIA_L1M1_PR_MR_358,VIA_L1M1_PR_MR,166.75,34.51
VIA_L1M1_PR_MR_359,VIA_L1M1_PR_MR,182.85,34.51
VIA_L1M1_PR_MR_360,VIA_L1M1_PR_MR,154.79,34.85
VIA_L1M1_PR_MR_361,VIA_L1M1_PR_MR,152.95000000000002,35.87
VIA_L1M1_PR_MR_362,VIA_L1M1_PR_MR,155.25,36.21
VIA_L1M1_PR_MR_363,VIA_L1M1_PR_MR,156.17000000000002,36.21
VIA_L1M1_PR_MR_364,VIA_L1M1_PR_MR,186.07,36.21
VIA_L1M1_PR_MR_365,VIA_L1M1_PR_MR,158.01,36.550000000000004
VIA_L1M1_PR_MR_366,VIA_L1M1_PR_MR,160.77,36.550000000000004
VIA_L1M1_PR_MR_367,VIA_L1M1_PR_MR,169.51,36.550000000000004
VIA_L1M1_PR_MR_368,VIA_L1M1_PR_MR,177.79,36.550000000000004
VIA_L1M1_PR_MR_369,VIA_L1M1_PR_MR,182.39000000000001,36.550000000000004
VIA_L1M1_PR_MR_370,VIA_L1M1_PR_MR,182.85,36.550000000000004
VIA_L1M1_PR_MR_371,VIA_L1M1_PR_MR,185.61,36.550000000000004
VIA_L1M1_PR_MR_372,VIA_L1M1_PR_MR,188.37,36.550000000000004
VIA_L1M1_PR_MR_373,VIA_L1M1_PR_MR,77.97,36.89
VIA_L1M1_PR_MR_374,VIA_L1M1_PR_MR,152.49,36.89
VIA_L1M1_PR_MR_375,VIA_L1M1_PR_MR,153.41,36.89
VIA_L1M1_PR_MR_376,VIA_L1M1_PR_MR,158.93,36.89
VIA_L1M1_PR_MR_377,VIA_L1M1_PR_MR,162.61,36.89
VIA_L1M1_PR_MR_378,VIA_L1M1_PR_MR,163.07,36.89
VIA_L1M1_PR_MR_379,VIA_L1M1_PR_MR,163.99,36.89
VIA_L1M1_PR_MR_380,VIA_L1M1_PR_MR,164.45000000000002,36.89
VIA_L1M1_PR_MR_381,VIA_L1M1_PR_MR,171.81,36.89
VIA_L1M1_PR_MR_382,VIA_L1M1_PR_MR,176.87,36.89
VIA_L1M1_PR_MR_383,VIA_L1M1_PR_MR,178.71,36.89
VIA_L1M1_PR_MR_384,VIA_L1M1_PR_MR,181.47,36.89
VIA_L1M1_PR_MR_385,VIA_L1M1_PR_MR,183.31,36.89
VIA_L1M1_PR_MR_386,VIA_L1M1_PR_MR,183.77,36.89
VIA_L1M1_PR_MR_387,VIA_L1M1_PR_MR,187.45000000000002,36.89
VIA_L1M1_PR_MR_388,VIA_L1M1_PR_MR,79.35000000000001,37.230000000000004
VIA_L1M1_PR_MR_389,VIA_L1M1_PR_MR,157.55,37.230000000000004
VIA_L1M1_PR_MR_390,VIA_L1M1_PR_MR,166.75,37.230000000000004
VIA_L1M1_PR_MR_391,VIA_L1M1_PR_MR,179.17000000000002,37.230000000000004
VIA_L1M1_PR_MR_392,VIA_L1M1_PR_MR,86.71000000000001,37.57
VIA_L1M1_PR_MR_393,VIA_L1M1_PR_MR,160.31,37.57
VIA_L1M1_PR_MR_394,VIA_L1M1_PR_MR,161.69,37.57
VIA_L1M1_PR_MR_395,VIA_L1M1_PR_MR,181.01,37.57
VIA_L1M1_PR_MR_396,VIA_L1M1_PR_MR,184.69,37.57
VIA_L1M1_PR_MR_397,VIA_L1M1_PR_MR,78.43,38.59
VIA_L1M1_PR_MR_398,VIA_L1M1_PR_MR,176.87,38.59
VIA_L1M1_PR_MR_399,VIA_L1M1_PR_MR,77.51,38.93
VIA_L1M1_PR_MR_400,VIA_L1M1_PR_MR,78.89,38.93
VIA_L1M1_PR_MR_401,VIA_L1M1_PR_MR,89.01,38.93
VIA_L1M1_PR_MR_402,VIA_L1M1_PR_MR,154.79,38.93
VIA_L1M1_PR_MR_403,VIA_L1M1_PR_MR,155.71,38.93
VIA_L1M1_PR_MR_404,VIA_L1M1_PR_MR,165.37,38.93
VIA_L1M1_PR_MR_405,VIA_L1M1_PR_MR,182.39000000000001,38.93
VIA_L1M1_PR_MR_406,VIA_L1M1_PR_MR,186.53,38.93
VIA_L1M1_PR_MR_407,VIA_L1M1_PR_MR,188.37,38.93
VIA_L1M1_PR_MR_408,VIA_L1M1_PR_MR,75.67,39.27
VIA_L1M1_PR_MR_409,VIA_L1M1_PR_MR,76.13,39.27
VIA_L1M1_PR_MR_410,VIA_L1M1_PR_MR,79.35000000000001,39.27
VIA_L1M1_PR_MR_411,VIA_L1M1_PR_MR,153.41,39.27
VIA_L1M1_PR_MR_412,VIA_L1M1_PR_MR,154.33,39.27
VIA_L1M1_PR_MR_413,VIA_L1M1_PR_MR,157.55,39.27
VIA_L1M1_PR_MR_414,VIA_L1M1_PR_MR,158.47,39.27
VIA_L1M1_PR_MR_415,VIA_L1M1_PR_MR,160.31,39.27
VIA_L1M1_PR_MR_416,VIA_L1M1_PR_MR,160.77,39.27
VIA_L1M1_PR_MR_417,VIA_L1M1_PR_MR,162.15,39.27
VIA_L1M1_PR_MR_418,VIA_L1M1_PR_MR,163.53,39.27
VIA_L1M1_PR_MR_419,VIA_L1M1_PR_MR,164.45000000000002,39.27
VIA_L1M1_PR_MR_420,VIA_L1M1_PR_MR,167.21,39.27
VIA_L1M1_PR_MR_421,VIA_L1M1_PR_MR,168.59,39.27
VIA_L1M1_PR_MR_422,VIA_L1M1_PR_MR,171.81,39.27
VIA_L1M1_PR_MR_423,VIA_L1M1_PR_MR,172.73,39.27
VIA_L1M1_PR_MR_424,VIA_L1M1_PR_MR,178.71,39.27
VIA_L1M1_PR_MR_425,VIA_L1M1_PR_MR,179.17000000000002,39.27
VIA_L1M1_PR_MR_426,VIA_L1M1_PR_MR,181.01,39.27
VIA_L1M1_PR_MR_427,VIA_L1M1_PR_MR,182.85,39.27
VIA_L1M1_PR_MR_428,VIA_L1M1_PR_MR,185.145,39.27
VIA_L1M1_PR_MR_429,VIA_L1M1_PR_MR,187.45000000000002,39.27
VIA_L1M1_PR_MR_430,VIA_L1M1_PR_MR,77.05,39.61
VIA_L1M1_PR_MR_431,VIA_L1M1_PR_MR,77.51,39.61
VIA_L1M1_PR_MR_432,VIA_L1M1_PR_MR,81.65,39.61
VIA_L1M1_PR_MR_433,VIA_L1M1_PR_MR,90.39,39.61
VIA_L1M1_PR_MR_434,VIA_L1M1_PR_MR,162.61,39.61
VIA_L1M1_PR_MR_435,VIA_L1M1_PR_MR,183.31,39.61
VIA_L1M1_PR_MR_436,VIA_L1M1_PR_MR,152.95000000000002,39.95
VIA_L1M1_PR_MR_437,VIA_L1M1_PR_MR,159.85,39.95
VIA_L1M1_PR_MR_438,VIA_L1M1_PR_MR,178.25,39.95
VIA_L1M1_PR_MR_439,VIA_L1M1_PR_MR,80.27,40.29
VIA_L1M1_PR_MR_440,VIA_L1M1_PR_MR,155.71,40.29
VIA_L1M1_PR_MR_441,VIA_L1M1_PR_MR,156.63,40.29
VIA_L1M1_PR_MR_442,VIA_L1M1_PR_MR,185.61,40.29
VIA_L1M1_PR_MR_443,VIA_L1M1_PR_MR,76.13,41.65
VIA_L1M1_PR_MR_444,VIA_L1M1_PR_MR,88.09,41.65
VIA_L1M1_PR_MR_445,VIA_L1M1_PR_MR,156.63,41.65
VIA_L1M1_PR_MR_446,VIA_L1M1_PR_MR,75.21000000000001,41.99
VIA_L1M1_PR_MR_447,VIA_L1M1_PR_MR,84.87,41.99
VIA_L1M1_PR_MR_448,VIA_L1M1_PR_MR,158.47,41.99
VIA_L1M1_PR_MR_449,VIA_L1M1_PR_MR,161.23,41.99
VIA_L1M1_PR_MR_450,VIA_L1M1_PR_MR,166.29,41.99
VIA_L1M1_PR_MR_451,VIA_L1M1_PR_MR,178.25,41.99
VIA_L1M1_PR_MR_452,VIA_L1M1_PR_MR,178.71,41.99
VIA_L1M1_PR_MR_453,VIA_L1M1_PR_MR,179.17000000000002,41.99
VIA_L1M1_PR_MR_454,VIA_L1M1_PR_MR,179.63,41.99
VIA_L1M1_PR_MR_455,VIA_L1M1_PR_MR,184.69,41.99
VIA_L1M1_PR_MR_456,VIA_L1M1_PR_MR,183.315,42.28
VIA_L1M1_PR_MR_457,VIA_L1M1_PR_MR,74.29,42.33
VIA_L1M1_PR_MR_458,VIA_L1M1_PR_MR,76.59,42.33
VIA_L1M1_PR_MR_459,VIA_L1M1_PR_MR,86.25,42.33
VIA_L1M1_PR_MR_460,VIA_L1M1_PR_MR,89.47,42.33
VIA_L1M1_PR_MR_461,VIA_L1M1_PR_MR,89.93,42.33
VIA_L1M1_PR_MR_462,VIA_L1M1_PR_MR,91.77,42.33
VIA_L1M1_PR_MR_463,VIA_L1M1_PR_MR,92.69,42.33
VIA_L1M1_PR_MR_464,VIA_L1M1_PR_MR,157.09,42.33
VIA_L1M1_PR_MR_465,VIA_L1M1_PR_MR,158.01,42.33
VIA_L1M1_PR_MR_466,VIA_L1M1_PR_MR,160.31,42.33
VIA_L1M1_PR_MR_467,VIA_L1M1_PR_MR,161.69,42.33
VIA_L1M1_PR_MR_468,VIA_L1M1_PR_MR,162.15,42.33
VIA_L1M1_PR_MR_469,VIA_L1M1_PR_MR,163.07,42.33
VIA_L1M1_PR_MR_470,VIA_L1M1_PR_MR,166.75,42.33
VIA_L1M1_PR_MR_471,VIA_L1M1_PR_MR,171.81,42.33
VIA_L1M1_PR_MR_472,VIA_L1M1_PR_MR,177.33,42.33
VIA_L1M1_PR_MR_473,VIA_L1M1_PR_MR,181.47,42.33
VIA_L1M1_PR_MR_474,VIA_L1M1_PR_MR,182.39000000000001,42.33
VIA_L1M1_PR_MR_475,VIA_L1M1_PR_MR,182.85,42.33
VIA_L1M1_PR_MR_476,VIA_L1M1_PR_MR,185.15,42.33
VIA_L1M1_PR_MR_477,VIA_L1M1_PR_MR,186.53,42.33
VIA_L1M1_PR_MR_478,VIA_L1M1_PR_MR,163.99,42.67
VIA_L1M1_PR_MR_479,VIA_L1M1_PR_MR,176.87,42.67
VIA_L1M1_PR_MR_480,VIA_L1M1_PR_MR,187.45000000000002,42.67
VIA_L1M1_PR_MR_481,VIA_L1M1_PR_MR,77.51,43.01
VIA_L1M1_PR_MR_482,VIA_L1M1_PR_MR,160.31,43.01
VIA_L1M1_PR_MR_483,VIA_L1M1_PR_MR,170.89000000000001,43.01
VIA_L1M1_PR_MR_484,VIA_L1M1_PR_MR,180.55,43.01
VIA_L1M1_PR_MR_485,VIA_L1M1_PR_MR,185.61,43.01
VIA_L1M1_PR_MR_486,VIA_L1M1_PR_MR,82.57000000000001,44.03
VIA_L1M1_PR_MR_487,VIA_L1M1_PR_MR,180.09,44.03
VIA_L1M1_PR_MR_488,VIA_L1M1_PR_MR,180.55,44.03
VIA_L1M1_PR_MR_489,VIA_L1M1_PR_MR,183.31,44.03
VIA_L1M1_PR_MR_490,VIA_L1M1_PR_MR,187.45000000000002,44.03
VIA_L1M1_PR_MR_491,VIA_L1M1_PR_MR,84.41,44.37
VIA_L1M1_PR_MR_492,VIA_L1M1_PR_MR,175.49,44.37
VIA_L1M1_PR_MR_493,VIA_L1M1_PR_MR,185.61,44.37
VIA_L1M1_PR_MR_494,VIA_L1M1_PR_MR,186.53,44.37
VIA_L1M1_PR_MR_495,VIA_L1M1_PR_MR,70.15,44.71
VIA_L1M1_PR_MR_496,VIA_L1M1_PR_MR,71.07000000000001,44.71
VIA_L1M1_PR_MR_497,VIA_L1M1_PR_MR,73.83,44.71
VIA_L1M1_PR_MR_498,VIA_L1M1_PR_MR,74.29,44.71
VIA_L1M1_PR_MR_499,VIA_L1M1_PR_MR,75.67,44.71
VIA_L1M1_PR_MR_500,VIA_L1M1_PR_MR,77.51,44.71
VIA_L1M1_PR_MR_501,VIA_L1M1_PR_MR,78.43,44.71
VIA_L1M1_PR_MR_502,VIA_L1M1_PR_MR,83.03,44.71
VIA_L1M1_PR_MR_503,VIA_L1M1_PR_MR,119.37,44.71
VIA_L1M1_PR_MR_504,VIA_L1M1_PR_MR,159.39000000000001,44.71
VIA_L1M1_PR_MR_505,VIA_L1M1_PR_MR,159.85,44.71
VIA_L1M1_PR_MR_506,VIA_L1M1_PR_MR,161.23,44.71
VIA_L1M1_PR_MR_507,VIA_L1M1_PR_MR,164.45000000000002,44.71
VIA_L1M1_PR_MR_508,VIA_L1M1_PR_MR,166.29,44.71
VIA_L1M1_PR_MR_509,VIA_L1M1_PR_MR,168.59,44.71
VIA_L1M1_PR_MR_510,VIA_L1M1_PR_MR,170.89000000000001,44.71
VIA_L1M1_PR_MR_511,VIA_L1M1_PR_MR,174.8,44.71
VIA_L1M1_PR_MR_512,VIA_L1M1_PR_MR,175.95000000000002,44.71
VIA_L1M1_PR_MR_513,VIA_L1M1_PR_MR,176.865,44.71
VIA_L1M1_PR_MR_514,VIA_L1M1_PR_MR,177.33,44.71
VIA_L1M1_PR_MR_515,VIA_L1M1_PR_MR,182.39000000000001,44.71
VIA_L1M1_PR_MR_516,VIA_L1M1_PR_MR,183.31,44.71
VIA_L1M1_PR_MR_517,VIA_L1M1_PR_MR,185.15,44.71
VIA_L1M1_PR_MR_518,VIA_L1M1_PR_MR,72.91,45.050000000000004
VIA_L1M1_PR_MR_519,VIA_L1M1_PR_MR,91.77,45.050000000000004
VIA_L1M1_PR_MR_520,VIA_L1M1_PR_MR,117.99000000000001,45.050000000000004
VIA_L1M1_PR_MR_521,VIA_L1M1_PR_MR,161.69,45.050000000000004
VIA_L1M1_PR_MR_522,VIA_L1M1_PR_MR,168.13,45.050000000000004
VIA_L1M1_PR_MR_523,VIA_L1M1_PR_MR,172.27,45.050000000000004
VIA_L1M1_PR_MR_524,VIA_L1M1_PR_MR,181.47,45.050000000000004
VIA_L1M1_PR_MR_525,VIA_L1M1_PR_MR,69.23,45.39
VIA_L1M1_PR_MR_526,VIA_L1M1_PR_MR,76.13,45.39
VIA_L1M1_PR_MR_527,VIA_L1M1_PR_MR,160.31,45.39
VIA_L1M1_PR_MR_528,VIA_L1M1_PR_MR,165.37,45.39
VIA_L1M1_PR_MR_529,VIA_L1M1_PR_MR,71.99,45.730000000000004
VIA_L1M1_PR_MR_530,VIA_L1M1_PR_MR,118.91,45.730000000000004
VIA_L1M1_PR_MR_531,VIA_L1M1_PR_MR,161.23,45.730000000000004
VIA_L1M1_PR_MR_532,VIA_L1M1_PR_MR,163.07,45.730000000000004
VIA_L1M1_PR_MR_533,VIA_L1M1_PR_MR,174.11,45.730000000000004
VIA_L1M1_PR_MR_534,VIA_L1M1_PR_MR,178.25,45.730000000000004
VIA_L1M1_PR_MR_535,VIA_L1M1_PR_MR,186.53,45.730000000000004
VIA_L1M1_PR_MR_536,VIA_L1M1_PR_MR,68.77,46.75
VIA_L1M1_PR_MR_537,VIA_L1M1_PR_MR,70.15,46.75
VIA_L1M1_PR_MR_538,VIA_L1M1_PR_MR,71.07000000000001,46.75
VIA_L1M1_PR_MR_539,VIA_L1M1_PR_MR,91.77,46.75
VIA_L1M1_PR_MR_540,VIA_L1M1_PR_MR,163.53,46.75
VIA_L1M1_PR_MR_541,VIA_L1M1_PR_MR,179.17000000000002,46.75
VIA_L1M1_PR_MR_542,VIA_L1M1_PR_MR,184.69,46.75
VIA_L1M1_PR_MR_543,VIA_L1M1_PR_MR,94.53,47.09
VIA_L1M1_PR_MR_544,VIA_L1M1_PR_MR,117.53,47.09
VIA_L1M1_PR_MR_545,VIA_L1M1_PR_MR,166.75,47.09
VIA_L1M1_PR_MR_546,VIA_L1M1_PR_MR,84.87,47.43
VIA_L1M1_PR_MR_547,VIA_L1M1_PR_MR,89.55,47.43
VIA_L1M1_PR_MR_548,VIA_L1M1_PR_MR,119.83,47.43
VIA_L1M1_PR_MR_549,VIA_L1M1_PR_MR,127.19,47.43
VIA_L1M1_PR_MR_550,VIA_L1M1_PR_MR,173.19,47.43
VIA_L1M1_PR_MR_551,VIA_L1M1_PR_MR,175.95000000000002,47.43
VIA_L1M1_PR_MR_552,VIA_L1M1_PR_MR,68.31,47.77
VIA_L1M1_PR_MR_553,VIA_L1M1_PR_MR,68.77,47.77
VIA_L1M1_PR_MR_554,VIA_L1M1_PR_MR,72.91,47.77
VIA_L1M1_PR_MR_555,VIA_L1M1_PR_MR,74.29,47.77
VIA_L1M1_PR_MR_556,VIA_L1M1_PR_MR,74.75,47.77
VIA_L1M1_PR_MR_557,VIA_L1M1_PR_MR,76.13,47.77
VIA_L1M1_PR_MR_558,VIA_L1M1_PR_MR,88.09,47.77
VIA_L1M1_PR_MR_559,VIA_L1M1_PR_MR,92.23,47.77
VIA_L1M1_PR_MR_560,VIA_L1M1_PR_MR,92.69,47.77
VIA_L1M1_PR_MR_561,VIA_L1M1_PR_MR,93.61,47.77
VIA_L1M1_PR_MR_562,VIA_L1M1_PR_MR,116.61,47.77
VIA_L1M1_PR_MR_563,VIA_L1M1_PR_MR,117.99000000000001,47.77
VIA_L1M1_PR_MR_564,VIA_L1M1_PR_MR,118.45,47.77
VIA_L1M1_PR_MR_565,VIA_L1M1_PR_MR,162.15,47.77
VIA_L1M1_PR_MR_566,VIA_L1M1_PR_MR,168.59,47.77
VIA_L1M1_PR_MR_567,VIA_L1M1_PR_MR,169.05,47.77
VIA_L1M1_PR_MR_568,VIA_L1M1_PR_MR,169.97,47.77
VIA_L1M1_PR_MR_569,VIA_L1M1_PR_MR,171.81,47.77
VIA_L1M1_PR_MR_570,VIA_L1M1_PR_MR,176.41,47.77
VIA_L1M1_PR_MR_571,VIA_L1M1_PR_MR,176.87,47.77
VIA_L1M1_PR_MR_572,VIA_L1M1_PR_MR,177.79,47.77
VIA_L1M1_PR_MR_573,VIA_L1M1_PR_MR,178.25,47.77
VIA_L1M1_PR_MR_574,VIA_L1M1_PR_MR,180.09,47.77
VIA_L1M1_PR_MR_575,VIA_L1M1_PR_MR,181.93,47.77
VIA_L1M1_PR_MR_576,VIA_L1M1_PR_MR,182.85,47.77
VIA_L1M1_PR_MR_577,VIA_L1M1_PR_MR,183.31,47.77
VIA_L1M1_PR_MR_578,VIA_L1M1_PR_MR,184.23,47.77
VIA_L1M1_PR_MR_579,VIA_L1M1_PR_MR,168.125,47.800000000000004
VIA_L1M1_PR_MR_580,VIA_L1M1_PR_MR,71.99,48.11
VIA_L1M1_PR_MR_581,VIA_L1M1_PR_MR,75.67,48.11
VIA_L1M1_PR_MR_582,VIA_L1M1_PR_MR,77.51,48.11
VIA_L1M1_PR_MR_583,VIA_L1M1_PR_MR,88.55,48.11
VIA_L1M1_PR_MR_584,VIA_L1M1_PR_MR,90.85000000000001,48.11
VIA_L1M1_PR_MR_585,VIA_L1M1_PR_MR,163.53,48.11
VIA_L1M1_PR_MR_586,VIA_L1M1_PR_MR,164.45000000000002,48.11
VIA_L1M1_PR_MR_587,VIA_L1M1_PR_MR,180.92000000000002,48.11
VIA_L1M1_PR_MR_588,VIA_L1M1_PR_MR,71.07000000000001,48.45
VIA_L1M1_PR_MR_589,VIA_L1M1_PR_MR,89.01,48.45
VIA_L1M1_PR_MR_590,VIA_L1M1_PR_MR,115.69,48.45
VIA_L1M1_PR_MR_591,VIA_L1M1_PR_MR,181.465,48.45
VIA_L1M1_PR_MR_592,VIA_L1M1_PR_MR,72.45,49.47
VIA_L1M1_PR_MR_593,VIA_L1M1_PR_MR,72.91,49.47
VIA_L1M1_PR_MR_594,VIA_L1M1_PR_MR,73.83,49.47
VIA_L1M1_PR_MR_595,VIA_L1M1_PR_MR,78.43,49.47
VIA_L1M1_PR_MR_596,VIA_L1M1_PR_MR,90.85000000000001,49.47
VIA_L1M1_PR_MR_597,VIA_L1M1_PR_MR,93.15,49.47
VIA_L1M1_PR_MR_598,VIA_L1M1_PR_MR,176.87,49.47
VIA_L1M1_PR_MR_599,VIA_L1M1_PR_MR,83.49,49.81
VIA_L1M1_PR_MR_600,VIA_L1M1_PR_MR,94.07000000000001,49.81
VIA_L1M1_PR_MR_601,VIA_L1M1_PR_MR,116.61,49.81
VIA_L1M1_PR_MR_602,VIA_L1M1_PR_MR,163.99,49.81
VIA_L1M1_PR_MR_603,VIA_L1M1_PR_MR,178.25,49.81
VIA_L1M1_PR_MR_604,VIA_L1M1_PR_MR,71.53,50.15
VIA_L1M1_PR_MR_605,VIA_L1M1_PR_MR,73.37,50.15
VIA_L1M1_PR_MR_606,VIA_L1M1_PR_MR,75.21000000000001,50.15
VIA_L1M1_PR_MR_607,VIA_L1M1_PR_MR,76.59,50.15
VIA_L1M1_PR_MR_608,VIA_L1M1_PR_MR,77.97,50.15
VIA_L1M1_PR_MR_609,VIA_L1M1_PR_MR,78.89,50.15
VIA_L1M1_PR_MR_610,VIA_L1M1_PR_MR,81.65,50.15
VIA_L1M1_PR_MR_611,VIA_L1M1_PR_MR,164.91,50.15
VIA_L1M1_PR_MR_612,VIA_L1M1_PR_MR,165.83,50.15
VIA_L1M1_PR_MR_613,VIA_L1M1_PR_MR,166.29,50.15
VIA_L1M1_PR_MR_614,VIA_L1M1_PR_MR,168.13,50.15
VIA_L1M1_PR_MR_615,VIA_L1M1_PR_MR,169.05,50.15
VIA_L1M1_PR_MR_616,VIA_L1M1_PR_MR,172.725,50.15
VIA_L1M1_PR_MR_617,VIA_L1M1_PR_MR,173.19,50.15
VIA_L1M1_PR_MR_618,VIA_L1M1_PR_MR,173.65,50.15
VIA_L1M1_PR_MR_619,VIA_L1M1_PR_MR,174.57,50.15
VIA_L1M1_PR_MR_620,VIA_L1M1_PR_MR,175.03,50.15
VIA_L1M1_PR_MR_621,VIA_L1M1_PR_MR,175.95000000000002,50.15
VIA_L1M1_PR_MR_622,VIA_L1M1_PR_MR,179.17000000000002,50.15
VIA_L1M1_PR_MR_623,VIA_L1M1_PR_MR,180.09,50.15
VIA_L1M1_PR_MR_624,VIA_L1M1_PR_MR,80.73,50.49
VIA_L1M1_PR_MR_625,VIA_L1M1_PR_MR,82.11,50.49
VIA_L1M1_PR_MR_626,VIA_L1M1_PR_MR,115.23,50.49
VIA_L1M1_PR_MR_627,VIA_L1M1_PR_MR,166.75,50.49
VIA_L1M1_PR_MR_628,VIA_L1M1_PR_MR,76.59,50.83
VIA_L1M1_PR_MR_629,VIA_L1M1_PR_MR,171.35,50.83
VIA_L1M1_PR_MR_630,VIA_L1M1_PR_MR,178.71,50.83
VIA_L1M1_PR_MR_631,VIA_L1M1_PR_MR,92.23,51.17
VIA_L1M1_PR_MR_632,VIA_L1M1_PR_MR,93.15,51.17
VIA_L1M1_PR_MR_633,VIA_L1M1_PR_MR,123.97,51.17
VIA_L1M1_PR_MR_634,VIA_L1M1_PR_MR,175.03,51.17
VIA_L1M1_PR_MR_635,VIA_L1M1_PR_MR,86.71000000000001,52.19
VIA_L1M1_PR_MR_636,VIA_L1M1_PR_MR,89.01,52.19
VIA_L1M1_PR_MR_637,VIA_L1M1_PR_MR,117.99000000000001,52.19
VIA_L1M1_PR_MR_638,VIA_L1M1_PR_MR,172.27,52.19
VIA_L1M1_PR_MR_639,VIA_L1M1_PR_MR,177.33,52.19
VIA_L1M1_PR_MR_640,VIA_L1M1_PR_MR,77.97,52.53
VIA_L1M1_PR_MR_641,VIA_L1M1_PR_MR,85.79,52.53
VIA_L1M1_PR_MR_642,VIA_L1M1_PR_MR,121.21000000000001,52.53
VIA_L1M1_PR_MR_643,VIA_L1M1_PR_MR,122.13,52.53
VIA_L1M1_PR_MR_644,VIA_L1M1_PR_MR,84.41,52.870000000000005
VIA_L1M1_PR_MR_645,VIA_L1M1_PR_MR,123.51,52.870000000000005
VIA_L1M1_PR_MR_646,VIA_L1M1_PR_MR,165.37,52.870000000000005
VIA_L1M1_PR_MR_647,VIA_L1M1_PR_MR,173.19,52.870000000000005
VIA_L1M1_PR_MR_648,VIA_L1M1_PR_MR,177.79,52.870000000000005
VIA_L1M1_PR_MR_649,VIA_L1M1_PR_MR,73.14,53.21
VIA_L1M1_PR_MR_650,VIA_L1M1_PR_MR,74.29,53.21
VIA_L1M1_PR_MR_651,VIA_L1M1_PR_MR,76.13,53.21
VIA_L1M1_PR_MR_652,VIA_L1M1_PR_MR,76.59,53.21
VIA_L1M1_PR_MR_653,VIA_L1M1_PR_MR,78.89,53.21
VIA_L1M1_PR_MR_654,VIA_L1M1_PR_MR,116.15,53.21
VIA_L1M1_PR_MR_655,VIA_L1M1_PR_MR,117.53,53.21
VIA_L1M1_PR_MR_656,VIA_L1M1_PR_MR,119.37,53.21
VIA_L1M1_PR_MR_657,VIA_L1M1_PR_MR,119.83,53.21
VIA_L1M1_PR_MR_658,VIA_L1M1_PR_MR,166.29,53.21
VIA_L1M1_PR_MR_659,VIA_L1M1_PR_MR,167.21,53.21
VIA_L1M1_PR_MR_660,VIA_L1M1_PR_MR,167.67000000000002,53.21
VIA_L1M1_PR_MR_661,VIA_L1M1_PR_MR,168.59,53.21
VIA_L1M1_PR_MR_662,VIA_L1M1_PR_MR,169.51,53.21
VIA_L1M1_PR_MR_663,VIA_L1M1_PR_MR,169.97,53.21
VIA_L1M1_PR_MR_664,VIA_L1M1_PR_MR,170.43,53.21
VIA_L1M1_PR_MR_665,VIA_L1M1_PR_MR,171.35,53.21
VIA_L1M1_PR_MR_666,VIA_L1M1_PR_MR,174.565,53.21
VIA_L1M1_PR_MR_667,VIA_L1M1_PR_MR,175.03,53.21
VIA_L1M1_PR_MR_668,VIA_L1M1_PR_MR,175.49,53.21
VIA_L1M1_PR_MR_669,VIA_L1M1_PR_MR,176.41,53.21
VIA_L1M1_PR_MR_670,VIA_L1M1_PR_MR,178.71,53.21
VIA_L1M1_PR_MR_671,VIA_L1M1_PR_MR,72.45,53.550000000000004
VIA_L1M1_PR_MR_672,VIA_L1M1_PR_MR,75.21000000000001,53.550000000000004
VIA_L1M1_PR_MR_673,VIA_L1M1_PR_MR,83.95,53.550000000000004
VIA_L1M1_PR_MR_674,VIA_L1M1_PR_MR,88.09,53.550000000000004
VIA_L1M1_PR_MR_675,VIA_L1M1_PR_MR,176.87,53.550000000000004
VIA_L1M1_PR_MR_676,VIA_L1M1_PR_MR,71.99,53.89
VIA_L1M1_PR_MR_677,VIA_L1M1_PR_MR,73.37,53.89
VIA_L1M1_PR_MR_678,VIA_L1M1_PR_MR,77.05,53.89
VIA_L1M1_PR_MR_679,VIA_L1M1_PR_MR,89.01,53.89
VIA_L1M1_PR_MR_680,VIA_L1M1_PR_MR,89.93,53.89
VIA_L1M1_PR_MR_681,VIA_L1M1_PR_MR,78.43,54.910000000000004
VIA_L1M1_PR_MR_682,VIA_L1M1_PR_MR,116.61,54.910000000000004
VIA_L1M1_PR_MR_683,VIA_L1M1_PR_MR,117.07000000000001,54.910000000000004
VIA_L1M1_PR_MR_684,VIA_L1M1_PR_MR,115.23,55.25
VIA_L1M1_PR_MR_685,VIA_L1M1_PR_MR,117.99000000000001,55.25
VIA_L1M1_PR_MR_686,VIA_L1M1_PR_MR,171.35,55.25
VIA_L1M1_PR_MR_687,VIA_L1M1_PR_MR,172.27,55.25
VIA_L1M1_PR_MR_688,VIA_L1M1_PR_MR,174.11,55.25
VIA_L1M1_PR_MR_689,VIA_L1M1_PR_MR,77.51,55.59
VIA_L1M1_PR_MR_690,VIA_L1M1_PR_MR,79.12,55.59
VIA_L1M1_PR_MR_691,VIA_L1M1_PR_MR,79.81,55.59
VIA_L1M1_PR_MR_692,VIA_L1M1_PR_MR,90.39,55.59
VIA_L1M1_PR_MR_693,VIA_L1M1_PR_MR,116.15,55.59
VIA_L1M1_PR_MR_694,VIA_L1M1_PR_MR,169.05,55.59
VIA_L1M1_PR_MR_695,VIA_L1M1_PR_MR,169.97,55.59
VIA_L1M1_PR_MR_696,VIA_L1M1_PR_MR,170.89000000000001,55.59
VIA_L1M1_PR_MR_697,VIA_L1M1_PR_MR,175.95000000000002,55.59
VIA_L1M1_PR_MR_698,VIA_L1M1_PR_MR,77.05,55.93
VIA_L1M1_PR_MR_699,VIA_L1M1_PR_MR,77.97,55.93
VIA_L1M1_PR_MR_700,VIA_L1M1_PR_MR,81.65,55.93
VIA_L1M1_PR_MR_701,VIA_L1M1_PR_MR,174.57,55.93
VIA_L1M1_PR_MR_702,VIA_L1M1_PR_MR,176.87,55.93
VIA_L1M1_PR_MR_703,VIA_L1M1_PR_MR,75.67,56.27
VIA_L1M1_PR_MR_704,VIA_L1M1_PR_MR,173.19,56.27
VIA_L1M1_PR_MR_705,VIA_L1M1_PR_MR,77.51,56.61
VIA_L1M1_PR_MR_706,VIA_L1M1_PR_MR,89.07000000000001,56.61
VIA_L1M1_PR_MR_707,VIA_L1M1_PR_MR,172.27,56.61
VIA_L1M1_PR_MR_708,VIA_L1M1_PR_MR,77.05,57.63
VIA_L1M1_PR_MR_709,VIA_L1M1_PR_MR,78.43,57.63
VIA_L1M1_PR_MR_710,VIA_L1M1_PR_MR,76.13,57.97
VIA_L1M1_PR_MR_711,VIA_L1M1_PR_MR,74.75,58.31
VIA_L1M1_PR_MR_712,VIA_L1M1_PR_MR,87.17,58.31
VIA_L1M1_PR_MR_713,VIA_L1M1_PR_MR,116.61,58.65
VIA_L1M1_PR_MR_714,VIA_L1M1_PR_MR,117.99000000000001,58.65
VIA_L1M1_PR_MR_715,VIA_L1M1_PR_MR,118.91,58.65
VIA_L1M1_PR_MR_716,VIA_L1M1_PR_MR,120.29,58.65
VIA_L1M1_PR_MR_717,VIA_L1M1_PR_MR,85.79,58.99
VIA_L1M1_PR_MR_718,VIA_L1M1_PR_MR,118.91,59.33
VIA_L1M1_PR_MR_719,VIA_L1M1_PR_MR,120.75,60.35
VIA_L1M1_PR_MR_720,VIA_L1M1_PR_MR,122.59,60.35
VIA_L1M1_PR_MR_721,VIA_L1M1_PR_MR,81.65,60.69
VIA_L1M1_PR_MR_722,VIA_L1M1_PR_MR,82.57000000000001,60.69
VIA_L1M1_PR_MR_723,VIA_L1M1_PR_MR,80.27,61.03
VIA_L1M1_PR_MR_724,VIA_L1M1_PR_MR,112.93,61.03
VIA_L1M1_PR_MR_725,VIA_L1M1_PR_MR,113.85000000000001,61.03
VIA_L1M1_PR_MR_726,VIA_L1M1_PR_MR,114.77,61.03
VIA_L1M1_PR_MR_727,VIA_L1M1_PR_MR,115.23,61.03
VIA_L1M1_PR_MR_728,VIA_L1M1_PR_MR,116.15,61.03
VIA_L1M1_PR_MR_729,VIA_L1M1_PR_MR,116.61,61.03
VIA_L1M1_PR_MR_730,VIA_L1M1_PR_MR,118.45,61.03
VIA_L1M1_PR_MR_731,VIA_L1M1_PR_MR,119.83,61.03
VIA_L1M1_PR_MR_732,VIA_L1M1_PR_MR,121.67,61.03
VIA_L1M1_PR_MR_733,VIA_L1M1_PR_MR,122.13,61.03
VIA_L1M1_PR_MR_734,VIA_L1M1_PR_MR,122.13,61.71
VIA_L1M1_PR_MR_735,VIA_L1M1_PR_MR,81.65,62.050000000000004
VIA_L1M1_PR_MR_736,VIA_L1M1_PR_MR,115.23,62.050000000000004
VIA_L1M1_PR_MR_737,VIA_L1M1_PR_MR,117.53,62.050000000000004
VIA_L1M1_PR_MR_738,VIA_L1M1_PR_MR,119.83,62.050000000000004
VIA_L1M1_PR_MR_739,VIA_L1M1_PR_MR,111.09,63.07
VIA_L1M1_PR_MR_740,VIA_L1M1_PR_MR,112.93,63.75
VIA_L1M1_PR_MR_741,VIA_L1M1_PR_MR,123.05,63.75
VIA_L1M1_PR_MR_742,VIA_L1M1_PR_MR,112.01,64.09
VIA_L1M1_PR_MR_743,VIA_L1M1_PR_MR,114.31,64.09
VIA_L1M1_PR_MR_744,VIA_L1M1_PR_MR,115.69,64.43
VIA_L1M1_PR_MR_745,VIA_L1M1_PR_MR,112.47,66.13
VIA_L1M1_PR_MR_746,VIA_L1M1_PR_MR,114.77,66.13
VIA_L1M1_PR_MR_747,VIA_L1M1_PR_MR,113.39,66.47
VIA_L1M1_PR_MR_748,VIA_L1M1_PR_MR,114.31,66.47
VIA_L1M1_PR_MR_749,VIA_L1M1_PR_MR,118.45,66.47
VIA_L1M1_PR_MR_750,VIA_L1M1_PR_MR,118.91,66.47
VIA_L1M1_PR_MR_751,VIA_L1M1_PR_MR,121.67,66.47
VIA_L1M1_PR_MR_752,VIA_L1M1_PR_MR,122.59,66.47
VIA_L1M1_PR_MR_753,VIA_L1M1_PR_MR,115.23,66.64
VIA_L1M1_PR_MR_754,VIA_L1M1_PR_MR,116.61,66.81
VIA_L1M1_PR_MR_755,VIA_L1M1_PR_MR,119.83,66.81
VIA_L1M1_PR_MR_756,VIA_L1M1_PR_MR,123.05,66.81
VIA_L1M1_PR_MR_757,VIA_L1M1_PR_MR,115.69,67.15
VIA_L1M1_PR_MR_758,VIA_L1M1_PR_MR,118.91,67.15
VIA_L1M1_PR_MR_759,VIA_L1M1_PR_MR,117.53,67.49
VIA_L1M1_PR_MR_760,VIA_L1M1_PR_MR,120.75,67.49
VIA_L1M1_PR_MR_761,VIA_L1M1_PR_MR,114.31,68.51
VIA_L1M1_PR_MR_762,VIA_L1M1_PR_MR,115.69,69.19
VIA_L1M1_PR_MR_763,VIA_L1M1_PR_MR,111.55,69.53
VIA_L1M1_PR_MR_764,VIA_L1M1_PR_MR,112.93,69.53
VIA_L1M1_PR_MR_765,VIA_L1M1_PR_MR,114.77,69.53
VIA_L1M1_PR_MR_766,VIA_L1M1_PR_MR,115.23,69.53
VIA_L1M1_PR_MR_767,VIA_L1M1_PR_MR,116.61,69.53
VIA_L1M1_PR_MR_768,VIA_L1M1_PR_MR,118.91,69.53
VIA_L1M1_PR_MR_769,VIA_L1M1_PR_MR,119.37,69.53
VIA_L1M1_PR_MR_770,VIA_L1M1_PR_MR,119.83,69.53
VIA_L1M1_PR_MR_771,VIA_L1M1_PR_MR,122.59,69.53
VIA_L1M1_PR_MR_772,VIA_L1M1_PR_MR,111.09,69.87
VIA_L1M1_PR_MR_773,VIA_L1M1_PR_MR,117.53,70.21000000000001
VIA_L1M1_PR_MR_774,VIA_L1M1_PR_MR,119.37,70.21000000000001
VIA_L1M1_PR_MR_775,VIA_L1M1_PR_MR,121.67,70.21000000000001
VIA_L1M1_PR_MR_776,VIA_L1M1_PR_MR,110.63,71.23
VIA_L1M1_PR_MR_777,VIA_L1M1_PR_MR,115.69,71.23
VIA_L1M1_PR_MR_778,VIA_L1M1_PR_MR,98.21000000000001,71.57000000000001
VIA_L1M1_PR_MR_779,VIA_L1M1_PR_MR,123.05,71.57000000000001
VIA_L1M1_PR_MR_780,VIA_L1M1_PR_MR,109.25,71.91
VIA_L1M1_PR_MR_781,VIA_L1M1_PR_MR,110.63,71.91
VIA_L1M1_PR_MR_782,VIA_L1M1_PR_MR,111.55,71.91
VIA_L1M1_PR_MR_783,VIA_L1M1_PR_MR,113.39,71.91
VIA_L1M1_PR_MR_784,VIA_L1M1_PR_MR,114.77,71.91
VIA_L1M1_PR_MR_785,VIA_L1M1_PR_MR,112.34,72.25
VIA_L1M1_PR_MR_786,VIA_L1M1_PR_MR,124.43,72.25
VIA_L1M1_PR_MR_787,VIA_L1M1_PR_MR,113.39,72.93
VIA_L1M1_PR_MR_788,VIA_L1M1_PR_MR,107.41,73.95
VIA_L1M1_PR_MR_789,VIA_L1M1_PR_MR,109.71000000000001,73.95
VIA_L1M1_PR_MR_790,VIA_L1M1_PR_MR,110.63,73.95
VIA_L1M1_PR_MR_791,VIA_L1M1_PR_MR,124.89,74.29
VIA_L1M1_PR_MR_792,VIA_L1M1_PR_MR,98.21000000000001,74.63
VIA_L1M1_PR_MR_793,VIA_L1M1_PR_MR,109.25,74.63
VIA_L1M1_PR_MR_794,VIA_L1M1_PR_MR,114.31,74.63
VIA_L1M1_PR_MR_795,VIA_L1M1_PR_MR,116.61,74.63
VIA_L1M1_PR_MR_796,VIA_L1M1_PR_MR,123.97,74.63
VIA_L1M1_PR_MR_797,VIA_L1M1_PR_MR,108.33,74.97
VIA_L1M1_PR_MR_798,VIA_L1M1_PR_MR,109.71000000000001,74.97
VIA_L1M1_PR_MR_799,VIA_L1M1_PR_MR,111.55,74.97
VIA_L1M1_PR_MR_800,VIA_L1M1_PR_MR,112.93,74.97
VIA_L1M1_PR_MR_801,VIA_L1M1_PR_MR,114.77,74.97
VIA_L1M1_PR_MR_802,VIA_L1M1_PR_MR,115.23,74.97
VIA_L1M1_PR_MR_803,VIA_L1M1_PR_MR,127.65,74.97
VIA_L1M1_PR_MR_804,VIA_L1M1_PR_MR,102.35000000000001,75.31
VIA_L1M1_PR_MR_805,VIA_L1M1_PR_MR,125.81,75.31
VIA_L1M1_PR_MR_806,VIA_L1M1_PR_MR,112.47,75.65
VIA_L1M1_PR_MR_807,VIA_L1M1_PR_MR,126.27,75.65
VIA_L1M1_PR_MR_808,VIA_L1M1_PR_MR,126.73,75.65
VIA_L1M1_PR_MR_809,VIA_L1M1_PR_MR,108.79,76.67
VIA_L1M1_PR_MR_810,VIA_L1M1_PR_MR,124.89,76.67
VIA_L1M1_PR_MR_811,VIA_L1M1_PR_MR,111.09,77.01
VIA_L1M1_PR_MR_812,VIA_L1M1_PR_MR,117.53,77.01
VIA_L1M1_PR_MR_813,VIA_L1M1_PR_MR,83.95,77.35000000000001
VIA_L1M1_PR_MR_814,VIA_L1M1_PR_MR,86.71000000000001,77.35000000000001
VIA_L1M1_PR_MR_815,VIA_L1M1_PR_MR,90.85000000000001,77.35000000000001
VIA_L1M1_PR_MR_816,VIA_L1M1_PR_MR,111.55,77.35000000000001
VIA_L1M1_PR_MR_817,VIA_L1M1_PR_MR,112.93,77.35000000000001
VIA_L1M1_PR_MR_818,VIA_L1M1_PR_MR,114.31,77.35000000000001
VIA_L1M1_PR_MR_819,VIA_L1M1_PR_MR,115.69,77.35000000000001
VIA_L1M1_PR_MR_820,VIA_L1M1_PR_MR,113.85000000000001,77.69
VIA_L1M1_PR_MR_821,VIA_L1M1_PR_MR,116.15,77.69
VIA_L1M1_PR_MR_822,VIA_L1M1_PR_MR,109.71000000000001,78.03
VIA_L1M1_PR_MR_823,VIA_L1M1_PR_MR,112.47,80.07000000000001
VIA_L1M1_PR_MR_824,VIA_L1M1_PR_MR,121.67,80.07000000000001
VIA_L1M1_PR_MR_825,VIA_L1M1_PR_MR,123.05,80.07000000000001
VIA_L1M1_PR_MR_826,VIA_L1M1_PR_MR,110.63,80.41
VIA_L1M1_PR_MR_827,VIA_L1M1_PR_MR,112.93,80.41
VIA_L1M1_PR_MR_828,VIA_L1M1_PR_MR,114.31,81.09
VIA_L1M1_PR_MR_829,VIA_L1M1_PR_MR,123.97,82.11
VIA_L1M1_PR_MR_830,VIA_L1M1_PR_MR,116.61,82.45
VIA_L1M1_PR_MR_831,VIA_L1M1_PR_MR,113.85000000000001,82.79
VIA_L1M1_PR_MR_832,VIA_L1M1_PR_MR,114.31,82.79
VIA_L1M1_PR_MR_833,VIA_L1M1_PR_MR,112.93,83.13
VIA_L1M1_PR_MR_834,VIA_L1M1_PR_MR,115.23,83.13
VIA_L1M1_PR_MR_835,VIA_L1M1_PR_MR,172.27,83.13
VIA_L1M1_PR_MR_836,VIA_L1M1_PR_MR,173.65,83.47
VIA_L1M1_PR_MR_837,VIA_L1M1_PR_MR,174.57,83.81
VIA_L1M1_PR_MR_838,VIA_L1M1_PR_MR,116.61,84.83
VIA_L1M1_PR_MR_839,VIA_L1M1_PR_MR,123.05,85.51
VIA_L1M1_PR_MR_840,VIA_L1M1_PR_MR,167.21,85.51
VIA_L1M1_PR_MR_841,VIA_L1M1_PR_MR,170.43,85.51
VIA_L1M1_PR_MR_842,VIA_L1M1_PR_MR,175.49,85.51
VIA_L1M1_PR_MR_843,VIA_L1M1_PR_MR,118.45,85.69
VIA_L1M1_PR_MR_844,VIA_L1M1_PR_MR,115.69,85.85000000000001
VIA_L1M1_PR_MR_845,VIA_L1M1_PR_MR,116.61,85.85000000000001
VIA_L1M1_PR_MR_846,VIA_L1M1_PR_MR,166.75,85.85000000000001
VIA_L1M1_PR_MR_847,VIA_L1M1_PR_MR,168.13,85.85000000000001
VIA_L1M1_PR_MR_848,VIA_L1M1_PR_MR,169.97,85.85000000000001
VIA_L1M1_PR_MR_849,VIA_L1M1_PR_MR,172.27,85.85000000000001
VIA_L1M1_PR_MR_850,VIA_L1M1_PR_MR,174.57,85.85000000000001
VIA_L1M1_PR_MR_851,VIA_L1M1_PR_MR,175.03,85.85000000000001
VIA_L1M1_PR_MR_852,VIA_L1M1_PR_MR,175.95000000000002,85.85000000000001
VIA_L1M1_PR_MR_853,VIA_L1M1_PR_MR,118.91,86.19
VIA_L1M1_PR_MR_854,VIA_L1M1_PR_MR,124.43,86.19
VIA_L1M1_PR_MR_855,VIA_L1M1_PR_MR,173.65,86.19
VIA_L1M1_PR_MR_856,VIA_L1M1_PR_MR,117.53,86.53
VIA_L1M1_PR_MR_857,VIA_L1M1_PR_MR,169.05,86.53
VIA_L1M1_PR_MR_858,VIA_L1M1_PR_MR,117.07000000000001,87.55
VIA_L1M1_PR_MR_859,VIA_L1M1_PR_MR,119.37,87.55
VIA_L1M1_PR_MR_860,VIA_L1M1_PR_MR,119.83,87.89
VIA_L1M1_PR_MR_861,VIA_L1M1_PR_MR,168.59,87.89
VIA_L1M1_PR_MR_862,VIA_L1M1_PR_MR,114.31,88.23
VIA_L1M1_PR_MR_863,VIA_L1M1_PR_MR,115.69,88.23
VIA_L1M1_PR_MR_864,VIA_L1M1_PR_MR,116.15,88.23
VIA_L1M1_PR_MR_865,VIA_L1M1_PR_MR,118.91,88.23
VIA_L1M1_PR_MR_866,VIA_L1M1_PR_MR,120.75,88.23
VIA_L1M1_PR_MR_867,VIA_L1M1_PR_MR,122.13,88.23
VIA_L1M1_PR_MR_868,VIA_L1M1_PR_MR,166.75,88.23
VIA_L1M1_PR_MR_869,VIA_L1M1_PR_MR,171.81,88.23
VIA_L1M1_PR_MR_870,VIA_L1M1_PR_MR,172.73,88.23
VIA_L1M1_PR_MR_871,VIA_L1M1_PR_MR,174.11,88.23
VIA_L1M1_PR_MR_872,VIA_L1M1_PR_MR,175.03,88.23
VIA_L1M1_PR_MR_873,VIA_L1M1_PR_MR,176.41,88.23
VIA_L1M1_PR_MR_874,VIA_L1M1_PR_MR,113.85000000000001,88.57000000000001
VIA_L1M1_PR_MR_875,VIA_L1M1_PR_MR,121.21000000000001,88.57000000000001
VIA_L1M1_PR_MR_876,VIA_L1M1_PR_MR,165.83,88.57000000000001
VIA_L1M1_PR_MR_877,VIA_L1M1_PR_MR,167.67000000000002,88.57000000000001
VIA_L1M1_PR_MR_878,VIA_L1M1_PR_MR,173.65,88.57000000000001
VIA_L1M1_PR_MR_879,VIA_L1M1_PR_MR,123.05,88.91
VIA_L1M1_PR_MR_880,VIA_L1M1_PR_MR,169.97,88.91
VIA_L1M1_PR_MR_881,VIA_L1M1_PR_MR,120.75,89.25
VIA_L1M1_PR_MR_882,VIA_L1M1_PR_MR,170.89000000000001,89.25
VIA_L1M1_PR_MR_883,VIA_L1M1_PR_MR,170.89000000000001,90.27
VIA_L1M1_PR_MR_884,VIA_L1M1_PR_MR,181.01,90.27
VIA_L1M1_PR_MR_885,VIA_L1M1_PR_MR,169.97,90.61
VIA_L1M1_PR_MR_886,VIA_L1M1_PR_MR,112.93,90.95
VIA_L1M1_PR_MR_887,VIA_L1M1_PR_MR,174.11,90.95
VIA_L1M1_PR_MR_888,VIA_L1M1_PR_MR,175.49,90.95
VIA_L1M1_PR_MR_889,VIA_L1M1_PR_MR,177.33,90.95
VIA_L1M1_PR_MR_890,VIA_L1M1_PR_MR,111.55,91.29
VIA_L1M1_PR_MR_891,VIA_L1M1_PR_MR,112.01,91.29
VIA_L1M1_PR_MR_892,VIA_L1M1_PR_MR,115.23,91.29
VIA_L1M1_PR_MR_893,VIA_L1M1_PR_MR,116.15,91.29
VIA_L1M1_PR_MR_894,VIA_L1M1_PR_MR,117.53,91.29
VIA_L1M1_PR_MR_895,VIA_L1M1_PR_MR,118.45,91.29
VIA_L1M1_PR_MR_896,VIA_L1M1_PR_MR,119.37,91.29
VIA_L1M1_PR_MR_897,VIA_L1M1_PR_MR,125.81,91.29
VIA_L1M1_PR_MR_898,VIA_L1M1_PR_MR,167.67000000000002,91.29
VIA_L1M1_PR_MR_899,VIA_L1M1_PR_MR,168.59,91.29
VIA_L1M1_PR_MR_900,VIA_L1M1_PR_MR,169.05,91.29
VIA_L1M1_PR_MR_901,VIA_L1M1_PR_MR,172.73,91.29
VIA_L1M1_PR_MR_902,VIA_L1M1_PR_MR,173.65,91.29
VIA_L1M1_PR_MR_903,VIA_L1M1_PR_MR,174.57,91.29
VIA_L1M1_PR_MR_904,VIA_L1M1_PR_MR,176.41,91.29
VIA_L1M1_PR_MR_905,VIA_L1M1_PR_MR,177.79,91.29
VIA_L1M1_PR_MR_906,VIA_L1M1_PR_MR,178.71,91.29
VIA_L1M1_PR_MR_907,VIA_L1M1_PR_MR,179.17000000000002,91.29
VIA_L1M1_PR_MR_908,VIA_L1M1_PR_MR,180.09,91.29
VIA_L1M1_PR_MR_909,VIA_L1M1_PR_MR,122.13,91.63
VIA_L1M1_PR_MR_910,VIA_L1M1_PR_MR,126.73,91.63
VIA_L1M1_PR_MR_911,VIA_L1M1_PR_MR,166.75,91.63
VIA_L1M1_PR_MR_912,VIA_L1M1_PR_MR,170.845,91.63
VIA_L1M1_PR_MR_913,VIA_L1M1_PR_MR,179.63,91.63
VIA_L1M1_PR_MR_914,VIA_L1M1_PR_MR,113.39,92.99
VIA_L1M1_PR_MR_915,VIA_L1M1_PR_MR,167.21,92.99
VIA_L1M1_PR_MR_916,VIA_L1M1_PR_MR,179.17000000000002,92.99
VIA_L1M1_PR_MR_917,VIA_L1M1_PR_MR,112.93,93.33
VIA_L1M1_PR_MR_918,VIA_L1M1_PR_MR,115.23,93.33
VIA_L1M1_PR_MR_919,VIA_L1M1_PR_MR,117.53,93.33
VIA_L1M1_PR_MR_920,VIA_L1M1_PR_MR,173.65,93.33
VIA_L1M1_PR_MR_921,VIA_L1M1_PR_MR,182.85,93.33
VIA_L1M1_PR_MR_922,VIA_L1M1_PR_MR,30.59,93.67
VIA_L1M1_PR_MR_923,VIA_L1M1_PR_MR,31.51,93.67
VIA_L1M1_PR_MR_924,VIA_L1M1_PR_MR,41.63,93.67
VIA_L1M1_PR_MR_925,VIA_L1M1_PR_MR,80.27,93.67
VIA_L1M1_PR_MR_926,VIA_L1M1_PR_MR,111.09,93.67
VIA_L1M1_PR_MR_927,VIA_L1M1_PR_MR,112.01,93.67
VIA_L1M1_PR_MR_928,VIA_L1M1_PR_MR,112.47,93.67
VIA_L1M1_PR_MR_929,VIA_L1M1_PR_MR,113.39,93.67
VIA_L1M1_PR_MR_930,VIA_L1M1_PR_MR,114.31,93.67
VIA_L1M1_PR_MR_931,VIA_L1M1_PR_MR,166.29,93.67
VIA_L1M1_PR_MR_932,VIA_L1M1_PR_MR,166.75,93.67
VIA_L1M1_PR_MR_933,VIA_L1M1_PR_MR,168.59,93.67
VIA_L1M1_PR_MR_934,VIA_L1M1_PR_MR,170.43,93.67
VIA_L1M1_PR_MR_935,VIA_L1M1_PR_MR,174.11,93.67
VIA_L1M1_PR_MR_936,VIA_L1M1_PR_MR,176.41,93.67
VIA_L1M1_PR_MR_937,VIA_L1M1_PR_MR,178.25,93.67
VIA_L1M1_PR_MR_938,VIA_L1M1_PR_MR,179.17000000000002,93.67
VIA_L1M1_PR_MR_939,VIA_L1M1_PR_MR,181.93,93.67
VIA_L1M1_PR_MR_940,VIA_L1M1_PR_MR,31.970000000000002,94.01
VIA_L1M1_PR_MR_941,VIA_L1M1_PR_MR,40.25,94.01
VIA_L1M1_PR_MR_942,VIA_L1M1_PR_MR,81.19,94.01
VIA_L1M1_PR_MR_943,VIA_L1M1_PR_MR,82.57000000000001,94.01
VIA_L1M1_PR_MR_944,VIA_L1M1_PR_MR,116.15,94.01
VIA_L1M1_PR_MR_945,VIA_L1M1_PR_MR,174.57,94.01
VIA_L1M1_PR_MR_946,VIA_L1M1_PR_MR,181.01,94.01
VIA_L1M1_PR_MR_947,VIA_L1M1_PR_MR,183.31,94.01
VIA_L1M1_PR_MR_948,VIA_L1M1_PR_MR,32.89,94.69
VIA_L1M1_PR_MR_949,VIA_L1M1_PR_MR,79.81,94.69
VIA_L1M1_PR_MR_950,VIA_L1M1_PR_MR,89.93,94.69
VIA_L1M1_PR_MR_951,VIA_L1M1_PR_MR,110.17,94.69
VIA_L1M1_PR_MR_952,VIA_L1M1_PR_MR,124.89,94.69
VIA_L1M1_PR_MR_953,VIA_L1M1_PR_MR,29.21,95.71000000000001
VIA_L1M1_PR_MR_954,VIA_L1M1_PR_MR,40.25,95.71000000000001
VIA_L1M1_PR_MR_955,VIA_L1M1_PR_MR,178.71,95.71000000000001
VIA_L1M1_PR_MR_956,VIA_L1M1_PR_MR,83.03,96.05
VIA_L1M1_PR_MR_957,VIA_L1M1_PR_MR,32.43,96.39
VIA_L1M1_PR_MR_958,VIA_L1M1_PR_MR,37.49,96.39
VIA_L1M1_PR_MR_959,VIA_L1M1_PR_MR,121.67,96.39
VIA_L1M1_PR_MR_960,VIA_L1M1_PR_MR,124.89,96.39
VIA_L1M1_PR_MR_961,VIA_L1M1_PR_MR,171.35,96.39
VIA_L1M1_PR_MR_962,VIA_L1M1_PR_MR,175.49,96.39
VIA_L1M1_PR_MR_963,VIA_L1M1_PR_MR,30.59,96.73
VIA_L1M1_PR_MR_964,VIA_L1M1_PR_MR,31.05,96.73
VIA_L1M1_PR_MR_965,VIA_L1M1_PR_MR,31.970000000000002,96.73
VIA_L1M1_PR_MR_966,VIA_L1M1_PR_MR,32.89,96.73
VIA_L1M1_PR_MR_967,VIA_L1M1_PR_MR,33.35,96.73
VIA_L1M1_PR_MR_968,VIA_L1M1_PR_MR,37.95,96.73
VIA_L1M1_PR_MR_969,VIA_L1M1_PR_MR,79.81,96.73
VIA_L1M1_PR_MR_970,VIA_L1M1_PR_MR,80.27,96.73
VIA_L1M1_PR_MR_971,VIA_L1M1_PR_MR,110.17,96.73
VIA_L1M1_PR_MR_972,VIA_L1M1_PR_MR,123.05,96.73
VIA_L1M1_PR_MR_973,VIA_L1M1_PR_MR,123.51,96.73
VIA_L1M1_PR_MR_974,VIA_L1M1_PR_MR,169.05,96.73
VIA_L1M1_PR_MR_975,VIA_L1M1_PR_MR,169.51,96.73
VIA_L1M1_PR_MR_976,VIA_L1M1_PR_MR,170.43,96.73
VIA_L1M1_PR_MR_977,VIA_L1M1_PR_MR,173.19,96.73
VIA_L1M1_PR_MR_978,VIA_L1M1_PR_MR,173.65,96.73
VIA_L1M1_PR_MR_979,VIA_L1M1_PR_MR,174.57,96.73
VIA_L1M1_PR_MR_980,VIA_L1M1_PR_MR,175.95000000000002,96.73
VIA_L1M1_PR_MR_981,VIA_L1M1_PR_MR,177.33,96.73
VIA_L1M1_PR_MR_982,VIA_L1M1_PR_MR,178.25,96.73
VIA_L1M1_PR_MR_983,VIA_L1M1_PR_MR,180.55,96.73
VIA_L1M1_PR_MR_984,VIA_L1M1_PR_MR,28.29,97.07000000000001
VIA_L1M1_PR_MR_985,VIA_L1M1_PR_MR,38.410000000000004,97.07000000000001
VIA_L1M1_PR_MR_986,VIA_L1M1_PR_MR,82.11,97.07000000000001
VIA_L1M1_PR_MR_987,VIA_L1M1_PR_MR,112.01,97.07000000000001
VIA_L1M1_PR_MR_988,VIA_L1M1_PR_MR,168.13,97.07000000000001
VIA_L1M1_PR_MR_989,VIA_L1M1_PR_MR,29.21,97.41
VIA_L1M1_PR_MR_990,VIA_L1M1_PR_MR,34.27,97.41
VIA_L1M1_PR_MR_991,VIA_L1M1_PR_MR,79.35000000000001,97.41
VIA_L1M1_PR_MR_992,VIA_L1M1_PR_MR,81.19,97.41
VIA_L1M1_PR_MR_993,VIA_L1M1_PR_MR,81.65,97.41
VIA_L1M1_PR_MR_994,VIA_L1M1_PR_MR,111.09,97.41
VIA_L1M1_PR_MR_995,VIA_L1M1_PR_MR,111.55,97.41
VIA_L1M1_PR_MR_996,VIA_L1M1_PR_MR,112.47,97.41
VIA_L1M1_PR_MR_997,VIA_L1M1_PR_MR,114.31,97.41
VIA_L1M1_PR_MR_998,VIA_L1M1_PR_MR,132.25,97.41
VIA_L1M1_PR_MR_999,VIA_L1M1_PR_MR,26.91,98.43
VIA_L1M1_PR_MR_1000,VIA_L1M1_PR_MR,27.37,98.43
VIA_L1M1_PR_MR_1001,VIA_L1M1_PR_MR,37.95,98.43
VIA_L1M1_PR_MR_1002,VIA_L1M1_PR_MR,80.73,98.43
VIA_L1M1_PR_MR_1003,VIA_L1M1_PR_MR,109.71000000000001,98.43
VIA_L1M1_PR_MR_1004,VIA_L1M1_PR_MR,123.97,98.43
VIA_L1M1_PR_MR_1005,VIA_L1M1_PR_MR,27.830000000000002,98.77
VIA_L1M1_PR_MR_1006,VIA_L1M1_PR_MR,30.59,98.77
VIA_L1M1_PR_MR_1007,VIA_L1M1_PR_MR,38.87,98.77
VIA_L1M1_PR_MR_1008,VIA_L1M1_PR_MR,83.49,98.77
VIA_L1M1_PR_MR_1009,VIA_L1M1_PR_MR,112.47,98.77
VIA_L1M1_PR_MR_1010,VIA_L1M1_PR_MR,116.61,98.77
VIA_L1M1_PR_MR_1011,VIA_L1M1_PR_MR,171.81,98.77
VIA_L1M1_PR_MR_1012,VIA_L1M1_PR_MR,175.03,98.77
VIA_L1M1_PR_MR_1013,VIA_L1M1_PR_MR,25.990000000000002,99.11
VIA_L1M1_PR_MR_1014,VIA_L1M1_PR_MR,39.79,99.11
VIA_L1M1_PR_MR_1015,VIA_L1M1_PR_MR,40.71,99.11
VIA_L1M1_PR_MR_1016,VIA_L1M1_PR_MR,80.73,99.11
VIA_L1M1_PR_MR_1017,VIA_L1M1_PR_MR,81.65,99.11
VIA_L1M1_PR_MR_1018,VIA_L1M1_PR_MR,110.63,99.11
VIA_L1M1_PR_MR_1019,VIA_L1M1_PR_MR,111.09,99.11
VIA_L1M1_PR_MR_1020,VIA_L1M1_PR_MR,113.39,99.11
VIA_L1M1_PR_MR_1021,VIA_L1M1_PR_MR,114.31,99.11
VIA_L1M1_PR_MR_1022,VIA_L1M1_PR_MR,114.77,99.11
VIA_L1M1_PR_MR_1023,VIA_L1M1_PR_MR,168.59,99.11
VIA_L1M1_PR_MR_1024,VIA_L1M1_PR_MR,169.51,99.11
VIA_L1M1_PR_MR_1025,VIA_L1M1_PR_MR,172.73,99.11
VIA_L1M1_PR_MR_1026,VIA_L1M1_PR_MR,173.19,99.11
VIA_L1M1_PR_MR_1027,VIA_L1M1_PR_MR,175.49,99.11
VIA_L1M1_PR_MR_1028,VIA_L1M1_PR_MR,176.41,99.11
VIA_L1M1_PR_MR_1029,VIA_L1M1_PR_MR,29.21,99.45
VIA_L1M1_PR_MR_1030,VIA_L1M1_PR_MR,37.95,99.45
VIA_L1M1_PR_MR_1031,VIA_L1M1_PR_MR,77.51,99.45
VIA_L1M1_PR_MR_1032,VIA_L1M1_PR_MR,78.89,99.45
VIA_L1M1_PR_MR_1033,VIA_L1M1_PR_MR,82.11,99.45
VIA_L1M1_PR_MR_1034,VIA_L1M1_PR_MR,115.23,99.45
VIA_L1M1_PR_MR_1035,VIA_L1M1_PR_MR,174.11,99.45
VIA_L1M1_PR_MR_1036,VIA_L1M1_PR_MR,174.57,99.45
VIA_L1M1_PR_MR_1037,VIA_L1M1_PR_MR,28.75,99.79
VIA_L1M1_PR_MR_1038,VIA_L1M1_PR_MR,90.85000000000001,100.13
VIA_L1M1_PR_MR_1039,VIA_L1M1_PR_MR,170.43,100.13
VIA_L1M1_PR_MR_1040,VIA_L1M1_PR_MR,77.05,101.15
VIA_L1M1_PR_MR_1041,VIA_L1M1_PR_MR,81.19,101.15
VIA_L1M1_PR_MR_1042,VIA_L1M1_PR_MR,114.31,101.15
VIA_L1M1_PR_MR_1043,VIA_L1M1_PR_MR,26.45,101.49000000000001
VIA_L1M1_PR_MR_1044,VIA_L1M1_PR_MR,121.21000000000001,101.49000000000001
VIA_L1M1_PR_MR_1045,VIA_L1M1_PR_MR,122.13,101.49000000000001
VIA_L1M1_PR_MR_1046,VIA_L1M1_PR_MR,79.81,101.83
VIA_L1M1_PR_MR_1047,VIA_L1M1_PR_MR,83.95,101.83
VIA_L1M1_PR_MR_1048,VIA_L1M1_PR_MR,116.15,101.83
VIA_L1M1_PR_MR_1049,VIA_L1M1_PR_MR,123.51,101.83
VIA_L1M1_PR_MR_1050,VIA_L1M1_PR_MR,27.830000000000002,102.17
VIA_L1M1_PR_MR_1051,VIA_L1M1_PR_MR,28.29,102.17
VIA_L1M1_PR_MR_1052,VIA_L1M1_PR_MR,30.59,102.17
VIA_L1M1_PR_MR_1053,VIA_L1M1_PR_MR,31.51,102.17
VIA_L1M1_PR_MR_1054,VIA_L1M1_PR_MR,32.43,102.17
VIA_L1M1_PR_MR_1055,VIA_L1M1_PR_MR,36.57,102.17
VIA_L1M1_PR_MR_1056,VIA_L1M1_PR_MR,37.49,102.17
VIA_L1M1_PR_MR_1057,VIA_L1M1_PR_MR,37.95,102.17
VIA_L1M1_PR_MR_1058,VIA_L1M1_PR_MR,78.89,102.17
VIA_L1M1_PR_MR_1059,VIA_L1M1_PR_MR,83.03,102.17
VIA_L1M1_PR_MR_1060,VIA_L1M1_PR_MR,85.33,102.17
VIA_L1M1_PR_MR_1061,VIA_L1M1_PR_MR,89.01,102.17
VIA_L1M1_PR_MR_1062,VIA_L1M1_PR_MR,114.77,102.17
VIA_L1M1_PR_MR_1063,VIA_L1M1_PR_MR,119.37,102.17
VIA_L1M1_PR_MR_1064,VIA_L1M1_PR_MR,119.83,102.17
VIA_L1M1_PR_MR_1065,VIA_L1M1_PR_MR,172.73,102.17
VIA_L1M1_PR_MR_1066,VIA_L1M1_PR_MR,173.19,102.17
VIA_L1M1_PR_MR_1067,VIA_L1M1_PR_MR,38.415,102.28
VIA_L1M1_PR_MR_1068,VIA_L1M1_PR_MR,26.45,102.51
VIA_L1M1_PR_MR_1069,VIA_L1M1_PR_MR,33.81,102.51
VIA_L1M1_PR_MR_1070,VIA_L1M1_PR_MR,39.79,102.51
VIA_L1M1_PR_MR_1071,VIA_L1M1_PR_MR,79.35000000000001,102.51
VIA_L1M1_PR_MR_1072,VIA_L1M1_PR_MR,88.55,102.51
VIA_L1M1_PR_MR_1073,VIA_L1M1_PR_MR,27.37,102.85000000000001
VIA_L1M1_PR_MR_1074,VIA_L1M1_PR_MR,29.21,102.85000000000001
VIA_L1M1_PR_MR_1075,VIA_L1M1_PR_MR,83.49,102.85000000000001
VIA_L1M1_PR_MR_1076,VIA_L1M1_PR_MR,86.25,102.85000000000001
VIA_L1M1_PR_MR_1077,VIA_L1M1_PR_MR,117.07000000000001,102.85000000000001
VIA_L1M1_PR_MR_1078,VIA_L1M1_PR_MR,118.91,102.85000000000001
VIA_L1M1_PR_MR_1079,VIA_L1M1_PR_MR,172.73,102.85000000000001
VIA_L1M1_PR_MR_1080,VIA_L1M1_PR_MR,33.81,103.87
VIA_L1M1_PR_MR_1081,VIA_L1M1_PR_MR,76.59,103.87
VIA_L1M1_PR_MR_1082,VIA_L1M1_PR_MR,81.65,103.87
VIA_L1M1_PR_MR_1083,VIA_L1M1_PR_MR,114.77,103.87
VIA_L1M1_PR_MR_1084,VIA_L1M1_PR_MR,115.23,103.87
VIA_L1M1_PR_MR_1085,VIA_L1M1_PR_MR,31.51,104.21000000000001
VIA_L1M1_PR_MR_1086,VIA_L1M1_PR_MR,41.17,104.21000000000001
VIA_L1M1_PR_MR_1087,VIA_L1M1_PR_MR,113.85000000000001,104.21000000000001
VIA_L1M1_PR_MR_1088,VIA_L1M1_PR_MR,121.67,104.21000000000001
VIA_L1M1_PR_MR_1089,VIA_L1M1_PR_MR,27.830000000000002,104.55
VIA_L1M1_PR_MR_1090,VIA_L1M1_PR_MR,76.13,104.55
VIA_L1M1_PR_MR_1091,VIA_L1M1_PR_MR,77.51,104.55
VIA_L1M1_PR_MR_1092,VIA_L1M1_PR_MR,78.43,104.55
VIA_L1M1_PR_MR_1093,VIA_L1M1_PR_MR,78.89,104.55
VIA_L1M1_PR_MR_1094,VIA_L1M1_PR_MR,79.375,104.55
VIA_L1M1_PR_MR_1095,VIA_L1M1_PR_MR,82.57000000000001,104.55
VIA_L1M1_PR_MR_1096,VIA_L1M1_PR_MR,84.41,104.55
VIA_L1M1_PR_MR_1097,VIA_L1M1_PR_MR,115.69,104.55
VIA_L1M1_PR_MR_1098,VIA_L1M1_PR_MR,117.11,104.55
VIA_L1M1_PR_MR_1099,VIA_L1M1_PR_MR,120.29,104.55
VIA_L1M1_PR_MR_1100,VIA_L1M1_PR_MR,122.59,104.55
VIA_L1M1_PR_MR_1101,VIA_L1M1_PR_MR,42.550000000000004,104.89
VIA_L1M1_PR_MR_1102,VIA_L1M1_PR_MR,84.87,104.89
VIA_L1M1_PR_MR_1103,VIA_L1M1_PR_MR,116.61,104.89
VIA_L1M1_PR_MR_1104,VIA_L1M1_PR_MR,118.45,104.89
VIA_L1M1_PR_MR_1105,VIA_L1M1_PR_MR,117.53,105.23
VIA_L1M1_PR_MR_1106,VIA_L1M1_PR_MR,80.27,105.57000000000001
VIA_L1M1_PR_MR_1107,VIA_L1M1_PR_MR,82.57000000000001,105.57000000000001
VIA_L1M1_PR_MR_1108,VIA_L1M1_PR_MR,119.37,105.57000000000001
VIA_L1M1_PR_MR_1109,VIA_L1M1_PR_MR,27.37,106.59
VIA_L1M1_PR_MR_1110,VIA_L1M1_PR_MR,34.27,106.59
VIA_L1M1_PR_MR_1111,VIA_L1M1_PR_MR,80.27,106.59
VIA_L1M1_PR_MR_1112,VIA_L1M1_PR_MR,117.53,106.59
VIA_L1M1_PR_MR_1113,VIA_L1M1_PR_MR,82.11,106.93
VIA_L1M1_PR_MR_1114,VIA_L1M1_PR_MR,118.91,106.93
VIA_L1M1_PR_MR_1115,VIA_L1M1_PR_MR,31.970000000000002,107.27
VIA_L1M1_PR_MR_1116,VIA_L1M1_PR_MR,173.65,107.27
VIA_L1M1_PR_MR_1117,VIA_L1M1_PR_MR,83.485,107.56
VIA_L1M1_PR_MR_1118,VIA_L1M1_PR_MR,28.29,107.61
VIA_L1M1_PR_MR_1119,VIA_L1M1_PR_MR,29.21,107.61
VIA_L1M1_PR_MR_1120,VIA_L1M1_PR_MR,29.67,107.61
VIA_L1M1_PR_MR_1121,VIA_L1M1_PR_MR,31.05,107.61
VIA_L1M1_PR_MR_1122,VIA_L1M1_PR_MR,32.43,107.61
VIA_L1M1_PR_MR_1123,VIA_L1M1_PR_MR,33.35,107.61
VIA_L1M1_PR_MR_1124,VIA_L1M1_PR_MR,33.81,107.61
VIA_L1M1_PR_MR_1125,VIA_L1M1_PR_MR,73.37,107.61
VIA_L1M1_PR_MR_1126,VIA_L1M1_PR_MR,77.51,107.61
VIA_L1M1_PR_MR_1127,VIA_L1M1_PR_MR,78.89,107.61
VIA_L1M1_PR_MR_1128,VIA_L1M1_PR_MR,79.81,107.61
VIA_L1M1_PR_MR_1129,VIA_L1M1_PR_MR,80.27,107.61
VIA_L1M1_PR_MR_1130,VIA_L1M1_PR_MR,83.95,107.61
VIA_L1M1_PR_MR_1131,VIA_L1M1_PR_MR,84.41,107.61
VIA_L1M1_PR_MR_1132,VIA_L1M1_PR_MR,85.33,107.61
VIA_L1M1_PR_MR_1133,VIA_L1M1_PR_MR,113.85000000000001,107.61
VIA_L1M1_PR_MR_1134,VIA_L1M1_PR_MR,115.23,107.61
VIA_L1M1_PR_MR_1135,VIA_L1M1_PR_MR,117.07000000000001,107.61
VIA_L1M1_PR_MR_1136,VIA_L1M1_PR_MR,117.53,107.61
VIA_L1M1_PR_MR_1137,VIA_L1M1_PR_MR,127.65,107.61
VIA_L1M1_PR_MR_1138,VIA_L1M1_PR_MR,169.97,107.61
VIA_L1M1_PR_MR_1139,VIA_L1M1_PR_MR,172.73,107.61
VIA_L1M1_PR_MR_1140,VIA_L1M1_PR_MR,175.03,107.61
VIA_L1M1_PR_MR_1141,VIA_L1M1_PR_MR,175.95000000000002,107.61
VIA_L1M1_PR_MR_1142,VIA_L1M1_PR_MR,71.07000000000001,107.95
VIA_L1M1_PR_MR_1143,VIA_L1M1_PR_MR,126.27,107.95
VIA_L1M1_PR_MR_1144,VIA_L1M1_PR_MR,171.35,107.95
VIA_L1M1_PR_MR_1145,VIA_L1M1_PR_MR,174.57,107.95
VIA_L1M1_PR_MR_1146,VIA_L1M1_PR_MR,81.19,108.29
VIA_L1M1_PR_MR_1147,VIA_L1M1_PR_MR,171.81,108.29
VIA_L1M1_PR_MR_1148,VIA_L1M1_PR_MR,37.95,109.31
VIA_L1M1_PR_MR_1149,VIA_L1M1_PR_MR,169.97,109.31
VIA_L1M1_PR_MR_1150,VIA_L1M1_PR_MR,170.43,109.31
VIA_L1M1_PR_MR_1151,VIA_L1M1_PR_MR,30.59,109.65
VIA_L1M1_PR_MR_1152,VIA_L1M1_PR_MR,78.43,109.65
VIA_L1M1_PR_MR_1153,VIA_L1M1_PR_MR,80.73,109.65
VIA_L1M1_PR_MR_1154,VIA_L1M1_PR_MR,93.61,109.65
VIA_L1M1_PR_MR_1155,VIA_L1M1_PR_MR,123.05,109.65
VIA_L1M1_PR_MR_1156,VIA_L1M1_PR_MR,170.89000000000001,109.65
VIA_L1M1_PR_MR_1157,VIA_L1M1_PR_MR,76.59,109.99000000000001
VIA_L1M1_PR_MR_1158,VIA_L1M1_PR_MR,77.97,109.99000000000001
VIA_L1M1_PR_MR_1159,VIA_L1M1_PR_MR,79.35000000000001,109.99000000000001
VIA_L1M1_PR_MR_1160,VIA_L1M1_PR_MR,124.43,109.99000000000001
VIA_L1M1_PR_MR_1161,VIA_L1M1_PR_MR,169.05,109.99000000000001
VIA_L1M1_PR_MR_1162,VIA_L1M1_PR_MR,172.73,109.99000000000001
VIA_L1M1_PR_MR_1163,VIA_L1M1_PR_MR,173.65,109.99000000000001
VIA_L1M1_PR_MR_1164,VIA_L1M1_PR_MR,174.11,109.99000000000001
VIA_L1M1_PR_MR_1165,VIA_L1M1_PR_MR,29.21,110.33
VIA_L1M1_PR_MR_1166,VIA_L1M1_PR_MR,88.09,110.33
VIA_L1M1_PR_MR_1167,VIA_L1M1_PR_MR,89.47,110.33
VIA_L1M1_PR_MR_1168,VIA_L1M1_PR_MR,115.69,110.33
VIA_L1M1_PR_MR_1169,VIA_L1M1_PR_MR,171.81,110.33
VIA_L1M1_PR_MR_1170,VIA_L1M1_PR_MR,175.49,110.33
VIA_L1M1_PR_MR_1171,VIA_L1M1_PR_MR,175.03,111.01
VIA_L1M1_PR_MR_1172,VIA_L1M1_PR_MR,116.61,112.03
VIA_L1M1_PR_MR_1173,VIA_L1M1_PR_MR,121.67,112.03
VIA_L1M1_PR_MR_1174,VIA_L1M1_PR_MR,83.03,112.37
VIA_L1M1_PR_MR_1175,VIA_L1M1_PR_MR,117.53,112.37
VIA_L1M1_PR_MR_1176,VIA_L1M1_PR_MR,118.91,112.71000000000001
VIA_L1M1_PR_MR_1177,VIA_L1M1_PR_MR,167.67000000000002,112.71000000000001
VIA_L1M1_PR_MR_1178,VIA_L1M1_PR_MR,168.59,112.71000000000001
VIA_L1M1_PR_MR_1179,VIA_L1M1_PR_MR,176.87,112.71000000000001
VIA_L1M1_PR_MR_1180,VIA_L1M1_PR_MR,179.63,112.71000000000001
VIA_L1M1_PR_MR_1181,VIA_L1M1_PR_MR,81.19,113.05
VIA_L1M1_PR_MR_1182,VIA_L1M1_PR_MR,82.11,113.05
VIA_L1M1_PR_MR_1183,VIA_L1M1_PR_MR,119.83,113.05
VIA_L1M1_PR_MR_1184,VIA_L1M1_PR_MR,122.13,113.05
VIA_L1M1_PR_MR_1185,VIA_L1M1_PR_MR,169.51,113.05
VIA_L1M1_PR_MR_1186,VIA_L1M1_PR_MR,170.89000000000001,113.05
VIA_L1M1_PR_MR_1187,VIA_L1M1_PR_MR,171.35,113.05
VIA_L1M1_PR_MR_1188,VIA_L1M1_PR_MR,173.65,113.05
VIA_L1M1_PR_MR_1189,VIA_L1M1_PR_MR,174.11,113.05
VIA_L1M1_PR_MR_1190,VIA_L1M1_PR_MR,175.03,113.05
VIA_L1M1_PR_MR_1191,VIA_L1M1_PR_MR,176.41,113.05
VIA_L1M1_PR_MR_1192,VIA_L1M1_PR_MR,177.79,113.05
VIA_L1M1_PR_MR_1193,VIA_L1M1_PR_MR,85.33,113.39
VIA_L1M1_PR_MR_1194,VIA_L1M1_PR_MR,171.81,113.73
VIA_L1M1_PR_MR_1195,VIA_L1M1_PR_MR,177.79,113.73
VIA_L1M1_PR_MR_1196,VIA_L1M1_PR_MR,124.89,114.75
VIA_L1M1_PR_MR_1197,VIA_L1M1_PR_MR,169.97,114.75
VIA_L1M1_PR_MR_1198,VIA_L1M1_PR_MR,170.43,114.75
VIA_L1M1_PR_MR_1199,VIA_L1M1_PR_MR,169.51,115.09
VIA_L1M1_PR_MR_1200,VIA_L1M1_PR_MR,173.65,115.09
VIA_L1M1_PR_MR_1201,VIA_L1M1_PR_MR,175.49,115.09
VIA_L1M1_PR_MR_1202,VIA_L1M1_PR_MR,175.95000000000002,115.09
VIA_L1M1_PR_MR_1203,VIA_L1M1_PR_MR,115.23,115.43
VIA_L1M1_PR_MR_1204,VIA_L1M1_PR_MR,172.27,115.43
VIA_L1M1_PR_MR_1205,VIA_L1M1_PR_MR,177.33,115.43
VIA_L1M1_PR_MR_1206,VIA_L1M1_PR_MR,178.25,115.43
VIA_L1M1_PR_MR_1207,VIA_L1M1_PR_MR,178.71,115.43
VIA_L1M1_PR_MR_1208,VIA_L1M1_PR_MR,113.85000000000001,115.77
VIA_L1M1_PR_MR_1209,VIA_L1M1_PR_MR,116.15,115.77
VIA_L1M1_PR_MR_1210,VIA_L1M1_PR_MR,117.53,115.77
VIA_L1M1_PR_MR_1211,VIA_L1M1_PR_MR,173.19,115.77
VIA_L1M1_PR_MR_1212,VIA_L1M1_PR_MR,173.65,115.77
VIA_L1M1_PR_MR_1213,VIA_L1M1_PR_MR,175.03,115.77
VIA_L1M1_PR_MR_1214,VIA_L1M1_PR_MR,114.77,116.45
VIA_L1M1_PR_MR_1215,VIA_L1M1_PR_MR,176.87,116.45
VIA_L1M1_PR_MR_1216,VIA_L1M1_PR_MR,178.25,116.45
VIA_L1M1_PR_MR_1217,VIA_L1M1_PR_MR,180.09,116.45
VIA_L1M1_PR_MR_1218,VIA_L1M1_PR_MR,175.49,117.47
VIA_L1M1_PR_MR_1219,VIA_L1M1_PR_MR,121.67,117.81
VIA_L1M1_PR_MR_1220,VIA_L1M1_PR_MR,118.91,118.15
VIA_L1M1_PR_MR_1221,VIA_L1M1_PR_MR,120.75,118.15
VIA_L1M1_PR_MR_1222,VIA_L1M1_PR_MR,170.43,118.15
VIA_L1M1_PR_MR_1223,VIA_L1M1_PR_MR,171.35,118.15
VIA_L1M1_PR_MR_1224,VIA_L1M1_PR_MR,122.13,118.49000000000001
VIA_L1M1_PR_MR_1225,VIA_L1M1_PR_MR,172.73,118.49000000000001
VIA_L1M1_PR_MR_1226,VIA_L1M1_PR_MR,174.57,118.49000000000001
VIA_L1M1_PR_MR_1227,VIA_L1M1_PR_MR,176.41,118.49000000000001
VIA_L1M1_PR_MR_1228,VIA_L1M1_PR_MR,176.87,118.49000000000001
VIA_L1M1_PR_MR_1229,VIA_L1M1_PR_MR,177.79,118.49000000000001
VIA_L1M1_PR_MR_1230,VIA_L1M1_PR_MR,178.25,118.49000000000001
VIA_L1M1_PR_MR_1231,VIA_L1M1_PR_MR,116.15,118.83
VIA_L1M1_PR_MR_1232,VIA_L1M1_PR_MR,117.99000000000001,118.83
VIA_L1M1_PR_MR_1233,VIA_L1M1_PR_MR,172.27,118.83
VIA_L1M1_PR_MR_1234,VIA_L1M1_PR_MR,117.07000000000001,119.17
VIA_L1M1_PR_MR_1235,VIA_L1M1_PR_MR,117.53,119.17
VIA_L1M1_PR_MR_1236,VIA_L1M1_PR_MR,119.83,119.17
VIA_L1M1_PR_MR_1237,VIA_L1M1_PR_MR,170.89000000000001,119.17
VIA_L1M1_PR_MR_1238,VIA_L1M1_PR_MR,120.29,120.19
VIA_L1M1_PR_MR_1239,VIA_L1M1_PR_MR,115.23,120.87
VIA_L1M1_PR_MR_1240,VIA_L1M1_PR_MR,115.69,120.87
VIA_L1M1_PR_MR_1241,VIA_L1M1_PR_MR,116.61,120.87
VIA_L1M1_PR_MR_1242,VIA_L1M1_PR_MR,118.45,120.87
VIA_L1M1_PR_MR_1243,VIA_L1M1_PR_MR,118.91,120.87
VIA_L1M1_PR_MR_1244,VIA_L1M1_PR_MR,122.59,121.21000000000001
VIA_L1M1_PR_MR_1245,VIA_L1M1_PR_MR,121.21000000000001,121.55
VIA_L1M1_PR_MR_1246,VIA_L1M1_PR_MR,123.05,122.91
VIA_L1M1_PR_MR_1247,VIA_L1M1_PR_MR,114.31,123.59
VIA_L1M1_PR_MR_1248,VIA_L1M1_PR_MR,115.69,123.59
VIA_L1M1_PR_MR_1249,VIA_L1M1_PR_MR,117.07000000000001,125.63000000000001
VIA_L1M1_PR_MR_1250,VIA_L1M1_PR_MR,117.53,125.97
VIA_L1M1_PR_MR_1251,VIA_L1M1_PR_MR,118.91,125.97
VIA_L1M1_PR_MR_1252,VIA_L1M1_PR_MR,116.61,126.31
VIA_L1M1_PR_MR_1253,VIA_L1M1_PR_MR,115.23,126.65
VIA_L1M1_PR_MR_1254,VIA_L1M1_PR_MR,171.35,127.33
VIA_L1M1_PR_MR_1255,VIA_L1M1_PR_MR,111.09,128.35
VIA_L1M1_PR_MR_1256,VIA_L1M1_PR_MR,115.69,128.69
VIA_L1M1_PR_MR_1257,VIA_L1M1_PR_MR,171.81,128.69
VIA_L1M1_PR_MR_1258,VIA_L1M1_PR_MR,172.27,128.69
VIA_L1M1_PR_MR_1259,VIA_L1M1_PR_MR,175.49,128.69
VIA_L1M1_PR_MR_1260,VIA_L1M1_PR_MR,112.93,129.03
VIA_L1M1_PR_MR_1261,VIA_L1M1_PR_MR,123.05,129.03
VIA_L1M1_PR_MR_1262,VIA_L1M1_PR_MR,170.89000000000001,129.03
VIA_L1M1_PR_MR_1263,VIA_L1M1_PR_MR,174.11,129.03
VIA_L1M1_PR_MR_1264,VIA_L1M1_PR_MR,112.01,129.37
VIA_L1M1_PR_MR_1265,VIA_L1M1_PR_MR,114.77,129.37
VIA_L1M1_PR_MR_1266,VIA_L1M1_PR_MR,124.43,129.37
VIA_L1M1_PR_MR_1267,VIA_L1M1_PR_MR,168.13,129.37
VIA_L1M1_PR_MR_1268,VIA_L1M1_PR_MR,169.97,129.37
VIA_L1M1_PR_MR_1269,VIA_L1M1_PR_MR,177.33,129.37
VIA_L1M1_PR_MR_1270,VIA_L1M1_PR_MR,114.31,129.71
VIA_L1M1_PR_MR_1271,VIA_L1M1_PR_MR,168.59,130.05
VIA_L1M1_PR_MR_1272,VIA_L1M1_PR_MR,171.81,130.05
VIA_L1M1_PR_MR_1273,VIA_L1M1_PR_MR,175.03,130.05
VIA_L1M1_PR_MR_1274,VIA_L1M1_PR_MR,110.63,131.07
VIA_L1M1_PR_MR_1275,VIA_L1M1_PR_MR,111.09,131.07
VIA_L1M1_PR_MR_1276,VIA_L1M1_PR_MR,118.91,131.07
VIA_L1M1_PR_MR_1277,VIA_L1M1_PR_MR,119.37,131.07
VIA_L1M1_PR_MR_1278,VIA_L1M1_PR_MR,109.71000000000001,131.41
VIA_L1M1_PR_MR_1279,VIA_L1M1_PR_MR,115.23,131.41
VIA_L1M1_PR_MR_1280,VIA_L1M1_PR_MR,117.07000000000001,131.41
VIA_L1M1_PR_MR_1281,VIA_L1M1_PR_MR,119.83,131.41
VIA_L1M1_PR_MR_1282,VIA_L1M1_PR_MR,111.55,131.75
VIA_L1M1_PR_MR_1283,VIA_L1M1_PR_MR,112.93,131.75
VIA_L1M1_PR_MR_1284,VIA_L1M1_PR_MR,113.39,131.75
VIA_L1M1_PR_MR_1285,VIA_L1M1_PR_MR,114.31,131.75
VIA_L1M1_PR_MR_1286,VIA_L1M1_PR_MR,116.15,131.75
VIA_L1M1_PR_MR_1287,VIA_L1M1_PR_MR,123.51,131.75
VIA_L1M1_PR_MR_1288,VIA_L1M1_PR_MR,124.43,131.75
VIA_L1M1_PR_MR_1289,VIA_L1M1_PR_MR,125.35000000000001,131.75
VIA_L1M1_PR_MR_1290,VIA_L1M1_PR_MR,166.29,131.75
VIA_L1M1_PR_MR_1291,VIA_L1M1_PR_MR,167.21,131.75
VIA_L1M1_PR_MR_1292,VIA_L1M1_PR_MR,168.13,131.75
VIA_L1M1_PR_MR_1293,VIA_L1M1_PR_MR,169.05,131.75
VIA_L1M1_PR_MR_1294,VIA_L1M1_PR_MR,170.89000000000001,131.75
VIA_L1M1_PR_MR_1295,VIA_L1M1_PR_MR,172.27,131.75
VIA_L1M1_PR_MR_1296,VIA_L1M1_PR_MR,174.115,131.75
VIA_L1M1_PR_MR_1297,VIA_L1M1_PR_MR,175.03,131.75
VIA_L1M1_PR_MR_1298,VIA_L1M1_PR_MR,112.47,132.09
VIA_L1M1_PR_MR_1299,VIA_L1M1_PR_MR,122.13,132.09
VIA_L1M1_PR_MR_1300,VIA_L1M1_PR_MR,123.05,132.09
VIA_L1M1_PR_MR_1301,VIA_L1M1_PR_MR,167.67000000000002,132.09
VIA_L1M1_PR_MR_1302,VIA_L1M1_PR_MR,173.19,132.09
VIA_L1M1_PR_MR_1303,VIA_L1M1_PR_MR,173.65,132.09
VIA_L1M1_PR_MR_1304,VIA_L1M1_PR_MR,125.35000000000001,132.43
VIA_L1M1_PR_MR_1305,VIA_L1M1_PR_MR,170.43,132.43
VIA_L1M1_PR_MR_1306,VIA_L1M1_PR_MR,171.35,132.43
VIA_L1M1_PR_MR_1307,VIA_L1M1_PR_MR,121.21000000000001,132.77
VIA_L1M1_PR_MR_1308,VIA_L1M1_PR_MR,112.01,133.79
VIA_L1M1_PR_MR_1309,VIA_L1M1_PR_MR,118.91,133.79
VIA_L1M1_PR_MR_1310,VIA_L1M1_PR_MR,168.59,133.79
VIA_L1M1_PR_MR_1311,VIA_L1M1_PR_MR,171.81,133.79
VIA_L1M1_PR_MR_1312,VIA_L1M1_PR_MR,174.57,133.79
VIA_L1M1_PR_MR_1313,VIA_L1M1_PR_MR,169.51,134.13
VIA_L1M1_PR_MR_1314,VIA_L1M1_PR_MR,177.79,134.13
VIA_L1M1_PR_MR_1315,VIA_L1M1_PR_MR,85.79,134.47
VIA_L1M1_PR_MR_1316,VIA_L1M1_PR_MR,87.17,134.47
VIA_L1M1_PR_MR_1317,VIA_L1M1_PR_MR,112.01,134.47
VIA_L1M1_PR_MR_1318,VIA_L1M1_PR_MR,111.55,134.81
VIA_L1M1_PR_MR_1319,VIA_L1M1_PR_MR,112.93,134.81
VIA_L1M1_PR_MR_1320,VIA_L1M1_PR_MR,114.31,134.81
VIA_L1M1_PR_MR_1321,VIA_L1M1_PR_MR,114.77,134.81
VIA_L1M1_PR_MR_1322,VIA_L1M1_PR_MR,116.15,134.81
VIA_L1M1_PR_MR_1323,VIA_L1M1_PR_MR,117.53,134.81
VIA_L1M1_PR_MR_1324,VIA_L1M1_PR_MR,117.99000000000001,134.81
VIA_L1M1_PR_MR_1325,VIA_L1M1_PR_MR,127.65,134.81
VIA_L1M1_PR_MR_1326,VIA_L1M1_PR_MR,166.75,134.81
VIA_L1M1_PR_MR_1327,VIA_L1M1_PR_MR,170.43,134.81
VIA_L1M1_PR_MR_1328,VIA_L1M1_PR_MR,173.65,134.81
VIA_L1M1_PR_MR_1329,VIA_L1M1_PR_MR,175.03,134.81
VIA_L1M1_PR_MR_1330,VIA_L1M1_PR_MR,176.41,134.81
VIA_L1M1_PR_MR_1331,VIA_L1M1_PR_MR,177.33,134.81
VIA_L1M1_PR_MR_1332,VIA_L1M1_PR_MR,178.25,134.81
VIA_L1M1_PR_MR_1333,VIA_L1M1_PR_MR,126.27,135.15
VIA_L1M1_PR_MR_1334,VIA_L1M1_PR_MR,171.76500000000001,135.15
VIA_L1M1_PR_MR_1335,VIA_L1M1_PR_MR,78.43,135.49
VIA_L1M1_PR_MR_1336,VIA_L1M1_PR_MR,110.63,135.49
VIA_L1M1_PR_MR_1337,VIA_L1M1_PR_MR,168.635,135.49
VIA_L1M1_PR_MR_1338,VIA_L1M1_PR_MR,79.81,136.51
VIA_L1M1_PR_MR_1339,VIA_L1M1_PR_MR,82.57000000000001,136.51
VIA_L1M1_PR_MR_1340,VIA_L1M1_PR_MR,124.43,136.51
VIA_L1M1_PR_MR_1341,VIA_L1M1_PR_MR,169.05,136.51
VIA_L1M1_PR_MR_1342,VIA_L1M1_PR_MR,170.89000000000001,136.51
VIA_L1M1_PR_MR_1343,VIA_L1M1_PR_MR,167.67000000000002,136.85
VIA_L1M1_PR_MR_1344,VIA_L1M1_PR_MR,79.81,137.19
VIA_L1M1_PR_MR_1345,VIA_L1M1_PR_MR,91.31,137.19
VIA_L1M1_PR_MR_1346,VIA_L1M1_PR_MR,112.47,137.19
VIA_L1M1_PR_MR_1347,VIA_L1M1_PR_MR,113.39,137.19
VIA_L1M1_PR_MR_1348,VIA_L1M1_PR_MR,113.85000000000001,137.19
VIA_L1M1_PR_MR_1349,VIA_L1M1_PR_MR,123.97,137.19
VIA_L1M1_PR_MR_1350,VIA_L1M1_PR_MR,124.89,137.19
VIA_L1M1_PR_MR_1351,VIA_L1M1_PR_MR,166.75,137.19
VIA_L1M1_PR_MR_1352,VIA_L1M1_PR_MR,171.35,137.19
VIA_L1M1_PR_MR_1353,VIA_L1M1_PR_MR,173.19,137.19
VIA_L1M1_PR_MR_1354,VIA_L1M1_PR_MR,175.03,137.19
VIA_L1M1_PR_MR_1355,VIA_L1M1_PR_MR,78.43,137.53
VIA_L1M1_PR_MR_1356,VIA_L1M1_PR_MR,79.35000000000001,137.53
VIA_L1M1_PR_MR_1357,VIA_L1M1_PR_MR,89.93,137.53
VIA_L1M1_PR_MR_1358,VIA_L1M1_PR_MR,114.77,137.53
VIA_L1M1_PR_MR_1359,VIA_L1M1_PR_MR,123.51,137.53
VIA_L1M1_PR_MR_1360,VIA_L1M1_PR_MR,172.27,137.53
VIA_L1M1_PR_MR_1361,VIA_L1M1_PR_MR,174.57,137.53
VIA_L1M1_PR_MR_1362,VIA_L1M1_PR_MR,81.65,137.87
VIA_L1M1_PR_MR_1363,VIA_L1M1_PR_MR,111.55,137.87
VIA_L1M1_PR_MR_1364,VIA_L1M1_PR_MR,168.59,137.87
VIA_L1M1_PR_MR_1365,VIA_L1M1_PR_MR,122.19,138.21
VIA_L1M1_PR_MR_1366,VIA_L1M1_PR_MR,173.65,138.21
VIA_L1M1_PR_MR_1367,VIA_L1M1_PR_MR,110.63,139.23
VIA_L1M1_PR_MR_1368,VIA_L1M1_PR_MR,111.55,139.57
VIA_L1M1_PR_MR_1369,VIA_L1M1_PR_MR,126.27,139.57
VIA_L1M1_PR_MR_1370,VIA_L1M1_PR_MR,84.87,139.91
VIA_L1M1_PR_MR_1371,VIA_L1M1_PR_MR,86.25,139.91
VIA_L1M1_PR_MR_1372,VIA_L1M1_PR_MR,112.93,139.91
VIA_L1M1_PR_MR_1373,VIA_L1M1_PR_MR,115.69,139.91
VIA_L1M1_PR_MR_1374,VIA_L1M1_PR_MR,123.05,139.91
VIA_L1M1_PR_MR_1375,VIA_L1M1_PR_MR,126.73,139.91
VIA_L1M1_PR_MR_1376,VIA_L1M1_PR_MR,124.43,140.25
VIA_L1M1_PR_MR_1377,VIA_L1M1_PR_MR,125.35000000000001,140.25
VIA_L1M1_PR_MR_1378,VIA_L1M1_PR_MR,172.64000000000001,140.25
VIA_L1M1_PR_MR_1379,VIA_L1M1_PR_MR,173.19,140.25
VIA_L1M1_PR_MR_1380,VIA_L1M1_PR_MR,173.65,140.25
VIA_L1M1_PR_MR_1381,VIA_L1M1_PR_MR,174.57,140.25
VIA_L1M1_PR_MR_1382,VIA_L1M1_PR_MR,171.35,140.59
VIA_L1M1_PR_MR_1383,VIA_L1M1_PR_MR,77.51,140.93
VIA_L1M1_PR_MR_1384,VIA_L1M1_PR_MR,74.29,141.95000000000002
VIA_L1M1_PR_MR_1385,VIA_L1M1_PR_MR,80.27,141.95000000000002
VIA_L1M1_PR_MR_1386,VIA_L1M1_PR_MR,82.57000000000001,141.95000000000002
VIA_L1M1_PR_MR_1387,VIA_L1M1_PR_MR,114.31,141.95000000000002
VIA_L1M1_PR_MR_1388,VIA_L1M1_PR_MR,114.77,141.95000000000002
VIA_L1M1_PR_MR_1389,VIA_L1M1_PR_MR,118.91,141.95000000000002
VIA_L1M1_PR_MR_1390,VIA_L1M1_PR_MR,119.37,141.95000000000002
VIA_L1M1_PR_MR_1391,VIA_L1M1_PR_MR,123.05,141.95000000000002
VIA_L1M1_PR_MR_1392,VIA_L1M1_PR_MR,72.45,142.29
VIA_L1M1_PR_MR_1393,VIA_L1M1_PR_MR,84.41,142.29
VIA_L1M1_PR_MR_1394,VIA_L1M1_PR_MR,119.83,142.29
VIA_L1M1_PR_MR_1395,VIA_L1M1_PR_MR,77.05,142.63
VIA_L1M1_PR_MR_1396,VIA_L1M1_PR_MR,80.73,142.63
VIA_L1M1_PR_MR_1397,VIA_L1M1_PR_MR,113.85000000000001,142.63
VIA_L1M1_PR_MR_1398,VIA_L1M1_PR_MR,115.69,142.63
VIA_L1M1_PR_MR_1399,VIA_L1M1_PR_MR,116.15,142.63
VIA_L1M1_PR_MR_1400,VIA_L1M1_PR_MR,118.91,142.63
VIA_L1M1_PR_MR_1401,VIA_L1M1_PR_MR,120.75,142.63
VIA_L1M1_PR_MR_1402,VIA_L1M1_PR_MR,122.13,142.63
VIA_L1M1_PR_MR_1403,VIA_L1M1_PR_MR,123.97,142.63
VIA_L1M1_PR_MR_1404,VIA_L1M1_PR_MR,172.27,142.63
VIA_L1M1_PR_MR_1405,VIA_L1M1_PR_MR,173.65,142.63
VIA_L1M1_PR_MR_1406,VIA_L1M1_PR_MR,30.59,142.97
VIA_L1M1_PR_MR_1407,VIA_L1M1_PR_MR,34.27,142.97
VIA_L1M1_PR_MR_1408,VIA_L1M1_PR_MR,71.07000000000001,142.97
VIA_L1M1_PR_MR_1409,VIA_L1M1_PR_MR,71.99,142.97
VIA_L1M1_PR_MR_1410,VIA_L1M1_PR_MR,79.35000000000001,142.97
VIA_L1M1_PR_MR_1411,VIA_L1M1_PR_MR,83.03,142.97
VIA_L1M1_PR_MR_1412,VIA_L1M1_PR_MR,117.07000000000001,142.97
VIA_L1M1_PR_MR_1413,VIA_L1M1_PR_MR,112.93,143.31
VIA_L1M1_PR_MR_1414,VIA_L1M1_PR_MR,172.73,143.31
VIA_L1M1_PR_MR_1415,VIA_L1M1_PR_MR,91.77,143.65
VIA_L1M1_PR_MR_1416,VIA_L1M1_PR_MR,121.67,143.65
VIA_L1M1_PR_MR_1417,VIA_L1M1_PR_MR,171.81,143.65
VIA_L1M1_PR_MR_1418,VIA_L1M1_PR_MR,174.57,143.65
VIA_L1M1_PR_MR_1419,VIA_L1M1_PR_MR,34.33,144.67000000000002
VIA_L1M1_PR_MR_1420,VIA_L1M1_PR_MR,26.91,145.35
VIA_L1M1_PR_MR_1421,VIA_L1M1_PR_MR,71.07000000000001,145.35
VIA_L1M1_PR_MR_1422,VIA_L1M1_PR_MR,71.99,145.35
VIA_L1M1_PR_MR_1423,VIA_L1M1_PR_MR,76.59,145.35
VIA_L1M1_PR_MR_1424,VIA_L1M1_PR_MR,83.95,145.35
VIA_L1M1_PR_MR_1425,VIA_L1M1_PR_MR,90.39,145.35
VIA_L1M1_PR_MR_1426,VIA_L1M1_PR_MR,91.31,145.35
VIA_L1M1_PR_MR_1427,VIA_L1M1_PR_MR,126.27,145.35
VIA_L1M1_PR_MR_1428,VIA_L1M1_PR_MR,175.49,145.35
VIA_L1M1_PR_MR_1429,VIA_L1M1_PR_MR,35.65,145.69
VIA_L1M1_PR_MR_1430,VIA_L1M1_PR_MR,72.45,145.69
VIA_L1M1_PR_MR_1431,VIA_L1M1_PR_MR,75.21000000000001,145.69
VIA_L1M1_PR_MR_1432,VIA_L1M1_PR_MR,84.87,145.69
VIA_L1M1_PR_MR_1433,VIA_L1M1_PR_MR,89.93,145.69
VIA_L1M1_PR_MR_1434,VIA_L1M1_PR_MR,113.85000000000001,145.69
VIA_L1M1_PR_MR_1435,VIA_L1M1_PR_MR,114.31,145.69
VIA_L1M1_PR_MR_1436,VIA_L1M1_PR_MR,115.23,145.69
VIA_L1M1_PR_MR_1437,VIA_L1M1_PR_MR,117.07000000000001,145.69
VIA_L1M1_PR_MR_1438,VIA_L1M1_PR_MR,117.99000000000001,145.69
VIA_L1M1_PR_MR_1439,VIA_L1M1_PR_MR,127.65,145.69
VIA_L1M1_PR_MR_1440,VIA_L1M1_PR_MR,171.81,145.69
VIA_L1M1_PR_MR_1441,VIA_L1M1_PR_MR,172.27,145.69
VIA_L1M1_PR_MR_1442,VIA_L1M1_PR_MR,172.73,145.69
VIA_L1M1_PR_MR_1443,VIA_L1M1_PR_MR,173.19,145.69
VIA_L1M1_PR_MR_1444,VIA_L1M1_PR_MR,175.95000000000002,145.69
VIA_L1M1_PR_MR_1445,VIA_L1M1_PR_MR,85.33,146.03
VIA_L1M1_PR_MR_1446,VIA_L1M1_PR_MR,71.99,146.37
VIA_L1M1_PR_MR_1447,VIA_L1M1_PR_MR,74.29,146.37
VIA_L1M1_PR_MR_1448,VIA_L1M1_PR_MR,88.09,146.37
VIA_L1M1_PR_MR_1449,VIA_L1M1_PR_MR,118.91,146.37
VIA_L1M1_PR_MR_1450,VIA_L1M1_PR_MR,174.11,146.37
VIA_L1M1_PR_MR_1451,VIA_L1M1_PR_MR,28.29,147.39000000000001
VIA_L1M1_PR_MR_1452,VIA_L1M1_PR_MR,30.13,147.39000000000001
VIA_L1M1_PR_MR_1453,VIA_L1M1_PR_MR,71.53,147.39000000000001
VIA_L1M1_PR_MR_1454,VIA_L1M1_PR_MR,76.13,147.39000000000001
VIA_L1M1_PR_MR_1455,VIA_L1M1_PR_MR,94.07000000000001,147.39000000000001
VIA_L1M1_PR_MR_1456,VIA_L1M1_PR_MR,175.49,147.39000000000001
VIA_L1M1_PR_MR_1457,VIA_L1M1_PR_MR,25.990000000000002,147.73
VIA_L1M1_PR_MR_1458,VIA_L1M1_PR_MR,26.91,147.73
VIA_L1M1_PR_MR_1459,VIA_L1M1_PR_MR,27.37,147.73
VIA_L1M1_PR_MR_1460,VIA_L1M1_PR_MR,28.75,147.73
VIA_L1M1_PR_MR_1461,VIA_L1M1_PR_MR,32.43,147.73
VIA_L1M1_PR_MR_1462,VIA_L1M1_PR_MR,58.19,147.73
VIA_L1M1_PR_MR_1463,VIA_L1M1_PR_MR,61.410000000000004,147.73
VIA_L1M1_PR_MR_1464,VIA_L1M1_PR_MR,83.49,147.73
VIA_L1M1_PR_MR_1465,VIA_L1M1_PR_MR,86.71000000000001,147.73
VIA_L1M1_PR_MR_1466,VIA_L1M1_PR_MR,171.35,147.73
VIA_L1M1_PR_MR_1467,VIA_L1M1_PR_MR,176.41,147.73
VIA_L1M1_PR_MR_1468,VIA_L1M1_PR_MR,177.33,147.73
VIA_L1M1_PR_MR_1469,VIA_L1M1_PR_MR,29.21,148.07
VIA_L1M1_PR_MR_1470,VIA_L1M1_PR_MR,65.09,148.07
VIA_L1M1_PR_MR_1471,VIA_L1M1_PR_MR,113.39,148.07
VIA_L1M1_PR_MR_1472,VIA_L1M1_PR_MR,114.31,148.07
VIA_L1M1_PR_MR_1473,VIA_L1M1_PR_MR,114.77,148.07
VIA_L1M1_PR_MR_1474,VIA_L1M1_PR_MR,170.89000000000001,148.07
VIA_L1M1_PR_MR_1475,VIA_L1M1_PR_MR,172.56,148.07
VIA_L1M1_PR_MR_1476,VIA_L1M1_PR_MR,173.19,148.07
VIA_L1M1_PR_MR_1477,VIA_L1M1_PR_MR,173.65,148.07
VIA_L1M1_PR_MR_1478,VIA_L1M1_PR_MR,174.57,148.07
VIA_L1M1_PR_MR_1479,VIA_L1M1_PR_MR,27.37,148.41
VIA_L1M1_PR_MR_1480,VIA_L1M1_PR_MR,31.05,148.41
VIA_L1M1_PR_MR_1481,VIA_L1M1_PR_MR,70.15,148.41
VIA_L1M1_PR_MR_1482,VIA_L1M1_PR_MR,71.07000000000001,148.41
VIA_L1M1_PR_MR_1483,VIA_L1M1_PR_MR,84.87,148.41
VIA_L1M1_PR_MR_1484,VIA_L1M1_PR_MR,85.33,148.41
VIA_L1M1_PR_MR_1485,VIA_L1M1_PR_MR,115.23,148.41
VIA_L1M1_PR_MR_1486,VIA_L1M1_PR_MR,116.61,148.41
VIA_L1M1_PR_MR_1487,VIA_L1M1_PR_MR,169.51,148.41
VIA_L1M1_PR_MR_1488,VIA_L1M1_PR_MR,25.07,148.75
VIA_L1M1_PR_MR_1489,VIA_L1M1_PR_MR,73.37,148.75
VIA_L1M1_PR_MR_1490,VIA_L1M1_PR_MR,170.43,148.75
VIA_L1M1_PR_MR_1491,VIA_L1M1_PR_MR,25.990000000000002,149.09
VIA_L1M1_PR_MR_1492,VIA_L1M1_PR_MR,39.79,149.09
VIA_L1M1_PR_MR_1493,VIA_L1M1_PR_MR,112.47,149.09
VIA_L1M1_PR_MR_1494,VIA_L1M1_PR_MR,123.97,149.09
VIA_L1M1_PR_MR_1495,VIA_L1M1_PR_MR,168.59,149.09
VIA_L1M1_PR_MR_1496,VIA_L1M1_PR_MR,176.41,149.09
VIA_L1M1_PR_MR_1497,VIA_L1M1_PR_MR,96.83,150.11
VIA_L1M1_PR_MR_1498,VIA_L1M1_PR_MR,116.61,150.11
VIA_L1M1_PR_MR_1499,VIA_L1M1_PR_MR,121.67,150.11
VIA_L1M1_PR_MR_1500,VIA_L1M1_PR_MR,170.43,150.11
VIA_L1M1_PR_MR_1501,VIA_L1M1_PR_MR,35.19,150.45000000000002
VIA_L1M1_PR_MR_1502,VIA_L1M1_PR_MR,117.53,150.45000000000002
VIA_L1M1_PR_MR_1503,VIA_L1M1_PR_MR,169.97,150.45000000000002
VIA_L1M1_PR_MR_1504,VIA_L1M1_PR_MR,176.87,150.45000000000002
VIA_L1M1_PR_MR_1505,VIA_L1M1_PR_MR,26.45,150.79
VIA_L1M1_PR_MR_1506,VIA_L1M1_PR_MR,39.33,150.79
VIA_L1M1_PR_MR_1507,VIA_L1M1_PR_MR,77.05,150.79
VIA_L1M1_PR_MR_1508,VIA_L1M1_PR_MR,85.79,150.79
VIA_L1M1_PR_MR_1509,VIA_L1M1_PR_MR,87.17,150.79
VIA_L1M1_PR_MR_1510,VIA_L1M1_PR_MR,88.09,150.79
VIA_L1M1_PR_MR_1511,VIA_L1M1_PR_MR,118.91,150.79
VIA_L1M1_PR_MR_1512,VIA_L1M1_PR_MR,36.57,151.13
VIA_L1M1_PR_MR_1513,VIA_L1M1_PR_MR,38.410000000000004,151.13
VIA_L1M1_PR_MR_1514,VIA_L1M1_PR_MR,70.125,151.13
VIA_L1M1_PR_MR_1515,VIA_L1M1_PR_MR,70.61,151.13
VIA_L1M1_PR_MR_1516,VIA_L1M1_PR_MR,71.07000000000001,151.13
VIA_L1M1_PR_MR_1517,VIA_L1M1_PR_MR,71.985,151.13
VIA_L1M1_PR_MR_1518,VIA_L1M1_PR_MR,72.45,151.13
VIA_L1M1_PR_MR_1519,VIA_L1M1_PR_MR,72.91,151.13
VIA_L1M1_PR_MR_1520,VIA_L1M1_PR_MR,119.83,151.13
VIA_L1M1_PR_MR_1521,VIA_L1M1_PR_MR,121.21000000000001,151.13
VIA_L1M1_PR_MR_1522,VIA_L1M1_PR_MR,171.35,151.13
VIA_L1M1_PR_MR_1523,VIA_L1M1_PR_MR,173.19,151.13
VIA_L1M1_PR_MR_1524,VIA_L1M1_PR_MR,175.49,151.13
VIA_L1M1_PR_MR_1525,VIA_L1M1_PR_MR,27.830000000000002,151.47
VIA_L1M1_PR_MR_1526,VIA_L1M1_PR_MR,89.47,151.47
VIA_L1M1_PR_MR_1527,VIA_L1M1_PR_MR,168.13,151.47
VIA_L1M1_PR_MR_1528,VIA_L1M1_PR_MR,174.11,151.47
VIA_L1M1_PR_MR_1529,VIA_L1M1_PR_MR,178.71,151.47
VIA_L1M1_PR_MR_1530,VIA_L1M1_PR_MR,37.03,151.81
VIA_L1M1_PR_MR_1531,VIA_L1M1_PR_MR,69.23,151.81
VIA_L1M1_PR_MR_1532,VIA_L1M1_PR_MR,78.43,151.81
VIA_L1M1_PR_MR_1533,VIA_L1M1_PR_MR,176.41,151.81
VIA_L1M1_PR_MR_1534,VIA_L1M1_PR_MR,26.91,152.83
VIA_L1M1_PR_MR_1535,VIA_L1M1_PR_MR,34.730000000000004,152.83
VIA_L1M1_PR_MR_1536,VIA_L1M1_PR_MR,73.37,152.83
VIA_L1M1_PR_MR_1537,VIA_L1M1_PR_MR,76.13,152.83
VIA_L1M1_PR_MR_1538,VIA_L1M1_PR_MR,77.97,152.83
VIA_L1M1_PR_MR_1539,VIA_L1M1_PR_MR,81.65,152.83
VIA_L1M1_PR_MR_1540,VIA_L1M1_PR_MR,83.95,152.83
VIA_L1M1_PR_MR_1541,VIA_L1M1_PR_MR,170.43,152.83
VIA_L1M1_PR_MR_1542,VIA_L1M1_PR_MR,171.35,152.83
VIA_L1M1_PR_MR_1543,VIA_L1M1_PR_MR,27.37,153.17000000000002
VIA_L1M1_PR_MR_1544,VIA_L1M1_PR_MR,69.69,153.17000000000002
VIA_L1M1_PR_MR_1545,VIA_L1M1_PR_MR,70.61,153.17000000000002
VIA_L1M1_PR_MR_1546,VIA_L1M1_PR_MR,85.79,153.17000000000002
VIA_L1M1_PR_MR_1547,VIA_L1M1_PR_MR,169.51,153.17000000000002
VIA_L1M1_PR_MR_1548,VIA_L1M1_PR_MR,23.69,153.51
VIA_L1M1_PR_MR_1549,VIA_L1M1_PR_MR,26.45,153.51
VIA_L1M1_PR_MR_1550,VIA_L1M1_PR_MR,31.51,153.51
VIA_L1M1_PR_MR_1551,VIA_L1M1_PR_MR,33.35,153.51
VIA_L1M1_PR_MR_1552,VIA_L1M1_PR_MR,34.27,153.51
VIA_L1M1_PR_MR_1553,VIA_L1M1_PR_MR,35.65,153.51
VIA_L1M1_PR_MR_1554,VIA_L1M1_PR_MR,36.57,153.51
VIA_L1M1_PR_MR_1555,VIA_L1M1_PR_MR,72.45,153.51
VIA_L1M1_PR_MR_1556,VIA_L1M1_PR_MR,72.91,153.51
VIA_L1M1_PR_MR_1557,VIA_L1M1_PR_MR,82.11,153.51
VIA_L1M1_PR_MR_1558,VIA_L1M1_PR_MR,84.41,153.51
VIA_L1M1_PR_MR_1559,VIA_L1M1_PR_MR,173.19,153.51
VIA_L1M1_PR_MR_1560,VIA_L1M1_PR_MR,174.57,153.51
VIA_L1M1_PR_MR_1561,VIA_L1M1_PR_MR,176.41,153.51
VIA_L1M1_PR_MR_1562,VIA_L1M1_PR_MR,177.33,153.51
VIA_L1M1_PR_MR_1563,VIA_L1M1_PR_MR,24.61,153.85
VIA_L1M1_PR_MR_1564,VIA_L1M1_PR_MR,28.29,153.85
VIA_L1M1_PR_MR_1565,VIA_L1M1_PR_MR,38.410000000000004,153.85
VIA_L1M1_PR_MR_1566,VIA_L1M1_PR_MR,78.43,153.85
VIA_L1M1_PR_MR_1567,VIA_L1M1_PR_MR,78.89,153.85
VIA_L1M1_PR_MR_1568,VIA_L1M1_PR_MR,80.73,153.85
VIA_L1M1_PR_MR_1569,VIA_L1M1_PR_MR,93.15,153.85
VIA_L1M1_PR_MR_1570,VIA_L1M1_PR_MR,172.73,153.85
VIA_L1M1_PR_MR_1571,VIA_L1M1_PR_MR,174.11,153.85
VIA_L1M1_PR_MR_1572,VIA_L1M1_PR_MR,175.95000000000002,153.85
VIA_L1M1_PR_MR_1573,VIA_L1M1_PR_MR,74.29,154.19
VIA_L1M1_PR_MR_1574,VIA_L1M1_PR_MR,68.77,154.53
VIA_L1M1_PR_MR_1575,VIA_L1M1_PR_MR,69.69,154.53
VIA_L1M1_PR_MR_1576,VIA_L1M1_PR_MR,71.53,154.53
VIA_L1M1_PR_MR_1577,VIA_L1M1_PR_MR,170.43,154.53
VIA_L1M1_PR_MR_1578,VIA_L1M1_PR_MR,169.51,155.55
VIA_L1M1_PR_MR_1579,VIA_L1M1_PR_MR,71.07000000000001,155.89000000000001
VIA_L1M1_PR_MR_1580,VIA_L1M1_PR_MR,171.35,155.89000000000001
VIA_L1M1_PR_MR_1581,VIA_L1M1_PR_MR,27.830000000000002,156.23
VIA_L1M1_PR_MR_1582,VIA_L1M1_PR_MR,77.97,156.23
VIA_L1M1_PR_MR_1583,VIA_L1M1_PR_MR,89.01,156.23
VIA_L1M1_PR_MR_1584,VIA_L1M1_PR_MR,89.47,156.23
VIA_L1M1_PR_MR_1585,VIA_L1M1_PR_MR,172.27,156.23
VIA_L1M1_PR_MR_1586,VIA_L1M1_PR_MR,26.45,156.57
VIA_L1M1_PR_MR_1587,VIA_L1M1_PR_MR,27.37,156.57
VIA_L1M1_PR_MR_1588,VIA_L1M1_PR_MR,29.21,156.57
VIA_L1M1_PR_MR_1589,VIA_L1M1_PR_MR,30.13,156.57
VIA_L1M1_PR_MR_1590,VIA_L1M1_PR_MR,31.05,156.57
VIA_L1M1_PR_MR_1591,VIA_L1M1_PR_MR,31.970000000000002,156.57
VIA_L1M1_PR_MR_1592,VIA_L1M1_PR_MR,33.35,156.57
VIA_L1M1_PR_MR_1593,VIA_L1M1_PR_MR,71.99,156.57
VIA_L1M1_PR_MR_1594,VIA_L1M1_PR_MR,73.83,156.57
VIA_L1M1_PR_MR_1595,VIA_L1M1_PR_MR,76.59,156.57
VIA_L1M1_PR_MR_1596,VIA_L1M1_PR_MR,169.97,156.57
VIA_L1M1_PR_MR_1597,VIA_L1M1_PR_MR,170.89000000000001,156.57
VIA_L1M1_PR_MR_1598,VIA_L1M1_PR_MR,173.19,156.57
VIA_L1M1_PR_MR_1599,VIA_L1M1_PR_MR,175.03,156.57
VIA_L1M1_PR_MR_1600,VIA_L1M1_PR_MR,28.29,156.91
VIA_L1M1_PR_MR_1601,VIA_L1M1_PR_MR,75.67,156.91
VIA_L1M1_PR_MR_1602,VIA_L1M1_PR_MR,77.51,156.91
VIA_L1M1_PR_MR_1603,VIA_L1M1_PR_MR,79.35000000000001,156.91
VIA_L1M1_PR_MR_1604,VIA_L1M1_PR_MR,72.45,157.25
VIA_L1M1_PR_MR_1605,VIA_L1M1_PR_MR,72.91,157.25
VIA_L1M1_PR_MR_1606,VIA_L1M1_PR_MR,74.75,157.25
VIA_L1M1_PR_MR_1607,VIA_L1M1_PR_MR,76.13,157.25
VIA_L1M1_PR_MR_1608,VIA_L1M1_PR_MR,86.71000000000001,157.25
VIA_L1M1_PR_MR_1609,VIA_L1M1_PR_MR,89.93,157.25
VIA_L1M1_PR_MR_1610,VIA_L1M1_PR_MR,91.77,157.25
VIA_L1M1_PR_MR_1611,VIA_L1M1_PR_MR,173.19,157.25
VIA_L1M1_PR_MR_1612,VIA_L1M1_PR_MR,77.97,158.27
VIA_L1M1_PR_MR_1613,VIA_L1M1_PR_MR,75.21000000000001,158.61
VIA_L1M1_PR_MR_1614,VIA_L1M1_PR_MR,76.13,158.61
VIA_L1M1_PR_MR_1615,VIA_L1M1_PR_MR,89.93,158.61
VIA_L1M1_PR_MR_1616,VIA_L1M1_PR_MR,29.21,158.95000000000002
VIA_L1M1_PR_MR_1617,VIA_L1M1_PR_MR,77.51,158.95000000000002
VIA_L1M1_PR_MR_1618,VIA_L1M1_PR_MR,79.81,158.95000000000002
VIA_L1M1_PR_MR_1619,VIA_L1M1_PR_MR,80.27,158.95000000000002
VIA_L1M1_PR_MR_1620,VIA_L1M1_PR_MR,171.81,158.95000000000002
VIA_L1M1_PR_MR_1621,VIA_L1M1_PR_MR,172.27,158.95000000000002
VIA_L1M1_PR_MR_1622,VIA_L1M1_PR_MR,30.59,159.29
VIA_L1M1_PR_MR_1623,VIA_L1M1_PR_MR,80.73,159.29
VIA_L1M1_PR_MR_1624,VIA_L1M1_PR_MR,82.57000000000001,159.29
VIA_L1M1_PR_MR_1625,VIA_L1M1_PR_MR,91.31,159.29
VIA_L1M1_PR_MR_1626,VIA_L1M1_PR_MR,37.95,159.63
VIA_L1M1_PR_MR_1627,VIA_L1M1_PR_MR,76.13,159.97
VIA_L1M1_PR_MR_1628,VIA_L1M1_PR_MR,82.57000000000001,159.97
VIA_L1M1_PR_MR_1629,VIA_L1M1_PR_MR,78.89,160.99
VIA_L1M1_PR_MR_1630,VIA_L1M1_PR_MR,29.67,161.33
VIA_L1M1_PR_MR_1631,VIA_L1M1_PR_MR,83.95,161.33
VIA_L1M1_PR_MR_1632,VIA_L1M1_PR_MR,29.21,161.67000000000002
VIA_L1M1_PR_MR_1633,VIA_L1M1_PR_MR,31.970000000000002,161.67000000000002
VIA_L1M1_PR_MR_1634,VIA_L1M1_PR_MR,76.13,161.67000000000002
VIA_L1M1_PR_MR_1635,VIA_L1M1_PR_MR,81.65,161.67000000000002
VIA_L1M1_PR_MR_1636,VIA_L1M1_PR_MR,82.11,161.67000000000002
VIA_L1M1_PR_MR_1637,VIA_L1M1_PR_MR,31.51,162.01
VIA_L1M1_PR_MR_1638,VIA_L1M1_PR_MR,33.35,162.01
VIA_L1M1_PR_MR_1639,VIA_L1M1_PR_MR,34.27,162.01
VIA_L1M1_PR_MR_1640,VIA_L1M1_PR_MR,77.05,162.01
VIA_L1M1_PR_MR_1641,VIA_L1M1_PR_MR,84.845,162.01
VIA_L1M1_PR_MR_1642,VIA_L1M1_PR_MR,86.71000000000001,162.01
VIA_L1M1_PR_MR_1643,VIA_L1M1_PR_MR,76.59,162.35
VIA_L1M1_PR_MR_1644,VIA_L1M1_PR_MR,85.33,162.35
VIA_L1M1_PR_MR_1645,VIA_L1M1_PR_MR,85.79,162.35
VIA_L1M1_PR_MR_1646,VIA_L1M1_PR_MR,79.35000000000001,162.69
VIA_L1M1_PR_MR_1647,VIA_L1M1_PR_MR,81.19,162.69
VIA_L1M1_PR_MR_1648,VIA_L1M1_PR_MR,85.79,163.71
VIA_L1M1_PR_MR_1649,VIA_L1M1_PR_MR,78.43,164.05
VIA_L1M1_PR_MR_1650,VIA_L1M1_PR_MR,77.05,164.39000000000001
VIA_L1M1_PR_MR_1651,VIA_L1M1_PR_MR,105.11,164.39000000000001
VIA_L1M1_PR_MR_1652,VIA_L1M1_PR_MR,169.97,164.39000000000001
VIA_L1M1_PR_MR_1653,VIA_L1M1_PR_MR,170.89000000000001,164.39000000000001
VIA_L1M1_PR_MR_1654,VIA_L1M1_PR_MR,172.27,164.39000000000001
VIA_L1M1_PR_MR_1655,VIA_L1M1_PR_MR,173.19,164.39000000000001
VIA_L1M1_PR_MR_1656,VIA_L1M1_PR_MR,113.85000000000001,164.73
VIA_L1M1_PR_MR_1657,VIA_L1M1_PR_MR,174.11,164.73
VIA_L1M1_PR_MR_1658,VIA_L1M1_PR_MR,111.55,165.07
VIA_L1M1_PR_MR_1659,VIA_L1M1_PR_MR,170.43,165.41
VIA_L1M1_PR_MR_1660,VIA_L1M1_PR_MR,171.81,166.77
VIA_L1M1_PR_MR_1661,VIA_L1M1_PR_MR,169.51,167.11
VIA_L1M1_PR_MR_1662,VIA_L1M1_PR_MR,173.19,167.11
VIA_L1M1_PR_MR_1663,VIA_L1M1_PR_MR,176.41,167.11
VIA_L1M1_PR_MR_1664,VIA_L1M1_PR_MR,167.67000000000002,167.45000000000002
VIA_L1M1_PR_MR_1665,VIA_L1M1_PR_MR,168.59,167.45000000000002
VIA_L1M1_PR_MR_1666,VIA_L1M1_PR_MR,169.97,167.45000000000002
VIA_L1M1_PR_MR_1667,VIA_L1M1_PR_MR,175.95000000000002,167.45000000000002
VIA_L1M1_PR_MR_1668,VIA_L1M1_PR_MR,172.27,168.13
VIA_L1M1_PR_MR_1669,VIA_L1M1_PR_MR,175.95000000000002,168.13
VIA_L1M1_PR_MR_1670,VIA_L1M1_PR_MR,176.87,169.15
VIA_L1M1_PR_MR_1671,VIA_L1M1_PR_MR,164.45000000000002,169.49
VIA_L1M1_PR_MR_1672,VIA_L1M1_PR_MR,178.25,169.49
VIA_L1M1_PR_MR_1673,VIA_L1M1_PR_MR,162.61,169.83
VIA_L1M1_PR_MR_1674,VIA_L1M1_PR_MR,163.99,169.83
VIA_L1M1_PR_MR_1675,VIA_L1M1_PR_MR,165.37,169.83
VIA_L1M1_PR_MR_1676,VIA_L1M1_PR_MR,167.21,169.83
VIA_L1M1_PR_MR_1677,VIA_L1M1_PR_MR,168.13,169.83
VIA_L1M1_PR_MR_1678,VIA_L1M1_PR_MR,169.05,169.83
VIA_L1M1_PR_MR_1679,VIA_L1M1_PR_MR,169.97,169.83
VIA_L1M1_PR_MR_1680,VIA_L1M1_PR_MR,173.19,169.83
VIA_L1M1_PR_MR_1681,VIA_L1M1_PR_MR,175.49,169.83
VIA_L1M1_PR_MR_1682,VIA_L1M1_PR_MR,177.33,169.83
VIA_L1M1_PR_MR_1683,VIA_L1M1_PR_MR,179.17000000000002,169.83
VIA_L1M1_PR_MR_1684,VIA_L1M1_PR_MR,180.09,169.83
VIA_L1M1_PR_MR_1685,VIA_L1M1_PR_MR,162.15,170.17000000000002
VIA_L1M1_PR_MR_1686,VIA_L1M1_PR_MR,168.59,170.17000000000002
VIA_L1M1_PR_MR_1687,VIA_L1M1_PR_MR,170.43,170.17000000000002
VIA_L1M1_PR_MR_1688,VIA_L1M1_PR_MR,170.89000000000001,170.17000000000002
VIA_L1M1_PR_MR_1689,VIA_L1M1_PR_MR,171.35,170.17000000000002
VIA_L1M1_PR_MR_1690,VIA_L1M1_PR_MR,178.71,170.51
VIA_L1M1_PR_MR_1691,VIA_L1M1_PR_MR,163.53,170.85
VIA_L1M1_PR_MR_1692,VIA_L1M1_PR_MR,165.83,170.85
VIA_L1M1_PR_MR_1693,VIA_L1M1_PR_MR,172.27,170.85
VIA_L1M1_PR_MR_1694,VIA_L1M1_PR_MR,164.45000000000002,172.55
VIA_L1M1_PR_MR_1695,VIA_L1M1_PR_MR,168.13,172.55
VIA_L1M1_PR_MR_1696,VIA_L1M1_PR_MR,177.33,172.55
VIA_L1M1_PR_MR_1697,VIA_L1M1_PR_MR,159.85,172.89000000000001
VIA_L1M1_PR_MR_1698,VIA_L1M1_PR_MR,160.77,172.89000000000001
VIA_L1M1_PR_MR_1699,VIA_L1M1_PR_MR,163.53,172.89000000000001
VIA_L1M1_PR_MR_1700,VIA_L1M1_PR_MR,165.83,172.89000000000001
VIA_L1M1_PR_MR_1701,VIA_L1M1_PR_MR,169.51,172.89000000000001
VIA_L1M1_PR_MR_1702,VIA_L1M1_PR_MR,179.17000000000002,172.89000000000001
VIA_L1M1_PR_MR_1703,VIA_L1M1_PR_MR,180.09,172.89000000000001
VIA_L1M1_PR_MR_1704,VIA_L1M1_PR_MR,181.93,172.89000000000001
VIA_L1M1_PR_MR_1705,VIA_L1M1_PR_MR,161.69,173.23
VIA_L1M1_PR_MR_1706,VIA_L1M1_PR_MR,166.29,173.23
VIA_L1M1_PR_MR_1707,VIA_L1M1_PR_MR,173.19,173.23
VIA_L1M1_PR_MR_1708,VIA_L1M1_PR_MR,181.47,173.23
VIA_L1M1_PR_MR_1709,VIA_L1M1_PR_MR,160.77,173.57
VIA_L1M1_PR_MR_1710,VIA_L1M1_PR_MR,162.61,173.57
VIA_L1M1_PR_MR_1711,VIA_L1M1_PR_MR,163.07,173.57
VIA_L1M1_PR_MR_1712,VIA_L1M1_PR_MR,172.73,173.57
VIA_L1M1_PR_MR_1713,VIA_L1M1_PR_MR,163.115,174.59
VIA_L1M1_PR_MR_1714,VIA_L1M1_PR_MR,146.97,174.93
VIA_L1M1_PR_MR_1715,VIA_L1M1_PR_MR,161.23,174.93
VIA_L1M1_PR_MR_1716,VIA_L1M1_PR_MR,158.93,175.27
VIA_L1M1_PR_MR_1717,VIA_L1M1_PR_MR,160.77,175.27
VIA_L1M1_PR_MR_1718,VIA_L1M1_PR_MR,167.67000000000002,175.27
VIA_L1M1_PR_MR_1719,VIA_L1M1_PR_MR,171.81,175.27
VIA_L1M1_PR_MR_1720,VIA_L1M1_PR_MR,173.65,175.27
VIA_L1M1_PR_MR_1721,VIA_L1M1_PR_MR,178.71,175.27
VIA_L1M1_PR_MR_1722,VIA_L1M1_PR_MR,184.23,175.27
VIA_L1M1_PR_MR_1723,VIA_L1M1_PR_MR,185.61,175.27
VIA_L1M1_PR_MR_1724,VIA_L1M1_PR_MR,158.01,175.61
VIA_L1M1_PR_MR_1725,VIA_L1M1_PR_MR,160.31,175.61
VIA_L1M1_PR_MR_1726,VIA_L1M1_PR_MR,166.29,175.61
VIA_L1M1_PR_MR_1727,VIA_L1M1_PR_MR,170.43,175.61
VIA_L1M1_PR_MR_1728,VIA_L1M1_PR_MR,176.41,175.61
VIA_L1M1_PR_MR_1729,VIA_L1M1_PR_MR,183.77,175.61
VIA_L1M1_PR_MR_1730,VIA_L1M1_PR_MR,163.99,175.95000000000002
VIA_L1M1_PR_MR_1731,VIA_L1M1_PR_MR,185.61,175.95000000000002
VIA_L1M1_PR_MR_1732,VIA_L1M1_PR_MR,163.07,176.29
VIA_L1M1_PR_MR_1733,VIA_L1M1_PR_MR,154.79,177.31
VIA_L1M1_PR_MR_1734,VIA_L1M1_PR_MR,158.93,177.65
VIA_L1M1_PR_MR_1735,VIA_L1M1_PR_MR,166.73,177.65
VIA_L1M1_PR_MR_1736,VIA_L1M1_PR_MR,186.53,177.65
VIA_L1M1_PR_MR_1737,VIA_L1M1_PR_MR,147.43,177.99
VIA_L1M1_PR_MR_1738,VIA_L1M1_PR_MR,179.17000000000002,177.99
VIA_L1M1_PR_MR_1739,VIA_L1M1_PR_MR,181.47,177.99
VIA_L1M1_PR_MR_1740,VIA_L1M1_PR_MR,184.69,177.99
VIA_L1M1_PR_MR_1741,VIA_L1M1_PR_MR,154.33,178.33
VIA_L1M1_PR_MR_1742,VIA_L1M1_PR_MR,159.82500000000002,178.33
VIA_L1M1_PR_MR_1743,VIA_L1M1_PR_MR,160.31,178.33
VIA_L1M1_PR_MR_1744,VIA_L1M1_PR_MR,160.77,178.33
VIA_L1M1_PR_MR_1745,VIA_L1M1_PR_MR,161.69,178.33
VIA_L1M1_PR_MR_1746,VIA_L1M1_PR_MR,165.83,178.33
VIA_L1M1_PR_MR_1747,VIA_L1M1_PR_MR,166.29,178.33
VIA_L1M1_PR_MR_1748,VIA_L1M1_PR_MR,167.21,178.33
VIA_L1M1_PR_MR_1749,VIA_L1M1_PR_MR,169.05,178.33
VIA_L1M1_PR_MR_1750,VIA_L1M1_PR_MR,182.85,178.33
VIA_L1M1_PR_MR_1751,VIA_L1M1_PR_MR,151.025,178.67000000000002
VIA_L1M1_PR_MR_1752,VIA_L1M1_PR_MR,157.55,178.67000000000002
VIA_L1M1_PR_MR_1753,VIA_L1M1_PR_MR,170.43,178.67000000000002
VIA_L1M1_PR_MR_1754,VIA_L1M1_PR_MR,168.13,179.01
VIA_L1M1_PR_MR_1755,VIA_L1M1_PR_MR,177.79,179.01
VIA_L1M1_PR_MR_1756,VIA_L1M1_PR_MR,186.99,179.01
VIA_L1M1_PR_MR_1757,VIA_L1M1_PR_MR,155.71,180.03
VIA_L1M1_PR_MR_1758,VIA_L1M1_PR_MR,187.45000000000002,180.03
VIA_L1M1_PR_MR_1759,VIA_L1M1_PR_MR,160.77,180.37
VIA_L1M1_PR_MR_1760,VIA_L1M1_PR_MR,186.07,180.37
VIA_L1M1_PR_MR_1761,VIA_L1M1_PR_MR,154.79,180.71
VIA_L1M1_PR_MR_1762,VIA_L1M1_PR_MR,157.09,180.71
VIA_L1M1_PR_MR_1763,VIA_L1M1_PR_MR,162.15,180.71
VIA_L1M1_PR_MR_1764,VIA_L1M1_PR_MR,166.29,180.71
VIA_L1M1_PR_MR_1765,VIA_L1M1_PR_MR,167.21,180.71
VIA_L1M1_PR_MR_1766,VIA_L1M1_PR_MR,175.49,180.71
VIA_L1M1_PR_MR_1767,VIA_L1M1_PR_MR,182.39000000000001,180.71
VIA_L1M1_PR_MR_1768,VIA_L1M1_PR_MR,184.23,180.71
VIA_L1M1_PR_MR_1769,VIA_L1M1_PR_MR,184.97,180.71
VIA_L1M1_PR_MR_1770,VIA_L1M1_PR_MR,185.61,180.71
VIA_L1M1_PR_MR_1771,VIA_L1M1_PR_MR,186.555,180.71
VIA_L1M1_PR_MR_1772,VIA_L1M1_PR_MR,156.63,181.05
VIA_L1M1_PR_MR_1773,VIA_L1M1_PR_MR,177.33,181.05
VIA_L1M1_PR_MR_1774,VIA_L1M1_PR_MR,178.25,181.05
VIA_L1M1_PR_MR_1775,VIA_L1M1_PR_MR,182.85,181.05
VIA_L1M1_PR_MR_1776,VIA_L1M1_PR_MR,153.87,181.73
VIA_L1M1_PR_MR_1777,VIA_L1M1_PR_MR,168.59,181.73
VIA_L1M1_PR_MR_1778,VIA_L1M1_PR_MR,174.11,182.75
VIA_L1M1_PR_MR_1779,VIA_L1M1_PR_MR,183.77,182.75
VIA_L1M1_PR_MR_1780,VIA_L1M1_PR_MR,158.47,183.09
VIA_L1M1_PR_MR_1781,VIA_L1M1_PR_MR,155.25,183.43
VIA_L1M1_PR_MR_1782,VIA_L1M1_PR_MR,161.69,183.43
VIA_L1M1_PR_MR_1783,VIA_L1M1_PR_MR,166.75,183.43
VIA_L1M1_PR_MR_1784,VIA_L1M1_PR_MR,114.31,183.77
VIA_L1M1_PR_MR_1785,VIA_L1M1_PR_MR,152.03,183.77
VIA_L1M1_PR_MR_1786,VIA_L1M1_PR_MR,152.95000000000002,183.77
VIA_L1M1_PR_MR_1787,VIA_L1M1_PR_MR,153.87,183.77
VIA_L1M1_PR_MR_1788,VIA_L1M1_PR_MR,154.33,183.77
VIA_L1M1_PR_MR_1789,VIA_L1M1_PR_MR,161.23,183.77
VIA_L1M1_PR_MR_1790,VIA_L1M1_PR_MR,165.83,183.77
VIA_L1M1_PR_MR_1791,VIA_L1M1_PR_MR,170.89000000000001,183.77
VIA_L1M1_PR_MR_1792,VIA_L1M1_PR_MR,171.35,183.77
VIA_L1M1_PR_MR_1793,VIA_L1M1_PR_MR,171.81,183.77
VIA_L1M1_PR_MR_1794,VIA_L1M1_PR_MR,172.73,183.77
VIA_L1M1_PR_MR_1795,VIA_L1M1_PR_MR,173.19,183.77
VIA_L1M1_PR_MR_1796,VIA_L1M1_PR_MR,175.03,183.77
VIA_L1M1_PR_MR_1797,VIA_L1M1_PR_MR,184.69,183.77
VIA_L1M1_PR_MR_1798,VIA_L1M1_PR_MR,185.43,183.77
VIA_L1M1_PR_MR_1799,VIA_L1M1_PR_MR,186.07,183.77
VIA_L1M1_PR_MR_1800,VIA_L1M1_PR_MR,187.22,183.77
VIA_L1M1_PR_MR_1801,VIA_L1M1_PR_MR,115.69,184.11
VIA_L1M1_PR_MR_1802,VIA_L1M1_PR_MR,155.71,184.11
VIA_L1M1_PR_MR_1803,VIA_L1M1_PR_MR,157.55,184.11
VIA_L1M1_PR_MR_1804,VIA_L1M1_PR_MR,176.41,184.11
VIA_L1M1_PR_MR_1805,VIA_L1M1_PR_MR,186.53,184.11
VIA_L1M1_PR_MR_1806,VIA_L1M1_PR_MR,123.05,184.45000000000002
VIA_L1M1_PR_MR_1807,VIA_L1M1_PR_MR,152.49,184.45000000000002
VIA_L1M1_PR_MR_1808,VIA_L1M1_PR_MR,156.63,184.45000000000002
VIA_L1M1_PR_MR_1809,VIA_L1M1_PR_MR,157.09,184.45000000000002
VIA_L1M1_PR_MR_1810,VIA_L1M1_PR_MR,164.45000000000002,184.45000000000002
VIA_L1M1_PR_MR_1811,VIA_L1M1_PR_MR,183.77,184.45000000000002
VIA_L1M1_PR_MR_1812,VIA_L1M1_PR_MR,187.91,184.45000000000002
VIA_L1M1_PR_MR_1813,VIA_L1M1_PR_MR,153.83,185.47
VIA_L1M1_PR_MR_1814,VIA_L1M1_PR_MR,169.05,185.47
VIA_L1M1_PR_MR_1815,VIA_L1M1_PR_MR,176.41,185.47
VIA_L1M1_PR_MR_1816,VIA_L1M1_PR_MR,114.77,185.81
VIA_L1M1_PR_MR_1817,VIA_L1M1_PR_MR,149.73,185.81
VIA_L1M1_PR_MR_1818,VIA_L1M1_PR_MR,155.25,185.81
VIA_L1M1_PR_MR_1819,VIA_L1M1_PR_MR,155.71,185.81
VIA_L1M1_PR_MR_1820,VIA_L1M1_PR_MR,177.33,185.81
VIA_L1M1_PR_MR_1821,VIA_L1M1_PR_MR,115.69,186.15
VIA_L1M1_PR_MR_1822,VIA_L1M1_PR_MR,116.61,186.15
VIA_L1M1_PR_MR_1823,VIA_L1M1_PR_MR,150.65,186.15
VIA_L1M1_PR_MR_1824,VIA_L1M1_PR_MR,151.57,186.15
VIA_L1M1_PR_MR_1825,VIA_L1M1_PR_MR,154.76500000000001,186.15
VIA_L1M1_PR_MR_1826,VIA_L1M1_PR_MR,156.63,186.15
VIA_L1M1_PR_MR_1827,VIA_L1M1_PR_MR,159.39000000000001,186.15
VIA_L1M1_PR_MR_1828,VIA_L1M1_PR_MR,164.45000000000002,186.15
VIA_L1M1_PR_MR_1829,VIA_L1M1_PR_MR,166.75,186.15
VIA_L1M1_PR_MR_1830,VIA_L1M1_PR_MR,173.19,186.15
VIA_L1M1_PR_MR_1831,VIA_L1M1_PR_MR,174.11,186.15
VIA_L1M1_PR_MR_1832,VIA_L1M1_PR_MR,175.03,186.15
VIA_L1M1_PR_MR_1833,VIA_L1M1_PR_MR,178.25,186.15
VIA_L1M1_PR_MR_1834,VIA_L1M1_PR_MR,181.47,186.15
VIA_L1M1_PR_MR_1835,VIA_L1M1_PR_MR,184.23,186.15
VIA_L1M1_PR_MR_1836,VIA_L1M1_PR_MR,185.15,186.15
VIA_L1M1_PR_MR_1837,VIA_L1M1_PR_MR,186.53,186.15
VIA_L1M1_PR_MR_1838,VIA_L1M1_PR_MR,188.37,186.15
VIA_L1M1_PR_MR_1839,VIA_L1M1_PR_MR,114.31,186.49
VIA_L1M1_PR_MR_1840,VIA_L1M1_PR_MR,117.99000000000001,186.49
VIA_L1M1_PR_MR_1841,VIA_L1M1_PR_MR,159.85,186.49
VIA_L1M1_PR_MR_1842,VIA_L1M1_PR_MR,162.61,186.49
VIA_L1M1_PR_MR_1843,VIA_L1M1_PR_MR,168.59,186.49
VIA_L1M1_PR_MR_1844,VIA_L1M1_PR_MR,181.01,186.49
VIA_L1M1_PR_MR_1845,VIA_L1M1_PR_MR,125.35000000000001,187.17000000000002
VIA_L1M1_PR_MR_1846,VIA_L1M1_PR_MR,176.41,187.17000000000002
VIA_L1M1_PR_MR_1847,VIA_L1M1_PR_MR,184.23,187.17000000000002
VIA_L1M1_PR_MR_1848,VIA_L1M1_PR_MR,116.61,188.19
VIA_L1M1_PR_MR_1849,VIA_L1M1_PR_MR,119.83,188.19
VIA_L1M1_PR_MR_1850,VIA_L1M1_PR_MR,175.95000000000002,188.19
VIA_L1M1_PR_MR_1851,VIA_L1M1_PR_MR,117.07000000000001,188.53
VIA_L1M1_PR_MR_1852,VIA_L1M1_PR_MR,121.67,188.53
VIA_L1M1_PR_MR_1853,VIA_L1M1_PR_MR,154.79,188.53
VIA_L1M1_PR_MR_1854,VIA_L1M1_PR_MR,155.71,188.53
VIA_L1M1_PR_MR_1855,VIA_L1M1_PR_MR,158.47,188.87
VIA_L1M1_PR_MR_1856,VIA_L1M1_PR_MR,158.93,188.87
VIA_L1M1_PR_MR_1857,VIA_L1M1_PR_MR,161.69,188.87
VIA_L1M1_PR_MR_1858,VIA_L1M1_PR_MR,163.07,188.87
VIA_L1M1_PR_MR_1859,VIA_L1M1_PR_MR,167.21,188.87
VIA_L1M1_PR_MR_1860,VIA_L1M1_PR_MR,178.25,188.87
VIA_L1M1_PR_MR_1861,VIA_L1M1_PR_MR,182.39000000000001,188.87
VIA_L1M1_PR_MR_1862,VIA_L1M1_PR_MR,182.85,188.87
VIA_L1M1_PR_MR_1863,VIA_L1M1_PR_MR,186.99,188.87
VIA_L1M1_PR_MR_1864,VIA_L1M1_PR_MR,120.75,189.21
VIA_L1M1_PR_MR_1865,VIA_L1M1_PR_MR,122.13,189.21
VIA_L1M1_PR_MR_1866,VIA_L1M1_PR_MR,152.03,189.21
VIA_L1M1_PR_MR_1867,VIA_L1M1_PR_MR,152.95000000000002,189.21
VIA_L1M1_PR_MR_1868,VIA_L1M1_PR_MR,153.41,189.21
VIA_L1M1_PR_MR_1869,VIA_L1M1_PR_MR,157.55,189.21
VIA_L1M1_PR_MR_1870,VIA_L1M1_PR_MR,159.395,189.21
VIA_L1M1_PR_MR_1871,VIA_L1M1_PR_MR,160.31,189.21
VIA_L1M1_PR_MR_1872,VIA_L1M1_PR_MR,160.77,189.21
VIA_L1M1_PR_MR_1873,VIA_L1M1_PR_MR,162.15,189.21
VIA_L1M1_PR_MR_1874,VIA_L1M1_PR_MR,162.61,189.21
VIA_L1M1_PR_MR_1875,VIA_L1M1_PR_MR,169.05,189.21
VIA_L1M1_PR_MR_1876,VIA_L1M1_PR_MR,118.91,189.55
VIA_L1M1_PR_MR_1877,VIA_L1M1_PR_MR,156.63,189.55
VIA_L1M1_PR_MR_1878,VIA_L1M1_PR_MR,152.49,189.89000000000001
VIA_L1M1_PR_MR_1879,VIA_L1M1_PR_MR,163.99,189.89000000000001
VIA_L1M1_PR_MR_1880,VIA_L1M1_PR_MR,121.21000000000001,190.91
VIA_L1M1_PR_MR_1881,VIA_L1M1_PR_MR,122.59,190.91
VIA_L1M1_PR_MR_1882,VIA_L1M1_PR_MR,167.67000000000002,190.91
VIA_L1M1_PR_MR_1883,VIA_L1M1_PR_MR,187.45000000000002,190.91
VIA_L1M1_PR_MR_1884,VIA_L1M1_PR_MR,123.51,191.25
VIA_L1M1_PR_MR_1885,VIA_L1M1_PR_MR,156.63,191.25
VIA_L1M1_PR_MR_1886,VIA_L1M1_PR_MR,177.33,191.25
VIA_L1M1_PR_MR_1887,VIA_L1M1_PR_MR,185.61,191.25
VIA_L1M1_PR_MR_1888,VIA_L1M1_PR_MR,186.07,191.25
VIA_L1M1_PR_MR_1889,VIA_L1M1_PR_MR,116.15,191.59
VIA_L1M1_PR_MR_1890,VIA_L1M1_PR_MR,116.61,191.59
VIA_L1M1_PR_MR_1891,VIA_L1M1_PR_MR,117.99000000000001,191.59
VIA_L1M1_PR_MR_1892,VIA_L1M1_PR_MR,119.37,191.59
VIA_L1M1_PR_MR_1893,VIA_L1M1_PR_MR,120.29,191.59
VIA_L1M1_PR_MR_1894,VIA_L1M1_PR_MR,121.67,191.59
VIA_L1M1_PR_MR_1895,VIA_L1M1_PR_MR,122.31,191.59
VIA_L1M1_PR_MR_1896,VIA_L1M1_PR_MR,153.87,191.59
VIA_L1M1_PR_MR_1897,VIA_L1M1_PR_MR,154.79,191.59
VIA_L1M1_PR_MR_1898,VIA_L1M1_PR_MR,155.71,191.59
VIA_L1M1_PR_MR_1899,VIA_L1M1_PR_MR,157.09,191.59
VIA_L1M1_PR_MR_1900,VIA_L1M1_PR_MR,159.59,191.59
VIA_L1M1_PR_MR_1901,VIA_L1M1_PR_MR,160.31,191.59
VIA_L1M1_PR_MR_1902,VIA_L1M1_PR_MR,160.77,191.59
VIA_L1M1_PR_MR_1903,VIA_L1M1_PR_MR,161.69,191.59
VIA_L1M1_PR_MR_1904,VIA_L1M1_PR_MR,162.61,191.59
VIA_L1M1_PR_MR_1905,VIA_L1M1_PR_MR,163.53,191.59
VIA_L1M1_PR_MR_1906,VIA_L1M1_PR_MR,168.13,191.59
VIA_L1M1_PR_MR_1907,VIA_L1M1_PR_MR,169.97,191.59
VIA_L1M1_PR_MR_1908,VIA_L1M1_PR_MR,184.23,191.59
VIA_L1M1_PR_MR_1909,VIA_L1M1_PR_MR,184.97,191.59
VIA_L1M1_PR_MR_1910,VIA_L1M1_PR_MR,186.555,191.59
VIA_L1M1_PR_MR_1911,VIA_L1M1_PR_MR,178.25,191.93
VIA_L1M1_PR_MR_1912,VIA_L1M1_PR_MR,182.39000000000001,191.93
VIA_L1M1_PR_MR_1913,VIA_L1M1_PR_MR,157.55,192.27
VIA_L1M1_PR_MR_1914,VIA_L1M1_PR_MR,154.33,192.61
VIA_L1M1_PR_MR_1915,VIA_L1M1_PR_MR,158.93,192.61
VIA_L1M1_PR_MR_1916,VIA_L1M1_PR_MR,158.01,193.63
VIA_L1M1_PR_MR_1917,VIA_L1M1_PR_MR,171.35,193.63
VIA_L1M1_PR_MR_1918,VIA_L1M1_PR_MR,173.19,193.63
VIA_L1M1_PR_MR_1919,VIA_L1M1_PR_MR,174.57,193.63
VIA_L1M1_PR_MR_1920,VIA_L1M1_PR_MR,155.71,193.97
VIA_L1M1_PR_MR_1921,VIA_L1M1_PR_MR,186.53,193.97
VIA_L1M1_PR_MR_1922,VIA_L1M1_PR_MR,120.29,194.31
VIA_L1M1_PR_MR_1923,VIA_L1M1_PR_MR,166.29,194.31
VIA_L1M1_PR_MR_1924,VIA_L1M1_PR_MR,170.43,194.31
VIA_L1M1_PR_MR_1925,VIA_L1M1_PR_MR,171.81,194.31
VIA_L1M1_PR_MR_1926,VIA_L1M1_PR_MR,181.93,194.31
VIA_L1M1_PR_MR_1927,VIA_L1M1_PR_MR,184.23,194.31
VIA_L1M1_PR_MR_1928,VIA_L1M1_PR_MR,186.99,194.31
VIA_L1M1_PR_MR_1929,VIA_L1M1_PR_MR,116.15,194.65
VIA_L1M1_PR_MR_1930,VIA_L1M1_PR_MR,117.53,194.65
VIA_L1M1_PR_MR_1931,VIA_L1M1_PR_MR,118.45,194.65
VIA_L1M1_PR_MR_1932,VIA_L1M1_PR_MR,119.83,194.65
VIA_L1M1_PR_MR_1933,VIA_L1M1_PR_MR,155.71,194.65
VIA_L1M1_PR_MR_1934,VIA_L1M1_PR_MR,157.09,194.65
VIA_L1M1_PR_MR_1935,VIA_L1M1_PR_MR,158.93,194.65
VIA_L1M1_PR_MR_1936,VIA_L1M1_PR_MR,161.92000000000002,194.65
VIA_L1M1_PR_MR_1937,VIA_L1M1_PR_MR,162.61,194.65
VIA_L1M1_PR_MR_1938,VIA_L1M1_PR_MR,163.07,194.65
VIA_L1M1_PR_MR_1939,VIA_L1M1_PR_MR,163.71,194.65
VIA_L1M1_PR_MR_1940,VIA_L1M1_PR_MR,164.45000000000002,194.65
VIA_L1M1_PR_MR_1941,VIA_L1M1_PR_MR,166.75,194.65
VIA_L1M1_PR_MR_1942,VIA_L1M1_PR_MR,171.35,194.65
VIA_L1M1_PR_MR_1943,VIA_L1M1_PR_MR,183.31,194.65
VIA_L1M1_PR_MR_1944,VIA_L1M1_PR_MR,185.15,194.65
VIA_L1M1_PR_MR_1945,VIA_L1M1_PR_MR,185.61,194.65
VIA_L1M1_PR_MR_1946,VIA_L1M1_PR_MR,160.31,194.99
VIA_L1M1_PR_MR_1947,VIA_L1M1_PR_MR,159.85,195.33
VIA_L1M1_PR_MR_1948,VIA_L1M1_PR_MR,161.23,195.33
VIA_L1M1_PR_MR_1949,VIA_L1M1_PR_MR,30.13,196.35
VIA_L1M1_PR_MR_1950,VIA_L1M1_PR_MR,159.39000000000001,196.35
VIA_L1M1_PR_MR_1951,VIA_L1M1_PR_MR,176.87,196.35
VIA_L1M1_PR_MR_1952,VIA_L1M1_PR_MR,183.77,196.35
VIA_L1M1_PR_MR_1953,VIA_L1M1_PR_MR,186.53,196.35
VIA_L1M1_PR_MR_1954,VIA_L1M1_PR_MR,162.15,196.69
VIA_L1M1_PR_MR_1955,VIA_L1M1_PR_MR,169.51,196.69
VIA_L1M1_PR_MR_1956,VIA_L1M1_PR_MR,101.43,197.03
VIA_L1M1_PR_MR_1957,VIA_L1M1_PR_MR,161.69,197.03
VIA_L1M1_PR_MR_1958,VIA_L1M1_PR_MR,166.29,197.03
VIA_L1M1_PR_MR_1959,VIA_L1M1_PR_MR,167.21,197.03
VIA_L1M1_PR_MR_1960,VIA_L1M1_PR_MR,168.13,197.03
VIA_L1M1_PR_MR_1961,VIA_L1M1_PR_MR,179.63,197.03
VIA_L1M1_PR_MR_1962,VIA_L1M1_PR_MR,184.23,197.03
VIA_L1M1_PR_MR_1963,VIA_L1M1_PR_MR,179.17000000000002,197.37
VIA_L1M1_PR_MR_1964,VIA_L1M1_PR_MR,184.69,197.37
VIA_L1M1_PR_MR_1965,VIA_L1M1_PR_MR,185.61,197.37
VIA_L1M1_PR_MR_1966,VIA_L1M1_PR_MR,159.85,197.71
VIA_L1M1_PR_MR_1967,VIA_L1M1_PR_MR,30.59,198.05
VIA_L1M1_PR_MR_1968,VIA_L1M1_PR_MR,176.87,198.05
VIA_L1M1_PR_MR_1969,VIA_L1M1_PR_MR,115.69,199.07
VIA_L1M1_PR_MR_1970,VIA_L1M1_PR_MR,162.15,199.07
VIA_L1M1_PR_MR_1971,VIA_L1M1_PR_MR,181.93,199.07
VIA_L1M1_PR_MR_1972,VIA_L1M1_PR_MR,31.05,199.41
VIA_L1M1_PR_MR_1973,VIA_L1M1_PR_MR,104.65,199.75
VIA_L1M1_PR_MR_1974,VIA_L1M1_PR_MR,168.59,199.75
VIA_L1M1_PR_MR_1975,VIA_L1M1_PR_MR,173.19,199.75
VIA_L1M1_PR_MR_1976,VIA_L1M1_PR_MR,112.01,200.09
VIA_L1M1_PR_MR_1977,VIA_L1M1_PR_MR,112.93,200.09
VIA_L1M1_PR_MR_1978,VIA_L1M1_PR_MR,113.85000000000001,200.09
VIA_L1M1_PR_MR_1979,VIA_L1M1_PR_MR,115.69,200.09
VIA_L1M1_PR_MR_1980,VIA_L1M1_PR_MR,116.61,200.09
VIA_L1M1_PR_MR_1981,VIA_L1M1_PR_MR,118.45,200.09
VIA_L1M1_PR_MR_1982,VIA_L1M1_PR_MR,118.91,200.09
VIA_L1M1_PR_MR_1983,VIA_L1M1_PR_MR,163.07,200.09
VIA_L1M1_PR_MR_1984,VIA_L1M1_PR_MR,164.45000000000002,200.09
VIA_L1M1_PR_MR_1985,VIA_L1M1_PR_MR,175.03,200.09
VIA_L1M1_PR_MR_1986,VIA_L1M1_PR_MR,32.89,200.43
VIA_L1M1_PR_MR_1987,VIA_L1M1_PR_MR,100.97,200.43
VIA_L1M1_PR_MR_1988,VIA_L1M1_PR_MR,117.53,200.43
VIA_L1M1_PR_MR_1989,VIA_L1M1_PR_MR,172.73,200.43
VIA_L1M1_PR_MR_1990,VIA_L1M1_PR_MR,30.59,200.77
VIA_L1M1_PR_MR_1991,VIA_L1M1_PR_MR,111.55,200.77
VIA_L1M1_PR_MR_1992,VIA_L1M1_PR_MR,114.77,200.77
VIA_L1M1_PR_MR_1993,VIA_L1M1_PR_MR,163.99,200.77
VIA_L1M1_PR_MR_1994,VIA_L1M1_PR_MR,180.09,201.79
VIA_L1M1_PR_MR_1995,VIA_L1M1_PR_MR,114.31,202.13
VIA_L1M1_PR_MR_1996,VIA_L1M1_PR_MR,164.45000000000002,202.13
VIA_L1M1_PR_MR_1997,VIA_L1M1_PR_MR,168.59,202.13
VIA_L1M1_PR_MR_1998,VIA_L1M1_PR_MR,169.05,202.13
VIA_L1M1_PR_MR_1999,VIA_L1M1_PR_MR,39.33,202.47
VIA_L1M1_PR_MR_2000,VIA_L1M1_PR_MR,110.17,202.47
VIA_L1M1_PR_MR_2001,VIA_L1M1_PR_MR,110.63,202.47
VIA_L1M1_PR_MR_2002,VIA_L1M1_PR_MR,112.47,202.47
VIA_L1M1_PR_MR_2003,VIA_L1M1_PR_MR,115.23,202.47
VIA_L1M1_PR_MR_2004,VIA_L1M1_PR_MR,115.69,202.47
VIA_L1M1_PR_MR_2005,VIA_L1M1_PR_MR,117.53,202.47
VIA_L1M1_PR_MR_2006,VIA_L1M1_PR_MR,117.99000000000001,202.47
VIA_L1M1_PR_MR_2007,VIA_L1M1_PR_MR,118.91,202.47
VIA_L1M1_PR_MR_2008,VIA_L1M1_PR_MR,165.37,202.47
VIA_L1M1_PR_MR_2009,VIA_L1M1_PR_MR,165.83,202.47
VIA_L1M1_PR_MR_2010,VIA_L1M1_PR_MR,167.985,202.47
VIA_L1M1_PR_MR_2011,VIA_L1M1_PR_MR,169.97,202.47
VIA_L1M1_PR_MR_2012,VIA_L1M1_PR_MR,180.09,202.47
VIA_L1M1_PR_MR_2013,VIA_L1M1_PR_MR,181.01,202.47
VIA_L1M1_PR_MR_2014,VIA_L1M1_PR_MR,37.95,202.81
VIA_L1M1_PR_MR_2015,VIA_L1M1_PR_MR,111.55,202.81
VIA_L1M1_PR_MR_2016,VIA_L1M1_PR_MR,171.81,202.81
VIA_L1M1_PR_MR_2017,VIA_L1M1_PR_MR,175.49,202.81
VIA_L1M1_PR_MR_2018,VIA_L1M1_PR_MR,178.25,202.81
VIA_L1M1_PR_MR_2019,VIA_L1M1_PR_MR,116.61,203.15
VIA_L1M1_PR_MR_2020,VIA_L1M1_PR_MR,167.21,203.15
VIA_L1M1_PR_MR_2021,VIA_L1M1_PR_MR,30.59,203.49
VIA_L1M1_PR_MR_2022,VIA_L1M1_PR_MR,114.31,203.49
VIA_L1M1_PR_MR_2023,VIA_L1M1_PR_MR,119.83,203.49
VIA_L1M1_PR_MR_2024,VIA_L1M1_PR_MR,114.31,204.51
VIA_L1M1_PR_MR_2025,VIA_L1M1_PR_MR,169.05,204.51
VIA_L1M1_PR_MR_2026,VIA_L1M1_PR_MR,31.05,204.85
VIA_L1M1_PR_MR_2027,VIA_L1M1_PR_MR,165.83,204.85
VIA_L1M1_PR_MR_2028,VIA_L1M1_PR_MR,177.79,204.85
VIA_L1M1_PR_MR_2029,VIA_L1M1_PR_MR,121.67,205.19
VIA_L1M1_PR_MR_2030,VIA_L1M1_PR_MR,169.97,205.19
VIA_L1M1_PR_MR_2031,VIA_L1M1_PR_MR,171.81,205.19
VIA_L1M1_PR_MR_2032,VIA_L1M1_PR_MR,31.970000000000002,205.53
VIA_L1M1_PR_MR_2033,VIA_L1M1_PR_MR,33.81,205.53
VIA_L1M1_PR_MR_2034,VIA_L1M1_PR_MR,108.33,205.53
VIA_L1M1_PR_MR_2035,VIA_L1M1_PR_MR,123.05,205.53
VIA_L1M1_PR_MR_2036,VIA_L1M1_PR_MR,166.75,205.53
VIA_L1M1_PR_MR_2037,VIA_L1M1_PR_MR,167.67000000000002,205.53
VIA_L1M1_PR_MR_2038,VIA_L1M1_PR_MR,168.59,205.53
VIA_L1M1_PR_MR_2039,VIA_L1M1_PR_MR,176.41,205.53
VIA_L1M1_PR_MR_2040,VIA_L1M1_PR_MR,178.25,205.53
VIA_L1M1_PR_MR_2041,VIA_L1M1_PR_MR,178.71,205.53
VIA_L1M1_PR_MR_2042,VIA_L1M1_PR_MR,112.47,205.87
VIA_L1M1_PR_MR_2043,VIA_L1M1_PR_MR,169.51,205.87
VIA_L1M1_PR_MR_2044,VIA_L1M1_PR_MR,32.43,206.21
VIA_L1M1_PR_MR_2045,VIA_L1M1_PR_MR,32.89,206.21
VIA_L1M1_PR_MR_2046,VIA_L1M1_PR_MR,114.31,206.21
VIA_L1M1_PR_MR_2047,VIA_L1M1_PR_MR,107.41,207.23000000000002
VIA_L1M1_PR_MR_2048,VIA_L1M1_PR_MR,114.77,207.23000000000002
VIA_L1M1_PR_MR_2049,VIA_L1M1_PR_MR,124.89,207.23000000000002
VIA_L1M1_PR_MR_2050,VIA_L1M1_PR_MR,178.71,207.23000000000002
VIA_L1M1_PR_MR_2051,VIA_L1M1_PR_MR,111.55,207.57
VIA_L1M1_PR_MR_2052,VIA_L1M1_PR_MR,117.53,207.57
VIA_L1M1_PR_MR_2053,VIA_L1M1_PR_MR,170.43,207.57
VIA_L1M1_PR_MR_2054,VIA_L1M1_PR_MR,173.65,207.57
VIA_L1M1_PR_MR_2055,VIA_L1M1_PR_MR,174.11,207.57
VIA_L1M1_PR_MR_2056,VIA_L1M1_PR_MR,108.33,207.91
VIA_L1M1_PR_MR_2057,VIA_L1M1_PR_MR,109.25,207.91
VIA_L1M1_PR_MR_2058,VIA_L1M1_PR_MR,112.47,207.91
VIA_L1M1_PR_MR_2059,VIA_L1M1_PR_MR,113.85000000000001,207.91
VIA_L1M1_PR_MR_2060,VIA_L1M1_PR_MR,115.69,207.91
VIA_L1M1_PR_MR_2061,VIA_L1M1_PR_MR,166.29,207.91
VIA_L1M1_PR_MR_2062,VIA_L1M1_PR_MR,166.75,207.91
VIA_L1M1_PR_MR_2063,VIA_L1M1_PR_MR,169.05,207.91
VIA_L1M1_PR_MR_2064,VIA_L1M1_PR_MR,169.97,207.91
VIA_L1M1_PR_MR_2065,VIA_L1M1_PR_MR,171.15,207.91
VIA_L1M1_PR_MR_2066,VIA_L1M1_PR_MR,172.73,207.91
VIA_L1M1_PR_MR_2067,VIA_L1M1_PR_MR,174.83,207.91
VIA_L1M1_PR_MR_2068,VIA_L1M1_PR_MR,180.55,207.91
VIA_L1M1_PR_MR_2069,VIA_L1M1_PR_MR,116.15,208.25
VIA_L1M1_PR_MR_2070,VIA_L1M1_PR_MR,180.09,208.25
VIA_L1M1_PR_MR_2071,VIA_L1M1_PR_MR,113.39,208.93
VIA_L1M1_PR_MR_2072,VIA_L1M1_PR_MR,167.21,208.93
VIA_L1M1_PR_MR_2073,VIA_L1M1_PR_MR,168.13,208.93
VIA_L1M1_PR_MR_2074,VIA_L1M1_PR_MR,171.81,208.93
VIA_L1M1_PR_MR_2075,VIA_L1M1_PR_MR,175.49,208.93
VIA_L1M1_PR_MR_2076,VIA_L1M1_PR_MR,180.55,208.93
VIA_L1M1_PR_MR_2077,VIA_L1M1_PR_MR,109.25,209.95000000000002
VIA_L1M1_PR_MR_2078,VIA_L1M1_PR_MR,162.61,209.95000000000002
VIA_L1M1_PR_MR_2079,VIA_L1M1_PR_MR,164.45000000000002,209.95000000000002
VIA_L1M1_PR_MR_2080,VIA_L1M1_PR_MR,167.67000000000002,209.95000000000002
VIA_L1M1_PR_MR_2081,VIA_L1M1_PR_MR,171.35,209.95000000000002
VIA_L1M1_PR_MR_2082,VIA_L1M1_PR_MR,177.33,209.95000000000002
VIA_L1M1_PR_MR_2083,VIA_L1M1_PR_MR,180.55,209.95000000000002
VIA_L1M1_PR_MR_2084,VIA_L1M1_PR_MR,110.63,210.29
VIA_L1M1_PR_MR_2085,VIA_L1M1_PR_MR,114.31,210.29
VIA_L1M1_PR_MR_2086,VIA_L1M1_PR_MR,116.185,210.63
VIA_L1M1_PR_MR_2087,VIA_L1M1_PR_MR,180.09,210.63
VIA_L1M1_PR_MR_2088,VIA_L1M1_PR_MR,109.71000000000001,210.97
VIA_L1M1_PR_MR_2089,VIA_L1M1_PR_MR,110.17,210.97
VIA_L1M1_PR_MR_2090,VIA_L1M1_PR_MR,111.55,210.97
VIA_L1M1_PR_MR_2091,VIA_L1M1_PR_MR,114.77,210.97
VIA_L1M1_PR_MR_2092,VIA_L1M1_PR_MR,115.69,210.97
VIA_L1M1_PR_MR_2093,VIA_L1M1_PR_MR,163.53,210.97
VIA_L1M1_PR_MR_2094,VIA_L1M1_PR_MR,164.45000000000002,210.97
VIA_L1M1_PR_MR_2095,VIA_L1M1_PR_MR,168.33,210.97
VIA_L1M1_PR_MR_2096,VIA_L1M1_PR_MR,170.43,210.97
VIA_L1M1_PR_MR_2097,VIA_L1M1_PR_MR,172.01,210.97
VIA_L1M1_PR_MR_2098,VIA_L1M1_PR_MR,172.73,210.97
VIA_L1M1_PR_MR_2099,VIA_L1M1_PR_MR,174.11,210.97
VIA_L1M1_PR_MR_2100,VIA_L1M1_PR_MR,174.57,210.97
VIA_L1M1_PR_MR_2101,VIA_L1M1_PR_MR,176.67000000000002,210.97
VIA_L1M1_PR_MR_2102,VIA_L1M1_PR_MR,180.55,210.97
VIA_L1M1_PR_MR_2103,VIA_L1M1_PR_MR,117.53,211.31
VIA_L1M1_PR_MR_2104,VIA_L1M1_PR_MR,169.05,211.31
VIA_L1M1_PR_MR_2105,VIA_L1M1_PR_MR,169.51,211.31
VIA_L1M1_PR_MR_2106,VIA_L1M1_PR_MR,173.19,211.31
VIA_L1M1_PR_MR_2107,VIA_L1M1_PR_MR,175.49,211.31
VIA_L1M1_PR_MR_2108,VIA_L1M1_PR_MR,175.95000000000002,211.31
VIA_L1M1_PR_MR_2109,VIA_L1M1_PR_MR,112.47,211.65
VIA_L1M1_PR_MR_2110,VIA_L1M1_PR_MR,124.89,211.65
VIA_L1M1_PR_MR_2111,VIA_L1M1_PR_MR,178.71,211.65
VIA_L1M1_PR_MR_2112,VIA_L1M1_PR_MR,110.63,212.67000000000002
VIA_L1M1_PR_MR_2113,VIA_L1M1_PR_MR,113.85000000000001,212.67000000000002
VIA_L1M1_PR_MR_2114,VIA_L1M1_PR_MR,125.35000000000001,212.67000000000002
VIA_L1M1_PR_MR_2115,VIA_L1M1_PR_MR,163.53,212.67000000000002
VIA_L1M1_PR_MR_2116,VIA_L1M1_PR_MR,171.81,212.67000000000002
VIA_L1M1_PR_MR_2117,VIA_L1M1_PR_MR,110.17,213.01
VIA_L1M1_PR_MR_2118,VIA_L1M1_PR_MR,121.21000000000001,213.01
VIA_L1M1_PR_MR_2119,VIA_L1M1_PR_MR,123.05,213.01
VIA_L1M1_PR_MR_2120,VIA_L1M1_PR_MR,167.21,213.01
VIA_L1M1_PR_MR_2121,VIA_L1M1_PR_MR,175.03,213.01
VIA_L1M1_PR_MR_2122,VIA_L1M1_PR_MR,110.63,213.35
VIA_L1M1_PR_MR_2123,VIA_L1M1_PR_MR,111.55,213.35
VIA_L1M1_PR_MR_2124,VIA_L1M1_PR_MR,123.97,213.35
VIA_L1M1_PR_MR_2125,VIA_L1M1_PR_MR,124.43,213.35
VIA_L1M1_PR_MR_2126,VIA_L1M1_PR_MR,163.53,213.35
VIA_L1M1_PR_MR_2127,VIA_L1M1_PR_MR,164.45000000000002,213.35
VIA_L1M1_PR_MR_2128,VIA_L1M1_PR_MR,166.725,213.35
VIA_L1M1_PR_MR_2129,VIA_L1M1_PR_MR,167.67000000000002,213.35
VIA_L1M1_PR_MR_2130,VIA_L1M1_PR_MR,168.59,213.35
VIA_L1M1_PR_MR_2131,VIA_L1M1_PR_MR,169.51,213.35
VIA_L1M1_PR_MR_2132,VIA_L1M1_PR_MR,170.43,213.35
VIA_L1M1_PR_MR_2133,VIA_L1M1_PR_MR,173.19,213.35
VIA_L1M1_PR_MR_2134,VIA_L1M1_PR_MR,173.65,213.35
VIA_L1M1_PR_MR_2135,VIA_L1M1_PR_MR,174.57,213.35
VIA_L1M1_PR_MR_2136,VIA_L1M1_PR_MR,175.75,213.35
VIA_L1M1_PR_MR_2137,VIA_L1M1_PR_MR,178.25,213.35
VIA_L1M1_PR_MR_2138,VIA_L1M1_PR_MR,181.01,213.35
VIA_L1M1_PR_MR_2139,VIA_L1M1_PR_MR,181.47,213.35
VIA_L1M1_PR_MR_2140,VIA_L1M1_PR_MR,112.47,213.69
VIA_L1M1_PR_MR_2141,VIA_L1M1_PR_MR,122.59,213.69
VIA_L1M1_PR_MR_2142,VIA_L1M1_PR_MR,178.71,213.69
VIA_L1M1_PR_MR_2143,VIA_L1M1_PR_MR,123.05,214.37
VIA_L1M1_PR_MR_2144,VIA_L1M1_PR_MR,165.83,214.37
VIA_L1M1_PR_MR_2145,VIA_L1M1_PR_MR,176.41,214.37
VIA_L1M1_PR_MR_2146,VIA_L1M1_PR_MR,179.17000000000002,214.37
VIA_L1M1_PR_MR_2147,VIA_L1M1_PR_MR,180.09,214.37
VIA_L1M1_PR_MR_2148,VIA_L1M1_PR_MR,181.01,214.37
VIA_L1M1_PR_MR_2149,VIA_L1M1_PR_MR,182.85,214.37
VIA_L1M1_PR_MR_2150,VIA_L1M1_PR_MR,111.09,215.39000000000001
VIA_L1M1_PR_MR_2151,VIA_L1M1_PR_MR,125.35000000000001,215.39000000000001
VIA_L1M1_PR_MR_2152,VIA_L1M1_PR_MR,166.29,215.39000000000001
VIA_L1M1_PR_MR_2153,VIA_L1M1_PR_MR,175.49,215.39000000000001
VIA_L1M1_PR_MR_2154,VIA_L1M1_PR_MR,181.01,215.39000000000001
VIA_L1M1_PR_MR_2155,VIA_L1M1_PR_MR,178.71,215.73000000000002
VIA_L1M1_PR_MR_2156,VIA_L1M1_PR_MR,109.71000000000001,216.07
VIA_L1M1_PR_MR_2157,VIA_L1M1_PR_MR,112.93,216.07
VIA_L1M1_PR_MR_2158,VIA_L1M1_PR_MR,165.83,216.07
VIA_L1M1_PR_MR_2159,VIA_L1M1_PR_MR,110.17,216.41
VIA_L1M1_PR_MR_2160,VIA_L1M1_PR_MR,112.01,216.41
VIA_L1M1_PR_MR_2161,VIA_L1M1_PR_MR,114.31,216.41
VIA_L1M1_PR_MR_2162,VIA_L1M1_PR_MR,124.43,216.41
VIA_L1M1_PR_MR_2163,VIA_L1M1_PR_MR,125.35000000000001,216.41
VIA_L1M1_PR_MR_2164,VIA_L1M1_PR_MR,165.37,216.41
VIA_L1M1_PR_MR_2165,VIA_L1M1_PR_MR,168.13,216.41
VIA_L1M1_PR_MR_2166,VIA_L1M1_PR_MR,169.97,216.41
VIA_L1M1_PR_MR_2167,VIA_L1M1_PR_MR,171.81,216.41
VIA_L1M1_PR_MR_2168,VIA_L1M1_PR_MR,172.73,216.41
VIA_L1M1_PR_MR_2169,VIA_L1M1_PR_MR,174.11,216.41
VIA_L1M1_PR_MR_2170,VIA_L1M1_PR_MR,174.83,216.41
VIA_L1M1_PR_MR_2171,VIA_L1M1_PR_MR,177.79,216.41
VIA_L1M1_PR_MR_2172,VIA_L1M1_PR_MR,178.25,216.41
VIA_L1M1_PR_MR_2173,VIA_L1M1_PR_MR,179.17000000000002,216.41
VIA_L1M1_PR_MR_2174,VIA_L1M1_PR_MR,180.09,216.41
VIA_L1M1_PR_MR_2175,VIA_L1M1_PR_MR,181.01,216.41
VIA_L1M1_PR_MR_2176,VIA_L1M1_PR_MR,115.69,216.75
VIA_L1M1_PR_MR_2177,VIA_L1M1_PR_MR,169.51,216.75
VIA_L1M1_PR_MR_2178,VIA_L1M1_PR_MR,173.65,216.75
VIA_L1M1_PR_MR_2179,VIA_L1M1_PR_MR,176.87,216.75
VIA_L1M1_PR_MR_2180,VIA_L1M1_PR_MR,123.05,217.09
VIA_L1M1_PR_MR_2181,VIA_L1M1_PR_MR,167.21,217.09
VIA_L1M1_PR_MR_2182,VIA_L1M1_PR_MR,181.93,217.09
VIA_L1M1_PR_MR_2183,VIA_L1M1_PR_MR,113.85000000000001,218.11
VIA_L1M1_PR_MR_2184,VIA_L1M1_PR_MR,165.37,218.11
VIA_L1M1_PR_MR_2185,VIA_L1M1_PR_MR,169.51,218.11
VIA_L1M1_PR_MR_2186,VIA_L1M1_PR_MR,111.55,218.45000000000002
VIA_L1M1_PR_MR_2187,VIA_L1M1_PR_MR,116.15,218.45000000000002
VIA_L1M1_PR_MR_2188,VIA_L1M1_PR_MR,112.47,218.79
VIA_L1M1_PR_MR_2189,VIA_L1M1_PR_MR,166.75,218.79
VIA_L1M1_PR_MR_2190,VIA_L1M1_PR_MR,168.13,218.79
VIA_L1M1_PR_MR_2191,VIA_L1M1_PR_MR,169.97,218.79
VIA_L1M1_PR_MR_2192,VIA_L1M1_PR_MR,171.81,218.79
VIA_L1M1_PR_MR_2193,VIA_L1M1_PR_MR,172.73,218.79
VIA_L1M1_PR_MR_2194,VIA_L1M1_PR_MR,174.11,218.79
VIA_L1M1_PR_MR_2195,VIA_L1M1_PR_MR,174.57,218.79
VIA_L1M1_PR_MR_2196,VIA_L1M1_PR_MR,175.49,218.79
VIA_L1M1_PR_MR_2197,VIA_L1M1_PR_MR,179.63,218.79
VIA_L1M1_PR_MR_2198,VIA_L1M1_PR_MR,180.09,218.79
VIA_L1M1_PR_MR_2199,VIA_L1M1_PR_MR,181.01,218.79
VIA_L1M1_PR_MR_2200,VIA_L1M1_PR_MR,111.09,219.13
VIA_L1M1_PR_MR_2201,VIA_L1M1_PR_MR,116.61,219.13
VIA_L1M1_PR_MR_2202,VIA_L1M1_PR_MR,117.99000000000001,219.13
VIA_L1M1_PR_MR_2203,VIA_L1M1_PR_MR,164.91,219.13
VIA_L1M1_PR_MR_2204,VIA_L1M1_PR_MR,167.67000000000002,219.13
VIA_L1M1_PR_MR_2205,VIA_L1M1_PR_MR,175.03,219.13
VIA_L1M1_PR_MR_2206,VIA_L1M1_PR_MR,178.71,219.13
VIA_L1M1_PR_MR_2207,VIA_L1M1_PR_MR,114.77,219.47
VIA_L1M1_PR_MR_2208,VIA_L1M1_PR_MR,180.55,219.47
VIA_L1M1_PR_MR_2209,VIA_L1M1_PR_MR,125.35000000000001,219.81
VIA_L1M1_PR_MR_2210,VIA_L1M1_PR_MR,179.17000000000002,220.83
VIA_L1M1_PR_MR_2211,VIA_L1M1_PR_MR,169.97,221.17000000000002
VIA_L1M1_PR_MR_2212,VIA_L1M1_PR_MR,175.03,221.17000000000002
VIA_L1M1_PR_MR_2213,VIA_L1M1_PR_MR,120.75,221.51
VIA_L1M1_PR_MR_2214,VIA_L1M1_PR_MR,167.67000000000002,221.51
VIA_L1M1_PR_MR_2215,VIA_L1M1_PR_MR,116.15,221.85
VIA_L1M1_PR_MR_2216,VIA_L1M1_PR_MR,116.61,221.85
VIA_L1M1_PR_MR_2217,VIA_L1M1_PR_MR,117.99000000000001,221.85
VIA_L1M1_PR_MR_2218,VIA_L1M1_PR_MR,118.91,221.85
VIA_L1M1_PR_MR_2219,VIA_L1M1_PR_MR,119.83,221.85
VIA_L1M1_PR_MR_2220,VIA_L1M1_PR_MR,123.51,221.85
VIA_L1M1_PR_MR_2221,VIA_L1M1_PR_MR,165.37,221.85
VIA_L1M1_PR_MR_2222,VIA_L1M1_PR_MR,166.75,221.85
VIA_L1M1_PR_MR_2223,VIA_L1M1_PR_MR,169.51,221.85
VIA_L1M1_PR_MR_2224,VIA_L1M1_PR_MR,170.43,221.85
VIA_L1M1_PR_MR_2225,VIA_L1M1_PR_MR,170.89000000000001,221.85
VIA_L1M1_PR_MR_2226,VIA_L1M1_PR_MR,174.11,221.85
VIA_L1M1_PR_MR_2227,VIA_L1M1_PR_MR,174.57,221.85
VIA_L1M1_PR_MR_2228,VIA_L1M1_PR_MR,175.49,221.85
VIA_L1M1_PR_MR_2229,VIA_L1M1_PR_MR,176.51,221.85
VIA_L1M1_PR_MR_2230,VIA_L1M1_PR_MR,177.33,221.85
VIA_L1M1_PR_MR_2231,VIA_L1M1_PR_MR,178.51,221.85
VIA_L1M1_PR_MR_2232,VIA_L1M1_PR_MR,121.67,222.19
VIA_L1M1_PR_MR_2233,VIA_L1M1_PR_MR,177.79,222.19
VIA_L1M1_PR_MR_2234,VIA_L1M1_PR_MR,122.13,222.53
VIA_L1M1_PR_MR_2235,VIA_L1M1_PR_MR,122.59,222.53
VIA_L1M1_PR_MR_2236,VIA_L1M1_PR_MR,166.75,222.53
VIA_L1M1_PR_MR_2237,VIA_L1M1_PR_MR,171.81,222.53
VIA_L1M1_PR_MR_2238,VIA_L1M1_PR_MR,173.19,222.53
VIA_L1M1_PR_MR_2239,VIA_L1M1_PR_MR,117.07000000000001,223.55
VIA_L1M1_PR_MR_2240,VIA_L1M1_PR_MR,117.53,223.55
VIA_L1M1_PR_MR_2241,VIA_L1M1_PR_MR,119.37,223.55
VIA_L1M1_PR_MR_2242,VIA_L1M1_PR_MR,116.61,223.89000000000001
VIA_L1M1_PR_MR_2243,VIA_L1M1_PR_MR,146.51,223.89000000000001
VIA_L1M1_PR_MR_2244,VIA_L1M1_PR_MR,150.65,223.89000000000001
VIA_L1M1_PR_MR_2245,VIA_L1M1_PR_MR,166.29,223.89000000000001
VIA_L1M1_PR_MR_2246,VIA_L1M1_PR_MR,166.75,223.89000000000001
VIA_L1M1_PR_MR_2247,VIA_L1M1_PR_MR,179.17000000000002,223.89000000000001
VIA_L1M1_PR_MR_2248,VIA_L1M1_PR_MR,179.63,223.89000000000001
VIA_L1M1_PR_MR_2249,VIA_L1M1_PR_MR,112.93,224.23000000000002
VIA_L1M1_PR_MR_2250,VIA_L1M1_PR_MR,113.39,224.23000000000002
VIA_L1M1_PR_MR_2251,VIA_L1M1_PR_MR,114.31,224.23000000000002
VIA_L1M1_PR_MR_2252,VIA_L1M1_PR_MR,115.23,224.23000000000002
VIA_L1M1_PR_MR_2253,VIA_L1M1_PR_MR,120.29,224.23000000000002
VIA_L1M1_PR_MR_2254,VIA_L1M1_PR_MR,158.93,224.23000000000002
VIA_L1M1_PR_MR_2255,VIA_L1M1_PR_MR,165.57,224.23000000000002
VIA_L1M1_PR_MR_2256,VIA_L1M1_PR_MR,167.67000000000002,224.23000000000002
VIA_L1M1_PR_MR_2257,VIA_L1M1_PR_MR,168.59,224.23000000000002
VIA_L1M1_PR_MR_2258,VIA_L1M1_PR_MR,169.05,224.23000000000002
VIA_L1M1_PR_MR_2259,VIA_L1M1_PR_MR,169.51,224.23000000000002
VIA_L1M1_PR_MR_2260,VIA_L1M1_PR_MR,169.97,224.23000000000002
VIA_L1M1_PR_MR_2261,VIA_L1M1_PR_MR,172.27,224.23000000000002
VIA_L1M1_PR_MR_2262,VIA_L1M1_PR_MR,172.73,224.23000000000002
VIA_L1M1_PR_MR_2263,VIA_L1M1_PR_MR,173.19,224.23000000000002
VIA_L1M1_PR_MR_2264,VIA_L1M1_PR_MR,173.65,224.23000000000002
VIA_L1M1_PR_MR_2265,VIA_L1M1_PR_MR,178.25,224.23000000000002
VIA_L1M1_PR_MR_2266,VIA_L1M1_PR_MR,180.115,224.23000000000002
VIA_L1M1_PR_MR_2267,VIA_L1M1_PR_MR,150.19,224.57
VIA_L1M1_PR_MR_2268,VIA_L1M1_PR_MR,164.91,224.91
VIA_L1M1_PR_MR_2269,VIA_L1M1_PR_MR,181.01,224.91
VIA_L1M1_PR_MR_2270,VIA_L1M1_PR_MR,170.89000000000001,225.25
VIA_L1M1_PR_MR_2271,VIA_L1M1_PR_MR,174.57,225.25
VIA_L1M1_PR_MR_2272,VIA_L1M1_PR_MR,117.99000000000001,226.27
VIA_L1M1_PR_MR_2273,VIA_L1M1_PR_MR,167.21,226.27
VIA_L1M1_PR_MR_2274,VIA_L1M1_PR_MR,170.89000000000001,226.27
VIA_L1M1_PR_MR_2275,VIA_L1M1_PR_MR,175.03,226.61
VIA_L1M1_PR_MR_2276,VIA_L1M1_PR_MR,160.77,226.95000000000002
VIA_L1M1_PR_MR_2277,VIA_L1M1_PR_MR,117.53,227.29
VIA_L1M1_PR_MR_2278,VIA_L1M1_PR_MR,118.45,227.29
VIA_L1M1_PR_MR_2279,VIA_L1M1_PR_MR,120.29,227.29
VIA_L1M1_PR_MR_2280,VIA_L1M1_PR_MR,157.09,227.29
VIA_L1M1_PR_MR_2281,VIA_L1M1_PR_MR,168.105,227.29
VIA_L1M1_PR_MR_2282,VIA_L1M1_PR_MR,168.59,227.29
VIA_L1M1_PR_MR_2283,VIA_L1M1_PR_MR,169.97,227.29
VIA_L1M1_PR_MR_2284,VIA_L1M1_PR_MR,171.55,227.29
VIA_L1M1_PR_MR_2285,VIA_L1M1_PR_MR,172.27,227.29
VIA_L1M1_PR_MR_2286,VIA_L1M1_PR_MR,173.65,227.29
VIA_L1M1_PR_MR_2287,VIA_L1M1_PR_MR,174.57,227.29
VIA_L1M1_PR_MR_2288,VIA_L1M1_PR_MR,175.49,227.29
VIA_L1M1_PR_MR_2289,VIA_L1M1_PR_MR,175.95000000000002,227.29
VIA_L1M1_PR_MR_2290,VIA_L1M1_PR_MR,177.33,227.29
VIA_L1M1_PR_MR_2291,VIA_L1M1_PR_MR,169.05,227.63
VIA_L1M1_PR_MR_2292,VIA_L1M1_PR_MR,172.73,227.63
VIA_L1M1_PR_MR_2293,VIA_L1M1_PR_MR,119.37,227.97
VIA_L1M1_PR_MR_2294,VIA_L1M1_PR_MR,171.35,229.33
VIA_L1M1_PR_MR_2295,VIA_L1M1_PR_MR,175.03,229.33
VIA_L1M1_PR_MR_2296,VIA_L1M1_PR_MR,112.93,229.67000000000002
VIA_L1M1_PR_MR_2297,VIA_L1M1_PR_MR,114.31,229.67000000000002
VIA_L1M1_PR_MR_2298,VIA_L1M1_PR_MR,170.43,229.67000000000002
VIA_L1M1_PR_MR_2299,VIA_L1M1_PR_MR,171.81,229.67000000000002
VIA_L1M1_PR_MR_2300,VIA_L1M1_PR_MR,172.29500000000002,229.67000000000002
VIA_L1M1_PR_MR_2301,VIA_L1M1_PR_MR,174.11,229.67000000000002
VIA_L1M1_PR_MR_2302,VIA_L1M1_PR_MR,175.49,229.67000000000002
VIA_L1M1_PR_MR_2303,VIA_L1M1_PR_MR,175.975,229.67000000000002
VIA_L1M1_PR_MR_2304,VIA_L1M1_PR_MR,113.39,230.01
VIA_L1M1_PR_MR_2305,VIA_L1M1_PR_MR,116.15,230.01
VIA_L1M1_PR_MR_2306,VIA_L1M1_PR_MR,117.53,230.01
VIA_L1M1_PR_MR_2307,VIA_L1M1_PR_MR,173.19,230.35
VIA_L1M1_PR_MR_2308,VIA_L1M1_PR_MR,176.87,230.35
VIA_L1M1_PR_MR_2309,VIA_L1M1_PR_MR,115.23,230.69
VIA_L1M1_PR_MR_2310,VIA_L1M1_PR_MR,124.89,230.69
VIA_L1M1_PR_MR_2311,VIA_L1M1_PR_MR,110.63,231.71
VIA_L1M1_PR_MR_2312,VIA_L1M1_PR_MR,122.59,231.71
VIA_L1M1_PR_MR_2313,VIA_L1M1_PR_MR,123.51,231.71
VIA_L1M1_PR_MR_2314,VIA_L1M1_PR_MR,125.81,231.71
VIA_L1M1_PR_MR_2315,VIA_L1M1_PR_MR,173.19,231.71
VIA_L1M1_PR_MR_2316,VIA_L1M1_PR_MR,115.23,232.39000000000001
VIA_L1M1_PR_MR_2317,VIA_L1M1_PR_MR,123.97,232.39000000000001
VIA_L1M1_PR_MR_2318,VIA_L1M1_PR_MR,111.55,232.73000000000002
VIA_L1M1_PR_MR_2319,VIA_L1M1_PR_MR,112.47,232.73000000000002
VIA_L1M1_PR_MR_2320,VIA_L1M1_PR_MR,113.85000000000001,232.73000000000002
VIA_L1M1_PR_MR_2321,VIA_L1M1_PR_MR,124.89,232.73000000000002
VIA_L1M1_PR_MR_2322,VIA_L1M1_PR_MR,170.43,232.73000000000002
VIA_L1M1_PR_MR_2323,VIA_L1M1_PR_MR,171.35,232.73000000000002
VIA_L1M1_PR_MR_2324,VIA_L1M1_PR_MR,172.29500000000002,232.73000000000002
VIA_L1M1_PR_MR_2325,VIA_L1M1_PR_MR,112.93,233.07
VIA_L1M1_PR_MR_2326,VIA_L1M1_PR_MR,123.51,233.07
VIA_L1M1_PR_MR_2327,VIA_L1M1_PR_MR,171.81,233.07
VIA_L1M1_PR_MR_2328,VIA_L1M1_PR_MR,119.83,234.43
VIA_L1M1_PR_MR_2329,VIA_L1M1_PR_MR,170.43,234.43
VIA_L1M1_PR_MR_2330,VIA_L1M1_PR_MR,120.29,234.77
VIA_L1M1_PR_MR_2331,VIA_L1M1_PR_MR,120.75,234.77
VIA_L1M1_PR_MR_2332,VIA_L1M1_PR_MR,121.67,234.77
VIA_L1M1_PR_MR_2333,VIA_L1M1_PR_MR,108.79,235.11
VIA_L1M1_PR_MR_2334,VIA_L1M1_PR_MR,109.71000000000001,235.11
VIA_L1M1_PR_MR_2335,VIA_L1M1_PR_MR,112.47,235.11
VIA_L1M1_PR_MR_2336,VIA_L1M1_PR_MR,114.31,235.11
VIA_L1M1_PR_MR_2337,VIA_L1M1_PR_MR,115.23,235.11
VIA_L1M1_PR_MR_2338,VIA_L1M1_PR_MR,116.61,235.11
VIA_L1M1_PR_MR_2339,VIA_L1M1_PR_MR,117.07000000000001,235.11
VIA_L1M1_PR_MR_2340,VIA_L1M1_PR_MR,122.59,235.11
VIA_L1M1_PR_MR_2341,VIA_L1M1_PR_MR,123.05,235.11
VIA_L1M1_PR_MR_2342,VIA_L1M1_PR_MR,124.43,235.11
VIA_L1M1_PR_MR_2343,VIA_L1M1_PR_MR,125.35000000000001,235.11
VIA_L1M1_PR_MR_2344,VIA_L1M1_PR_MR,111.09,235.45000000000002
VIA_L1M1_PR_MR_2345,VIA_L1M1_PR_MR,113.39,235.45000000000002
VIA_L1M1_PR_MR_2346,VIA_L1M1_PR_MR,117.99000000000001,235.45000000000002
VIA_L1M1_PR_MR_2347,VIA_L1M1_PR_MR,123.97,235.45000000000002
VIA_L1M1_PR_MR_2348,VIA_L1M1_PR_MR,108.33,235.79
VIA_L1M1_PR_MR_2349,VIA_L1M1_PR_MR,111.55,236.13
VIA_L1M1_PR_MR_2350,VIA_L1M1_PR_MR,114.31,236.13
VIA_L1M1_PR_MR_2351,VIA_L1M1_PR_MR,111.09,237.15
VIA_L1M1_PR_MR_2352,VIA_L1M1_PR_MR,114.31,237.15
VIA_L1M1_PR_MR_2353,VIA_L1M1_PR_MR,175.03,237.15
VIA_L1M1_PR_MR_2354,VIA_L1M1_PR_MR,175.95000000000002,237.15
VIA_L1M1_PR_MR_2355,VIA_L1M1_PR_MR,112.93,237.83
VIA_L1M1_PR_MR_2356,VIA_L1M1_PR_MR,121.67,237.83
VIA_L1M1_PR_MR_2357,VIA_L1M1_PR_MR,112.01,238.17000000000002
VIA_L1M1_PR_MR_2358,VIA_L1M1_PR_MR,123.05,238.17000000000002
VIA_L1M1_PR_MR_2359,VIA_L1M1_PR_MR,124.43,238.17000000000002
VIA_L1M1_PR_MR_2360,VIA_L1M1_PR_MR,126.27,238.51
VIA_L1M1_PR_MR_2361,VIA_L1M1_PR_MR,174.11,238.51
VIA_L1M1_PR_MR_2362,VIA_L1M1_PR_MR,123.97,238.85
VIA_L1M1_PR_MR_2363,VIA_L1M1_PR_MR,124.89,238.85
VIA_L1M1_PR_MR_2364,VIA_L1M1_PR_MR,125.35000000000001,238.85
VIA_L1M1_PR_MR_2365,VIA_L1M1_PR_MR,175.03,238.85
VIA_L1M1_PR_MR_2366,VIA_L1M1_PR_MR,110.17,239.87
VIA_L1M1_PR_MR_2367,VIA_L1M1_PR_MR,124.89,239.87
VIA_L1M1_PR_MR_2368,VIA_L1M1_PR_MR,115.23,240.21
VIA_L1M1_PR_MR_2369,VIA_L1M1_PR_MR,117.53,240.21
VIA_L1M1_PR_MR_2370,VIA_L1M1_PR_MR,112.93,240.55
VIA_L1M1_PR_MR_2371,VIA_L1M1_PR_MR,113.39,240.55
VIA_L1M1_PR_MR_2372,VIA_L1M1_PR_MR,114.31,240.55
VIA_L1M1_PR_MR_2373,VIA_L1M1_PR_MR,169.05,240.55
VIA_L1M1_PR_MR_2374,VIA_L1M1_PR_MR,169.51,240.55
VIA_L1M1_PR_MR_2375,VIA_L1M1_PR_MR,172.27,240.55
VIA_L1M1_PR_MR_2376,VIA_L1M1_PR_MR,112.47,240.89000000000001
VIA_L1M1_PR_MR_2377,VIA_L1M1_PR_MR,116.15,240.89000000000001
VIA_L1M1_PR_MR_2378,VIA_L1M1_PR_MR,124.89,240.89000000000001
VIA_L1M1_PR_MR_2379,VIA_L1M1_PR_MR,171.81,240.89000000000001
VIA_L1M1_PR_MR_2380,VIA_L1M1_PR_MR,175.03,240.89000000000001
VIA_L1M1_PR_MR_2381,VIA_L1M1_PR_MR,111.09,241.23000000000002
VIA_L1M1_PR_MR_2382,VIA_L1M1_PR_MR,173.65,241.23000000000002
VIA_L1M1_PR_MR_2383,VIA_L1M1_PR_MR,177.79,242.59
VIA_L1M1_PR_MR_2384,VIA_L1M1_PR_MR,175.95000000000002,242.93
VIA_L1M1_PR_MR_2385,VIA_L1M1_PR_MR,178.71,242.93
VIA_L1M1_PR_MR_2386,VIA_L1M1_PR_MR,169.05,243.27
VIA_L1M1_PR_MR_2387,VIA_L1M1_PR_MR,114.31,243.61
VIA_L1M1_PR_MR_2388,VIA_L1M1_PR_MR,165.37,243.61
VIA_L1M1_PR_MR_2389,VIA_L1M1_PR_MR,166.29,243.61
VIA_L1M1_PR_MR_2390,VIA_L1M1_PR_MR,166.75,243.61
VIA_L1M1_PR_MR_2391,VIA_L1M1_PR_MR,170.385,243.61
VIA_L1M1_PR_MR_2392,VIA_L1M1_PR_MR,167.215,243.72
VIA_L1M1_PR_MR_2393,VIA_L1M1_PR_MR,115.69,243.95000000000002
VIA_L1M1_PR_MR_2394,VIA_L1M1_PR_MR,168.59,243.95000000000002
VIA_L1M1_PR_MR_2395,VIA_L1M1_PR_MR,176.87,243.95000000000002
VIA_L1M1_PR_MR_2396,VIA_L1M1_PR_MR,123.05,244.29
VIA_L1M1_PR_MR_2397,VIA_L1M1_PR_MR,177.79,244.29
VIA_L1M1_PR_MR_2398,VIA_L1M1_PR_MR,165.83,245.31
VIA_L1M1_PR_MR_2399,VIA_L1M1_PR_MR,175.95000000000002,245.31
VIA_L1M1_PR_MR_2400,VIA_L1M1_PR_MR,179.17000000000002,245.31
VIA_L1M1_PR_MR_2401,VIA_L1M1_PR_MR,181.93,245.31
VIA_L1M1_PR_MR_2402,VIA_L1M1_PR_MR,182.85,245.31
VIA_L1M1_PR_MR_2403,VIA_L1M1_PR_MR,114.77,245.65
VIA_L1M1_PR_MR_2404,VIA_L1M1_PR_MR,124.43,245.65
VIA_L1M1_PR_MR_2405,VIA_L1M1_PR_MR,175.03,245.65
VIA_L1M1_PR_MR_2406,VIA_L1M1_PR_MR,178.25,245.65
VIA_L1M1_PR_MR_2407,VIA_L1M1_PR_MR,181.01,245.65
VIA_L1M1_PR_MR_2408,VIA_L1M1_PR_MR,115.69,245.99
VIA_L1M1_PR_MR_2409,VIA_L1M1_PR_MR,163.99,245.99
VIA_L1M1_PR_MR_2410,VIA_L1M1_PR_MR,164.45000000000002,245.99
VIA_L1M1_PR_MR_2411,VIA_L1M1_PR_MR,165.37,245.99
VIA_L1M1_PR_MR_2412,VIA_L1M1_PR_MR,166.75,245.99
VIA_L1M1_PR_MR_2413,VIA_L1M1_PR_MR,168.13,245.99
VIA_L1M1_PR_MR_2414,VIA_L1M1_PR_MR,169.51,245.99
VIA_L1M1_PR_MR_2415,VIA_L1M1_PR_MR,170.43,245.99
VIA_L1M1_PR_MR_2416,VIA_L1M1_PR_MR,177.33,245.99
VIA_L1M1_PR_MR_2417,VIA_L1M1_PR_MR,180.55,245.99
VIA_L1M1_PR_MR_2418,VIA_L1M1_PR_MR,114.31,246.33
VIA_L1M1_PR_MR_2419,VIA_L1M1_PR_MR,125.81,246.33
VIA_L1M1_PR_MR_2420,VIA_L1M1_PR_MR,170.89000000000001,246.33
VIA_L1M1_PR_MR_2421,VIA_L1M1_PR_MR,174.57,246.33
VIA_L1M1_PR_MR_2422,VIA_L1M1_PR_MR,163.53,246.67000000000002
VIA_L1M1_PR_MR_2423,VIA_L1M1_PR_MR,117.07000000000001,247.01000000000002
VIA_L1M1_PR_MR_2424,VIA_L1M1_PR_MR,175.95000000000002,247.01000000000002
VIA_L1M1_PR_MR_2425,VIA_L1M1_PR_MR,179.17000000000002,247.01000000000002
VIA_L1M1_PR_MR_2426,VIA_L1M1_PR_MR,181.93,247.01000000000002
VIA_L1M1_PR_MR_2427,VIA_L1M1_PR_MR,127.19,248.03
VIA_L1M1_PR_MR_2428,VIA_L1M1_PR_MR,166.29,248.03
VIA_L1M1_PR_MR_2429,VIA_L1M1_PR_MR,168.59,248.03
VIA_L1M1_PR_MR_2430,VIA_L1M1_PR_MR,181.47,248.03
VIA_L1M1_PR_MR_2431,VIA_L1M1_PR_MR,117.53,248.37
VIA_L1M1_PR_MR_2432,VIA_L1M1_PR_MR,125.35000000000001,248.37
VIA_L1M1_PR_MR_2433,VIA_L1M1_PR_MR,118.91,248.71
VIA_L1M1_PR_MR_2434,VIA_L1M1_PR_MR,123.97,248.71
VIA_L1M1_PR_MR_2435,VIA_L1M1_PR_MR,126.27,248.71
VIA_L1M1_PR_MR_2436,VIA_L1M1_PR_MR,162.61,248.71
VIA_L1M1_PR_MR_2437,VIA_L1M1_PR_MR,177.79,248.71
VIA_L1M1_PR_MR_2438,VIA_L1M1_PR_MR,179.17000000000002,248.71
VIA_L1M1_PR_MR_2439,VIA_L1M1_PR_MR,119.83,249.05
VIA_L1M1_PR_MR_2440,VIA_L1M1_PR_MR,124.89,249.05
VIA_L1M1_PR_MR_2441,VIA_L1M1_PR_MR,128.57,249.05
VIA_L1M1_PR_MR_2442,VIA_L1M1_PR_MR,163.07,249.05
VIA_L1M1_PR_MR_2443,VIA_L1M1_PR_MR,174.155,249.05
VIA_L1M1_PR_MR_2444,VIA_L1M1_PR_MR,175.49,249.05
VIA_L1M1_PR_MR_2445,VIA_L1M1_PR_MR,175.95000000000002,249.05
VIA_L1M1_PR_MR_2446,VIA_L1M1_PR_MR,177.33,249.05
VIA_L1M1_PR_MR_2447,VIA_L1M1_PR_MR,178.71,249.05
VIA_L1M1_PR_MR_2448,VIA_L1M1_PR_MR,179.63,249.05
VIA_L1M1_PR_MR_2449,VIA_L1M1_PR_MR,182.85,249.05
VIA_L1M1_PR_MR_2450,VIA_L1M1_PR_MR,165.37,249.39000000000001
VIA_L1M1_PR_MR_2451,VIA_L1M1_PR_MR,166.29,249.39000000000001
VIA_L1M1_PR_MR_2452,VIA_L1M1_PR_MR,180.55,249.39000000000001
VIA_L1M1_PR_MR_2453,VIA_L1M1_PR_MR,181.47,249.39000000000001
VIA_L1M1_PR_MR_2454,VIA_L1M1_PR_MR,116.61,249.73000000000002
VIA_L1M1_PR_MR_2455,VIA_L1M1_PR_MR,167.21,249.73000000000002
VIA_L1M1_PR_MR_2456,VIA_L1M1_PR_MR,123.51,250.75
VIA_L1M1_PR_MR_2457,VIA_L1M1_PR_MR,123.97,250.75
VIA_L1M1_PR_MR_2458,VIA_L1M1_PR_MR,124.89,250.75
VIA_L1M1_PR_MR_2459,VIA_L1M1_PR_MR,161.69,250.75
VIA_L1M1_PR_MR_2460,VIA_L1M1_PR_MR,166.75,250.75
VIA_L1M1_PR_MR_2461,VIA_L1M1_PR_MR,176.87,250.75
VIA_L1M1_PR_MR_2462,VIA_L1M1_PR_MR,122.19,251.09
VIA_L1M1_PR_MR_2463,VIA_L1M1_PR_MR,171.195,251.09
VIA_L1M1_PR_MR_2464,VIA_L1M1_PR_MR,181.93,251.09
VIA_L1M1_PR_MR_2465,VIA_L1M1_PR_MR,115.23,251.43
VIA_L1M1_PR_MR_2466,VIA_L1M1_PR_MR,117.99000000000001,251.43
VIA_L1M1_PR_MR_2467,VIA_L1M1_PR_MR,122.59,251.43
VIA_L1M1_PR_MR_2468,VIA_L1M1_PR_MR,124.43,251.43
VIA_L1M1_PR_MR_2469,VIA_L1M1_PR_MR,161.23,251.43
VIA_L1M1_PR_MR_2470,VIA_L1M1_PR_MR,163.225,251.43
VIA_L1M1_PR_MR_2471,VIA_L1M1_PR_MR,164.45000000000002,251.43
VIA_L1M1_PR_MR_2472,VIA_L1M1_PR_MR,165.83,251.43
VIA_L1M1_PR_MR_2473,VIA_L1M1_PR_MR,167.67000000000002,251.43
VIA_L1M1_PR_MR_2474,VIA_L1M1_PR_MR,169.97,251.43
VIA_L1M1_PR_MR_2475,VIA_L1M1_PR_MR,179.17000000000002,251.43
VIA_L1M1_PR_MR_2476,VIA_L1M1_PR_MR,163.99,251.77
VIA_L1M1_PR_MR_2477,VIA_L1M1_PR_MR,178.71,251.77
VIA_L1M1_PR_MR_2478,VIA_L1M1_PR_MR,180.55,252.11
VIA_L1M1_PR_MR_2479,VIA_L1M1_PR_MR,165.37,252.45000000000002
VIA_L1M1_PR_MR_2480,VIA_L1M1_PR_MR,117.99000000000001,253.47
VIA_L1M1_PR_MR_2481,VIA_L1M1_PR_MR,169.51,253.47
VIA_L1M1_PR_MR_2482,VIA_L1M1_PR_MR,177.79,253.47
VIA_L1M1_PR_MR_2483,VIA_L1M1_PR_MR,178.71,253.81
VIA_L1M1_PR_MR_2484,VIA_L1M1_PR_MR,120.75,254.15
VIA_L1M1_PR_MR_2485,VIA_L1M1_PR_MR,121.67,254.15
VIA_L1M1_PR_MR_2486,VIA_L1M1_PR_MR,126.73,254.15
VIA_L1M1_PR_MR_2487,VIA_L1M1_PR_MR,127.19,254.15
VIA_L1M1_PR_MR_2488,VIA_L1M1_PR_MR,127.65,254.15
VIA_L1M1_PR_MR_2489,VIA_L1M1_PR_MR,166.29,254.15
VIA_L1M1_PR_MR_2490,VIA_L1M1_PR_MR,116.15,254.49
VIA_L1M1_PR_MR_2491,VIA_L1M1_PR_MR,117.99000000000001,254.49
VIA_L1M1_PR_MR_2492,VIA_L1M1_PR_MR,118.91,254.49
VIA_L1M1_PR_MR_2493,VIA_L1M1_PR_MR,120.29,254.49
VIA_L1M1_PR_MR_2494,VIA_L1M1_PR_MR,123.51,254.49
VIA_L1M1_PR_MR_2495,VIA_L1M1_PR_MR,123.97,254.49
VIA_L1M1_PR_MR_2496,VIA_L1M1_PR_MR,124.43,254.49
VIA_L1M1_PR_MR_2497,VIA_L1M1_PR_MR,129.03,254.49
VIA_L1M1_PR_MR_2498,VIA_L1M1_PR_MR,165.83,254.49
VIA_L1M1_PR_MR_2499,VIA_L1M1_PR_MR,167.67000000000002,254.49
VIA_L1M1_PR_MR_2500,VIA_L1M1_PR_MR,168.59,254.49
VIA_L1M1_PR_MR_2501,VIA_L1M1_PR_MR,175.07500000000002,254.49
VIA_L1M1_PR_MR_2502,VIA_L1M1_PR_MR,176.41,254.49
VIA_L1M1_PR_MR_2503,VIA_L1M1_PR_MR,125.35000000000001,254.83
VIA_L1M1_PR_MR_2504,VIA_L1M1_PR_MR,176.87,254.83
VIA_L1M1_PR_MR_2505,VIA_L1M1_PR_MR,127.65,255.17000000000002
VIA_L1M1_PR_MR_2506,VIA_L1M1_PR_MR,169.51,255.17000000000002
VIA_L1M1_PR_MR_2507,VIA_L1M1_PR_MR,177.79,255.17000000000002
VIA_L1M1_PR_MR_2508,VIA_L1M1_PR_MR,165.83,256.19
VIA_L1M1_PR_MR_2509,VIA_L1M1_PR_MR,170.43,256.19
VIA_L1M1_PR_MR_2510,VIA_L1M1_PR_MR,173.65,256.19
VIA_L1M1_PR_MR_2511,VIA_L1M1_PR_MR,117.53,256.53000000000003
VIA_L1M1_PR_MR_2512,VIA_L1M1_PR_MR,168.59,256.53000000000003
VIA_L1M1_PR_MR_2513,VIA_L1M1_PR_MR,170.89000000000001,256.53000000000003
VIA_L1M1_PR_MR_2514,VIA_L1M1_PR_MR,111.09,256.87
VIA_L1M1_PR_MR_2515,VIA_L1M1_PR_MR,111.55,256.87
VIA_L1M1_PR_MR_2516,VIA_L1M1_PR_MR,113.39,256.87
VIA_L1M1_PR_MR_2517,VIA_L1M1_PR_MR,114.77,256.87
VIA_L1M1_PR_MR_2518,VIA_L1M1_PR_MR,115.69,256.87
VIA_L1M1_PR_MR_2519,VIA_L1M1_PR_MR,165.37,256.87
VIA_L1M1_PR_MR_2520,VIA_L1M1_PR_MR,166.29,256.87
VIA_L1M1_PR_MR_2521,VIA_L1M1_PR_MR,169.51,256.87
VIA_L1M1_PR_MR_2522,VIA_L1M1_PR_MR,172.27,256.87
VIA_L1M1_PR_MR_2523,VIA_L1M1_PR_MR,109.71000000000001,257.21
VIA_L1M1_PR_MR_2524,VIA_L1M1_PR_MR,110.63,257.21
VIA_L1M1_PR_MR_2525,VIA_L1M1_PR_MR,112.47,257.21
VIA_L1M1_PR_MR_2526,VIA_L1M1_PR_MR,116.15,257.21
VIA_L1M1_PR_MR_2527,VIA_L1M1_PR_MR,171.81,257.21
VIA_L1M1_PR_MR_2528,VIA_L1M1_PR_MR,175.03,257.21
VIA_L1M1_PR_MR_2529,VIA_L1M1_PR_MR,108.79,257.55
VIA_L1M1_PR_MR_2530,VIA_L1M1_PR_MR,115.23,257.89
VIA_L1M1_PR_MR_2531,VIA_L1M1_PR_MR,124.89,257.89
VIA_L1M1_PR_MR_2532,VIA_L1M1_PR_MR,110.63,258.91
VIA_L1M1_PR_MR_2533,VIA_L1M1_PR_MR,172.73,258.91
VIA_L1M1_PR_MR_2534,VIA_L1M1_PR_MR,111.55,259.25
VIA_L1M1_PR_MR_2535,VIA_L1M1_PR_MR,112.93,259.59000000000003
VIA_L1M1_PR_MR_2536,VIA_L1M1_PR_MR,113.85000000000001,259.59000000000003
VIA_L1M1_PR_MR_2537,VIA_L1M1_PR_MR,173.65,259.93
VIA_L1M1_PR_MR_2538,VIA_L1M1_PR_MR,174.11,259.93
VIA_L1M1_PR_MR_2539,VIA_L1M1_PR_MR,115.23,260.27
VIA_L1M1_PR_MR_2540,VIA_L1M1_PR_MR,122.59,260.61
VIA_L1M1_PR_MR_2541,VIA_L1M1_PR_MR,118.91,261.63
VIA_L1M1_PR_MR_2542,VIA_L1M1_PR_MR,119.37,261.63
VIA_L1M1_PR_MR_2543,VIA_L1M1_PR_MR,115.69,261.97
VIA_L1M1_PR_MR_2544,VIA_L1M1_PR_MR,118.45,261.97
VIA_L1M1_PR_MR_2545,VIA_L1M1_PR_MR,120.29,261.97
VIA_L1M1_PR_MR_2546,VIA_L1M1_PR_MR,115.23,262.31
VIA_L1M1_PR_MR_2547,VIA_L1M1_PR_MR,116.61,262.31
VIA_L1M1_PR_MR_2548,VIA_L1M1_PR_MR,117.53,262.65
VIA_L1M1_PR_MR_2549,VIA_L1M1_PR_MR,171.35,264.35
VIA_L1M1_PR_MR_2550,VIA_L1M1_PR_MR,171.35,266.05
VIA_L1M1_PR_MR_2551,VIA_L1M1_PR_MR,171.35,267.07
VIA_L1M1_PR_MR_2552,VIA_L1M1_PR_MR,114.77,267.75
VIA_L1M1_PR_MR_2553,VIA_L1M1_PR_MR,115.23,267.75
VIA_L1M1_PR_MR_2554,VIA_L1M1_PR_MR,116.61,267.75
VIA_L1M1_PR_MR_2555,VIA_L1M1_PR_MR,117.07000000000001,267.75
VIA_L1M1_PR_MR_2556,VIA_L1M1_PR_MR,117.99000000000001,267.75
VIA_L1M1_PR_MR_2557,VIA_L1M1_PR_MR,115.69,268.43
VIA_L1M1_PR_MR_2558,VIA_L1M1_PR_MR,116.15,269.79
VIA_L1M1_PR_MR_2559,VIA_L1M1_PR_MR,169.05,269.79
VIA_L1M1_PR_MR_2560,VIA_L1M1_PR_MR,170.89000000000001,269.79
VIA_L1M1_PR_MR_2561,VIA_L1M1_PR_MR,119.83,270.47
VIA_L1M1_PR_MR_2562,VIA_L1M1_PR_MR,171.35,270.47
VIA_L1M1_PR_MR_2563,VIA_L1M1_PR_MR,113.85000000000001,270.81
VIA_L1M1_PR_MR_2564,VIA_L1M1_PR_MR,115.69,270.81
VIA_L1M1_PR_MR_2565,VIA_L1M1_PR_MR,117.07000000000001,270.81
VIA_L1M1_PR_MR_2566,VIA_L1M1_PR_MR,118.91,270.81
VIA_L1M1_PR_MR_2567,VIA_L1M1_PR_MR,120.29,270.81
VIA_L1M1_PR_MR_2568,VIA_L1M1_PR_MR,170.89000000000001,270.81
VIA_L1M1_PR_MR_2569,VIA_L1M1_PR_MR,172.27,270.81
VIA_L1M1_PR_MR_2570,VIA_L1M1_PR_MR,114.77,271.49
VIA_L1M1_PR_MR_2571,VIA_L1M1_PR_MR,117.99000000000001,271.49
VIA_L1M1_PR_MR_2572,VIA_L1M1_PR_MR,173.19,271.49
VIA_L1M1_PR_MR_2573,VIA_L1M1_PR_MR,111.55,272.51
VIA_L1M1_PR_MR_2574,VIA_L1M1_PR_MR,113.85000000000001,272.85
VIA_L1M1_PR_MR_2575,VIA_L1M1_PR_MR,169.51,272.85
VIA_L1M1_PR_MR_2576,VIA_L1M1_PR_MR,112.47,273.19
VIA_L1M1_PR_MR_2577,VIA_L1M1_PR_MR,112.93,273.19
VIA_L1M1_PR_MR_2578,VIA_L1M1_PR_MR,114.31,273.53000000000003
VIA_L1M1_PR_MR_2579,VIA_L1M1_PR_MR,115.69,273.53000000000003
VIA_L1M1_PR_MR_2580,VIA_L1M1_PR_MR,168.13,273.53000000000003
VIA_L1M1_PR_MR_2581,VIA_L1M1_PR_MR,112.47,274.21
VIA_L1M1_PR_MR_2582,VIA_L1M1_PR_MR,113.85000000000001,274.21
VIA_L1M1_PR_MR_2583,VIA_L1M1_PR_MR,123.05,274.21
VIA_L1M1_PR_MR_2584,VIA_L1M1_PR_MR,176.87,274.21
VIA_L1M1_PR_MR_2585,VIA_L1M1_PR_MR,123.97,275.23
VIA_L1M1_PR_MR_2586,VIA_L1M1_PR_MR,169.05,275.23
VIA_L1M1_PR_MR_2587,VIA_L1M1_PR_MR,170.43,275.23
VIA_L1M1_PR_MR_2588,VIA_L1M1_PR_MR,124.43,275.57
VIA_L1M1_PR_MR_2589,VIA_L1M1_PR_MR,114.31,275.91
VIA_L1M1_PR_MR_2590,VIA_L1M1_PR_MR,172.645,275.91
VIA_L1M1_PR_MR_2591,VIA_L1M1_PR_MR,173.65,275.91
VIA_L1M1_PR_MR_2592,VIA_L1M1_PR_MR,111.55,276.25
VIA_L1M1_PR_MR_2593,VIA_L1M1_PR_MR,112.93,276.25
VIA_L1M1_PR_MR_2594,VIA_L1M1_PR_MR,123.05,276.25
VIA_L1M1_PR_MR_2595,VIA_L1M1_PR_MR,174.11,276.25
VIA_L1M1_PR_MR_2596,VIA_L1M1_PR_MR,174.57,276.25
VIA_L1M1_PR_MR_2597,VIA_L1M1_PR_MR,110.63,276.59000000000003
VIA_L1M1_PR_MR_2598,VIA_L1M1_PR_MR,112.47,276.59000000000003
VIA_L1M1_PR_MR_2599,VIA_L1M1_PR_MR,121.67,276.59000000000003
VIA_L1M1_PR_MR_2600,VIA_L1M1_PR_MR,126.27,276.59000000000003
VIA_L1M1_PR_MR_2601,VIA_L1M1_PR_MR,171.35,276.59000000000003
VIA_L1M1_PR_MR_2602,VIA_L1M1_PR_MR,173.19,276.93
VIA_L1M1_PR_MR_2603,VIA_L1M1_PR_MR,175.03,276.93
VIA_L1M1_PR_MR_2604,VIA_L1M1_PR_MR,125.35000000000001,277.95
VIA_L1M1_PR_MR_2605,VIA_L1M1_PR_MR,173.65,277.95
VIA_L1M1_PR_MR_2606,VIA_L1M1_PR_MR,174.11,277.95
VIA_L1M1_PR_MR_2607,VIA_L1M1_PR_MR,106.49000000000001,278.29
VIA_L1M1_PR_MR_2608,VIA_L1M1_PR_MR,110.17,278.29
VIA_L1M1_PR_MR_2609,VIA_L1M1_PR_MR,171.35,278.29
VIA_L1M1_PR_MR_2610,VIA_L1M1_PR_MR,107.41,278.63
VIA_L1M1_PR_MR_2611,VIA_L1M1_PR_MR,108.33,278.63
VIA_L1M1_PR_MR_2612,VIA_L1M1_PR_MR,111.09,278.63
VIA_L1M1_PR_MR_2613,VIA_L1M1_PR_MR,112.01,278.63
VIA_L1M1_PR_MR_2614,VIA_L1M1_PR_MR,112.47,278.63
VIA_L1M1_PR_MR_2615,VIA_L1M1_PR_MR,113.39,278.63
VIA_L1M1_PR_MR_2616,VIA_L1M1_PR_MR,115.23,278.63
VIA_L1M1_PR_MR_2617,VIA_L1M1_PR_MR,116.15,278.63
VIA_L1M1_PR_MR_2618,VIA_L1M1_PR_MR,168.59,278.63
VIA_L1M1_PR_MR_2619,VIA_L1M1_PR_MR,170.89000000000001,278.63
VIA_L1M1_PR_MR_2620,VIA_L1M1_PR_MR,172.73,278.63
VIA_L1M1_PR_MR_2621,VIA_L1M1_PR_MR,173.19,278.63
VIA_L1M1_PR_MR_2622,VIA_L1M1_PR_MR,174.67000000000002,278.63
VIA_L1M1_PR_MR_2623,VIA_L1M1_PR_MR,175.95000000000002,278.63
VIA_L1M1_PR_MR_2624,VIA_L1M1_PR_MR,109.71000000000001,278.97
VIA_L1M1_PR_MR_2625,VIA_L1M1_PR_MR,116.61,278.97
VIA_L1M1_PR_MR_2626,VIA_L1M1_PR_MR,117.99000000000001,278.97
VIA_L1M1_PR_MR_2627,VIA_L1M1_PR_MR,169.05,278.97
VIA_L1M1_PR_MR_2628,VIA_L1M1_PR_MR,170.43,278.97
VIA_L1M1_PR_MR_2629,VIA_L1M1_PR_MR,168.59,279.65000000000003
VIA_L1M1_PR_MR_2630,VIA_L1M1_PR_MR,175.95000000000002,279.65000000000003
VIA_L1M1_PR_MR_2631,VIA_L1M1_PR_MR,112.47,280.67
VIA_L1M1_PR_MR_2632,VIA_L1M1_PR_MR,170.89000000000001,280.67
VIA_L1M1_PR_MR_2633,VIA_L1M1_PR_MR,110.63,281.01
VIA_L1M1_PR_MR_2634,VIA_L1M1_PR_MR,125.81,281.01
VIA_L1M1_PR_MR_2635,VIA_L1M1_PR_MR,111.55,281.35
VIA_L1M1_PR_MR_2636,VIA_L1M1_PR_MR,116.15,281.35
VIA_L1M1_PR_MR_2637,VIA_L1M1_PR_MR,117.53,281.35
VIA_L1M1_PR_MR_2638,VIA_L1M1_PR_MR,169.97,281.35
VIA_L1M1_PR_MR_2639,VIA_L1M1_PR_MR,172.27,281.35
VIA_L1M1_PR_MR_2640,VIA_L1M1_PR_MR,173.65,281.35
VIA_L1M1_PR_MR_2641,VIA_L1M1_PR_MR,110.17,281.69
VIA_L1M1_PR_MR_2642,VIA_L1M1_PR_MR,115.69,281.69
VIA_L1M1_PR_MR_2643,VIA_L1M1_PR_MR,128.57,281.69
VIA_L1M1_PR_MR_2644,VIA_L1M1_PR_MR,166.75,281.69
VIA_L1M1_PR_MR_2645,VIA_L1M1_PR_MR,169.05,281.69
VIA_L1M1_PR_MR_2646,VIA_L1M1_PR_MR,171.35,281.69
VIA_L1M1_PR_MR_2647,VIA_L1M1_PR_MR,115.23,282.03000000000003
VIA_L1M1_PR_MR_2648,VIA_L1M1_PR_MR,126.73,282.03000000000003
VIA_L1M1_PR_MR_2649,VIA_L1M1_PR_MR,167.67000000000002,282.03000000000003
VIA_L1M1_PR_MR_2650,VIA_L1M1_PR_MR,168.59,282.03000000000003
VIA_L1M1_PR_MR_2651,VIA_L1M1_PR_MR,124.89,282.37
VIA_L1M1_PR_MR_2652,VIA_L1M1_PR_MR,127.19,282.37
VIA_L1M1_PR_MR_2653,VIA_L1M1_PR_MR,127.65,282.37
VIA_L1M1_PR_MR_2654,VIA_L1M1_PR_MR,181.01,282.37
VIA_L1M1_PR_MR_2655,VIA_L1M1_PR_MR,105.57000000000001,283.39
VIA_L1M1_PR_MR_2656,VIA_L1M1_PR_MR,112.93,283.39
VIA_L1M1_PR_MR_2657,VIA_L1M1_PR_MR,129.49,283.39
VIA_L1M1_PR_MR_2658,VIA_L1M1_PR_MR,176.87,283.39
VIA_L1M1_PR_MR_2659,VIA_L1M1_PR_MR,107.87,283.73
VIA_L1M1_PR_MR_2660,VIA_L1M1_PR_MR,112.01,283.73
VIA_L1M1_PR_MR_2661,VIA_L1M1_PR_MR,112.47,283.73
VIA_L1M1_PR_MR_2662,VIA_L1M1_PR_MR,129.95,283.73
VIA_L1M1_PR_MR_2663,VIA_L1M1_PR_MR,169.51,283.73
VIA_L1M1_PR_MR_2664,VIA_L1M1_PR_MR,108.79,284.07
VIA_L1M1_PR_MR_2665,VIA_L1M1_PR_MR,115.69,284.07
VIA_L1M1_PR_MR_2666,VIA_L1M1_PR_MR,116.15,284.07
VIA_L1M1_PR_MR_2667,VIA_L1M1_PR_MR,130.41,284.07
VIA_L1M1_PR_MR_2668,VIA_L1M1_PR_MR,110.17,284.41
VIA_L1M1_PR_MR_2669,VIA_L1M1_PR_MR,114.77,284.41
VIA_L1M1_PR_MR_2670,VIA_L1M1_PR_MR,117.53,284.41
VIA_L1M1_PR_MR_2671,VIA_L1M1_PR_MR,126.73,284.41
VIA_L1M1_PR_MR_2672,VIA_L1M1_PR_MR,127.65,284.41
VIA_L1M1_PR_MR_2673,VIA_L1M1_PR_MR,168.13,284.41
VIA_L1M1_PR_MR_2674,VIA_L1M1_PR_MR,106.49000000000001,284.75
VIA_L1M1_PR_MR_2675,VIA_L1M1_PR_MR,110.63,285.09000000000003
VIA_L1M1_PR_MR_2676,VIA_L1M1_PR_MR,124.89,285.09000000000003
VIA_L1M1_PR_MR_2677,VIA_L1M1_PR_MR,106.03,286.11
VIA_L1M1_PR_MR_2678,VIA_L1M1_PR_MR,110.63,286.11
VIA_L1M1_PR_MR_2679,VIA_L1M1_PR_MR,169.05,286.11
VIA_L1M1_PR_MR_2680,VIA_L1M1_PR_MR,114.31,286.45
VIA_L1M1_PR_MR_2681,VIA_L1M1_PR_MR,107.87,286.79
VIA_L1M1_PR_MR_2682,VIA_L1M1_PR_MR,109.71000000000001,286.79
VIA_L1M1_PR_MR_2683,VIA_L1M1_PR_MR,121.67,286.79
VIA_L1M1_PR_MR_2684,VIA_L1M1_PR_MR,123.05,286.79
VIA_L1M1_PR_MR_2685,VIA_L1M1_PR_MR,106.95,287.13
VIA_L1M1_PR_MR_2686,VIA_L1M1_PR_MR,108.33,287.13
VIA_L1M1_PR_MR_2687,VIA_L1M1_PR_MR,108.79,287.13
VIA_L1M1_PR_MR_2688,VIA_L1M1_PR_MR,110.63,287.13
VIA_L1M1_PR_MR_2689,VIA_L1M1_PR_MR,112.01,287.13
VIA_L1M1_PR_MR_2690,VIA_L1M1_PR_MR,112.93,287.13
VIA_L1M1_PR_MR_2691,VIA_L1M1_PR_MR,127.65,287.13
VIA_L1M1_PR_MR_2692,VIA_L1M1_PR_MR,129.49,287.13
VIA_L1M1_PR_MR_2693,VIA_L1M1_PR_MR,127.19,287.81
VIA_L1M1_PR_MR_2694,VIA_L1M1_PR_MR,128.11,287.81
VIA_L1M1_PR_MR_2695,VIA_L1M1_PR_MR,128.57,287.81
VIA_M1M2_PR_0,VIA_M1M2_PR,167.21,9.35
VIA_M1M2_PR_1,VIA_M1M2_PR,184.23,9.35
VIA_M1M2_PR_2,VIA_M1M2_PR,160.77,9.69
VIA_M1M2_PR_3,VIA_M1M2_PR,175.49,9.69
VIA_M1M2_PR_4,VIA_M1M2_PR,177.79,9.69
VIA_M1M2_PR_5,VIA_M1M2_PR,181.93,9.69
VIA_M1M2_PR_6,VIA_M1M2_PR,161.23,10.03
VIA_M1M2_PR_7,VIA_M1M2_PR,185.61,10.03
VIA_M1M2_PR_8,VIA_M1M2_PR,174.11,10.370000000000001
VIA_M1M2_PR_9,VIA_M1M2_PR,183.77,10.370000000000001
VIA_M1M2_PR_10,VIA_M1M2_PR,167.21,11.39
VIA_M1M2_PR_11,VIA_M1M2_PR,170.89000000000001,11.39
VIA_M1M2_PR_12,VIA_M1M2_PR,191.13,11.39
VIA_M1M2_PR_13,VIA_M1M2_PR,160.31,11.73
VIA_M1M2_PR_14,VIA_M1M2_PR,171.35,11.73
VIA_M1M2_PR_15,VIA_M1M2_PR,181.47,11.73
VIA_M1M2_PR_16,VIA_M1M2_PR,183.77,11.73
VIA_M1M2_PR_17,VIA_M1M2_PR,158.93,12.07
VIA_M1M2_PR_18,VIA_M1M2_PR,161.23,12.07
VIA_M1M2_PR_19,VIA_M1M2_PR,162.15,12.07
VIA_M1M2_PR_20,VIA_M1M2_PR,165.83,12.07
VIA_M1M2_PR_21,VIA_M1M2_PR,166.29,12.07
VIA_M1M2_PR_22,VIA_M1M2_PR,170.43,12.07
VIA_M1M2_PR_23,VIA_M1M2_PR,171.81,12.07
VIA_M1M2_PR_24,VIA_M1M2_PR,173.65,12.07
VIA_M1M2_PR_25,VIA_M1M2_PR,174.11,12.07
VIA_M1M2_PR_26,VIA_M1M2_PR,175.49,12.07
VIA_M1M2_PR_27,VIA_M1M2_PR,181.93,12.07
VIA_M1M2_PR_28,VIA_M1M2_PR,185.15,12.07
VIA_M1M2_PR_29,VIA_M1M2_PR,186.07,12.07
VIA_M1M2_PR_30,VIA_M1M2_PR,186.99,12.07
VIA_M1M2_PR_31,VIA_M1M2_PR,160.31,12.41
VIA_M1M2_PR_32,VIA_M1M2_PR,165.37,12.41
VIA_M1M2_PR_33,VIA_M1M2_PR,168.59,12.41
VIA_M1M2_PR_34,VIA_M1M2_PR,172.73,12.41
VIA_M1M2_PR_35,VIA_M1M2_PR,179.17000000000002,12.41
VIA_M1M2_PR_36,VIA_M1M2_PR,179.63,12.41
VIA_M1M2_PR_37,VIA_M1M2_PR,189.75,12.41
VIA_M1M2_PR_38,VIA_M1M2_PR,166.75,12.75
VIA_M1M2_PR_39,VIA_M1M2_PR,173.19,12.75
VIA_M1M2_PR_40,VIA_M1M2_PR,174.11,12.75
VIA_M1M2_PR_41,VIA_M1M2_PR,159.39000000000001,13.09
VIA_M1M2_PR_42,VIA_M1M2_PR,169.05,13.09
VIA_M1M2_PR_43,VIA_M1M2_PR,172.27,13.09
VIA_M1M2_PR_44,VIA_M1M2_PR,181.93,13.09
VIA_M1M2_PR_45,VIA_M1M2_PR,154.79,14.11
VIA_M1M2_PR_46,VIA_M1M2_PR,159.85,14.11
VIA_M1M2_PR_47,VIA_M1M2_PR,169.97,14.11
VIA_M1M2_PR_48,VIA_M1M2_PR,171.35,14.11
VIA_M1M2_PR_49,VIA_M1M2_PR,171.81,14.11
VIA_M1M2_PR_50,VIA_M1M2_PR,174.57,14.11
VIA_M1M2_PR_51,VIA_M1M2_PR,183.31,14.11
VIA_M1M2_PR_52,VIA_M1M2_PR,186.07,14.11
VIA_M1M2_PR_53,VIA_M1M2_PR,162.15,14.450000000000001
VIA_M1M2_PR_54,VIA_M1M2_PR,173.65,14.450000000000001
VIA_M1M2_PR_55,VIA_M1M2_PR,177.33,14.450000000000001
VIA_M1M2_PR_56,VIA_M1M2_PR,179.63,14.450000000000001
VIA_M1M2_PR_57,VIA_M1M2_PR,185.15,14.450000000000001
VIA_M1M2_PR_58,VIA_M1M2_PR,156.17000000000002,14.790000000000001
VIA_M1M2_PR_59,VIA_M1M2_PR,157.55,14.790000000000001
VIA_M1M2_PR_60,VIA_M1M2_PR,161.23,14.790000000000001
VIA_M1M2_PR_61,VIA_M1M2_PR,167.21,14.790000000000001
VIA_M1M2_PR_62,VIA_M1M2_PR,168.13,14.790000000000001
VIA_M1M2_PR_63,VIA_M1M2_PR,170.43,14.790000000000001
VIA_M1M2_PR_64,VIA_M1M2_PR,180.09,14.790000000000001
VIA_M1M2_PR_65,VIA_M1M2_PR,183.31,14.790000000000001
VIA_M1M2_PR_66,VIA_M1M2_PR,185.61,14.790000000000001
VIA_M1M2_PR_67,VIA_M1M2_PR,154.79,15.13
VIA_M1M2_PR_68,VIA_M1M2_PR,158.47,15.13
VIA_M1M2_PR_69,VIA_M1M2_PR,159.39000000000001,15.13
VIA_M1M2_PR_70,VIA_M1M2_PR,161.69,15.13
VIA_M1M2_PR_71,VIA_M1M2_PR,166.29,15.13
VIA_M1M2_PR_72,VIA_M1M2_PR,172.27,15.13
VIA_M1M2_PR_73,VIA_M1M2_PR,174.11,15.13
VIA_M1M2_PR_74,VIA_M1M2_PR,176.87,15.13
VIA_M1M2_PR_75,VIA_M1M2_PR,178.25,15.13
VIA_M1M2_PR_76,VIA_M1M2_PR,180.55,15.13
VIA_M1M2_PR_77,VIA_M1M2_PR,182.85,15.13
VIA_M1M2_PR_78,VIA_M1M2_PR,175.95000000000002,15.24
VIA_M1M2_PR_79,VIA_M1M2_PR,153.41,15.47
VIA_M1M2_PR_80,VIA_M1M2_PR,162.15,15.47
VIA_M1M2_PR_81,VIA_M1M2_PR,163.53,15.47
VIA_M1M2_PR_82,VIA_M1M2_PR,173.19,15.47
VIA_M1M2_PR_83,VIA_M1M2_PR,179.17000000000002,15.47
VIA_M1M2_PR_84,VIA_M1M2_PR,184.69,15.47
VIA_M1M2_PR_85,VIA_M1M2_PR,190.21,15.47
VIA_M1M2_PR_86,VIA_M1M2_PR,157.09,15.81
VIA_M1M2_PR_87,VIA_M1M2_PR,161.23,15.81
VIA_M1M2_PR_88,VIA_M1M2_PR,182.39000000000001,15.81
VIA_M1M2_PR_89,VIA_M1M2_PR,182.85,15.81
VIA_M1M2_PR_90,VIA_M1M2_PR,190.67000000000002,15.81
VIA_M1M2_PR_91,VIA_M1M2_PR,159.39000000000001,16.830000000000002
VIA_M1M2_PR_92,VIA_M1M2_PR,167.67000000000002,16.830000000000002
VIA_M1M2_PR_93,VIA_M1M2_PR,175.03,16.830000000000002
VIA_M1M2_PR_94,VIA_M1M2_PR,154.33,17.17
VIA_M1M2_PR_95,VIA_M1M2_PR,158.93,17.17
VIA_M1M2_PR_96,VIA_M1M2_PR,159.85,17.17
VIA_M1M2_PR_97,VIA_M1M2_PR,163.07,17.17
VIA_M1M2_PR_98,VIA_M1M2_PR,170.43,17.17
VIA_M1M2_PR_99,VIA_M1M2_PR,173.65,17.17
VIA_M1M2_PR_100,VIA_M1M2_PR,155.25,17.51
VIA_M1M2_PR_101,VIA_M1M2_PR,157.55,17.51
VIA_M1M2_PR_102,VIA_M1M2_PR,158.47,17.51
VIA_M1M2_PR_103,VIA_M1M2_PR,161.23,17.51
VIA_M1M2_PR_104,VIA_M1M2_PR,162.61,17.51
VIA_M1M2_PR_105,VIA_M1M2_PR,167.67000000000002,17.51
VIA_M1M2_PR_106,VIA_M1M2_PR,172.27,17.51
VIA_M1M2_PR_107,VIA_M1M2_PR,175.95000000000002,17.51
VIA_M1M2_PR_108,VIA_M1M2_PR,176.41,17.51
VIA_M1M2_PR_109,VIA_M1M2_PR,179.63,17.51
VIA_M1M2_PR_110,VIA_M1M2_PR,180.09,17.51
VIA_M1M2_PR_111,VIA_M1M2_PR,183.77,17.51
VIA_M1M2_PR_112,VIA_M1M2_PR,184.23,17.51
VIA_M1M2_PR_113,VIA_M1M2_PR,184.69,17.51
VIA_M1M2_PR_114,VIA_M1M2_PR,151.57,17.85
VIA_M1M2_PR_115,VIA_M1M2_PR,155.71,17.85
VIA_M1M2_PR_116,VIA_M1M2_PR,157.09,17.85
VIA_M1M2_PR_117,VIA_M1M2_PR,159.85,17.85
VIA_M1M2_PR_118,VIA_M1M2_PR,160.77,17.85
VIA_M1M2_PR_119,VIA_M1M2_PR,163.99,17.85
VIA_M1M2_PR_120,VIA_M1M2_PR,164.45000000000002,17.85
VIA_M1M2_PR_121,VIA_M1M2_PR,166.75,17.85
VIA_M1M2_PR_122,VIA_M1M2_PR,168.59,17.85
VIA_M1M2_PR_123,VIA_M1M2_PR,173.65,17.85
VIA_M1M2_PR_124,VIA_M1M2_PR,174.11,17.85
VIA_M1M2_PR_125,VIA_M1M2_PR,175.49,17.85
VIA_M1M2_PR_126,VIA_M1M2_PR,177.33,17.85
VIA_M1M2_PR_127,VIA_M1M2_PR,181.01,17.85
VIA_M1M2_PR_128,VIA_M1M2_PR,188.83,17.85
VIA_M1M2_PR_129,VIA_M1M2_PR,152.49,18.19
VIA_M1M2_PR_130,VIA_M1M2_PR,174.57,18.19
VIA_M1M2_PR_131,VIA_M1M2_PR,186.53,18.19
VIA_M1M2_PR_132,VIA_M1M2_PR,157.09,18.53
VIA_M1M2_PR_133,VIA_M1M2_PR,165.37,18.53
VIA_M1M2_PR_134,VIA_M1M2_PR,176.41,18.53
VIA_M1M2_PR_135,VIA_M1M2_PR,178.25,18.53
VIA_M1M2_PR_136,VIA_M1M2_PR,182.39000000000001,18.53
VIA_M1M2_PR_137,VIA_M1M2_PR,184.69,18.53
VIA_M1M2_PR_138,VIA_M1M2_PR,188.37,18.53
VIA_M1M2_PR_139,VIA_M1M2_PR,161.23,19.55
VIA_M1M2_PR_140,VIA_M1M2_PR,163.07,19.55
VIA_M1M2_PR_141,VIA_M1M2_PR,176.41,19.55
VIA_M1M2_PR_142,VIA_M1M2_PR,179.63,19.55
VIA_M1M2_PR_143,VIA_M1M2_PR,184.69,19.55
VIA_M1M2_PR_144,VIA_M1M2_PR,154.79,19.89
VIA_M1M2_PR_145,VIA_M1M2_PR,157.55,19.89
VIA_M1M2_PR_146,VIA_M1M2_PR,161.69,19.89
VIA_M1M2_PR_147,VIA_M1M2_PR,167.21,19.89
VIA_M1M2_PR_148,VIA_M1M2_PR,184.23,19.89
VIA_M1M2_PR_149,VIA_M1M2_PR,100.51,20.23
VIA_M1M2_PR_150,VIA_M1M2_PR,163.53,20.23
VIA_M1M2_PR_151,VIA_M1M2_PR,163.99,20.23
VIA_M1M2_PR_152,VIA_M1M2_PR,164.45000000000002,20.23
VIA_M1M2_PR_153,VIA_M1M2_PR,181.47,20.23
VIA_M1M2_PR_154,VIA_M1M2_PR,183.31,20.23
VIA_M1M2_PR_155,VIA_M1M2_PR,184.69,20.23
VIA_M1M2_PR_156,VIA_M1M2_PR,107.87,20.57
VIA_M1M2_PR_157,VIA_M1M2_PR,154.79,20.57
VIA_M1M2_PR_158,VIA_M1M2_PR,157.55,20.57
VIA_M1M2_PR_159,VIA_M1M2_PR,159.39000000000001,20.57
VIA_M1M2_PR_160,VIA_M1M2_PR,161.23,20.57
VIA_M1M2_PR_161,VIA_M1M2_PR,165.83,20.57
VIA_M1M2_PR_162,VIA_M1M2_PR,167.21,20.57
VIA_M1M2_PR_163,VIA_M1M2_PR,170.89000000000001,20.57
VIA_M1M2_PR_164,VIA_M1M2_PR,172.27,20.57
VIA_M1M2_PR_165,VIA_M1M2_PR,173.65,20.57
VIA_M1M2_PR_166,VIA_M1M2_PR,178.25,20.57
VIA_M1M2_PR_167,VIA_M1M2_PR,179.63,20.57
VIA_M1M2_PR_168,VIA_M1M2_PR,181.01,20.57
VIA_M1M2_PR_169,VIA_M1M2_PR,182.39000000000001,20.57
VIA_M1M2_PR_170,VIA_M1M2_PR,184.23,20.57
VIA_M1M2_PR_171,VIA_M1M2_PR,81.19,20.91
VIA_M1M2_PR_172,VIA_M1M2_PR,156.63,20.91
VIA_M1M2_PR_173,VIA_M1M2_PR,162.61,20.91
VIA_M1M2_PR_174,VIA_M1M2_PR,163.53,20.91
VIA_M1M2_PR_175,VIA_M1M2_PR,165.37,20.91
VIA_M1M2_PR_176,VIA_M1M2_PR,166.75,20.91
VIA_M1M2_PR_177,VIA_M1M2_PR,173.19,20.91
VIA_M1M2_PR_178,VIA_M1M2_PR,174.11,20.91
VIA_M1M2_PR_179,VIA_M1M2_PR,181.93,20.91
VIA_M1M2_PR_180,VIA_M1M2_PR,183.31,20.91
VIA_M1M2_PR_181,VIA_M1M2_PR,186.07,20.91
VIA_M1M2_PR_182,VIA_M1M2_PR,81.65,21.25
VIA_M1M2_PR_183,VIA_M1M2_PR,92.23,21.25
VIA_M1M2_PR_184,VIA_M1M2_PR,154.79,21.25
VIA_M1M2_PR_185,VIA_M1M2_PR,161.69,21.25
VIA_M1M2_PR_186,VIA_M1M2_PR,179.17000000000002,21.25
VIA_M1M2_PR_187,VIA_M1M2_PR,181.01,21.25
VIA_M1M2_PR_188,VIA_M1M2_PR,186.99,21.25
VIA_M1M2_PR_189,VIA_M1M2_PR,160.77,22.27
VIA_M1M2_PR_190,VIA_M1M2_PR,161.23,22.27
VIA_M1M2_PR_191,VIA_M1M2_PR,166.75,22.27
VIA_M1M2_PR_192,VIA_M1M2_PR,167.21,22.27
VIA_M1M2_PR_193,VIA_M1M2_PR,182.39000000000001,22.27
VIA_M1M2_PR_194,VIA_M1M2_PR,155.25,22.61
VIA_M1M2_PR_195,VIA_M1M2_PR,160.31,22.61
VIA_M1M2_PR_196,VIA_M1M2_PR,175.03,22.61
VIA_M1M2_PR_197,VIA_M1M2_PR,175.49,22.61
VIA_M1M2_PR_198,VIA_M1M2_PR,177.79,22.61
VIA_M1M2_PR_199,VIA_M1M2_PR,178.71,22.61
VIA_M1M2_PR_200,VIA_M1M2_PR,188.83,22.61
VIA_M1M2_PR_201,VIA_M1M2_PR,154.79,22.95
VIA_M1M2_PR_202,VIA_M1M2_PR,156.17000000000002,22.95
VIA_M1M2_PR_203,VIA_M1M2_PR,158.01,22.95
VIA_M1M2_PR_204,VIA_M1M2_PR,159.85,22.95
VIA_M1M2_PR_205,VIA_M1M2_PR,169.51,22.95
VIA_M1M2_PR_206,VIA_M1M2_PR,173.19,22.95
VIA_M1M2_PR_207,VIA_M1M2_PR,174.11,22.95
VIA_M1M2_PR_208,VIA_M1M2_PR,176.41,22.95
VIA_M1M2_PR_209,VIA_M1M2_PR,182.85,22.95
VIA_M1M2_PR_210,VIA_M1M2_PR,183.77,22.95
VIA_M1M2_PR_211,VIA_M1M2_PR,184.69,22.95
VIA_M1M2_PR_212,VIA_M1M2_PR,186.07,22.95
VIA_M1M2_PR_213,VIA_M1M2_PR,152.03,23.29
VIA_M1M2_PR_214,VIA_M1M2_PR,165.37,23.29
VIA_M1M2_PR_215,VIA_M1M2_PR,166.29,23.29
VIA_M1M2_PR_216,VIA_M1M2_PR,173.65,23.29
VIA_M1M2_PR_217,VIA_M1M2_PR,174.57,23.29
VIA_M1M2_PR_218,VIA_M1M2_PR,187.45000000000002,23.29
VIA_M1M2_PR_219,VIA_M1M2_PR,188.83,23.29
VIA_M1M2_PR_220,VIA_M1M2_PR,150.19,23.63
VIA_M1M2_PR_221,VIA_M1M2_PR,152.95000000000002,23.63
VIA_M1M2_PR_222,VIA_M1M2_PR,159.39000000000001,23.63
VIA_M1M2_PR_223,VIA_M1M2_PR,162.15,23.63
VIA_M1M2_PR_224,VIA_M1M2_PR,172.73,23.63
VIA_M1M2_PR_225,VIA_M1M2_PR,184.69,23.63
VIA_M1M2_PR_226,VIA_M1M2_PR,151.11,23.97
VIA_M1M2_PR_227,VIA_M1M2_PR,158.47,23.97
VIA_M1M2_PR_228,VIA_M1M2_PR,159.85,23.97
VIA_M1M2_PR_229,VIA_M1M2_PR,160.31,23.97
VIA_M1M2_PR_230,VIA_M1M2_PR,168.59,23.97
VIA_M1M2_PR_231,VIA_M1M2_PR,178.71,23.97
VIA_M1M2_PR_232,VIA_M1M2_PR,185.15,23.97
VIA_M1M2_PR_233,VIA_M1M2_PR,185.61,23.97
VIA_M1M2_PR_234,VIA_M1M2_PR,80.27,24.990000000000002
VIA_M1M2_PR_235,VIA_M1M2_PR,155.25,24.990000000000002
VIA_M1M2_PR_236,VIA_M1M2_PR,164.91,24.990000000000002
VIA_M1M2_PR_237,VIA_M1M2_PR,182.39000000000001,24.990000000000002
VIA_M1M2_PR_238,VIA_M1M2_PR,151.57,25.330000000000002
VIA_M1M2_PR_239,VIA_M1M2_PR,153.41,25.330000000000002
VIA_M1M2_PR_240,VIA_M1M2_PR,168.59,25.330000000000002
VIA_M1M2_PR_241,VIA_M1M2_PR,183.31,25.330000000000002
VIA_M1M2_PR_242,VIA_M1M2_PR,185.61,25.330000000000002
VIA_M1M2_PR_243,VIA_M1M2_PR,148.81,25.67
VIA_M1M2_PR_244,VIA_M1M2_PR,169.51,25.67
VIA_M1M2_PR_245,VIA_M1M2_PR,173.19,25.67
VIA_M1M2_PR_246,VIA_M1M2_PR,174.57,25.67
VIA_M1M2_PR_247,VIA_M1M2_PR,183.77,25.67
VIA_M1M2_PR_248,VIA_M1M2_PR,82.11,26.01
VIA_M1M2_PR_249,VIA_M1M2_PR,108.33,26.01
VIA_M1M2_PR_250,VIA_M1M2_PR,151.11,26.01
VIA_M1M2_PR_251,VIA_M1M2_PR,153.41,26.01
VIA_M1M2_PR_252,VIA_M1M2_PR,155.25,26.01
VIA_M1M2_PR_253,VIA_M1M2_PR,158.01,26.01
VIA_M1M2_PR_254,VIA_M1M2_PR,158.47,26.01
VIA_M1M2_PR_255,VIA_M1M2_PR,160.77,26.01
VIA_M1M2_PR_256,VIA_M1M2_PR,161.23,26.01
VIA_M1M2_PR_257,VIA_M1M2_PR,162.15,26.01
VIA_M1M2_PR_258,VIA_M1M2_PR,163.53,26.01
VIA_M1M2_PR_259,VIA_M1M2_PR,164.45000000000002,26.01
VIA_M1M2_PR_260,VIA_M1M2_PR,166.29,26.01
VIA_M1M2_PR_261,VIA_M1M2_PR,168.59,26.01
VIA_M1M2_PR_262,VIA_M1M2_PR,177.79,26.01
VIA_M1M2_PR_263,VIA_M1M2_PR,181.47,26.01
VIA_M1M2_PR_264,VIA_M1M2_PR,183.31,26.01
VIA_M1M2_PR_265,VIA_M1M2_PR,184.69,26.01
VIA_M1M2_PR_266,VIA_M1M2_PR,77.97,26.35
VIA_M1M2_PR_267,VIA_M1M2_PR,78.89,26.35
VIA_M1M2_PR_268,VIA_M1M2_PR,81.65,26.35
VIA_M1M2_PR_269,VIA_M1M2_PR,100.97,26.35
VIA_M1M2_PR_270,VIA_M1M2_PR,157.55,26.35
VIA_M1M2_PR_271,VIA_M1M2_PR,176.87,26.35
VIA_M1M2_PR_272,VIA_M1M2_PR,182.39000000000001,26.35
VIA_M1M2_PR_273,VIA_M1M2_PR,186.07,26.35
VIA_M1M2_PR_274,VIA_M1M2_PR,187.45000000000002,26.35
VIA_M1M2_PR_275,VIA_M1M2_PR,83.49,26.69
VIA_M1M2_PR_276,VIA_M1M2_PR,83.95,26.69
VIA_M1M2_PR_277,VIA_M1M2_PR,97.75,26.69
VIA_M1M2_PR_278,VIA_M1M2_PR,150.19,26.69
VIA_M1M2_PR_279,VIA_M1M2_PR,153.41,26.69
VIA_M1M2_PR_280,VIA_M1M2_PR,156.17000000000002,26.69
VIA_M1M2_PR_281,VIA_M1M2_PR,164.45000000000002,26.69
VIA_M1M2_PR_282,VIA_M1M2_PR,167.67000000000002,26.69
VIA_M1M2_PR_283,VIA_M1M2_PR,83.95,27.71
VIA_M1M2_PR_284,VIA_M1M2_PR,101.89,27.71
VIA_M1M2_PR_285,VIA_M1M2_PR,161.69,27.71
VIA_M1M2_PR_286,VIA_M1M2_PR,162.61,27.71
VIA_M1M2_PR_287,VIA_M1M2_PR,177.33,27.71
VIA_M1M2_PR_288,VIA_M1M2_PR,182.39000000000001,27.71
VIA_M1M2_PR_289,VIA_M1M2_PR,83.49,28.05
VIA_M1M2_PR_290,VIA_M1M2_PR,106.95,28.05
VIA_M1M2_PR_291,VIA_M1M2_PR,151.57,28.05
VIA_M1M2_PR_292,VIA_M1M2_PR,152.03,28.05
VIA_M1M2_PR_293,VIA_M1M2_PR,165.37,28.05
VIA_M1M2_PR_294,VIA_M1M2_PR,167.21,28.05
VIA_M1M2_PR_295,VIA_M1M2_PR,171.35,28.05
VIA_M1M2_PR_296,VIA_M1M2_PR,179.63,28.05
VIA_M1M2_PR_297,VIA_M1M2_PR,151.11,28.39
VIA_M1M2_PR_298,VIA_M1M2_PR,152.95000000000002,28.39
VIA_M1M2_PR_299,VIA_M1M2_PR,154.33,28.39
VIA_M1M2_PR_300,VIA_M1M2_PR,157.55,28.39
VIA_M1M2_PR_301,VIA_M1M2_PR,158.01,28.39
VIA_M1M2_PR_302,VIA_M1M2_PR,158.93,28.39
VIA_M1M2_PR_303,VIA_M1M2_PR,159.85,28.39
VIA_M1M2_PR_304,VIA_M1M2_PR,162.15,28.39
VIA_M1M2_PR_305,VIA_M1M2_PR,162.61,28.39
VIA_M1M2_PR_306,VIA_M1M2_PR,163.53,28.39
VIA_M1M2_PR_307,VIA_M1M2_PR,166.75,28.39
VIA_M1M2_PR_308,VIA_M1M2_PR,173.19,28.39
VIA_M1M2_PR_309,VIA_M1M2_PR,182.85,28.39
VIA_M1M2_PR_310,VIA_M1M2_PR,185.61,28.39
VIA_M1M2_PR_311,VIA_M1M2_PR,161.23,28.73
VIA_M1M2_PR_312,VIA_M1M2_PR,169.51,28.73
VIA_M1M2_PR_313,VIA_M1M2_PR,176.87,28.73
VIA_M1M2_PR_314,VIA_M1M2_PR,183.77,28.73
VIA_M1M2_PR_315,VIA_M1M2_PR,154.79,29.07
VIA_M1M2_PR_316,VIA_M1M2_PR,158.01,29.07
VIA_M1M2_PR_317,VIA_M1M2_PR,169.97,29.07
VIA_M1M2_PR_318,VIA_M1M2_PR,185.15,29.07
VIA_M1M2_PR_319,VIA_M1M2_PR,186.07,29.07
VIA_M1M2_PR_320,VIA_M1M2_PR,152.03,29.41
VIA_M1M2_PR_321,VIA_M1M2_PR,153.87,29.41
VIA_M1M2_PR_322,VIA_M1M2_PR,155.25,29.41
VIA_M1M2_PR_323,VIA_M1M2_PR,166.29,29.41
VIA_M1M2_PR_324,VIA_M1M2_PR,166.75,29.41
VIA_M1M2_PR_325,VIA_M1M2_PR,169.51,29.41
VIA_M1M2_PR_326,VIA_M1M2_PR,175.03,29.41
VIA_M1M2_PR_327,VIA_M1M2_PR,165.37,30.43
VIA_M1M2_PR_328,VIA_M1M2_PR,165.83,30.43
VIA_M1M2_PR_329,VIA_M1M2_PR,181.93,30.43
VIA_M1M2_PR_330,VIA_M1M2_PR,186.07,30.43
VIA_M1M2_PR_331,VIA_M1M2_PR,153.87,30.77
VIA_M1M2_PR_332,VIA_M1M2_PR,157.09,30.77
VIA_M1M2_PR_333,VIA_M1M2_PR,159.85,30.77
VIA_M1M2_PR_334,VIA_M1M2_PR,161.69,30.77
VIA_M1M2_PR_335,VIA_M1M2_PR,163.53,30.77
VIA_M1M2_PR_336,VIA_M1M2_PR,155.25,31.11
VIA_M1M2_PR_337,VIA_M1M2_PR,157.55,31.11
VIA_M1M2_PR_338,VIA_M1M2_PR,158.01,31.11
VIA_M1M2_PR_339,VIA_M1M2_PR,169.51,31.11
VIA_M1M2_PR_340,VIA_M1M2_PR,175.49,31.11
VIA_M1M2_PR_341,VIA_M1M2_PR,181.93,31.11
VIA_M1M2_PR_342,VIA_M1M2_PR,148.81,31.45
VIA_M1M2_PR_343,VIA_M1M2_PR,152.49,31.45
VIA_M1M2_PR_344,VIA_M1M2_PR,154.33,31.45
VIA_M1M2_PR_345,VIA_M1M2_PR,157.09,31.45
VIA_M1M2_PR_346,VIA_M1M2_PR,161.23,31.45
VIA_M1M2_PR_347,VIA_M1M2_PR,162.15,31.45
VIA_M1M2_PR_348,VIA_M1M2_PR,163.53,31.45
VIA_M1M2_PR_349,VIA_M1M2_PR,164.45000000000002,31.45
VIA_M1M2_PR_350,VIA_M1M2_PR,171.35,31.45
VIA_M1M2_PR_351,VIA_M1M2_PR,173.19,31.45
VIA_M1M2_PR_352,VIA_M1M2_PR,177.79,31.45
VIA_M1M2_PR_353,VIA_M1M2_PR,185.15,31.45
VIA_M1M2_PR_354,VIA_M1M2_PR,155.25,31.79
VIA_M1M2_PR_355,VIA_M1M2_PR,156.63,31.79
VIA_M1M2_PR_356,VIA_M1M2_PR,160.31,31.79
VIA_M1M2_PR_357,VIA_M1M2_PR,160.77,31.79
VIA_M1M2_PR_358,VIA_M1M2_PR,163.99,31.79
VIA_M1M2_PR_359,VIA_M1M2_PR,166.75,31.79
VIA_M1M2_PR_360,VIA_M1M2_PR,168.13,31.79
VIA_M1M2_PR_361,VIA_M1M2_PR,174.57,31.79
VIA_M1M2_PR_362,VIA_M1M2_PR,185.61,31.79
VIA_M1M2_PR_363,VIA_M1M2_PR,156.17000000000002,32.13
VIA_M1M2_PR_364,VIA_M1M2_PR,161.23,32.13
VIA_M1M2_PR_365,VIA_M1M2_PR,164.91,32.13
VIA_M1M2_PR_366,VIA_M1M2_PR,165.83,32.13
VIA_M1M2_PR_367,VIA_M1M2_PR,169.51,32.13
VIA_M1M2_PR_368,VIA_M1M2_PR,171.81,32.13
VIA_M1M2_PR_369,VIA_M1M2_PR,176.41,32.13
VIA_M1M2_PR_370,VIA_M1M2_PR,184.23,32.13
VIA_M1M2_PR_371,VIA_M1M2_PR,186.07,32.13
VIA_M1M2_PR_372,VIA_M1M2_PR,84.41,33.15
VIA_M1M2_PR_373,VIA_M1M2_PR,135.01,33.15
VIA_M1M2_PR_374,VIA_M1M2_PR,154.33,33.15
VIA_M1M2_PR_375,VIA_M1M2_PR,157.55,33.15
VIA_M1M2_PR_376,VIA_M1M2_PR,160.31,33.15
VIA_M1M2_PR_377,VIA_M1M2_PR,161.69,33.15
VIA_M1M2_PR_378,VIA_M1M2_PR,162.61,33.15
VIA_M1M2_PR_379,VIA_M1M2_PR,164.45000000000002,33.15
VIA_M1M2_PR_380,VIA_M1M2_PR,168.59,33.15
VIA_M1M2_PR_381,VIA_M1M2_PR,169.97,33.15
VIA_M1M2_PR_382,VIA_M1M2_PR,172.27,33.15
VIA_M1M2_PR_383,VIA_M1M2_PR,184.69,33.15
VIA_M1M2_PR_384,VIA_M1M2_PR,185.61,33.15
VIA_M1M2_PR_385,VIA_M1M2_PR,158.01,33.49
VIA_M1M2_PR_386,VIA_M1M2_PR,160.77,33.49
VIA_M1M2_PR_387,VIA_M1M2_PR,175.03,33.49
VIA_M1M2_PR_388,VIA_M1M2_PR,77.97,33.83
VIA_M1M2_PR_389,VIA_M1M2_PR,100.05,33.83
VIA_M1M2_PR_390,VIA_M1M2_PR,154.79,33.83
VIA_M1M2_PR_391,VIA_M1M2_PR,157.55,33.83
VIA_M1M2_PR_392,VIA_M1M2_PR,158.47,33.83
VIA_M1M2_PR_393,VIA_M1M2_PR,159.39000000000001,33.83
VIA_M1M2_PR_394,VIA_M1M2_PR,160.31,33.83
VIA_M1M2_PR_395,VIA_M1M2_PR,162.61,33.83
VIA_M1M2_PR_396,VIA_M1M2_PR,163.53,33.83
VIA_M1M2_PR_397,VIA_M1M2_PR,163.99,33.83
VIA_M1M2_PR_398,VIA_M1M2_PR,166.29,33.83
VIA_M1M2_PR_399,VIA_M1M2_PR,168.59,33.83
VIA_M1M2_PR_400,VIA_M1M2_PR,171.35,33.83
VIA_M1M2_PR_401,VIA_M1M2_PR,174.11,33.83
VIA_M1M2_PR_402,VIA_M1M2_PR,176.41,33.83
VIA_M1M2_PR_403,VIA_M1M2_PR,188.37,33.83
VIA_M1M2_PR_404,VIA_M1M2_PR,73.37,34.17
VIA_M1M2_PR_405,VIA_M1M2_PR,87.63,34.17
VIA_M1M2_PR_406,VIA_M1M2_PR,153.41,34.17
VIA_M1M2_PR_407,VIA_M1M2_PR,169.51,34.17
VIA_M1M2_PR_408,VIA_M1M2_PR,171.81,34.17
VIA_M1M2_PR_409,VIA_M1M2_PR,175.95000000000002,34.17
VIA_M1M2_PR_410,VIA_M1M2_PR,176.87,34.17
VIA_M1M2_PR_411,VIA_M1M2_PR,177.33,34.17
VIA_M1M2_PR_412,VIA_M1M2_PR,184.23,34.17
VIA_M1M2_PR_413,VIA_M1M2_PR,188.83,34.17
VIA_M1M2_PR_414,VIA_M1M2_PR,158.47,34.51
VIA_M1M2_PR_415,VIA_M1M2_PR,160.77,34.51
VIA_M1M2_PR_416,VIA_M1M2_PR,163.07,34.51
VIA_M1M2_PR_417,VIA_M1M2_PR,167.21,34.51
VIA_M1M2_PR_418,VIA_M1M2_PR,169.05,34.51
VIA_M1M2_PR_419,VIA_M1M2_PR,157.09,34.85
VIA_M1M2_PR_420,VIA_M1M2_PR,157.55,34.85
VIA_M1M2_PR_421,VIA_M1M2_PR,172.27,34.85
VIA_M1M2_PR_422,VIA_M1M2_PR,175.95000000000002,34.85
VIA_M1M2_PR_423,VIA_M1M2_PR,185.61,34.85
VIA_M1M2_PR_424,VIA_M1M2_PR,158.01,35.87
VIA_M1M2_PR_425,VIA_M1M2_PR,161.23,35.87
VIA_M1M2_PR_426,VIA_M1M2_PR,163.99,35.87
VIA_M1M2_PR_427,VIA_M1M2_PR,169.05,35.87
VIA_M1M2_PR_428,VIA_M1M2_PR,169.51,35.87
VIA_M1M2_PR_429,VIA_M1M2_PR,175.03,35.87
VIA_M1M2_PR_430,VIA_M1M2_PR,179.17000000000002,35.87
VIA_M1M2_PR_431,VIA_M1M2_PR,155.71,36.21
VIA_M1M2_PR_432,VIA_M1M2_PR,158.93,36.21
VIA_M1M2_PR_433,VIA_M1M2_PR,159.85,36.21
VIA_M1M2_PR_434,VIA_M1M2_PR,168.13,36.21
VIA_M1M2_PR_435,VIA_M1M2_PR,178.71,36.21
VIA_M1M2_PR_436,VIA_M1M2_PR,179.63,36.21
VIA_M1M2_PR_437,VIA_M1M2_PR,183.31,36.21
VIA_M1M2_PR_438,VIA_M1M2_PR,184.69,36.21
VIA_M1M2_PR_439,VIA_M1M2_PR,154.79,36.550000000000004
VIA_M1M2_PR_440,VIA_M1M2_PR,158.47,36.550000000000004
VIA_M1M2_PR_441,VIA_M1M2_PR,160.31,36.550000000000004
VIA_M1M2_PR_442,VIA_M1M2_PR,161.69,36.550000000000004
VIA_M1M2_PR_443,VIA_M1M2_PR,165.83,36.550000000000004
VIA_M1M2_PR_444,VIA_M1M2_PR,166.75,36.550000000000004
VIA_M1M2_PR_445,VIA_M1M2_PR,169.51,36.550000000000004
VIA_M1M2_PR_446,VIA_M1M2_PR,185.61,36.550000000000004
VIA_M1M2_PR_447,VIA_M1M2_PR,77.97,36.89
VIA_M1M2_PR_448,VIA_M1M2_PR,152.49,36.89
VIA_M1M2_PR_449,VIA_M1M2_PR,153.41,36.89
VIA_M1M2_PR_450,VIA_M1M2_PR,162.15,36.89
VIA_M1M2_PR_451,VIA_M1M2_PR,163.07,36.89
VIA_M1M2_PR_452,VIA_M1M2_PR,171.35,36.89
VIA_M1M2_PR_453,VIA_M1M2_PR,177.33,36.89
VIA_M1M2_PR_454,VIA_M1M2_PR,181.47,36.89
VIA_M1M2_PR_455,VIA_M1M2_PR,79.81,37.230000000000004
VIA_M1M2_PR_456,VIA_M1M2_PR,83.03,37.230000000000004
VIA_M1M2_PR_457,VIA_M1M2_PR,157.55,37.230000000000004
VIA_M1M2_PR_458,VIA_M1M2_PR,165.83,37.230000000000004
VIA_M1M2_PR_459,VIA_M1M2_PR,166.29,37.230000000000004
VIA_M1M2_PR_460,VIA_M1M2_PR,167.67000000000002,37.230000000000004
VIA_M1M2_PR_461,VIA_M1M2_PR,176.41,37.230000000000004
VIA_M1M2_PR_462,VIA_M1M2_PR,185.61,37.230000000000004
VIA_M1M2_PR_463,VIA_M1M2_PR,82.57000000000001,37.57
VIA_M1M2_PR_464,VIA_M1M2_PR,88.55,37.57
VIA_M1M2_PR_465,VIA_M1M2_PR,160.77,37.57
VIA_M1M2_PR_466,VIA_M1M2_PR,169.05,37.57
VIA_M1M2_PR_467,VIA_M1M2_PR,169.97,37.57
VIA_M1M2_PR_468,VIA_M1M2_PR,171.81,37.57
VIA_M1M2_PR_469,VIA_M1M2_PR,176.87,37.57
VIA_M1M2_PR_470,VIA_M1M2_PR,181.01,37.57
VIA_M1M2_PR_471,VIA_M1M2_PR,181.93,37.57
VIA_M1M2_PR_472,VIA_M1M2_PR,187.91,37.57
VIA_M1M2_PR_473,VIA_M1M2_PR,76.13,38.59
VIA_M1M2_PR_474,VIA_M1M2_PR,79.35000000000001,38.59
VIA_M1M2_PR_475,VIA_M1M2_PR,157.09,38.59
VIA_M1M2_PR_476,VIA_M1M2_PR,164.45000000000002,38.59
VIA_M1M2_PR_477,VIA_M1M2_PR,169.51,38.59
VIA_M1M2_PR_478,VIA_M1M2_PR,177.79,38.59
VIA_M1M2_PR_479,VIA_M1M2_PR,72.45,38.93
VIA_M1M2_PR_480,VIA_M1M2_PR,82.57000000000001,38.93
VIA_M1M2_PR_481,VIA_M1M2_PR,91.77,38.93
VIA_M1M2_PR_482,VIA_M1M2_PR,155.25,38.93
VIA_M1M2_PR_483,VIA_M1M2_PR,169.97,38.93
VIA_M1M2_PR_484,VIA_M1M2_PR,177.33,38.93
VIA_M1M2_PR_485,VIA_M1M2_PR,184.23,38.93
VIA_M1M2_PR_486,VIA_M1M2_PR,186.99,38.93
VIA_M1M2_PR_487,VIA_M1M2_PR,188.37,38.93
VIA_M1M2_PR_488,VIA_M1M2_PR,75.67,39.27
VIA_M1M2_PR_489,VIA_M1M2_PR,76.13,39.27
VIA_M1M2_PR_490,VIA_M1M2_PR,76.59,39.27
VIA_M1M2_PR_491,VIA_M1M2_PR,158.01,39.27
VIA_M1M2_PR_492,VIA_M1M2_PR,158.47,39.27
VIA_M1M2_PR_493,VIA_M1M2_PR,159.39000000000001,39.27
VIA_M1M2_PR_494,VIA_M1M2_PR,160.77,39.27
VIA_M1M2_PR_495,VIA_M1M2_PR,162.15,39.27
VIA_M1M2_PR_496,VIA_M1M2_PR,165.83,39.27
VIA_M1M2_PR_497,VIA_M1M2_PR,169.51,39.27
VIA_M1M2_PR_498,VIA_M1M2_PR,171.81,39.27
VIA_M1M2_PR_499,VIA_M1M2_PR,174.57,39.27
VIA_M1M2_PR_500,VIA_M1M2_PR,181.01,39.27
VIA_M1M2_PR_501,VIA_M1M2_PR,182.85,39.27
VIA_M1M2_PR_502,VIA_M1M2_PR,186.07,39.27
VIA_M1M2_PR_503,VIA_M1M2_PR,190.21,39.27
VIA_M1M2_PR_504,VIA_M1M2_PR,74.29,39.61
VIA_M1M2_PR_505,VIA_M1M2_PR,77.05,39.61
VIA_M1M2_PR_506,VIA_M1M2_PR,82.11,39.61
VIA_M1M2_PR_507,VIA_M1M2_PR,83.03,39.61
VIA_M1M2_PR_508,VIA_M1M2_PR,91.31,39.61
VIA_M1M2_PR_509,VIA_M1M2_PR,161.23,39.61
VIA_M1M2_PR_510,VIA_M1M2_PR,169.05,39.61
VIA_M1M2_PR_511,VIA_M1M2_PR,181.93,39.61
VIA_M1M2_PR_512,VIA_M1M2_PR,73.83,39.95
VIA_M1M2_PR_513,VIA_M1M2_PR,160.77,39.95
VIA_M1M2_PR_514,VIA_M1M2_PR,177.79,39.95
VIA_M1M2_PR_515,VIA_M1M2_PR,80.27,40.29
VIA_M1M2_PR_516,VIA_M1M2_PR,154.79,40.29
VIA_M1M2_PR_517,VIA_M1M2_PR,155.71,40.29
VIA_M1M2_PR_518,VIA_M1M2_PR,159.39000000000001,40.29
VIA_M1M2_PR_519,VIA_M1M2_PR,163.07,40.29
VIA_M1M2_PR_520,VIA_M1M2_PR,176.87,40.29
VIA_M1M2_PR_521,VIA_M1M2_PR,179.17000000000002,40.29
VIA_M1M2_PR_522,VIA_M1M2_PR,185.15,40.29
VIA_M1M2_PR_523,VIA_M1M2_PR,58.65,41.31
VIA_M1M2_PR_524,VIA_M1M2_PR,73.83,41.31
VIA_M1M2_PR_525,VIA_M1M2_PR,76.59,41.31
VIA_M1M2_PR_526,VIA_M1M2_PR,155.71,41.31
VIA_M1M2_PR_527,VIA_M1M2_PR,157.09,41.31
VIA_M1M2_PR_528,VIA_M1M2_PR,167.21,41.31
VIA_M1M2_PR_529,VIA_M1M2_PR,180.09,41.31
VIA_M1M2_PR_530,VIA_M1M2_PR,189.75,41.31
VIA_M1M2_PR_531,VIA_M1M2_PR,76.13,41.65
VIA_M1M2_PR_532,VIA_M1M2_PR,92.23,41.65
VIA_M1M2_PR_533,VIA_M1M2_PR,109.71000000000001,41.65
VIA_M1M2_PR_534,VIA_M1M2_PR,156.63,41.65
VIA_M1M2_PR_535,VIA_M1M2_PR,162.15,41.65
VIA_M1M2_PR_536,VIA_M1M2_PR,182.85,41.65
VIA_M1M2_PR_537,VIA_M1M2_PR,75.21000000000001,41.99
VIA_M1M2_PR_538,VIA_M1M2_PR,88.55,41.99
VIA_M1M2_PR_539,VIA_M1M2_PR,157.55,41.99
VIA_M1M2_PR_540,VIA_M1M2_PR,160.77,41.99
VIA_M1M2_PR_541,VIA_M1M2_PR,162.61,41.99
VIA_M1M2_PR_542,VIA_M1M2_PR,166.29,41.99
VIA_M1M2_PR_543,VIA_M1M2_PR,168.13,41.99
VIA_M1M2_PR_544,VIA_M1M2_PR,169.05,41.99
VIA_M1M2_PR_545,VIA_M1M2_PR,179.17000000000002,41.99
VIA_M1M2_PR_546,VIA_M1M2_PR,181.93,41.99
VIA_M1M2_PR_547,VIA_M1M2_PR,185.61,41.99
VIA_M1M2_PR_548,VIA_M1M2_PR,77.05,42.33
VIA_M1M2_PR_549,VIA_M1M2_PR,89.47,42.33
VIA_M1M2_PR_550,VIA_M1M2_PR,92.23,42.33
VIA_M1M2_PR_551,VIA_M1M2_PR,92.69,42.33
VIA_M1M2_PR_552,VIA_M1M2_PR,157.09,42.33
VIA_M1M2_PR_553,VIA_M1M2_PR,158.01,42.33
VIA_M1M2_PR_554,VIA_M1M2_PR,162.15,42.33
VIA_M1M2_PR_555,VIA_M1M2_PR,163.07,42.33
VIA_M1M2_PR_556,VIA_M1M2_PR,164.45000000000002,42.33
VIA_M1M2_PR_557,VIA_M1M2_PR,167.21,42.33
VIA_M1M2_PR_558,VIA_M1M2_PR,171.81,42.33
VIA_M1M2_PR_559,VIA_M1M2_PR,173.19,42.33
VIA_M1M2_PR_560,VIA_M1M2_PR,181.47,42.33
VIA_M1M2_PR_561,VIA_M1M2_PR,182.85,42.33
VIA_M1M2_PR_562,VIA_M1M2_PR,185.15,42.33
VIA_M1M2_PR_563,VIA_M1M2_PR,186.99,42.33
VIA_M1M2_PR_564,VIA_M1M2_PR,159.85,42.67
VIA_M1M2_PR_565,VIA_M1M2_PR,176.87,42.67
VIA_M1M2_PR_566,VIA_M1M2_PR,183.31,42.67
VIA_M1M2_PR_567,VIA_M1M2_PR,70.15,43.01
VIA_M1M2_PR_568,VIA_M1M2_PR,72.91,43.01
VIA_M1M2_PR_569,VIA_M1M2_PR,75.67,43.01
VIA_M1M2_PR_570,VIA_M1M2_PR,83.03,43.01
VIA_M1M2_PR_571,VIA_M1M2_PR,83.95,43.01
VIA_M1M2_PR_572,VIA_M1M2_PR,159.39000000000001,43.01
VIA_M1M2_PR_573,VIA_M1M2_PR,167.21,43.01
VIA_M1M2_PR_574,VIA_M1M2_PR,170.89000000000001,43.01
VIA_M1M2_PR_575,VIA_M1M2_PR,171.35,43.01
VIA_M1M2_PR_576,VIA_M1M2_PR,178.71,43.01
VIA_M1M2_PR_577,VIA_M1M2_PR,184.23,43.01
VIA_M1M2_PR_578,VIA_M1M2_PR,70.61,44.03
VIA_M1M2_PR_579,VIA_M1M2_PR,73.37,44.03
VIA_M1M2_PR_580,VIA_M1M2_PR,79.81,44.03
VIA_M1M2_PR_581,VIA_M1M2_PR,158.01,44.03
VIA_M1M2_PR_582,VIA_M1M2_PR,169.97,44.03
VIA_M1M2_PR_583,VIA_M1M2_PR,175.03,44.03
VIA_M1M2_PR_584,VIA_M1M2_PR,178.71,44.03
VIA_M1M2_PR_585,VIA_M1M2_PR,181.93,44.03
VIA_M1M2_PR_586,VIA_M1M2_PR,188.37,44.03
VIA_M1M2_PR_587,VIA_M1M2_PR,76.13,44.37
VIA_M1M2_PR_588,VIA_M1M2_PR,77.97,44.37
VIA_M1M2_PR_589,VIA_M1M2_PR,83.95,44.37
VIA_M1M2_PR_590,VIA_M1M2_PR,84.41,44.37
VIA_M1M2_PR_591,VIA_M1M2_PR,88.09,44.37
VIA_M1M2_PR_592,VIA_M1M2_PR,157.09,44.37
VIA_M1M2_PR_593,VIA_M1M2_PR,168.13,44.37
VIA_M1M2_PR_594,VIA_M1M2_PR,169.51,44.37
VIA_M1M2_PR_595,VIA_M1M2_PR,186.07,44.37
VIA_M1M2_PR_596,VIA_M1M2_PR,190.67000000000002,44.37
VIA_M1M2_PR_597,VIA_M1M2_PR,70.15,44.71
VIA_M1M2_PR_598,VIA_M1M2_PR,71.07000000000001,44.71
VIA_M1M2_PR_599,VIA_M1M2_PR,73.37,44.71
VIA_M1M2_PR_600,VIA_M1M2_PR,74.75,44.71
VIA_M1M2_PR_601,VIA_M1M2_PR,78.43,44.71
VIA_M1M2_PR_602,VIA_M1M2_PR,118.45,44.71
VIA_M1M2_PR_603,VIA_M1M2_PR,118.91,44.71
VIA_M1M2_PR_604,VIA_M1M2_PR,159.39000000000001,44.71
VIA_M1M2_PR_605,VIA_M1M2_PR,159.85,44.71
VIA_M1M2_PR_606,VIA_M1M2_PR,160.31,44.71
VIA_M1M2_PR_607,VIA_M1M2_PR,162.15,44.71
VIA_M1M2_PR_608,VIA_M1M2_PR,164.45000000000002,44.71
VIA_M1M2_PR_609,VIA_M1M2_PR,166.29,44.71
VIA_M1M2_PR_610,VIA_M1M2_PR,166.75,44.71
VIA_M1M2_PR_611,VIA_M1M2_PR,170.89000000000001,44.71
VIA_M1M2_PR_612,VIA_M1M2_PR,173.65,44.71
VIA_M1M2_PR_613,VIA_M1M2_PR,177.79,44.71
VIA_M1M2_PR_614,VIA_M1M2_PR,182.39000000000001,44.71
VIA_M1M2_PR_615,VIA_M1M2_PR,184.23,44.71
VIA_M1M2_PR_616,VIA_M1M2_PR,185.15,44.71
VIA_M1M2_PR_617,VIA_M1M2_PR,68.77,45.050000000000004
VIA_M1M2_PR_618,VIA_M1M2_PR,79.81,45.050000000000004
VIA_M1M2_PR_619,VIA_M1M2_PR,92.23,45.050000000000004
VIA_M1M2_PR_620,VIA_M1M2_PR,93.61,45.050000000000004
VIA_M1M2_PR_621,VIA_M1M2_PR,117.99000000000001,45.050000000000004
VIA_M1M2_PR_622,VIA_M1M2_PR,156.17000000000002,45.050000000000004
VIA_M1M2_PR_623,VIA_M1M2_PR,165.83,45.050000000000004
VIA_M1M2_PR_624,VIA_M1M2_PR,169.97,45.050000000000004
VIA_M1M2_PR_625,VIA_M1M2_PR,179.63,45.050000000000004
VIA_M1M2_PR_626,VIA_M1M2_PR,73.37,45.39
VIA_M1M2_PR_627,VIA_M1M2_PR,82.57000000000001,45.39
VIA_M1M2_PR_628,VIA_M1M2_PR,160.31,45.39
VIA_M1M2_PR_629,VIA_M1M2_PR,167.21,45.39
VIA_M1M2_PR_630,VIA_M1M2_PR,172.73,45.39
VIA_M1M2_PR_631,VIA_M1M2_PR,176.87,45.39
VIA_M1M2_PR_632,VIA_M1M2_PR,180.09,45.39
VIA_M1M2_PR_633,VIA_M1M2_PR,187.45000000000002,45.39
VIA_M1M2_PR_634,VIA_M1M2_PR,71.99,45.730000000000004
VIA_M1M2_PR_635,VIA_M1M2_PR,78.43,45.730000000000004
VIA_M1M2_PR_636,VIA_M1M2_PR,83.49,45.730000000000004
VIA_M1M2_PR_637,VIA_M1M2_PR,92.23,45.730000000000004
VIA_M1M2_PR_638,VIA_M1M2_PR,119.83,45.730000000000004
VIA_M1M2_PR_639,VIA_M1M2_PR,161.23,45.730000000000004
VIA_M1M2_PR_640,VIA_M1M2_PR,162.61,45.730000000000004
VIA_M1M2_PR_641,VIA_M1M2_PR,166.29,45.730000000000004
VIA_M1M2_PR_642,VIA_M1M2_PR,173.65,45.730000000000004
VIA_M1M2_PR_643,VIA_M1M2_PR,175.03,45.730000000000004
VIA_M1M2_PR_644,VIA_M1M2_PR,182.39000000000001,45.730000000000004
VIA_M1M2_PR_645,VIA_M1M2_PR,189.29,45.730000000000004
VIA_M1M2_PR_646,VIA_M1M2_PR,68.77,46.75
VIA_M1M2_PR_647,VIA_M1M2_PR,70.61,46.75
VIA_M1M2_PR_648,VIA_M1M2_PR,74.75,46.75
VIA_M1M2_PR_649,VIA_M1M2_PR,77.97,46.75
VIA_M1M2_PR_650,VIA_M1M2_PR,87.63,46.75
VIA_M1M2_PR_651,VIA_M1M2_PR,91.77,46.75
VIA_M1M2_PR_652,VIA_M1M2_PR,118.91,46.75
VIA_M1M2_PR_653,VIA_M1M2_PR,122.13,46.75
VIA_M1M2_PR_654,VIA_M1M2_PR,123.05,46.75
VIA_M1M2_PR_655,VIA_M1M2_PR,163.53,46.75
VIA_M1M2_PR_656,VIA_M1M2_PR,165.37,46.75
VIA_M1M2_PR_657,VIA_M1M2_PR,178.71,46.75
VIA_M1M2_PR_658,VIA_M1M2_PR,179.63,46.75
VIA_M1M2_PR_659,VIA_M1M2_PR,71.99,47.09
VIA_M1M2_PR_660,VIA_M1M2_PR,74.29,47.09
VIA_M1M2_PR_661,VIA_M1M2_PR,82.57000000000001,47.09
VIA_M1M2_PR_662,VIA_M1M2_PR,117.99000000000001,47.09
VIA_M1M2_PR_663,VIA_M1M2_PR,170.89000000000001,47.09
VIA_M1M2_PR_664,VIA_M1M2_PR,171.81,47.09
VIA_M1M2_PR_665,VIA_M1M2_PR,177.79,47.09
VIA_M1M2_PR_666,VIA_M1M2_PR,79.35000000000001,47.43
VIA_M1M2_PR_667,VIA_M1M2_PR,119.83,47.43
VIA_M1M2_PR_668,VIA_M1M2_PR,122.13,47.43
VIA_M1M2_PR_669,VIA_M1M2_PR,173.19,47.43
VIA_M1M2_PR_670,VIA_M1M2_PR,175.95000000000002,47.43
VIA_M1M2_PR_671,VIA_M1M2_PR,69.69,47.77
VIA_M1M2_PR_672,VIA_M1M2_PR,72.91,47.77
VIA_M1M2_PR_673,VIA_M1M2_PR,74.75,47.77
VIA_M1M2_PR_674,VIA_M1M2_PR,83.03,47.77
VIA_M1M2_PR_675,VIA_M1M2_PR,88.09,47.77
VIA_M1M2_PR_676,VIA_M1M2_PR,92.23,47.77
VIA_M1M2_PR_677,VIA_M1M2_PR,92.69,47.77
VIA_M1M2_PR_678,VIA_M1M2_PR,93.61,47.77
VIA_M1M2_PR_679,VIA_M1M2_PR,115.23,47.77
VIA_M1M2_PR_680,VIA_M1M2_PR,118.45,47.77
VIA_M1M2_PR_681,VIA_M1M2_PR,162.15,47.77
VIA_M1M2_PR_682,VIA_M1M2_PR,166.29,47.77
VIA_M1M2_PR_683,VIA_M1M2_PR,171.35,47.77
VIA_M1M2_PR_684,VIA_M1M2_PR,176.87,47.77
VIA_M1M2_PR_685,VIA_M1M2_PR,177.79,47.77
VIA_M1M2_PR_686,VIA_M1M2_PR,178.25,47.77
VIA_M1M2_PR_687,VIA_M1M2_PR,180.09,47.77
VIA_M1M2_PR_688,VIA_M1M2_PR,182.39000000000001,47.77
VIA_M1M2_PR_689,VIA_M1M2_PR,182.85,47.77
VIA_M1M2_PR_690,VIA_M1M2_PR,184.23,47.77
VIA_M1M2_PR_691,VIA_M1M2_PR,72.45,48.11
VIA_M1M2_PR_692,VIA_M1M2_PR,75.67,48.11
VIA_M1M2_PR_693,VIA_M1M2_PR,77.05,48.11
VIA_M1M2_PR_694,VIA_M1M2_PR,85.79,48.11
VIA_M1M2_PR_695,VIA_M1M2_PR,123.51,48.11
VIA_M1M2_PR_696,VIA_M1M2_PR,167.21,48.11
VIA_M1M2_PR_697,VIA_M1M2_PR,177.33,48.11
VIA_M1M2_PR_698,VIA_M1M2_PR,73.83,48.45
VIA_M1M2_PR_699,VIA_M1M2_PR,79.35000000000001,48.45
VIA_M1M2_PR_700,VIA_M1M2_PR,82.57000000000001,48.45
VIA_M1M2_PR_701,VIA_M1M2_PR,87.63,48.45
VIA_M1M2_PR_702,VIA_M1M2_PR,91.77,48.45
VIA_M1M2_PR_703,VIA_M1M2_PR,116.61,48.45
VIA_M1M2_PR_704,VIA_M1M2_PR,172.73,48.45
VIA_M1M2_PR_705,VIA_M1M2_PR,177.79,48.45
VIA_M1M2_PR_706,VIA_M1M2_PR,186.53,48.45
VIA_M1M2_PR_707,VIA_M1M2_PR,71.07000000000001,49.47
VIA_M1M2_PR_708,VIA_M1M2_PR,75.21000000000001,49.47
VIA_M1M2_PR_709,VIA_M1M2_PR,78.43,49.47
VIA_M1M2_PR_710,VIA_M1M2_PR,168.59,49.47
VIA_M1M2_PR_711,VIA_M1M2_PR,170.43,49.47
VIA_M1M2_PR_712,VIA_M1M2_PR,181.47,49.47
VIA_M1M2_PR_713,VIA_M1M2_PR,74.29,49.81
VIA_M1M2_PR_714,VIA_M1M2_PR,85.79,49.81
VIA_M1M2_PR_715,VIA_M1M2_PR,88.55,49.81
VIA_M1M2_PR_716,VIA_M1M2_PR,92.69,49.81
VIA_M1M2_PR_717,VIA_M1M2_PR,116.61,49.81
VIA_M1M2_PR_718,VIA_M1M2_PR,118.91,49.81
VIA_M1M2_PR_719,VIA_M1M2_PR,123.51,49.81
VIA_M1M2_PR_720,VIA_M1M2_PR,163.53,49.81
VIA_M1M2_PR_721,VIA_M1M2_PR,171.35,49.81
VIA_M1M2_PR_722,VIA_M1M2_PR,181.93,49.81
VIA_M1M2_PR_723,VIA_M1M2_PR,72.91,50.15
VIA_M1M2_PR_724,VIA_M1M2_PR,73.83,50.15
VIA_M1M2_PR_725,VIA_M1M2_PR,75.21000000000001,50.15
VIA_M1M2_PR_726,VIA_M1M2_PR,76.59,50.15
VIA_M1M2_PR_727,VIA_M1M2_PR,79.35000000000001,50.15
VIA_M1M2_PR_728,VIA_M1M2_PR,79.81,50.15
VIA_M1M2_PR_729,VIA_M1M2_PR,135.47,50.15
VIA_M1M2_PR_730,VIA_M1M2_PR,165.37,50.15
VIA_M1M2_PR_731,VIA_M1M2_PR,165.83,50.15
VIA_M1M2_PR_732,VIA_M1M2_PR,166.29,50.15
VIA_M1M2_PR_733,VIA_M1M2_PR,167.21,50.15
VIA_M1M2_PR_734,VIA_M1M2_PR,172.73,50.15
VIA_M1M2_PR_735,VIA_M1M2_PR,173.19,50.15
VIA_M1M2_PR_736,VIA_M1M2_PR,173.65,50.15
VIA_M1M2_PR_737,VIA_M1M2_PR,175.95000000000002,50.15
VIA_M1M2_PR_738,VIA_M1M2_PR,179.63,50.15
VIA_M1M2_PR_739,VIA_M1M2_PR,188.37,50.15
VIA_M1M2_PR_740,VIA_M1M2_PR,69.69,50.49
VIA_M1M2_PR_741,VIA_M1M2_PR,80.73,50.49
VIA_M1M2_PR_742,VIA_M1M2_PR,83.95,50.49
VIA_M1M2_PR_743,VIA_M1M2_PR,118.45,50.49
VIA_M1M2_PR_744,VIA_M1M2_PR,124.43,50.49
VIA_M1M2_PR_745,VIA_M1M2_PR,167.67000000000002,50.49
VIA_M1M2_PR_746,VIA_M1M2_PR,174.11,50.49
VIA_M1M2_PR_747,VIA_M1M2_PR,184.69,50.49
VIA_M1M2_PR_748,VIA_M1M2_PR,76.13,50.83
VIA_M1M2_PR_749,VIA_M1M2_PR,77.51,50.83
VIA_M1M2_PR_750,VIA_M1M2_PR,172.73,50.83
VIA_M1M2_PR_751,VIA_M1M2_PR,75.67,51.17
VIA_M1M2_PR_752,VIA_M1M2_PR,93.61,51.17
VIA_M1M2_PR_753,VIA_M1M2_PR,114.77,51.17
VIA_M1M2_PR_754,VIA_M1M2_PR,123.97,51.17
VIA_M1M2_PR_755,VIA_M1M2_PR,164.91,51.17
VIA_M1M2_PR_756,VIA_M1M2_PR,88.09,52.19
VIA_M1M2_PR_757,VIA_M1M2_PR,117.99000000000001,52.19
VIA_M1M2_PR_758,VIA_M1M2_PR,171.81,52.19
VIA_M1M2_PR_759,VIA_M1M2_PR,173.19,52.19
VIA_M1M2_PR_760,VIA_M1M2_PR,74.29,52.53
VIA_M1M2_PR_761,VIA_M1M2_PR,79.81,52.53
VIA_M1M2_PR_762,VIA_M1M2_PR,81.65,52.53
VIA_M1M2_PR_763,VIA_M1M2_PR,83.49,52.53
VIA_M1M2_PR_764,VIA_M1M2_PR,85.79,52.53
VIA_M1M2_PR_765,VIA_M1M2_PR,97.75,52.53
VIA_M1M2_PR_766,VIA_M1M2_PR,122.13,52.53
VIA_M1M2_PR_767,VIA_M1M2_PR,122.59,52.53
VIA_M1M2_PR_768,VIA_M1M2_PR,162.15,52.53
VIA_M1M2_PR_769,VIA_M1M2_PR,178.71,52.53
VIA_M1M2_PR_770,VIA_M1M2_PR,75.21000000000001,52.870000000000005
VIA_M1M2_PR_771,VIA_M1M2_PR,80.73,52.870000000000005
VIA_M1M2_PR_772,VIA_M1M2_PR,83.03,52.870000000000005
VIA_M1M2_PR_773,VIA_M1M2_PR,123.97,52.870000000000005
VIA_M1M2_PR_774,VIA_M1M2_PR,163.99,52.870000000000005
VIA_M1M2_PR_775,VIA_M1M2_PR,177.79,52.870000000000005
VIA_M1M2_PR_776,VIA_M1M2_PR,74.29,53.21
VIA_M1M2_PR_777,VIA_M1M2_PR,75.67,53.21
VIA_M1M2_PR_778,VIA_M1M2_PR,77.51,53.21
VIA_M1M2_PR_779,VIA_M1M2_PR,115.69,53.21
VIA_M1M2_PR_780,VIA_M1M2_PR,116.61,53.21
VIA_M1M2_PR_781,VIA_M1M2_PR,117.99000000000001,53.21
VIA_M1M2_PR_782,VIA_M1M2_PR,167.21,53.21
VIA_M1M2_PR_783,VIA_M1M2_PR,167.67000000000002,53.21
VIA_M1M2_PR_784,VIA_M1M2_PR,169.97,53.21
VIA_M1M2_PR_785,VIA_M1M2_PR,170.43,53.21
VIA_M1M2_PR_786,VIA_M1M2_PR,174.11,53.21
VIA_M1M2_PR_787,VIA_M1M2_PR,175.03,53.21
VIA_M1M2_PR_788,VIA_M1M2_PR,187.91,53.21
VIA_M1M2_PR_789,VIA_M1M2_PR,75.21000000000001,53.550000000000004
VIA_M1M2_PR_790,VIA_M1M2_PR,84.41,53.550000000000004
VIA_M1M2_PR_791,VIA_M1M2_PR,118.91,53.550000000000004
VIA_M1M2_PR_792,VIA_M1M2_PR,171.81,53.550000000000004
VIA_M1M2_PR_793,VIA_M1M2_PR,71.99,53.89
VIA_M1M2_PR_794,VIA_M1M2_PR,73.37,53.89
VIA_M1M2_PR_795,VIA_M1M2_PR,92.23,53.89
VIA_M1M2_PR_796,VIA_M1M2_PR,169.51,53.89
VIA_M1M2_PR_797,VIA_M1M2_PR,170.89000000000001,53.89
VIA_M1M2_PR_798,VIA_M1M2_PR,76.59,54.910000000000004
VIA_M1M2_PR_799,VIA_M1M2_PR,112.93,54.910000000000004
VIA_M1M2_PR_800,VIA_M1M2_PR,116.61,54.910000000000004
VIA_M1M2_PR_801,VIA_M1M2_PR,169.05,54.910000000000004
VIA_M1M2_PR_802,VIA_M1M2_PR,88.55,55.25
VIA_M1M2_PR_803,VIA_M1M2_PR,115.23,55.25
VIA_M1M2_PR_804,VIA_M1M2_PR,115.69,55.25
VIA_M1M2_PR_805,VIA_M1M2_PR,117.99000000000001,55.25
VIA_M1M2_PR_806,VIA_M1M2_PR,165.37,55.25
VIA_M1M2_PR_807,VIA_M1M2_PR,172.73,55.25
VIA_M1M2_PR_808,VIA_M1M2_PR,181.93,55.25
VIA_M1M2_PR_809,VIA_M1M2_PR,77.51,55.59
VIA_M1M2_PR_810,VIA_M1M2_PR,79.35000000000001,55.59
VIA_M1M2_PR_811,VIA_M1M2_PR,79.81,55.59
VIA_M1M2_PR_812,VIA_M1M2_PR,82.57000000000001,55.59
VIA_M1M2_PR_813,VIA_M1M2_PR,83.49,55.59
VIA_M1M2_PR_814,VIA_M1M2_PR,91.31,55.59
VIA_M1M2_PR_815,VIA_M1M2_PR,113.39,55.59
VIA_M1M2_PR_816,VIA_M1M2_PR,118.91,55.59
VIA_M1M2_PR_817,VIA_M1M2_PR,160.31,55.59
VIA_M1M2_PR_818,VIA_M1M2_PR,171.81,55.59
VIA_M1M2_PR_819,VIA_M1M2_PR,191.13,55.59
VIA_M1M2_PR_820,VIA_M1M2_PR,83.03,55.93
VIA_M1M2_PR_821,VIA_M1M2_PR,85.79,55.93
VIA_M1M2_PR_822,VIA_M1M2_PR,168.13,55.93
VIA_M1M2_PR_823,VIA_M1M2_PR,183.77,55.93
VIA_M1M2_PR_824,VIA_M1M2_PR,74.75,56.27
VIA_M1M2_PR_825,VIA_M1M2_PR,76.13,56.27
VIA_M1M2_PR_826,VIA_M1M2_PR,186.99,56.27
VIA_M1M2_PR_827,VIA_M1M2_PR,77.97,56.61
VIA_M1M2_PR_828,VIA_M1M2_PR,172.27,56.61
VIA_M1M2_PR_829,VIA_M1M2_PR,77.05,57.63
VIA_M1M2_PR_830,VIA_M1M2_PR,77.51,57.63
VIA_M1M2_PR_831,VIA_M1M2_PR,122.59,57.63
VIA_M1M2_PR_832,VIA_M1M2_PR,71.99,57.97
VIA_M1M2_PR_833,VIA_M1M2_PR,108.79,57.97
VIA_M1M2_PR_834,VIA_M1M2_PR,75.21000000000001,58.31
VIA_M1M2_PR_835,VIA_M1M2_PR,91.31,58.31
VIA_M1M2_PR_836,VIA_M1M2_PR,122.13,58.31
VIA_M1M2_PR_837,VIA_M1M2_PR,114.77,58.65
VIA_M1M2_PR_838,VIA_M1M2_PR,117.07000000000001,58.65
VIA_M1M2_PR_839,VIA_M1M2_PR,123.05,58.65
VIA_M1M2_PR_840,VIA_M1M2_PR,83.49,58.99
VIA_M1M2_PR_841,VIA_M1M2_PR,84.41,58.99
VIA_M1M2_PR_842,VIA_M1M2_PR,188.83,58.99
VIA_M1M2_PR_843,VIA_M1M2_PR,118.91,59.33
VIA_M1M2_PR_844,VIA_M1M2_PR,80.27,60.35
VIA_M1M2_PR_845,VIA_M1M2_PR,110.63,60.35
VIA_M1M2_PR_846,VIA_M1M2_PR,113.39,60.35
VIA_M1M2_PR_847,VIA_M1M2_PR,121.67,60.35
VIA_M1M2_PR_848,VIA_M1M2_PR,185.61,60.35
VIA_M1M2_PR_849,VIA_M1M2_PR,79.35000000000001,60.69
VIA_M1M2_PR_850,VIA_M1M2_PR,83.03,60.69
VIA_M1M2_PR_851,VIA_M1M2_PR,123.05,60.69
VIA_M1M2_PR_852,VIA_M1M2_PR,91.77,61.03
VIA_M1M2_PR_853,VIA_M1M2_PR,112.93,61.03
VIA_M1M2_PR_854,VIA_M1M2_PR,115.23,61.03
VIA_M1M2_PR_855,VIA_M1M2_PR,117.07000000000001,61.03
VIA_M1M2_PR_856,VIA_M1M2_PR,118.91,61.03
VIA_M1M2_PR_857,VIA_M1M2_PR,81.65,61.370000000000005
VIA_M1M2_PR_858,VIA_M1M2_PR,80.27,61.71
VIA_M1M2_PR_859,VIA_M1M2_PR,113.85000000000001,61.71
VIA_M1M2_PR_860,VIA_M1M2_PR,118.45,61.71
VIA_M1M2_PR_861,VIA_M1M2_PR,122.13,61.71
VIA_M1M2_PR_862,VIA_M1M2_PR,76.59,62.050000000000004
VIA_M1M2_PR_863,VIA_M1M2_PR,113.39,62.050000000000004
VIA_M1M2_PR_864,VIA_M1M2_PR,117.99000000000001,62.050000000000004
VIA_M1M2_PR_865,VIA_M1M2_PR,122.59,62.050000000000004
VIA_M1M2_PR_866,VIA_M1M2_PR,108.33,63.07
VIA_M1M2_PR_867,VIA_M1M2_PR,113.85000000000001,63.75
VIA_M1M2_PR_868,VIA_M1M2_PR,113.39,64.09
VIA_M1M2_PR_869,VIA_M1M2_PR,123.51,64.43
VIA_M1M2_PR_870,VIA_M1M2_PR,112.01,64.77
VIA_M1M2_PR_871,VIA_M1M2_PR,112.47,64.77
VIA_M1M2_PR_872,VIA_M1M2_PR,115.23,65.79
VIA_M1M2_PR_873,VIA_M1M2_PR,112.47,66.13
VIA_M1M2_PR_874,VIA_M1M2_PR,113.85000000000001,66.47
VIA_M1M2_PR_875,VIA_M1M2_PR,114.31,66.47
VIA_M1M2_PR_876,VIA_M1M2_PR,116.15,66.47
VIA_M1M2_PR_877,VIA_M1M2_PR,121.67,66.47
VIA_M1M2_PR_878,VIA_M1M2_PR,116.61,66.81
VIA_M1M2_PR_879,VIA_M1M2_PR,117.99000000000001,66.81
VIA_M1M2_PR_880,VIA_M1M2_PR,112.47,67.15
VIA_M1M2_PR_881,VIA_M1M2_PR,111.55,67.49
VIA_M1M2_PR_882,VIA_M1M2_PR,117.99000000000001,67.49
VIA_M1M2_PR_883,VIA_M1M2_PR,123.05,67.49
VIA_M1M2_PR_884,VIA_M1M2_PR,113.39,68.51
VIA_M1M2_PR_885,VIA_M1M2_PR,112.01,68.85000000000001
VIA_M1M2_PR_886,VIA_M1M2_PR,115.23,68.85000000000001
VIA_M1M2_PR_887,VIA_M1M2_PR,122.59,68.85000000000001
VIA_M1M2_PR_888,VIA_M1M2_PR,110.63,69.19
VIA_M1M2_PR_889,VIA_M1M2_PR,111.09,69.19
VIA_M1M2_PR_890,VIA_M1M2_PR,113.85000000000001,69.19
VIA_M1M2_PR_891,VIA_M1M2_PR,118.45,69.19
VIA_M1M2_PR_892,VIA_M1M2_PR,112.93,69.53
VIA_M1M2_PR_893,VIA_M1M2_PR,114.77,69.53
VIA_M1M2_PR_894,VIA_M1M2_PR,117.07000000000001,69.53
VIA_M1M2_PR_895,VIA_M1M2_PR,118.91,69.53
VIA_M1M2_PR_896,VIA_M1M2_PR,121.67,69.53
VIA_M1M2_PR_897,VIA_M1M2_PR,122.59,69.53
VIA_M1M2_PR_898,VIA_M1M2_PR,110.63,69.87
VIA_M1M2_PR_899,VIA_M1M2_PR,112.01,69.87
VIA_M1M2_PR_900,VIA_M1M2_PR,124.89,69.87
VIA_M1M2_PR_901,VIA_M1M2_PR,113.39,70.21000000000001
VIA_M1M2_PR_902,VIA_M1M2_PR,118.45,70.21000000000001
VIA_M1M2_PR_903,VIA_M1M2_PR,118.91,70.21000000000001
VIA_M1M2_PR_904,VIA_M1M2_PR,123.97,70.21000000000001
VIA_M1M2_PR_905,VIA_M1M2_PR,81.65,71.23
VIA_M1M2_PR_906,VIA_M1M2_PR,94.99,71.23
VIA_M1M2_PR_907,VIA_M1M2_PR,111.55,71.23
VIA_M1M2_PR_908,VIA_M1M2_PR,112.93,71.23
VIA_M1M2_PR_909,VIA_M1M2_PR,114.77,71.23
VIA_M1M2_PR_910,VIA_M1M2_PR,123.51,71.23
VIA_M1M2_PR_911,VIA_M1M2_PR,91.31,71.57000000000001
VIA_M1M2_PR_912,VIA_M1M2_PR,96.37,71.57000000000001
VIA_M1M2_PR_913,VIA_M1M2_PR,115.23,71.57000000000001
VIA_M1M2_PR_914,VIA_M1M2_PR,119.83,71.57000000000001
VIA_M1M2_PR_915,VIA_M1M2_PR,123.05,71.57000000000001
VIA_M1M2_PR_916,VIA_M1M2_PR,109.25,71.91
VIA_M1M2_PR_917,VIA_M1M2_PR,110.63,71.91
VIA_M1M2_PR_918,VIA_M1M2_PR,114.77,71.91
VIA_M1M2_PR_919,VIA_M1M2_PR,116.61,71.91
VIA_M1M2_PR_920,VIA_M1M2_PR,121.21000000000001,72.25
VIA_M1M2_PR_921,VIA_M1M2_PR,124.43,72.25
VIA_M1M2_PR_922,VIA_M1M2_PR,113.39,72.93
VIA_M1M2_PR_923,VIA_M1M2_PR,119.37,72.93
VIA_M1M2_PR_924,VIA_M1M2_PR,107.41,73.95
VIA_M1M2_PR_925,VIA_M1M2_PR,121.67,73.95
VIA_M1M2_PR_926,VIA_M1M2_PR,124.89,74.29
VIA_M1M2_PR_927,VIA_M1M2_PR,96.37,74.63
VIA_M1M2_PR_928,VIA_M1M2_PR,109.25,74.63
VIA_M1M2_PR_929,VIA_M1M2_PR,113.39,74.63
VIA_M1M2_PR_930,VIA_M1M2_PR,118.45,74.63
VIA_M1M2_PR_931,VIA_M1M2_PR,123.51,74.63
VIA_M1M2_PR_932,VIA_M1M2_PR,110.63,74.97
VIA_M1M2_PR_933,VIA_M1M2_PR,112.93,74.97
VIA_M1M2_PR_934,VIA_M1M2_PR,115.23,74.97
VIA_M1M2_PR_935,VIA_M1M2_PR,93.61,75.31
VIA_M1M2_PR_936,VIA_M1M2_PR,114.31,75.31
VIA_M1M2_PR_937,VIA_M1M2_PR,119.83,75.31
VIA_M1M2_PR_938,VIA_M1M2_PR,123.05,75.31
VIA_M1M2_PR_939,VIA_M1M2_PR,123.97,75.31
VIA_M1M2_PR_940,VIA_M1M2_PR,112.47,75.65
VIA_M1M2_PR_941,VIA_M1M2_PR,124.89,75.65
VIA_M1M2_PR_942,VIA_M1M2_PR,125.35000000000001,75.65
VIA_M1M2_PR_943,VIA_M1M2_PR,126.73,75.65
VIA_M1M2_PR_944,VIA_M1M2_PR,101.89,76.67
VIA_M1M2_PR_945,VIA_M1M2_PR,123.97,76.67
VIA_M1M2_PR_946,VIA_M1M2_PR,124.89,76.67
VIA_M1M2_PR_947,VIA_M1M2_PR,117.99000000000001,77.01
VIA_M1M2_PR_948,VIA_M1M2_PR,120.29,77.01
VIA_M1M2_PR_949,VIA_M1M2_PR,83.95,77.35000000000001
VIA_M1M2_PR_950,VIA_M1M2_PR,93.61,77.35000000000001
VIA_M1M2_PR_951,VIA_M1M2_PR,110.63,77.35000000000001
VIA_M1M2_PR_952,VIA_M1M2_PR,111.55,77.35000000000001
VIA_M1M2_PR_953,VIA_M1M2_PR,123.05,77.35000000000001
VIA_M1M2_PR_954,VIA_M1M2_PR,111.09,77.69
VIA_M1M2_PR_955,VIA_M1M2_PR,113.85000000000001,77.69
VIA_M1M2_PR_956,VIA_M1M2_PR,124.43,77.69
VIA_M1M2_PR_957,VIA_M1M2_PR,110.63,78.03
VIA_M1M2_PR_958,VIA_M1M2_PR,112.01,78.03
VIA_M1M2_PR_959,VIA_M1M2_PR,123.51,78.37
VIA_M1M2_PR_960,VIA_M1M2_PR,111.09,79.39
VIA_M1M2_PR_961,VIA_M1M2_PR,125.35000000000001,79.39
VIA_M1M2_PR_962,VIA_M1M2_PR,112.47,80.07000000000001
VIA_M1M2_PR_963,VIA_M1M2_PR,121.67,80.07000000000001
VIA_M1M2_PR_964,VIA_M1M2_PR,123.05,80.07000000000001
VIA_M1M2_PR_965,VIA_M1M2_PR,124.43,80.07000000000001
VIA_M1M2_PR_966,VIA_M1M2_PR,110.63,80.41
VIA_M1M2_PR_967,VIA_M1M2_PR,113.85000000000001,80.41
VIA_M1M2_PR_968,VIA_M1M2_PR,118.91,80.75
VIA_M1M2_PR_969,VIA_M1M2_PR,120.29,80.75
VIA_M1M2_PR_970,VIA_M1M2_PR,114.31,81.09
VIA_M1M2_PR_971,VIA_M1M2_PR,110.63,82.11
VIA_M1M2_PR_972,VIA_M1M2_PR,112.47,82.45
VIA_M1M2_PR_973,VIA_M1M2_PR,118.91,82.45
VIA_M1M2_PR_974,VIA_M1M2_PR,79.81,82.79
VIA_M1M2_PR_975,VIA_M1M2_PR,101.43,82.79
VIA_M1M2_PR_976,VIA_M1M2_PR,113.39,82.79
VIA_M1M2_PR_977,VIA_M1M2_PR,114.31,82.79
VIA_M1M2_PR_978,VIA_M1M2_PR,122.13,82.79
VIA_M1M2_PR_979,VIA_M1M2_PR,106.95,83.13
VIA_M1M2_PR_980,VIA_M1M2_PR,115.23,83.13
VIA_M1M2_PR_981,VIA_M1M2_PR,167.67000000000002,83.13
VIA_M1M2_PR_982,VIA_M1M2_PR,172.73,83.47
VIA_M1M2_PR_983,VIA_M1M2_PR,174.57,83.81
VIA_M1M2_PR_984,VIA_M1M2_PR,112.47,84.83
VIA_M1M2_PR_985,VIA_M1M2_PR,121.67,84.83
VIA_M1M2_PR_986,VIA_M1M2_PR,93.61,85.17
VIA_M1M2_PR_987,VIA_M1M2_PR,110.63,85.17
VIA_M1M2_PR_988,VIA_M1M2_PR,122.59,85.17
VIA_M1M2_PR_989,VIA_M1M2_PR,114.77,85.51
VIA_M1M2_PR_990,VIA_M1M2_PR,118.91,85.51
VIA_M1M2_PR_991,VIA_M1M2_PR,123.05,85.51
VIA_M1M2_PR_992,VIA_M1M2_PR,169.05,85.51
VIA_M1M2_PR_993,VIA_M1M2_PR,174.11,85.51
VIA_M1M2_PR_994,VIA_M1M2_PR,117.99000000000001,85.85000000000001
VIA_M1M2_PR_995,VIA_M1M2_PR,136.39000000000001,85.85000000000001
VIA_M1M2_PR_996,VIA_M1M2_PR,167.67000000000002,85.85000000000001
VIA_M1M2_PR_997,VIA_M1M2_PR,169.97,85.85000000000001
VIA_M1M2_PR_998,VIA_M1M2_PR,172.27,85.85000000000001
VIA_M1M2_PR_999,VIA_M1M2_PR,174.57,85.85000000000001
VIA_M1M2_PR_1000,VIA_M1M2_PR,175.03,85.85000000000001
VIA_M1M2_PR_1001,VIA_M1M2_PR,181.47,85.85000000000001
VIA_M1M2_PR_1002,VIA_M1M2_PR,80.27,86.19
VIA_M1M2_PR_1003,VIA_M1M2_PR,97.29,86.19
VIA_M1M2_PR_1004,VIA_M1M2_PR,119.83,86.19
VIA_M1M2_PR_1005,VIA_M1M2_PR,124.43,86.19
VIA_M1M2_PR_1006,VIA_M1M2_PR,133.63,86.19
VIA_M1M2_PR_1007,VIA_M1M2_PR,176.41,86.19
VIA_M1M2_PR_1008,VIA_M1M2_PR,117.53,86.53
VIA_M1M2_PR_1009,VIA_M1M2_PR,117.99000000000001,86.53
VIA_M1M2_PR_1010,VIA_M1M2_PR,174.57,86.53
VIA_M1M2_PR_1011,VIA_M1M2_PR,114.31,87.55
VIA_M1M2_PR_1012,VIA_M1M2_PR,121.67,87.55
VIA_M1M2_PR_1013,VIA_M1M2_PR,172.27,87.55
VIA_M1M2_PR_1014,VIA_M1M2_PR,117.53,87.89
VIA_M1M2_PR_1015,VIA_M1M2_PR,117.99000000000001,87.89
VIA_M1M2_PR_1016,VIA_M1M2_PR,169.97,87.89
VIA_M1M2_PR_1017,VIA_M1M2_PR,113.39,88.23
VIA_M1M2_PR_1018,VIA_M1M2_PR,118.45,88.23
VIA_M1M2_PR_1019,VIA_M1M2_PR,118.91,88.23
VIA_M1M2_PR_1020,VIA_M1M2_PR,121.67,88.23
VIA_M1M2_PR_1021,VIA_M1M2_PR,123.05,88.23
VIA_M1M2_PR_1022,VIA_M1M2_PR,170.89000000000001,88.23
VIA_M1M2_PR_1023,VIA_M1M2_PR,172.73,88.23
VIA_M1M2_PR_1024,VIA_M1M2_PR,175.03,88.23
VIA_M1M2_PR_1025,VIA_M1M2_PR,176.41,88.23
VIA_M1M2_PR_1026,VIA_M1M2_PR,113.85000000000001,88.57000000000001
VIA_M1M2_PR_1027,VIA_M1M2_PR,121.21000000000001,88.57000000000001
VIA_M1M2_PR_1028,VIA_M1M2_PR,167.21,88.57000000000001
VIA_M1M2_PR_1029,VIA_M1M2_PR,173.65,88.57000000000001
VIA_M1M2_PR_1030,VIA_M1M2_PR,111.09,88.91
VIA_M1M2_PR_1031,VIA_M1M2_PR,169.97,88.91
VIA_M1M2_PR_1032,VIA_M1M2_PR,117.99000000000001,89.25
VIA_M1M2_PR_1033,VIA_M1M2_PR,178.71,89.25
VIA_M1M2_PR_1034,VIA_M1M2_PR,170.89000000000001,90.27
VIA_M1M2_PR_1035,VIA_M1M2_PR,181.47,90.27
VIA_M1M2_PR_1036,VIA_M1M2_PR,111.55,90.61
VIA_M1M2_PR_1037,VIA_M1M2_PR,170.43,90.61
VIA_M1M2_PR_1038,VIA_M1M2_PR,179.17000000000002,90.61
VIA_M1M2_PR_1039,VIA_M1M2_PR,113.39,90.95
VIA_M1M2_PR_1040,VIA_M1M2_PR,170.89000000000001,90.95
VIA_M1M2_PR_1041,VIA_M1M2_PR,175.03,90.95
VIA_M1M2_PR_1042,VIA_M1M2_PR,110.63,91.29
VIA_M1M2_PR_1043,VIA_M1M2_PR,111.55,91.29
VIA_M1M2_PR_1044,VIA_M1M2_PR,112.01,91.29
VIA_M1M2_PR_1045,VIA_M1M2_PR,114.31,91.29
VIA_M1M2_PR_1046,VIA_M1M2_PR,118.45,91.29
VIA_M1M2_PR_1047,VIA_M1M2_PR,125.81,91.29
VIA_M1M2_PR_1048,VIA_M1M2_PR,167.67000000000002,91.29
VIA_M1M2_PR_1049,VIA_M1M2_PR,169.05,91.29
VIA_M1M2_PR_1050,VIA_M1M2_PR,173.19,91.29
VIA_M1M2_PR_1051,VIA_M1M2_PR,174.57,91.29
VIA_M1M2_PR_1052,VIA_M1M2_PR,176.41,91.29
VIA_M1M2_PR_1053,VIA_M1M2_PR,177.79,91.29
VIA_M1M2_PR_1054,VIA_M1M2_PR,178.71,91.29
VIA_M1M2_PR_1055,VIA_M1M2_PR,179.17000000000002,91.29
VIA_M1M2_PR_1056,VIA_M1M2_PR,182.85,91.29
VIA_M1M2_PR_1057,VIA_M1M2_PR,113.39,91.63
VIA_M1M2_PR_1058,VIA_M1M2_PR,167.21,91.63
VIA_M1M2_PR_1059,VIA_M1M2_PR,124.43,91.97
VIA_M1M2_PR_1060,VIA_M1M2_PR,172.73,91.97
VIA_M1M2_PR_1061,VIA_M1M2_PR,176.41,91.97
VIA_M1M2_PR_1062,VIA_M1M2_PR,178.71,91.97
VIA_M1M2_PR_1063,VIA_M1M2_PR,83.95,92.99
VIA_M1M2_PR_1064,VIA_M1M2_PR,114.77,92.99
VIA_M1M2_PR_1065,VIA_M1M2_PR,122.13,92.99
VIA_M1M2_PR_1066,VIA_M1M2_PR,173.19,92.99
VIA_M1M2_PR_1067,VIA_M1M2_PR,177.79,92.99
VIA_M1M2_PR_1068,VIA_M1M2_PR,37.03,93.33
VIA_M1M2_PR_1069,VIA_M1M2_PR,113.85000000000001,93.33
VIA_M1M2_PR_1070,VIA_M1M2_PR,120.29,93.33
VIA_M1M2_PR_1071,VIA_M1M2_PR,134.09,93.33
VIA_M1M2_PR_1072,VIA_M1M2_PR,182.85,93.33
VIA_M1M2_PR_1073,VIA_M1M2_PR,32.89,93.67
VIA_M1M2_PR_1074,VIA_M1M2_PR,111.09,93.67
VIA_M1M2_PR_1075,VIA_M1M2_PR,166.29,93.67
VIA_M1M2_PR_1076,VIA_M1M2_PR,167.21,93.67
VIA_M1M2_PR_1077,VIA_M1M2_PR,170.43,93.67
VIA_M1M2_PR_1078,VIA_M1M2_PR,172.73,93.67
VIA_M1M2_PR_1079,VIA_M1M2_PR,31.970000000000002,94.01
VIA_M1M2_PR_1080,VIA_M1M2_PR,40.25,94.01
VIA_M1M2_PR_1081,VIA_M1M2_PR,81.19,94.01
VIA_M1M2_PR_1082,VIA_M1M2_PR,82.57000000000001,94.01
VIA_M1M2_PR_1083,VIA_M1M2_PR,88.55,94.01
VIA_M1M2_PR_1084,VIA_M1M2_PR,111.55,94.01
VIA_M1M2_PR_1085,VIA_M1M2_PR,122.59,94.01
VIA_M1M2_PR_1086,VIA_M1M2_PR,123.51,94.01
VIA_M1M2_PR_1087,VIA_M1M2_PR,167.67000000000002,94.01
VIA_M1M2_PR_1088,VIA_M1M2_PR,169.51,94.01
VIA_M1M2_PR_1089,VIA_M1M2_PR,170.89000000000001,94.01
VIA_M1M2_PR_1090,VIA_M1M2_PR,28.75,94.35000000000001
VIA_M1M2_PR_1091,VIA_M1M2_PR,169.97,94.35000000000001
VIA_M1M2_PR_1092,VIA_M1M2_PR,178.25,94.35000000000001
VIA_M1M2_PR_1093,VIA_M1M2_PR,179.17000000000002,94.35000000000001
VIA_M1M2_PR_1094,VIA_M1M2_PR,33.35,94.69
VIA_M1M2_PR_1095,VIA_M1M2_PR,79.35000000000001,94.69
VIA_M1M2_PR_1096,VIA_M1M2_PR,80.27,94.69
VIA_M1M2_PR_1097,VIA_M1M2_PR,115.23,94.69
VIA_M1M2_PR_1098,VIA_M1M2_PR,123.05,94.69
VIA_M1M2_PR_1099,VIA_M1M2_PR,172.27,94.69
VIA_M1M2_PR_1100,VIA_M1M2_PR,28.29,95.71000000000001
VIA_M1M2_PR_1101,VIA_M1M2_PR,40.25,95.71000000000001
VIA_M1M2_PR_1102,VIA_M1M2_PR,135.01,95.71000000000001
VIA_M1M2_PR_1103,VIA_M1M2_PR,169.51,95.71000000000001
VIA_M1M2_PR_1104,VIA_M1M2_PR,172.27,95.71000000000001
VIA_M1M2_PR_1105,VIA_M1M2_PR,178.71,95.71000000000001
VIA_M1M2_PR_1106,VIA_M1M2_PR,33.35,96.05
VIA_M1M2_PR_1107,VIA_M1M2_PR,82.57000000000001,96.05
VIA_M1M2_PR_1108,VIA_M1M2_PR,113.39,96.05
VIA_M1M2_PR_1109,VIA_M1M2_PR,79.35000000000001,96.39
VIA_M1M2_PR_1110,VIA_M1M2_PR,106.95,96.39
VIA_M1M2_PR_1111,VIA_M1M2_PR,115.23,96.39
VIA_M1M2_PR_1112,VIA_M1M2_PR,124.89,96.39
VIA_M1M2_PR_1113,VIA_M1M2_PR,141.45000000000002,96.39
VIA_M1M2_PR_1114,VIA_M1M2_PR,175.03,96.39
VIA_M1M2_PR_1115,VIA_M1M2_PR,27.830000000000002,96.73
VIA_M1M2_PR_1116,VIA_M1M2_PR,31.970000000000002,96.73
VIA_M1M2_PR_1117,VIA_M1M2_PR,32.89,96.73
VIA_M1M2_PR_1118,VIA_M1M2_PR,33.35,96.73
VIA_M1M2_PR_1119,VIA_M1M2_PR,38.87,96.73
VIA_M1M2_PR_1120,VIA_M1M2_PR,39.79,96.73
VIA_M1M2_PR_1121,VIA_M1M2_PR,79.81,96.73
VIA_M1M2_PR_1122,VIA_M1M2_PR,80.27,96.73
VIA_M1M2_PR_1123,VIA_M1M2_PR,114.31,96.73
VIA_M1M2_PR_1124,VIA_M1M2_PR,166.29,96.73
VIA_M1M2_PR_1125,VIA_M1M2_PR,169.51,96.73
VIA_M1M2_PR_1126,VIA_M1M2_PR,170.43,96.73
VIA_M1M2_PR_1127,VIA_M1M2_PR,173.65,96.73
VIA_M1M2_PR_1128,VIA_M1M2_PR,174.11,96.73
VIA_M1M2_PR_1129,VIA_M1M2_PR,177.33,96.73
VIA_M1M2_PR_1130,VIA_M1M2_PR,178.25,96.73
VIA_M1M2_PR_1131,VIA_M1M2_PR,26.91,97.07000000000001
VIA_M1M2_PR_1132,VIA_M1M2_PR,30.13,97.07000000000001
VIA_M1M2_PR_1133,VIA_M1M2_PR,76.13,97.07000000000001
VIA_M1M2_PR_1134,VIA_M1M2_PR,82.11,97.07000000000001
VIA_M1M2_PR_1135,VIA_M1M2_PR,120.29,97.07000000000001
VIA_M1M2_PR_1136,VIA_M1M2_PR,124.43,97.07000000000001
VIA_M1M2_PR_1137,VIA_M1M2_PR,127.19,97.07000000000001
VIA_M1M2_PR_1138,VIA_M1M2_PR,168.13,97.07000000000001
VIA_M1M2_PR_1139,VIA_M1M2_PR,169.97,97.07000000000001
VIA_M1M2_PR_1140,VIA_M1M2_PR,179.17000000000002,97.07000000000001
VIA_M1M2_PR_1141,VIA_M1M2_PR,32.89,97.41
VIA_M1M2_PR_1142,VIA_M1M2_PR,34.27,97.41
VIA_M1M2_PR_1143,VIA_M1M2_PR,77.51,97.41
VIA_M1M2_PR_1144,VIA_M1M2_PR,79.81,97.41
VIA_M1M2_PR_1145,VIA_M1M2_PR,92.69,97.41
VIA_M1M2_PR_1146,VIA_M1M2_PR,110.63,97.41
VIA_M1M2_PR_1147,VIA_M1M2_PR,111.55,97.41
VIA_M1M2_PR_1148,VIA_M1M2_PR,112.93,97.41
VIA_M1M2_PR_1149,VIA_M1M2_PR,114.77,97.41
VIA_M1M2_PR_1150,VIA_M1M2_PR,122.13,97.41
VIA_M1M2_PR_1151,VIA_M1M2_PR,24.61,98.43
VIA_M1M2_PR_1152,VIA_M1M2_PR,26.91,98.43
VIA_M1M2_PR_1153,VIA_M1M2_PR,34.27,98.43
VIA_M1M2_PR_1154,VIA_M1M2_PR,58.65,98.43
VIA_M1M2_PR_1155,VIA_M1M2_PR,109.71000000000001,98.43
VIA_M1M2_PR_1156,VIA_M1M2_PR,110.63,98.43
VIA_M1M2_PR_1157,VIA_M1M2_PR,112.01,98.43
VIA_M1M2_PR_1158,VIA_M1M2_PR,114.31,98.43
VIA_M1M2_PR_1159,VIA_M1M2_PR,118.45,98.43
VIA_M1M2_PR_1160,VIA_M1M2_PR,123.97,98.43
VIA_M1M2_PR_1161,VIA_M1M2_PR,172.73,98.43
VIA_M1M2_PR_1162,VIA_M1M2_PR,177.33,98.43
VIA_M1M2_PR_1163,VIA_M1M2_PR,28.75,98.77
VIA_M1M2_PR_1164,VIA_M1M2_PR,37.03,98.77
VIA_M1M2_PR_1165,VIA_M1M2_PR,38.87,98.77
VIA_M1M2_PR_1166,VIA_M1M2_PR,88.55,98.77
VIA_M1M2_PR_1167,VIA_M1M2_PR,92.69,98.77
VIA_M1M2_PR_1168,VIA_M1M2_PR,110.17,98.77
VIA_M1M2_PR_1169,VIA_M1M2_PR,123.51,98.77
VIA_M1M2_PR_1170,VIA_M1M2_PR,127.19,98.77
VIA_M1M2_PR_1171,VIA_M1M2_PR,141.91,98.77
VIA_M1M2_PR_1172,VIA_M1M2_PR,25.07,99.11
VIA_M1M2_PR_1173,VIA_M1M2_PR,39.79,99.11
VIA_M1M2_PR_1174,VIA_M1M2_PR,76.13,99.11
VIA_M1M2_PR_1175,VIA_M1M2_PR,80.73,99.11
VIA_M1M2_PR_1176,VIA_M1M2_PR,81.65,99.11
VIA_M1M2_PR_1177,VIA_M1M2_PR,110.63,99.11
VIA_M1M2_PR_1178,VIA_M1M2_PR,112.93,99.11
VIA_M1M2_PR_1179,VIA_M1M2_PR,114.31,99.11
VIA_M1M2_PR_1180,VIA_M1M2_PR,168.13,99.11
VIA_M1M2_PR_1181,VIA_M1M2_PR,173.65,99.11
VIA_M1M2_PR_1182,VIA_M1M2_PR,178.25,99.11
VIA_M1M2_PR_1183,VIA_M1M2_PR,33.35,99.45
VIA_M1M2_PR_1184,VIA_M1M2_PR,34.27,99.45
VIA_M1M2_PR_1185,VIA_M1M2_PR,71.53,99.45
VIA_M1M2_PR_1186,VIA_M1M2_PR,78.89,99.45
VIA_M1M2_PR_1187,VIA_M1M2_PR,81.19,99.45
VIA_M1M2_PR_1188,VIA_M1M2_PR,124.43,99.45
VIA_M1M2_PR_1189,VIA_M1M2_PR,171.81,99.45
VIA_M1M2_PR_1190,VIA_M1M2_PR,175.03,99.45
VIA_M1M2_PR_1191,VIA_M1M2_PR,28.75,99.79
VIA_M1M2_PR_1192,VIA_M1M2_PR,77.97,99.79
VIA_M1M2_PR_1193,VIA_M1M2_PR,28.29,100.13
VIA_M1M2_PR_1194,VIA_M1M2_PR,89.01,100.13
VIA_M1M2_PR_1195,VIA_M1M2_PR,122.13,100.13
VIA_M1M2_PR_1196,VIA_M1M2_PR,170.43,100.13
VIA_M1M2_PR_1197,VIA_M1M2_PR,78.89,101.15
VIA_M1M2_PR_1198,VIA_M1M2_PR,79.81,101.15
VIA_M1M2_PR_1199,VIA_M1M2_PR,82.11,101.15
VIA_M1M2_PR_1200,VIA_M1M2_PR,110.63,101.15
VIA_M1M2_PR_1201,VIA_M1M2_PR,117.99000000000001,101.15
VIA_M1M2_PR_1202,VIA_M1M2_PR,24.61,101.49000000000001
VIA_M1M2_PR_1203,VIA_M1M2_PR,28.75,101.49000000000001
VIA_M1M2_PR_1204,VIA_M1M2_PR,38.87,101.49000000000001
VIA_M1M2_PR_1205,VIA_M1M2_PR,81.65,101.49000000000001
VIA_M1M2_PR_1206,VIA_M1M2_PR,84.87,101.49000000000001
VIA_M1M2_PR_1207,VIA_M1M2_PR,107.87,101.49000000000001
VIA_M1M2_PR_1208,VIA_M1M2_PR,122.13,101.49000000000001
VIA_M1M2_PR_1209,VIA_M1M2_PR,135.47,101.49000000000001
VIA_M1M2_PR_1210,VIA_M1M2_PR,25.07,101.83
VIA_M1M2_PR_1211,VIA_M1M2_PR,79.35000000000001,101.83
VIA_M1M2_PR_1212,VIA_M1M2_PR,83.95,101.83
VIA_M1M2_PR_1213,VIA_M1M2_PR,112.47,101.83
VIA_M1M2_PR_1214,VIA_M1M2_PR,117.07000000000001,101.83
VIA_M1M2_PR_1215,VIA_M1M2_PR,123.97,101.83
VIA_M1M2_PR_1216,VIA_M1M2_PR,171.81,101.83
VIA_M1M2_PR_1217,VIA_M1M2_PR,29.21,102.17
VIA_M1M2_PR_1218,VIA_M1M2_PR,30.59,102.17
VIA_M1M2_PR_1219,VIA_M1M2_PR,31.51,102.17
VIA_M1M2_PR_1220,VIA_M1M2_PR,32.43,102.17
VIA_M1M2_PR_1221,VIA_M1M2_PR,34.27,102.17
VIA_M1M2_PR_1222,VIA_M1M2_PR,36.57,102.17
VIA_M1M2_PR_1223,VIA_M1M2_PR,83.49,102.17
VIA_M1M2_PR_1224,VIA_M1M2_PR,89.01,102.17
VIA_M1M2_PR_1225,VIA_M1M2_PR,114.77,102.17
VIA_M1M2_PR_1226,VIA_M1M2_PR,119.37,102.17
VIA_M1M2_PR_1227,VIA_M1M2_PR,121.67,102.17
VIA_M1M2_PR_1228,VIA_M1M2_PR,123.05,102.17
VIA_M1M2_PR_1229,VIA_M1M2_PR,32.89,102.51
VIA_M1M2_PR_1230,VIA_M1M2_PR,41.17,102.51
VIA_M1M2_PR_1231,VIA_M1M2_PR,80.73,102.51
VIA_M1M2_PR_1232,VIA_M1M2_PR,175.03,102.51
VIA_M1M2_PR_1233,VIA_M1M2_PR,28.29,102.85000000000001
VIA_M1M2_PR_1234,VIA_M1M2_PR,28.75,102.85000000000001
VIA_M1M2_PR_1235,VIA_M1M2_PR,34.27,102.85000000000001
VIA_M1M2_PR_1236,VIA_M1M2_PR,84.41,102.85000000000001
VIA_M1M2_PR_1237,VIA_M1M2_PR,92.69,102.85000000000001
VIA_M1M2_PR_1238,VIA_M1M2_PR,115.23,102.85000000000001
VIA_M1M2_PR_1239,VIA_M1M2_PR,118.91,102.85000000000001
VIA_M1M2_PR_1240,VIA_M1M2_PR,121.67,102.85000000000001
VIA_M1M2_PR_1241,VIA_M1M2_PR,135.93,102.85000000000001
VIA_M1M2_PR_1242,VIA_M1M2_PR,33.81,103.87
VIA_M1M2_PR_1243,VIA_M1M2_PR,78.89,103.87
VIA_M1M2_PR_1244,VIA_M1M2_PR,112.01,103.87
VIA_M1M2_PR_1245,VIA_M1M2_PR,115.69,103.87
VIA_M1M2_PR_1246,VIA_M1M2_PR,118.91,103.87
VIA_M1M2_PR_1247,VIA_M1M2_PR,131.33,103.87
VIA_M1M2_PR_1248,VIA_M1M2_PR,134.55,103.87
VIA_M1M2_PR_1249,VIA_M1M2_PR,31.51,104.21000000000001
VIA_M1M2_PR_1250,VIA_M1M2_PR,37.49,104.21000000000001
VIA_M1M2_PR_1251,VIA_M1M2_PR,41.17,104.21000000000001
VIA_M1M2_PR_1252,VIA_M1M2_PR,70.61,104.21000000000001
VIA_M1M2_PR_1253,VIA_M1M2_PR,112.93,104.21000000000001
VIA_M1M2_PR_1254,VIA_M1M2_PR,118.45,104.21000000000001
VIA_M1M2_PR_1255,VIA_M1M2_PR,124.89,104.21000000000001
VIA_M1M2_PR_1256,VIA_M1M2_PR,28.75,104.55
VIA_M1M2_PR_1257,VIA_M1M2_PR,30.13,104.55
VIA_M1M2_PR_1258,VIA_M1M2_PR,76.13,104.55
VIA_M1M2_PR_1259,VIA_M1M2_PR,77.51,104.55
VIA_M1M2_PR_1260,VIA_M1M2_PR,78.89,104.55
VIA_M1M2_PR_1261,VIA_M1M2_PR,79.35000000000001,104.55
VIA_M1M2_PR_1262,VIA_M1M2_PR,80.27,104.55
VIA_M1M2_PR_1263,VIA_M1M2_PR,82.57000000000001,104.55
VIA_M1M2_PR_1264,VIA_M1M2_PR,115.23,104.55
VIA_M1M2_PR_1265,VIA_M1M2_PR,117.99000000000001,104.55
VIA_M1M2_PR_1266,VIA_M1M2_PR,122.13,104.55
VIA_M1M2_PR_1267,VIA_M1M2_PR,29.21,104.89
VIA_M1M2_PR_1268,VIA_M1M2_PR,33.35,104.89
VIA_M1M2_PR_1269,VIA_M1M2_PR,77.97,104.89
VIA_M1M2_PR_1270,VIA_M1M2_PR,81.65,104.89
VIA_M1M2_PR_1271,VIA_M1M2_PR,82.11,104.89
VIA_M1M2_PR_1272,VIA_M1M2_PR,119.37,104.89
VIA_M1M2_PR_1273,VIA_M1M2_PR,148.35,104.89
VIA_M1M2_PR_1274,VIA_M1M2_PR,79.81,105.23
VIA_M1M2_PR_1275,VIA_M1M2_PR,117.07000000000001,105.23
VIA_M1M2_PR_1276,VIA_M1M2_PR,32.43,105.57000000000001
VIA_M1M2_PR_1277,VIA_M1M2_PR,80.73,105.57000000000001
VIA_M1M2_PR_1278,VIA_M1M2_PR,94.53,105.57000000000001
VIA_M1M2_PR_1279,VIA_M1M2_PR,114.77,105.57000000000001
VIA_M1M2_PR_1280,VIA_M1M2_PR,115.69,105.57000000000001
VIA_M1M2_PR_1281,VIA_M1M2_PR,118.45,105.57000000000001
VIA_M1M2_PR_1282,VIA_M1M2_PR,123.05,105.57000000000001
VIA_M1M2_PR_1283,VIA_M1M2_PR,27.830000000000002,106.59
VIA_M1M2_PR_1284,VIA_M1M2_PR,36.57,106.59
VIA_M1M2_PR_1285,VIA_M1M2_PR,80.27,106.59
VIA_M1M2_PR_1286,VIA_M1M2_PR,81.65,106.59
VIA_M1M2_PR_1287,VIA_M1M2_PR,82.57000000000001,106.59
VIA_M1M2_PR_1288,VIA_M1M2_PR,100.97,106.59
VIA_M1M2_PR_1289,VIA_M1M2_PR,118.45,106.59
VIA_M1M2_PR_1290,VIA_M1M2_PR,122.59,106.59
VIA_M1M2_PR_1291,VIA_M1M2_PR,29.21,106.93
VIA_M1M2_PR_1292,VIA_M1M2_PR,83.95,106.93
VIA_M1M2_PR_1293,VIA_M1M2_PR,115.23,106.93
VIA_M1M2_PR_1294,VIA_M1M2_PR,117.99000000000001,106.93
VIA_M1M2_PR_1295,VIA_M1M2_PR,31.970000000000002,107.27
VIA_M1M2_PR_1296,VIA_M1M2_PR,37.95,107.27
VIA_M1M2_PR_1297,VIA_M1M2_PR,76.13,107.27
VIA_M1M2_PR_1298,VIA_M1M2_PR,111.09,107.27
VIA_M1M2_PR_1299,VIA_M1M2_PR,114.77,107.27
VIA_M1M2_PR_1300,VIA_M1M2_PR,182.85,107.27
VIA_M1M2_PR_1301,VIA_M1M2_PR,30.13,107.61
VIA_M1M2_PR_1302,VIA_M1M2_PR,32.89,107.61
VIA_M1M2_PR_1303,VIA_M1M2_PR,73.37,107.61
VIA_M1M2_PR_1304,VIA_M1M2_PR,77.97,107.61
VIA_M1M2_PR_1305,VIA_M1M2_PR,78.43,107.61
VIA_M1M2_PR_1306,VIA_M1M2_PR,79.81,107.61
VIA_M1M2_PR_1307,VIA_M1M2_PR,84.41,107.61
VIA_M1M2_PR_1308,VIA_M1M2_PR,112.01,107.61
VIA_M1M2_PR_1309,VIA_M1M2_PR,127.65,107.61
VIA_M1M2_PR_1310,VIA_M1M2_PR,173.19,107.61
VIA_M1M2_PR_1311,VIA_M1M2_PR,175.03,107.61
VIA_M1M2_PR_1312,VIA_M1M2_PR,175.95000000000002,107.61
VIA_M1M2_PR_1313,VIA_M1M2_PR,79.35000000000001,107.95
VIA_M1M2_PR_1314,VIA_M1M2_PR,82.57000000000001,107.95
VIA_M1M2_PR_1315,VIA_M1M2_PR,84.87,107.95
VIA_M1M2_PR_1316,VIA_M1M2_PR,118.45,107.95
VIA_M1M2_PR_1317,VIA_M1M2_PR,122.59,107.95
VIA_M1M2_PR_1318,VIA_M1M2_PR,123.97,107.95
VIA_M1M2_PR_1319,VIA_M1M2_PR,126.27,107.95
VIA_M1M2_PR_1320,VIA_M1M2_PR,170.89000000000001,107.95
VIA_M1M2_PR_1321,VIA_M1M2_PR,32.89,108.29
VIA_M1M2_PR_1322,VIA_M1M2_PR,78.43,108.29
VIA_M1M2_PR_1323,VIA_M1M2_PR,79.81,108.29
VIA_M1M2_PR_1324,VIA_M1M2_PR,83.03,108.29
VIA_M1M2_PR_1325,VIA_M1M2_PR,125.81,108.29
VIA_M1M2_PR_1326,VIA_M1M2_PR,169.97,108.29
VIA_M1M2_PR_1327,VIA_M1M2_PR,171.81,108.29
VIA_M1M2_PR_1328,VIA_M1M2_PR,31.51,109.31
VIA_M1M2_PR_1329,VIA_M1M2_PR,37.95,109.31
VIA_M1M2_PR_1330,VIA_M1M2_PR,84.87,109.31
VIA_M1M2_PR_1331,VIA_M1M2_PR,94.53,109.31
VIA_M1M2_PR_1332,VIA_M1M2_PR,130.41,109.31
VIA_M1M2_PR_1333,VIA_M1M2_PR,169.97,109.31
VIA_M1M2_PR_1334,VIA_M1M2_PR,170.43,109.31
VIA_M1M2_PR_1335,VIA_M1M2_PR,35.65,109.65
VIA_M1M2_PR_1336,VIA_M1M2_PR,37.49,109.65
VIA_M1M2_PR_1337,VIA_M1M2_PR,80.73,109.65
VIA_M1M2_PR_1338,VIA_M1M2_PR,88.55,109.65
VIA_M1M2_PR_1339,VIA_M1M2_PR,89.93,109.65
VIA_M1M2_PR_1340,VIA_M1M2_PR,93.61,109.65
VIA_M1M2_PR_1341,VIA_M1M2_PR,122.59,109.65
VIA_M1M2_PR_1342,VIA_M1M2_PR,123.05,109.65
VIA_M1M2_PR_1343,VIA_M1M2_PR,131.33,109.65
VIA_M1M2_PR_1344,VIA_M1M2_PR,170.89000000000001,109.65
VIA_M1M2_PR_1345,VIA_M1M2_PR,76.59,109.99000000000001
VIA_M1M2_PR_1346,VIA_M1M2_PR,79.35000000000001,109.99000000000001
VIA_M1M2_PR_1347,VIA_M1M2_PR,124.43,109.99000000000001
VIA_M1M2_PR_1348,VIA_M1M2_PR,127.65,109.99000000000001
VIA_M1M2_PR_1349,VIA_M1M2_PR,167.67000000000002,109.99000000000001
VIA_M1M2_PR_1350,VIA_M1M2_PR,173.65,109.99000000000001
VIA_M1M2_PR_1351,VIA_M1M2_PR,174.11,109.99000000000001
VIA_M1M2_PR_1352,VIA_M1M2_PR,33.35,110.33
VIA_M1M2_PR_1353,VIA_M1M2_PR,78.89,110.33
VIA_M1M2_PR_1354,VIA_M1M2_PR,82.57000000000001,110.33
VIA_M1M2_PR_1355,VIA_M1M2_PR,119.37,110.33
VIA_M1M2_PR_1356,VIA_M1M2_PR,128.11,110.33
VIA_M1M2_PR_1357,VIA_M1M2_PR,88.55,110.67
VIA_M1M2_PR_1358,VIA_M1M2_PR,174.57,110.67
VIA_M1M2_PR_1359,VIA_M1M2_PR,175.95000000000002,110.67
VIA_M1M2_PR_1360,VIA_M1M2_PR,77.97,111.01
VIA_M1M2_PR_1361,VIA_M1M2_PR,81.19,111.01
VIA_M1M2_PR_1362,VIA_M1M2_PR,170.43,111.01
VIA_M1M2_PR_1363,VIA_M1M2_PR,172.73,111.01
VIA_M1M2_PR_1364,VIA_M1M2_PR,94.99,112.03
VIA_M1M2_PR_1365,VIA_M1M2_PR,126.27,112.03
VIA_M1M2_PR_1366,VIA_M1M2_PR,84.41,112.37
VIA_M1M2_PR_1367,VIA_M1M2_PR,117.99000000000001,112.37
VIA_M1M2_PR_1368,VIA_M1M2_PR,172.73,112.37
VIA_M1M2_PR_1369,VIA_M1M2_PR,174.57,112.37
VIA_M1M2_PR_1370,VIA_M1M2_PR,119.37,112.71000000000001
VIA_M1M2_PR_1371,VIA_M1M2_PR,167.67000000000002,112.71000000000001
VIA_M1M2_PR_1372,VIA_M1M2_PR,76.59,113.05
VIA_M1M2_PR_1373,VIA_M1M2_PR,82.57000000000001,113.05
VIA_M1M2_PR_1374,VIA_M1M2_PR,122.13,113.05
VIA_M1M2_PR_1375,VIA_M1M2_PR,170.89000000000001,113.05
VIA_M1M2_PR_1376,VIA_M1M2_PR,171.81,113.05
VIA_M1M2_PR_1377,VIA_M1M2_PR,176.41,113.05
VIA_M1M2_PR_1378,VIA_M1M2_PR,177.79,113.05
VIA_M1M2_PR_1379,VIA_M1M2_PR,88.55,113.39
VIA_M1M2_PR_1380,VIA_M1M2_PR,169.97,113.39
VIA_M1M2_PR_1381,VIA_M1M2_PR,174.57,113.39
VIA_M1M2_PR_1382,VIA_M1M2_PR,178.25,113.39
VIA_M1M2_PR_1383,VIA_M1M2_PR,173.19,113.73
VIA_M1M2_PR_1384,VIA_M1M2_PR,173.65,113.73
VIA_M1M2_PR_1385,VIA_M1M2_PR,178.71,113.73
VIA_M1M2_PR_1386,VIA_M1M2_PR,122.13,114.75
VIA_M1M2_PR_1387,VIA_M1M2_PR,169.97,114.75
VIA_M1M2_PR_1388,VIA_M1M2_PR,170.89000000000001,114.75
VIA_M1M2_PR_1389,VIA_M1M2_PR,177.79,114.75
VIA_M1M2_PR_1390,VIA_M1M2_PR,122.59,115.09
VIA_M1M2_PR_1391,VIA_M1M2_PR,174.57,115.09
VIA_M1M2_PR_1392,VIA_M1M2_PR,128.57,115.43
VIA_M1M2_PR_1393,VIA_M1M2_PR,174.11,115.43
VIA_M1M2_PR_1394,VIA_M1M2_PR,178.25,115.43
VIA_M1M2_PR_1395,VIA_M1M2_PR,178.71,115.43
VIA_M1M2_PR_1396,VIA_M1M2_PR,113.85000000000001,115.77
VIA_M1M2_PR_1397,VIA_M1M2_PR,114.31,115.77
VIA_M1M2_PR_1398,VIA_M1M2_PR,172.73,115.77
VIA_M1M2_PR_1399,VIA_M1M2_PR,173.65,115.77
VIA_M1M2_PR_1400,VIA_M1M2_PR,174.11,116.11
VIA_M1M2_PR_1401,VIA_M1M2_PR,88.55,116.45
VIA_M1M2_PR_1402,VIA_M1M2_PR,114.31,116.45
VIA_M1M2_PR_1403,VIA_M1M2_PR,173.65,116.45
VIA_M1M2_PR_1404,VIA_M1M2_PR,176.41,116.45
VIA_M1M2_PR_1405,VIA_M1M2_PR,178.25,116.45
VIA_M1M2_PR_1406,VIA_M1M2_PR,181.47,116.45
VIA_M1M2_PR_1407,VIA_M1M2_PR,129.03,117.47
VIA_M1M2_PR_1408,VIA_M1M2_PR,113.85000000000001,117.81
VIA_M1M2_PR_1409,VIA_M1M2_PR,173.65,117.81
VIA_M1M2_PR_1410,VIA_M1M2_PR,174.11,118.15
VIA_M1M2_PR_1411,VIA_M1M2_PR,111.09,118.49000000000001
VIA_M1M2_PR_1412,VIA_M1M2_PR,114.77,118.49000000000001
VIA_M1M2_PR_1413,VIA_M1M2_PR,116.61,118.49000000000001
VIA_M1M2_PR_1414,VIA_M1M2_PR,122.13,118.49000000000001
VIA_M1M2_PR_1415,VIA_M1M2_PR,169.51,118.49000000000001
VIA_M1M2_PR_1416,VIA_M1M2_PR,170.89000000000001,118.49000000000001
VIA_M1M2_PR_1417,VIA_M1M2_PR,174.57,118.49000000000001
VIA_M1M2_PR_1418,VIA_M1M2_PR,177.79,118.49000000000001
VIA_M1M2_PR_1419,VIA_M1M2_PR,178.25,118.49000000000001
VIA_M1M2_PR_1420,VIA_M1M2_PR,116.15,118.83
VIA_M1M2_PR_1421,VIA_M1M2_PR,118.91,118.83
VIA_M1M2_PR_1422,VIA_M1M2_PR,110.63,119.17
VIA_M1M2_PR_1423,VIA_M1M2_PR,112.01,119.17
VIA_M1M2_PR_1424,VIA_M1M2_PR,115.23,119.17
VIA_M1M2_PR_1425,VIA_M1M2_PR,118.45,119.17
VIA_M1M2_PR_1426,VIA_M1M2_PR,169.97,119.17
VIA_M1M2_PR_1427,VIA_M1M2_PR,100.51,120.19
VIA_M1M2_PR_1428,VIA_M1M2_PR,113.85000000000001,120.53
VIA_M1M2_PR_1429,VIA_M1M2_PR,116.15,120.53
VIA_M1M2_PR_1430,VIA_M1M2_PR,115.23,120.87
VIA_M1M2_PR_1431,VIA_M1M2_PR,116.61,120.87
VIA_M1M2_PR_1432,VIA_M1M2_PR,118.91,120.87
VIA_M1M2_PR_1433,VIA_M1M2_PR,122.59,121.21000000000001
VIA_M1M2_PR_1434,VIA_M1M2_PR,122.13,121.55
VIA_M1M2_PR_1435,VIA_M1M2_PR,122.59,122.91
VIA_M1M2_PR_1436,VIA_M1M2_PR,114.31,123.59
VIA_M1M2_PR_1437,VIA_M1M2_PR,118.45,123.59
VIA_M1M2_PR_1438,VIA_M1M2_PR,123.05,124.27
VIA_M1M2_PR_1439,VIA_M1M2_PR,112.47,125.63000000000001
VIA_M1M2_PR_1440,VIA_M1M2_PR,115.23,125.63000000000001
VIA_M1M2_PR_1441,VIA_M1M2_PR,117.99000000000001,125.97
VIA_M1M2_PR_1442,VIA_M1M2_PR,118.91,125.97
VIA_M1M2_PR_1443,VIA_M1M2_PR,121.67,126.31
VIA_M1M2_PR_1444,VIA_M1M2_PR,118.91,126.65
VIA_M1M2_PR_1445,VIA_M1M2_PR,123.51,126.65
VIA_M1M2_PR_1446,VIA_M1M2_PR,135.47,127.33
VIA_M1M2_PR_1447,VIA_M1M2_PR,97.29,128.35
VIA_M1M2_PR_1448,VIA_M1M2_PR,169.51,128.35
VIA_M1M2_PR_1449,VIA_M1M2_PR,114.31,129.03
VIA_M1M2_PR_1450,VIA_M1M2_PR,115.23,129.03
VIA_M1M2_PR_1451,VIA_M1M2_PR,174.57,129.03
VIA_M1M2_PR_1452,VIA_M1M2_PR,175.03,129.03
VIA_M1M2_PR_1453,VIA_M1M2_PR,112.01,129.37
VIA_M1M2_PR_1454,VIA_M1M2_PR,113.85000000000001,129.37
VIA_M1M2_PR_1455,VIA_M1M2_PR,124.43,129.37
VIA_M1M2_PR_1456,VIA_M1M2_PR,169.05,129.37
VIA_M1M2_PR_1457,VIA_M1M2_PR,171.81,129.37
VIA_M1M2_PR_1458,VIA_M1M2_PR,123.05,129.71
VIA_M1M2_PR_1459,VIA_M1M2_PR,143.29,129.71
VIA_M1M2_PR_1460,VIA_M1M2_PR,143.75,130.05
VIA_M1M2_PR_1461,VIA_M1M2_PR,172.27,130.05
VIA_M1M2_PR_1462,VIA_M1M2_PR,110.63,131.07
VIA_M1M2_PR_1463,VIA_M1M2_PR,111.09,131.07
VIA_M1M2_PR_1464,VIA_M1M2_PR,112.47,131.07
VIA_M1M2_PR_1465,VIA_M1M2_PR,115.69,131.07
VIA_M1M2_PR_1466,VIA_M1M2_PR,118.91,131.07
VIA_M1M2_PR_1467,VIA_M1M2_PR,120.29,131.07
VIA_M1M2_PR_1468,VIA_M1M2_PR,167.21,131.07
VIA_M1M2_PR_1469,VIA_M1M2_PR,172.27,131.07
VIA_M1M2_PR_1470,VIA_M1M2_PR,115.23,131.41
VIA_M1M2_PR_1471,VIA_M1M2_PR,121.67,131.41
VIA_M1M2_PR_1472,VIA_M1M2_PR,112.93,131.75
VIA_M1M2_PR_1473,VIA_M1M2_PR,113.85000000000001,131.75
VIA_M1M2_PR_1474,VIA_M1M2_PR,114.31,131.75
VIA_M1M2_PR_1475,VIA_M1M2_PR,114.77,131.75
VIA_M1M2_PR_1476,VIA_M1M2_PR,117.53,131.75
VIA_M1M2_PR_1477,VIA_M1M2_PR,117.99000000000001,131.75
VIA_M1M2_PR_1478,VIA_M1M2_PR,123.97,131.75
VIA_M1M2_PR_1479,VIA_M1M2_PR,166.75,131.75
VIA_M1M2_PR_1480,VIA_M1M2_PR,167.21,131.75
VIA_M1M2_PR_1481,VIA_M1M2_PR,168.59,131.75
VIA_M1M2_PR_1482,VIA_M1M2_PR,169.51,131.75
VIA_M1M2_PR_1483,VIA_M1M2_PR,170.89000000000001,131.75
VIA_M1M2_PR_1484,VIA_M1M2_PR,172.73,131.75
VIA_M1M2_PR_1485,VIA_M1M2_PR,175.03,131.75
VIA_M1M2_PR_1486,VIA_M1M2_PR,126.73,132.09
VIA_M1M2_PR_1487,VIA_M1M2_PR,111.09,132.43
VIA_M1M2_PR_1488,VIA_M1M2_PR,120.29,132.43
VIA_M1M2_PR_1489,VIA_M1M2_PR,124.89,132.43
VIA_M1M2_PR_1490,VIA_M1M2_PR,171.35,132.43
VIA_M1M2_PR_1491,VIA_M1M2_PR,172.27,132.43
VIA_M1M2_PR_1492,VIA_M1M2_PR,174.57,132.43
VIA_M1M2_PR_1493,VIA_M1M2_PR,177.79,132.43
VIA_M1M2_PR_1494,VIA_M1M2_PR,79.81,132.77
VIA_M1M2_PR_1495,VIA_M1M2_PR,81.19,132.77
VIA_M1M2_PR_1496,VIA_M1M2_PR,113.39,132.77
VIA_M1M2_PR_1497,VIA_M1M2_PR,123.05,132.77
VIA_M1M2_PR_1498,VIA_M1M2_PR,110.63,133.79
VIA_M1M2_PR_1499,VIA_M1M2_PR,112.01,133.79
VIA_M1M2_PR_1500,VIA_M1M2_PR,117.99000000000001,133.79
VIA_M1M2_PR_1501,VIA_M1M2_PR,167.21,133.79
VIA_M1M2_PR_1502,VIA_M1M2_PR,170.89000000000001,133.79
VIA_M1M2_PR_1503,VIA_M1M2_PR,172.73,133.79
VIA_M1M2_PR_1504,VIA_M1M2_PR,175.03,133.79
VIA_M1M2_PR_1505,VIA_M1M2_PR,114.77,134.13
VIA_M1M2_PR_1506,VIA_M1M2_PR,137.77,134.13
VIA_M1M2_PR_1507,VIA_M1M2_PR,173.65,134.13
VIA_M1M2_PR_1508,VIA_M1M2_PR,79.81,134.47
VIA_M1M2_PR_1509,VIA_M1M2_PR,88.55,134.47
VIA_M1M2_PR_1510,VIA_M1M2_PR,110.63,134.47
VIA_M1M2_PR_1511,VIA_M1M2_PR,123.97,134.47
VIA_M1M2_PR_1512,VIA_M1M2_PR,129.49,134.47
VIA_M1M2_PR_1513,VIA_M1M2_PR,171.35,134.47
VIA_M1M2_PR_1514,VIA_M1M2_PR,113.39,134.81
VIA_M1M2_PR_1515,VIA_M1M2_PR,116.15,134.81
VIA_M1M2_PR_1516,VIA_M1M2_PR,127.65,134.81
VIA_M1M2_PR_1517,VIA_M1M2_PR,166.75,134.81
VIA_M1M2_PR_1518,VIA_M1M2_PR,174.11,134.81
VIA_M1M2_PR_1519,VIA_M1M2_PR,175.03,134.81
VIA_M1M2_PR_1520,VIA_M1M2_PR,176.87,134.81
VIA_M1M2_PR_1521,VIA_M1M2_PR,177.79,134.81
VIA_M1M2_PR_1522,VIA_M1M2_PR,82.11,135.15
VIA_M1M2_PR_1523,VIA_M1M2_PR,112.47,135.15
VIA_M1M2_PR_1524,VIA_M1M2_PR,122.59,135.15
VIA_M1M2_PR_1525,VIA_M1M2_PR,126.27,135.15
VIA_M1M2_PR_1526,VIA_M1M2_PR,137.31,135.15
VIA_M1M2_PR_1527,VIA_M1M2_PR,173.19,135.15
VIA_M1M2_PR_1528,VIA_M1M2_PR,78.89,135.49
VIA_M1M2_PR_1529,VIA_M1M2_PR,110.63,135.49
VIA_M1M2_PR_1530,VIA_M1M2_PR,114.31,135.49
VIA_M1M2_PR_1531,VIA_M1M2_PR,114.77,135.49
VIA_M1M2_PR_1532,VIA_M1M2_PR,126.73,135.49
VIA_M1M2_PR_1533,VIA_M1M2_PR,172.73,135.49
VIA_M1M2_PR_1534,VIA_M1M2_PR,177.79,135.49
VIA_M1M2_PR_1535,VIA_M1M2_PR,88.55,136.51
VIA_M1M2_PR_1536,VIA_M1M2_PR,112.93,136.51
VIA_M1M2_PR_1537,VIA_M1M2_PR,169.05,136.51
VIA_M1M2_PR_1538,VIA_M1M2_PR,175.03,136.51
VIA_M1M2_PR_1539,VIA_M1M2_PR,82.11,136.85
VIA_M1M2_PR_1540,VIA_M1M2_PR,119.37,136.85
VIA_M1M2_PR_1541,VIA_M1M2_PR,122.59,136.85
VIA_M1M2_PR_1542,VIA_M1M2_PR,172.73,136.85
VIA_M1M2_PR_1543,VIA_M1M2_PR,174.57,136.85
VIA_M1M2_PR_1544,VIA_M1M2_PR,80.27,137.19
VIA_M1M2_PR_1545,VIA_M1M2_PR,110.63,137.19
VIA_M1M2_PR_1546,VIA_M1M2_PR,113.85000000000001,137.19
VIA_M1M2_PR_1547,VIA_M1M2_PR,123.97,137.19
VIA_M1M2_PR_1548,VIA_M1M2_PR,124.89,137.19
VIA_M1M2_PR_1549,VIA_M1M2_PR,166.75,137.19
VIA_M1M2_PR_1550,VIA_M1M2_PR,76.13,137.53
VIA_M1M2_PR_1551,VIA_M1M2_PR,78.43,137.53
VIA_M1M2_PR_1552,VIA_M1M2_PR,78.89,137.53
VIA_M1M2_PR_1553,VIA_M1M2_PR,111.09,137.53
VIA_M1M2_PR_1554,VIA_M1M2_PR,124.43,137.53
VIA_M1M2_PR_1555,VIA_M1M2_PR,172.73,137.53
VIA_M1M2_PR_1556,VIA_M1M2_PR,112.93,137.87
VIA_M1M2_PR_1557,VIA_M1M2_PR,116.15,137.87
VIA_M1M2_PR_1558,VIA_M1M2_PR,173.19,137.87
VIA_M1M2_PR_1559,VIA_M1M2_PR,174.11,137.87
VIA_M1M2_PR_1560,VIA_M1M2_PR,175.03,137.87
VIA_M1M2_PR_1561,VIA_M1M2_PR,174.57,138.21
VIA_M1M2_PR_1562,VIA_M1M2_PR,101.43,139.23
VIA_M1M2_PR_1563,VIA_M1M2_PR,117.99000000000001,139.57
VIA_M1M2_PR_1564,VIA_M1M2_PR,126.27,139.57
VIA_M1M2_PR_1565,VIA_M1M2_PR,74.75,139.91
VIA_M1M2_PR_1566,VIA_M1M2_PR,86.25,139.91
VIA_M1M2_PR_1567,VIA_M1M2_PR,88.55,139.91
VIA_M1M2_PR_1568,VIA_M1M2_PR,112.47,139.91
VIA_M1M2_PR_1569,VIA_M1M2_PR,123.05,139.91
VIA_M1M2_PR_1570,VIA_M1M2_PR,126.73,139.91
VIA_M1M2_PR_1571,VIA_M1M2_PR,124.43,140.25
VIA_M1M2_PR_1572,VIA_M1M2_PR,173.19,140.25
VIA_M1M2_PR_1573,VIA_M1M2_PR,173.65,140.25
VIA_M1M2_PR_1574,VIA_M1M2_PR,174.57,140.25
VIA_M1M2_PR_1575,VIA_M1M2_PR,82.11,140.59
VIA_M1M2_PR_1576,VIA_M1M2_PR,119.37,140.59
VIA_M1M2_PR_1577,VIA_M1M2_PR,122.59,140.59
VIA_M1M2_PR_1578,VIA_M1M2_PR,127.65,140.59
VIA_M1M2_PR_1579,VIA_M1M2_PR,171.35,140.59
VIA_M1M2_PR_1580,VIA_M1M2_PR,77.51,140.93
VIA_M1M2_PR_1581,VIA_M1M2_PR,173.19,140.93
VIA_M1M2_PR_1582,VIA_M1M2_PR,175.03,140.93
VIA_M1M2_PR_1583,VIA_M1M2_PR,79.81,141.95000000000002
VIA_M1M2_PR_1584,VIA_M1M2_PR,80.27,141.95000000000002
VIA_M1M2_PR_1585,VIA_M1M2_PR,112.93,141.95000000000002
VIA_M1M2_PR_1586,VIA_M1M2_PR,114.77,141.95000000000002
VIA_M1M2_PR_1587,VIA_M1M2_PR,115.23,141.95000000000002
VIA_M1M2_PR_1588,VIA_M1M2_PR,118.91,141.95000000000002
VIA_M1M2_PR_1589,VIA_M1M2_PR,123.97,141.95000000000002
VIA_M1M2_PR_1590,VIA_M1M2_PR,78.89,142.29
VIA_M1M2_PR_1591,VIA_M1M2_PR,93.15,142.29
VIA_M1M2_PR_1592,VIA_M1M2_PR,118.45,142.29
VIA_M1M2_PR_1593,VIA_M1M2_PR,121.67,142.29
VIA_M1M2_PR_1594,VIA_M1M2_PR,28.29,142.63
VIA_M1M2_PR_1595,VIA_M1M2_PR,77.05,142.63
VIA_M1M2_PR_1596,VIA_M1M2_PR,115.23,142.63
VIA_M1M2_PR_1597,VIA_M1M2_PR,173.19,142.63
VIA_M1M2_PR_1598,VIA_M1M2_PR,174.57,142.63
VIA_M1M2_PR_1599,VIA_M1M2_PR,30.59,142.97
VIA_M1M2_PR_1600,VIA_M1M2_PR,32.43,142.97
VIA_M1M2_PR_1601,VIA_M1M2_PR,34.27,142.97
VIA_M1M2_PR_1602,VIA_M1M2_PR,69.69,142.97
VIA_M1M2_PR_1603,VIA_M1M2_PR,74.29,142.97
VIA_M1M2_PR_1604,VIA_M1M2_PR,78.43,142.97
VIA_M1M2_PR_1605,VIA_M1M2_PR,86.25,142.97
VIA_M1M2_PR_1606,VIA_M1M2_PR,117.99000000000001,142.97
VIA_M1M2_PR_1607,VIA_M1M2_PR,70.15,143.31
VIA_M1M2_PR_1608,VIA_M1M2_PR,113.39,143.31
VIA_M1M2_PR_1609,VIA_M1M2_PR,142.83,143.31
VIA_M1M2_PR_1610,VIA_M1M2_PR,173.65,143.31
VIA_M1M2_PR_1611,VIA_M1M2_PR,90.39,143.65
VIA_M1M2_PR_1612,VIA_M1M2_PR,164.45000000000002,143.65
VIA_M1M2_PR_1613,VIA_M1M2_PR,34.27,144.67000000000002
VIA_M1M2_PR_1614,VIA_M1M2_PR,77.51,144.67000000000002
VIA_M1M2_PR_1615,VIA_M1M2_PR,82.57000000000001,145.01
VIA_M1M2_PR_1616,VIA_M1M2_PR,112.93,145.01
VIA_M1M2_PR_1617,VIA_M1M2_PR,27.830000000000002,145.35
VIA_M1M2_PR_1618,VIA_M1M2_PR,30.59,145.35
VIA_M1M2_PR_1619,VIA_M1M2_PR,32.43,145.35
VIA_M1M2_PR_1620,VIA_M1M2_PR,69.69,145.35
VIA_M1M2_PR_1621,VIA_M1M2_PR,76.59,145.35
VIA_M1M2_PR_1622,VIA_M1M2_PR,78.89,145.35
VIA_M1M2_PR_1623,VIA_M1M2_PR,90.39,145.35
VIA_M1M2_PR_1624,VIA_M1M2_PR,91.31,145.35
VIA_M1M2_PR_1625,VIA_M1M2_PR,123.97,145.35
VIA_M1M2_PR_1626,VIA_M1M2_PR,61.410000000000004,145.69
VIA_M1M2_PR_1627,VIA_M1M2_PR,74.29,145.69
VIA_M1M2_PR_1628,VIA_M1M2_PR,82.11,145.69
VIA_M1M2_PR_1629,VIA_M1M2_PR,83.03,145.69
VIA_M1M2_PR_1630,VIA_M1M2_PR,94.07000000000001,145.69
VIA_M1M2_PR_1631,VIA_M1M2_PR,114.31,145.69
VIA_M1M2_PR_1632,VIA_M1M2_PR,115.23,145.69
VIA_M1M2_PR_1633,VIA_M1M2_PR,115.69,145.69
VIA_M1M2_PR_1634,VIA_M1M2_PR,117.07000000000001,145.69
VIA_M1M2_PR_1635,VIA_M1M2_PR,117.99000000000001,145.69
VIA_M1M2_PR_1636,VIA_M1M2_PR,127.65,145.69
VIA_M1M2_PR_1637,VIA_M1M2_PR,170.43,145.69
VIA_M1M2_PR_1638,VIA_M1M2_PR,172.27,145.69
VIA_M1M2_PR_1639,VIA_M1M2_PR,172.73,145.69
VIA_M1M2_PR_1640,VIA_M1M2_PR,174.57,145.69
VIA_M1M2_PR_1641,VIA_M1M2_PR,34.730000000000004,146.03
VIA_M1M2_PR_1642,VIA_M1M2_PR,77.97,146.03
VIA_M1M2_PR_1643,VIA_M1M2_PR,88.55,146.03
VIA_M1M2_PR_1644,VIA_M1M2_PR,114.77,146.03
VIA_M1M2_PR_1645,VIA_M1M2_PR,122.59,146.03
VIA_M1M2_PR_1646,VIA_M1M2_PR,171.35,146.03
VIA_M1M2_PR_1647,VIA_M1M2_PR,71.99,146.37
VIA_M1M2_PR_1648,VIA_M1M2_PR,83.49,146.37
VIA_M1M2_PR_1649,VIA_M1M2_PR,88.09,146.37
VIA_M1M2_PR_1650,VIA_M1M2_PR,117.99000000000001,146.37
VIA_M1M2_PR_1651,VIA_M1M2_PR,144.21,146.37
VIA_M1M2_PR_1652,VIA_M1M2_PR,26.45,147.39000000000001
VIA_M1M2_PR_1653,VIA_M1M2_PR,31.51,147.39000000000001
VIA_M1M2_PR_1654,VIA_M1M2_PR,71.99,147.39000000000001
VIA_M1M2_PR_1655,VIA_M1M2_PR,74.29,147.39000000000001
VIA_M1M2_PR_1656,VIA_M1M2_PR,94.07000000000001,147.39000000000001
VIA_M1M2_PR_1657,VIA_M1M2_PR,117.99000000000001,147.39000000000001
VIA_M1M2_PR_1658,VIA_M1M2_PR,130.87,147.39000000000001
VIA_M1M2_PR_1659,VIA_M1M2_PR,27.830000000000002,147.73
VIA_M1M2_PR_1660,VIA_M1M2_PR,33.81,147.73
VIA_M1M2_PR_1661,VIA_M1M2_PR,34.730000000000004,147.73
VIA_M1M2_PR_1662,VIA_M1M2_PR,41.17,147.73
VIA_M1M2_PR_1663,VIA_M1M2_PR,61.410000000000004,147.73
VIA_M1M2_PR_1664,VIA_M1M2_PR,80.27,147.73
VIA_M1M2_PR_1665,VIA_M1M2_PR,82.11,147.73
VIA_M1M2_PR_1666,VIA_M1M2_PR,83.49,147.73
VIA_M1M2_PR_1667,VIA_M1M2_PR,88.09,147.73
VIA_M1M2_PR_1668,VIA_M1M2_PR,93.15,147.73
VIA_M1M2_PR_1669,VIA_M1M2_PR,119.37,147.73
VIA_M1M2_PR_1670,VIA_M1M2_PR,127.19,147.73
VIA_M1M2_PR_1671,VIA_M1M2_PR,175.03,147.73
VIA_M1M2_PR_1672,VIA_M1M2_PR,177.79,147.73
VIA_M1M2_PR_1673,VIA_M1M2_PR,65.09,148.07
VIA_M1M2_PR_1674,VIA_M1M2_PR,113.39,148.07
VIA_M1M2_PR_1675,VIA_M1M2_PR,113.85000000000001,148.07
VIA_M1M2_PR_1676,VIA_M1M2_PR,122.13,148.07
VIA_M1M2_PR_1677,VIA_M1M2_PR,170.43,148.07
VIA_M1M2_PR_1678,VIA_M1M2_PR,171.81,148.07
VIA_M1M2_PR_1679,VIA_M1M2_PR,173.19,148.07
VIA_M1M2_PR_1680,VIA_M1M2_PR,174.11,148.07
VIA_M1M2_PR_1681,VIA_M1M2_PR,24.61,148.41
VIA_M1M2_PR_1682,VIA_M1M2_PR,31.05,148.41
VIA_M1M2_PR_1683,VIA_M1M2_PR,32.43,148.41
VIA_M1M2_PR_1684,VIA_M1M2_PR,69.69,148.41
VIA_M1M2_PR_1685,VIA_M1M2_PR,77.05,148.41
VIA_M1M2_PR_1686,VIA_M1M2_PR,84.87,148.41
VIA_M1M2_PR_1687,VIA_M1M2_PR,28.29,148.75
VIA_M1M2_PR_1688,VIA_M1M2_PR,74.75,148.75
VIA_M1M2_PR_1689,VIA_M1M2_PR,114.31,148.75
VIA_M1M2_PR_1690,VIA_M1M2_PR,171.35,148.75
VIA_M1M2_PR_1691,VIA_M1M2_PR,23.69,149.09
VIA_M1M2_PR_1692,VIA_M1M2_PR,26.45,149.09
VIA_M1M2_PR_1693,VIA_M1M2_PR,33.35,149.09
VIA_M1M2_PR_1694,VIA_M1M2_PR,39.79,149.09
VIA_M1M2_PR_1695,VIA_M1M2_PR,78.43,149.09
VIA_M1M2_PR_1696,VIA_M1M2_PR,83.03,149.09
VIA_M1M2_PR_1697,VIA_M1M2_PR,89.47,149.09
VIA_M1M2_PR_1698,VIA_M1M2_PR,117.07000000000001,149.09
VIA_M1M2_PR_1699,VIA_M1M2_PR,118.91,149.09
VIA_M1M2_PR_1700,VIA_M1M2_PR,136.85,149.09
VIA_M1M2_PR_1701,VIA_M1M2_PR,28.75,150.11
VIA_M1M2_PR_1702,VIA_M1M2_PR,31.05,150.11
VIA_M1M2_PR_1703,VIA_M1M2_PR,80.73,150.11
VIA_M1M2_PR_1704,VIA_M1M2_PR,82.57000000000001,150.11
VIA_M1M2_PR_1705,VIA_M1M2_PR,84.87,150.11
VIA_M1M2_PR_1706,VIA_M1M2_PR,89.47,150.11
VIA_M1M2_PR_1707,VIA_M1M2_PR,100.05,150.11
VIA_M1M2_PR_1708,VIA_M1M2_PR,119.37,150.11
VIA_M1M2_PR_1709,VIA_M1M2_PR,123.97,150.11
VIA_M1M2_PR_1710,VIA_M1M2_PR,172.73,150.11
VIA_M1M2_PR_1711,VIA_M1M2_PR,41.17,150.45000000000002
VIA_M1M2_PR_1712,VIA_M1M2_PR,69.23,150.45000000000002
VIA_M1M2_PR_1713,VIA_M1M2_PR,72.91,150.45000000000002
VIA_M1M2_PR_1714,VIA_M1M2_PR,117.99000000000001,150.45000000000002
VIA_M1M2_PR_1715,VIA_M1M2_PR,174.11,150.45000000000002
VIA_M1M2_PR_1716,VIA_M1M2_PR,175.49,150.45000000000002
VIA_M1M2_PR_1717,VIA_M1M2_PR,32.89,150.79
VIA_M1M2_PR_1718,VIA_M1M2_PR,39.33,150.79
VIA_M1M2_PR_1719,VIA_M1M2_PR,73.83,150.79
VIA_M1M2_PR_1720,VIA_M1M2_PR,75.67,150.79
VIA_M1M2_PR_1721,VIA_M1M2_PR,77.05,150.79
VIA_M1M2_PR_1722,VIA_M1M2_PR,82.11,150.79
VIA_M1M2_PR_1723,VIA_M1M2_PR,83.49,150.79
VIA_M1M2_PR_1724,VIA_M1M2_PR,118.91,150.79
VIA_M1M2_PR_1725,VIA_M1M2_PR,34.730000000000004,151.13
VIA_M1M2_PR_1726,VIA_M1M2_PR,36.11,151.13
VIA_M1M2_PR_1727,VIA_M1M2_PR,70.15,151.13
VIA_M1M2_PR_1728,VIA_M1M2_PR,70.61,151.13
VIA_M1M2_PR_1729,VIA_M1M2_PR,71.07000000000001,151.13
VIA_M1M2_PR_1730,VIA_M1M2_PR,80.27,151.13
VIA_M1M2_PR_1731,VIA_M1M2_PR,168.59,151.13
VIA_M1M2_PR_1732,VIA_M1M2_PR,173.19,151.13
VIA_M1M2_PR_1733,VIA_M1M2_PR,175.49,151.13
VIA_M1M2_PR_1734,VIA_M1M2_PR,27.830000000000002,151.47
VIA_M1M2_PR_1735,VIA_M1M2_PR,39.79,151.47
VIA_M1M2_PR_1736,VIA_M1M2_PR,87.63,151.47
VIA_M1M2_PR_1737,VIA_M1M2_PR,93.15,151.47
VIA_M1M2_PR_1738,VIA_M1M2_PR,113.85000000000001,151.47
VIA_M1M2_PR_1739,VIA_M1M2_PR,170.43,151.47
VIA_M1M2_PR_1740,VIA_M1M2_PR,172.27,151.47
VIA_M1M2_PR_1741,VIA_M1M2_PR,178.71,151.47
VIA_M1M2_PR_1742,VIA_M1M2_PR,24.61,151.81
VIA_M1M2_PR_1743,VIA_M1M2_PR,26.91,151.81
VIA_M1M2_PR_1744,VIA_M1M2_PR,35.65,151.81
VIA_M1M2_PR_1745,VIA_M1M2_PR,39.33,151.81
VIA_M1M2_PR_1746,VIA_M1M2_PR,68.77,151.81
VIA_M1M2_PR_1747,VIA_M1M2_PR,71.99,151.81
VIA_M1M2_PR_1748,VIA_M1M2_PR,78.43,151.81
VIA_M1M2_PR_1749,VIA_M1M2_PR,84.87,151.81
VIA_M1M2_PR_1750,VIA_M1M2_PR,115.23,151.81
VIA_M1M2_PR_1751,VIA_M1M2_PR,118.91,151.81
VIA_M1M2_PR_1752,VIA_M1M2_PR,172.73,151.81
VIA_M1M2_PR_1753,VIA_M1M2_PR,175.03,151.81
VIA_M1M2_PR_1754,VIA_M1M2_PR,26.91,152.83
VIA_M1M2_PR_1755,VIA_M1M2_PR,31.970000000000002,152.83
VIA_M1M2_PR_1756,VIA_M1M2_PR,33.81,152.83
VIA_M1M2_PR_1757,VIA_M1M2_PR,70.15,152.83
VIA_M1M2_PR_1758,VIA_M1M2_PR,76.59,152.83
VIA_M1M2_PR_1759,VIA_M1M2_PR,78.89,152.83
VIA_M1M2_PR_1760,VIA_M1M2_PR,80.73,152.83
VIA_M1M2_PR_1761,VIA_M1M2_PR,114.77,152.83
VIA_M1M2_PR_1762,VIA_M1M2_PR,122.59,152.83
VIA_M1M2_PR_1763,VIA_M1M2_PR,167.21,152.83
VIA_M1M2_PR_1764,VIA_M1M2_PR,171.35,152.83
VIA_M1M2_PR_1765,VIA_M1M2_PR,173.19,152.83
VIA_M1M2_PR_1766,VIA_M1M2_PR,27.37,153.17000000000002
VIA_M1M2_PR_1767,VIA_M1M2_PR,28.29,153.17000000000002
VIA_M1M2_PR_1768,VIA_M1M2_PR,32.43,153.17000000000002
VIA_M1M2_PR_1769,VIA_M1M2_PR,39.33,153.17000000000002
VIA_M1M2_PR_1770,VIA_M1M2_PR,69.23,153.17000000000002
VIA_M1M2_PR_1771,VIA_M1M2_PR,70.61,153.17000000000002
VIA_M1M2_PR_1772,VIA_M1M2_PR,71.07000000000001,153.17000000000002
VIA_M1M2_PR_1773,VIA_M1M2_PR,77.51,153.17000000000002
VIA_M1M2_PR_1774,VIA_M1M2_PR,82.57000000000001,153.17000000000002
VIA_M1M2_PR_1775,VIA_M1M2_PR,93.15,153.17000000000002
VIA_M1M2_PR_1776,VIA_M1M2_PR,168.59,153.17000000000002
VIA_M1M2_PR_1777,VIA_M1M2_PR,178.71,153.17000000000002
VIA_M1M2_PR_1778,VIA_M1M2_PR,23.69,153.51
VIA_M1M2_PR_1779,VIA_M1M2_PR,29.21,153.51
VIA_M1M2_PR_1780,VIA_M1M2_PR,32.89,153.51
VIA_M1M2_PR_1781,VIA_M1M2_PR,33.35,153.51
VIA_M1M2_PR_1782,VIA_M1M2_PR,35.65,153.51
VIA_M1M2_PR_1783,VIA_M1M2_PR,71.53,153.51
VIA_M1M2_PR_1784,VIA_M1M2_PR,73.83,153.51
VIA_M1M2_PR_1785,VIA_M1M2_PR,84.41,153.51
VIA_M1M2_PR_1786,VIA_M1M2_PR,173.19,153.51
VIA_M1M2_PR_1787,VIA_M1M2_PR,174.57,153.51
VIA_M1M2_PR_1788,VIA_M1M2_PR,177.79,153.51
VIA_M1M2_PR_1789,VIA_M1M2_PR,25.07,153.85
VIA_M1M2_PR_1790,VIA_M1M2_PR,28.29,153.85
VIA_M1M2_PR_1791,VIA_M1M2_PR,32.43,153.85
VIA_M1M2_PR_1792,VIA_M1M2_PR,39.79,153.85
VIA_M1M2_PR_1793,VIA_M1M2_PR,78.43,153.85
VIA_M1M2_PR_1794,VIA_M1M2_PR,80.73,153.85
VIA_M1M2_PR_1795,VIA_M1M2_PR,88.09,153.85
VIA_M1M2_PR_1796,VIA_M1M2_PR,172.73,153.85
VIA_M1M2_PR_1797,VIA_M1M2_PR,174.11,153.85
VIA_M1M2_PR_1798,VIA_M1M2_PR,31.05,154.19
VIA_M1M2_PR_1799,VIA_M1M2_PR,34.27,154.19
VIA_M1M2_PR_1800,VIA_M1M2_PR,74.29,154.19
VIA_M1M2_PR_1801,VIA_M1M2_PR,79.81,154.19
VIA_M1M2_PR_1802,VIA_M1M2_PR,168.59,154.19
VIA_M1M2_PR_1803,VIA_M1M2_PR,68.77,154.53
VIA_M1M2_PR_1804,VIA_M1M2_PR,69.69,154.53
VIA_M1M2_PR_1805,VIA_M1M2_PR,72.45,154.53
VIA_M1M2_PR_1806,VIA_M1M2_PR,72.91,154.53
VIA_M1M2_PR_1807,VIA_M1M2_PR,83.03,154.53
VIA_M1M2_PR_1808,VIA_M1M2_PR,91.31,154.53
VIA_M1M2_PR_1809,VIA_M1M2_PR,170.43,154.53
VIA_M1M2_PR_1810,VIA_M1M2_PR,72.91,155.55
VIA_M1M2_PR_1811,VIA_M1M2_PR,129.95,155.55
VIA_M1M2_PR_1812,VIA_M1M2_PR,24.61,155.89000000000001
VIA_M1M2_PR_1813,VIA_M1M2_PR,173.19,155.89000000000001
VIA_M1M2_PR_1814,VIA_M1M2_PR,27.830000000000002,156.23
VIA_M1M2_PR_1815,VIA_M1M2_PR,28.29,156.23
VIA_M1M2_PR_1816,VIA_M1M2_PR,77.51,156.23
VIA_M1M2_PR_1817,VIA_M1M2_PR,77.97,156.23
VIA_M1M2_PR_1818,VIA_M1M2_PR,87.63,156.23
VIA_M1M2_PR_1819,VIA_M1M2_PR,114.77,156.23
VIA_M1M2_PR_1820,VIA_M1M2_PR,172.73,156.23
VIA_M1M2_PR_1821,VIA_M1M2_PR,25.07,156.57
VIA_M1M2_PR_1822,VIA_M1M2_PR,29.21,156.57
VIA_M1M2_PR_1823,VIA_M1M2_PR,31.05,156.57
VIA_M1M2_PR_1824,VIA_M1M2_PR,31.970000000000002,156.57
VIA_M1M2_PR_1825,VIA_M1M2_PR,33.35,156.57
VIA_M1M2_PR_1826,VIA_M1M2_PR,71.99,156.57
VIA_M1M2_PR_1827,VIA_M1M2_PR,84.87,156.57
VIA_M1M2_PR_1828,VIA_M1M2_PR,91.31,156.57
VIA_M1M2_PR_1829,VIA_M1M2_PR,168.59,156.57
VIA_M1M2_PR_1830,VIA_M1M2_PR,174.57,156.57
VIA_M1M2_PR_1831,VIA_M1M2_PR,27.830000000000002,156.91
VIA_M1M2_PR_1832,VIA_M1M2_PR,28.29,156.91
VIA_M1M2_PR_1833,VIA_M1M2_PR,73.37,156.91
VIA_M1M2_PR_1834,VIA_M1M2_PR,77.51,156.91
VIA_M1M2_PR_1835,VIA_M1M2_PR,77.97,156.91
VIA_M1M2_PR_1836,VIA_M1M2_PR,167.67000000000002,156.91
VIA_M1M2_PR_1837,VIA_M1M2_PR,170.43,156.91
VIA_M1M2_PR_1838,VIA_M1M2_PR,31.970000000000002,157.25
VIA_M1M2_PR_1839,VIA_M1M2_PR,71.07000000000001,157.25
VIA_M1M2_PR_1840,VIA_M1M2_PR,72.91,157.25
VIA_M1M2_PR_1841,VIA_M1M2_PR,74.75,157.25
VIA_M1M2_PR_1842,VIA_M1M2_PR,76.59,157.25
VIA_M1M2_PR_1843,VIA_M1M2_PR,78.89,157.25
VIA_M1M2_PR_1844,VIA_M1M2_PR,79.81,157.25
VIA_M1M2_PR_1845,VIA_M1M2_PR,91.31,157.25
VIA_M1M2_PR_1846,VIA_M1M2_PR,91.77,157.25
VIA_M1M2_PR_1847,VIA_M1M2_PR,161.69,157.25
VIA_M1M2_PR_1848,VIA_M1M2_PR,27.830000000000002,158.27
VIA_M1M2_PR_1849,VIA_M1M2_PR,34.27,158.27
VIA_M1M2_PR_1850,VIA_M1M2_PR,77.97,158.27
VIA_M1M2_PR_1851,VIA_M1M2_PR,80.27,158.27
VIA_M1M2_PR_1852,VIA_M1M2_PR,32.89,158.61
VIA_M1M2_PR_1853,VIA_M1M2_PR,72.45,158.61
VIA_M1M2_PR_1854,VIA_M1M2_PR,82.11,158.61
VIA_M1M2_PR_1855,VIA_M1M2_PR,84.87,158.61
VIA_M1M2_PR_1856,VIA_M1M2_PR,87.63,158.61
VIA_M1M2_PR_1857,VIA_M1M2_PR,91.77,158.61
VIA_M1M2_PR_1858,VIA_M1M2_PR,28.75,158.95000000000002
VIA_M1M2_PR_1859,VIA_M1M2_PR,36.11,158.95000000000002
VIA_M1M2_PR_1860,VIA_M1M2_PR,68.77,158.95000000000002
VIA_M1M2_PR_1861,VIA_M1M2_PR,79.81,158.95000000000002
VIA_M1M2_PR_1862,VIA_M1M2_PR,171.81,158.95000000000002
VIA_M1M2_PR_1863,VIA_M1M2_PR,30.59,159.29
VIA_M1M2_PR_1864,VIA_M1M2_PR,76.13,159.29
VIA_M1M2_PR_1865,VIA_M1M2_PR,80.73,159.29
VIA_M1M2_PR_1866,VIA_M1M2_PR,114.31,159.29
VIA_M1M2_PR_1867,VIA_M1M2_PR,115.23,159.29
VIA_M1M2_PR_1868,VIA_M1M2_PR,168.59,159.29
VIA_M1M2_PR_1869,VIA_M1M2_PR,77.05,159.63
VIA_M1M2_PR_1870,VIA_M1M2_PR,182.85,159.63
VIA_M1M2_PR_1871,VIA_M1M2_PR,189.29,159.63
VIA_M1M2_PR_1872,VIA_M1M2_PR,32.43,159.97
VIA_M1M2_PR_1873,VIA_M1M2_PR,74.75,159.97
VIA_M1M2_PR_1874,VIA_M1M2_PR,81.19,159.97
VIA_M1M2_PR_1875,VIA_M1M2_PR,84.87,159.97
VIA_M1M2_PR_1876,VIA_M1M2_PR,91.31,159.97
VIA_M1M2_PR_1877,VIA_M1M2_PR,30.59,160.99
VIA_M1M2_PR_1878,VIA_M1M2_PR,83.49,160.99
VIA_M1M2_PR_1879,VIA_M1M2_PR,80.73,161.33
VIA_M1M2_PR_1880,VIA_M1M2_PR,83.03,161.33
VIA_M1M2_PR_1881,VIA_M1M2_PR,28.29,161.67000000000002
VIA_M1M2_PR_1882,VIA_M1M2_PR,31.970000000000002,161.67000000000002
VIA_M1M2_PR_1883,VIA_M1M2_PR,79.81,161.67000000000002
VIA_M1M2_PR_1884,VIA_M1M2_PR,31.51,162.01
VIA_M1M2_PR_1885,VIA_M1M2_PR,33.35,162.01
VIA_M1M2_PR_1886,VIA_M1M2_PR,34.27,162.01
VIA_M1M2_PR_1887,VIA_M1M2_PR,78.43,162.01
VIA_M1M2_PR_1888,VIA_M1M2_PR,84.87,162.01
VIA_M1M2_PR_1889,VIA_M1M2_PR,88.09,162.01
VIA_M1M2_PR_1890,VIA_M1M2_PR,83.95,162.35
VIA_M1M2_PR_1891,VIA_M1M2_PR,92.69,162.35
VIA_M1M2_PR_1892,VIA_M1M2_PR,78.43,162.69
VIA_M1M2_PR_1893,VIA_M1M2_PR,81.65,162.69
VIA_M1M2_PR_1894,VIA_M1M2_PR,82.57000000000001,162.69
VIA_M1M2_PR_1895,VIA_M1M2_PR,112.93,162.69
VIA_M1M2_PR_1896,VIA_M1M2_PR,81.65,163.71
VIA_M1M2_PR_1897,VIA_M1M2_PR,78.43,164.05
VIA_M1M2_PR_1898,VIA_M1M2_PR,87.63,164.05
VIA_M1M2_PR_1899,VIA_M1M2_PR,77.05,164.39000000000001
VIA_M1M2_PR_1900,VIA_M1M2_PR,93.15,164.39000000000001
VIA_M1M2_PR_1901,VIA_M1M2_PR,169.51,164.39000000000001
VIA_M1M2_PR_1902,VIA_M1M2_PR,170.43,164.39000000000001
VIA_M1M2_PR_1903,VIA_M1M2_PR,172.27,164.39000000000001
VIA_M1M2_PR_1904,VIA_M1M2_PR,172.73,164.39000000000001
VIA_M1M2_PR_1905,VIA_M1M2_PR,113.85000000000001,164.73
VIA_M1M2_PR_1906,VIA_M1M2_PR,186.07,164.73
VIA_M1M2_PR_1907,VIA_M1M2_PR,76.13,165.07
VIA_M1M2_PR_1908,VIA_M1M2_PR,77.05,165.07
VIA_M1M2_PR_1909,VIA_M1M2_PR,94.07000000000001,165.07
VIA_M1M2_PR_1910,VIA_M1M2_PR,169.97,165.41
VIA_M1M2_PR_1911,VIA_M1M2_PR,162.15,166.43
VIA_M1M2_PR_1912,VIA_M1M2_PR,172.27,166.43
VIA_M1M2_PR_1913,VIA_M1M2_PR,171.81,166.77
VIA_M1M2_PR_1914,VIA_M1M2_PR,172.27,167.11
VIA_M1M2_PR_1915,VIA_M1M2_PR,173.65,167.11
VIA_M1M2_PR_1916,VIA_M1M2_PR,178.71,167.11
VIA_M1M2_PR_1917,VIA_M1M2_PR,165.37,167.45000000000002
VIA_M1M2_PR_1918,VIA_M1M2_PR,167.67000000000002,167.45000000000002
VIA_M1M2_PR_1919,VIA_M1M2_PR,168.59,167.45000000000002
VIA_M1M2_PR_1920,VIA_M1M2_PR,170.89000000000001,167.45000000000002
VIA_M1M2_PR_1921,VIA_M1M2_PR,172.73,167.45000000000002
VIA_M1M2_PR_1922,VIA_M1M2_PR,122.59,167.79
VIA_M1M2_PR_1923,VIA_M1M2_PR,177.79,167.79
VIA_M1M2_PR_1924,VIA_M1M2_PR,169.05,168.13
VIA_M1M2_PR_1925,VIA_M1M2_PR,175.95000000000002,168.13
VIA_M1M2_PR_1926,VIA_M1M2_PR,161.23,169.15
VIA_M1M2_PR_1927,VIA_M1M2_PR,186.99,169.15
VIA_M1M2_PR_1928,VIA_M1M2_PR,175.95000000000002,169.49
VIA_M1M2_PR_1929,VIA_M1M2_PR,178.71,169.49
VIA_M1M2_PR_1930,VIA_M1M2_PR,162.61,169.83
VIA_M1M2_PR_1931,VIA_M1M2_PR,164.91,169.83
VIA_M1M2_PR_1932,VIA_M1M2_PR,165.37,169.83
VIA_M1M2_PR_1933,VIA_M1M2_PR,167.21,169.83
VIA_M1M2_PR_1934,VIA_M1M2_PR,169.05,169.83
VIA_M1M2_PR_1935,VIA_M1M2_PR,169.97,169.83
VIA_M1M2_PR_1936,VIA_M1M2_PR,172.73,169.83
VIA_M1M2_PR_1937,VIA_M1M2_PR,176.87,169.83
VIA_M1M2_PR_1938,VIA_M1M2_PR,177.79,169.83
VIA_M1M2_PR_1939,VIA_M1M2_PR,158.93,170.17000000000002
VIA_M1M2_PR_1940,VIA_M1M2_PR,171.35,170.17000000000002
VIA_M1M2_PR_1941,VIA_M1M2_PR,173.65,170.17000000000002
VIA_M1M2_PR_1942,VIA_M1M2_PR,187.91,170.17000000000002
VIA_M1M2_PR_1943,VIA_M1M2_PR,163.99,170.51
VIA_M1M2_PR_1944,VIA_M1M2_PR,169.05,170.51
VIA_M1M2_PR_1945,VIA_M1M2_PR,165.37,170.85
VIA_M1M2_PR_1946,VIA_M1M2_PR,167.67000000000002,170.85
VIA_M1M2_PR_1947,VIA_M1M2_PR,170.43,170.85
VIA_M1M2_PR_1948,VIA_M1M2_PR,175.03,170.85
VIA_M1M2_PR_1949,VIA_M1M2_PR,181.47,171.87
VIA_M1M2_PR_1950,VIA_M1M2_PR,191.13,171.87
VIA_M1M2_PR_1951,VIA_M1M2_PR,168.59,172.21
VIA_M1M2_PR_1952,VIA_M1M2_PR,169.97,172.55
VIA_M1M2_PR_1953,VIA_M1M2_PR,175.49,172.55
VIA_M1M2_PR_1954,VIA_M1M2_PR,155.71,172.89000000000001
VIA_M1M2_PR_1955,VIA_M1M2_PR,160.31,172.89000000000001
VIA_M1M2_PR_1956,VIA_M1M2_PR,163.07,172.89000000000001
VIA_M1M2_PR_1957,VIA_M1M2_PR,163.53,172.89000000000001
VIA_M1M2_PR_1958,VIA_M1M2_PR,165.37,172.89000000000001
VIA_M1M2_PR_1959,VIA_M1M2_PR,169.51,172.89000000000001
VIA_M1M2_PR_1960,VIA_M1M2_PR,171.35,172.89000000000001
VIA_M1M2_PR_1961,VIA_M1M2_PR,173.19,173.23
VIA_M1M2_PR_1962,VIA_M1M2_PR,179.63,173.23
VIA_M1M2_PR_1963,VIA_M1M2_PR,181.47,173.23
VIA_M1M2_PR_1964,VIA_M1M2_PR,160.77,173.57
VIA_M1M2_PR_1965,VIA_M1M2_PR,162.61,173.57
VIA_M1M2_PR_1966,VIA_M1M2_PR,163.07,173.57
VIA_M1M2_PR_1967,VIA_M1M2_PR,163.53,173.57
VIA_M1M2_PR_1968,VIA_M1M2_PR,172.27,173.57
VIA_M1M2_PR_1969,VIA_M1M2_PR,162.15,174.59
VIA_M1M2_PR_1970,VIA_M1M2_PR,184.69,174.59
VIA_M1M2_PR_1971,VIA_M1M2_PR,127.65,174.93
VIA_M1M2_PR_1972,VIA_M1M2_PR,147.89000000000001,174.93
VIA_M1M2_PR_1973,VIA_M1M2_PR,154.33,174.93
VIA_M1M2_PR_1974,VIA_M1M2_PR,167.21,174.93
VIA_M1M2_PR_1975,VIA_M1M2_PR,73.37,175.27
VIA_M1M2_PR_1976,VIA_M1M2_PR,100.05,175.27
VIA_M1M2_PR_1977,VIA_M1M2_PR,158.93,175.27
VIA_M1M2_PR_1978,VIA_M1M2_PR,160.77,175.27
VIA_M1M2_PR_1979,VIA_M1M2_PR,171.81,175.27
VIA_M1M2_PR_1980,VIA_M1M2_PR,175.03,175.27
VIA_M1M2_PR_1981,VIA_M1M2_PR,178.25,175.27
VIA_M1M2_PR_1982,VIA_M1M2_PR,188.83,175.27
VIA_M1M2_PR_1983,VIA_M1M2_PR,159.39000000000001,175.61
VIA_M1M2_PR_1984,VIA_M1M2_PR,169.97,175.61
VIA_M1M2_PR_1985,VIA_M1M2_PR,183.77,175.61
VIA_M1M2_PR_1986,VIA_M1M2_PR,162.61,175.95000000000002
VIA_M1M2_PR_1987,VIA_M1M2_PR,172.73,175.95000000000002
VIA_M1M2_PR_1988,VIA_M1M2_PR,184.23,175.95000000000002
VIA_M1M2_PR_1989,VIA_M1M2_PR,144.67000000000002,176.29
VIA_M1M2_PR_1990,VIA_M1M2_PR,161.69,176.29
VIA_M1M2_PR_1991,VIA_M1M2_PR,160.31,177.31
VIA_M1M2_PR_1992,VIA_M1M2_PR,169.05,177.31
VIA_M1M2_PR_1993,VIA_M1M2_PR,171.35,177.31
VIA_M1M2_PR_1994,VIA_M1M2_PR,155.25,177.65
VIA_M1M2_PR_1995,VIA_M1M2_PR,167.21,177.65
VIA_M1M2_PR_1996,VIA_M1M2_PR,186.07,177.65
VIA_M1M2_PR_1997,VIA_M1M2_PR,147.89000000000001,177.99
VIA_M1M2_PR_1998,VIA_M1M2_PR,167.67000000000002,177.99
VIA_M1M2_PR_1999,VIA_M1M2_PR,179.17000000000002,177.99
VIA_M1M2_PR_2000,VIA_M1M2_PR,181.47,177.99
VIA_M1M2_PR_2001,VIA_M1M2_PR,184.69,177.99
VIA_M1M2_PR_2002,VIA_M1M2_PR,153.87,178.33
VIA_M1M2_PR_2003,VIA_M1M2_PR,158.93,178.33
VIA_M1M2_PR_2004,VIA_M1M2_PR,160.31,178.33
VIA_M1M2_PR_2005,VIA_M1M2_PR,161.69,178.33
VIA_M1M2_PR_2006,VIA_M1M2_PR,166.29,178.33
VIA_M1M2_PR_2007,VIA_M1M2_PR,167.21,178.33
VIA_M1M2_PR_2008,VIA_M1M2_PR,168.59,178.33
VIA_M1M2_PR_2009,VIA_M1M2_PR,187.45000000000002,178.33
VIA_M1M2_PR_2010,VIA_M1M2_PR,110.63,178.67000000000002
VIA_M1M2_PR_2011,VIA_M1M2_PR,113.85000000000001,178.67000000000002
VIA_M1M2_PR_2012,VIA_M1M2_PR,151.57,178.67000000000002
VIA_M1M2_PR_2013,VIA_M1M2_PR,158.47,178.67000000000002
VIA_M1M2_PR_2014,VIA_M1M2_PR,164.45000000000002,178.67000000000002
VIA_M1M2_PR_2015,VIA_M1M2_PR,172.73,178.67000000000002
VIA_M1M2_PR_2016,VIA_M1M2_PR,181.47,178.67000000000002
VIA_M1M2_PR_2017,VIA_M1M2_PR,159.39000000000001,179.01
VIA_M1M2_PR_2018,VIA_M1M2_PR,168.59,179.01
VIA_M1M2_PR_2019,VIA_M1M2_PR,177.33,179.01
VIA_M1M2_PR_2020,VIA_M1M2_PR,182.85,179.01
VIA_M1M2_PR_2021,VIA_M1M2_PR,186.53,179.01
VIA_M1M2_PR_2022,VIA_M1M2_PR,161.69,180.03
VIA_M1M2_PR_2023,VIA_M1M2_PR,162.15,180.03
VIA_M1M2_PR_2024,VIA_M1M2_PR,164.91,180.03
VIA_M1M2_PR_2025,VIA_M1M2_PR,177.79,180.03
VIA_M1M2_PR_2026,VIA_M1M2_PR,180.09,180.03
VIA_M1M2_PR_2027,VIA_M1M2_PR,158.47,180.37
VIA_M1M2_PR_2028,VIA_M1M2_PR,165.83,180.37
VIA_M1M2_PR_2029,VIA_M1M2_PR,167.67000000000002,180.37
VIA_M1M2_PR_2030,VIA_M1M2_PR,172.73,180.37
VIA_M1M2_PR_2031,VIA_M1M2_PR,174.11,180.37
VIA_M1M2_PR_2032,VIA_M1M2_PR,182.85,180.37
VIA_M1M2_PR_2033,VIA_M1M2_PR,187.91,180.37
VIA_M1M2_PR_2034,VIA_M1M2_PR,190.67000000000002,180.37
VIA_M1M2_PR_2035,VIA_M1M2_PR,155.71,180.71
VIA_M1M2_PR_2036,VIA_M1M2_PR,158.93,180.71
VIA_M1M2_PR_2037,VIA_M1M2_PR,167.21,180.71
VIA_M1M2_PR_2038,VIA_M1M2_PR,184.23,180.71
VIA_M1M2_PR_2039,VIA_M1M2_PR,185.15,180.71
VIA_M1M2_PR_2040,VIA_M1M2_PR,185.61,180.71
VIA_M1M2_PR_2041,VIA_M1M2_PR,151.57,181.05
VIA_M1M2_PR_2042,VIA_M1M2_PR,156.17000000000002,181.05
VIA_M1M2_PR_2043,VIA_M1M2_PR,172.73,181.05
VIA_M1M2_PR_2044,VIA_M1M2_PR,178.25,181.05
VIA_M1M2_PR_2045,VIA_M1M2_PR,179.17000000000002,181.05
VIA_M1M2_PR_2046,VIA_M1M2_PR,182.85,181.05
VIA_M1M2_PR_2047,VIA_M1M2_PR,160.77,181.39000000000001
VIA_M1M2_PR_2048,VIA_M1M2_PR,170.43,181.39000000000001
VIA_M1M2_PR_2049,VIA_M1M2_PR,185.61,181.39000000000001
VIA_M1M2_PR_2050,VIA_M1M2_PR,152.95000000000002,181.73
VIA_M1M2_PR_2051,VIA_M1M2_PR,166.75,181.73
VIA_M1M2_PR_2052,VIA_M1M2_PR,169.51,181.73
VIA_M1M2_PR_2053,VIA_M1M2_PR,143.75,182.75
VIA_M1M2_PR_2054,VIA_M1M2_PR,144.67000000000002,182.75
VIA_M1M2_PR_2055,VIA_M1M2_PR,160.77,182.75
VIA_M1M2_PR_2056,VIA_M1M2_PR,163.07,182.75
VIA_M1M2_PR_2057,VIA_M1M2_PR,178.71,182.75
VIA_M1M2_PR_2058,VIA_M1M2_PR,180.09,182.75
VIA_M1M2_PR_2059,VIA_M1M2_PR,181.93,182.75
VIA_M1M2_PR_2060,VIA_M1M2_PR,123.05,183.09
VIA_M1M2_PR_2061,VIA_M1M2_PR,164.45000000000002,183.09
VIA_M1M2_PR_2062,VIA_M1M2_PR,169.51,183.09
VIA_M1M2_PR_2063,VIA_M1M2_PR,170.89000000000001,183.09
VIA_M1M2_PR_2064,VIA_M1M2_PR,172.73,183.09
VIA_M1M2_PR_2065,VIA_M1M2_PR,183.31,183.09
VIA_M1M2_PR_2066,VIA_M1M2_PR,185.15,183.09
VIA_M1M2_PR_2067,VIA_M1M2_PR,143.75,183.43
VIA_M1M2_PR_2068,VIA_M1M2_PR,145.13,183.43
VIA_M1M2_PR_2069,VIA_M1M2_PR,152.49,183.43
VIA_M1M2_PR_2070,VIA_M1M2_PR,159.39000000000001,183.43
VIA_M1M2_PR_2071,VIA_M1M2_PR,163.07,183.43
VIA_M1M2_PR_2072,VIA_M1M2_PR,168.13,183.43
VIA_M1M2_PR_2073,VIA_M1M2_PR,170.43,183.43
VIA_M1M2_PR_2074,VIA_M1M2_PR,174.11,183.43
VIA_M1M2_PR_2075,VIA_M1M2_PR,152.95000000000002,183.77
VIA_M1M2_PR_2076,VIA_M1M2_PR,153.87,183.77
VIA_M1M2_PR_2077,VIA_M1M2_PR,156.17000000000002,183.77
VIA_M1M2_PR_2078,VIA_M1M2_PR,164.91,183.77
VIA_M1M2_PR_2079,VIA_M1M2_PR,168.59,183.77
VIA_M1M2_PR_2080,VIA_M1M2_PR,170.89000000000001,183.77
VIA_M1M2_PR_2081,VIA_M1M2_PR,172.73,183.77
VIA_M1M2_PR_2082,VIA_M1M2_PR,173.65,183.77
VIA_M1M2_PR_2083,VIA_M1M2_PR,186.07,183.77
VIA_M1M2_PR_2084,VIA_M1M2_PR,187.45000000000002,183.77
VIA_M1M2_PR_2085,VIA_M1M2_PR,189.75,183.77
VIA_M1M2_PR_2086,VIA_M1M2_PR,115.23,184.11
VIA_M1M2_PR_2087,VIA_M1M2_PR,154.79,184.11
VIA_M1M2_PR_2088,VIA_M1M2_PR,159.39000000000001,184.11
VIA_M1M2_PR_2089,VIA_M1M2_PR,176.41,184.11
VIA_M1M2_PR_2090,VIA_M1M2_PR,190.67000000000002,184.11
VIA_M1M2_PR_2091,VIA_M1M2_PR,114.77,184.45000000000002
VIA_M1M2_PR_2092,VIA_M1M2_PR,122.13,184.45000000000002
VIA_M1M2_PR_2093,VIA_M1M2_PR,152.49,184.45000000000002
VIA_M1M2_PR_2094,VIA_M1M2_PR,153.41,184.45000000000002
VIA_M1M2_PR_2095,VIA_M1M2_PR,156.63,184.45000000000002
VIA_M1M2_PR_2096,VIA_M1M2_PR,158.01,184.45000000000002
VIA_M1M2_PR_2097,VIA_M1M2_PR,165.37,184.45000000000002
VIA_M1M2_PR_2098,VIA_M1M2_PR,168.13,184.45000000000002
VIA_M1M2_PR_2099,VIA_M1M2_PR,172.27,184.45000000000002
VIA_M1M2_PR_2100,VIA_M1M2_PR,185.15,184.45000000000002
VIA_M1M2_PR_2101,VIA_M1M2_PR,186.07,184.45000000000002
VIA_M1M2_PR_2102,VIA_M1M2_PR,187.91,184.45000000000002
VIA_M1M2_PR_2103,VIA_M1M2_PR,154.79,185.47
VIA_M1M2_PR_2104,VIA_M1M2_PR,167.67000000000002,185.47
VIA_M1M2_PR_2105,VIA_M1M2_PR,169.05,185.47
VIA_M1M2_PR_2106,VIA_M1M2_PR,173.65,185.47
VIA_M1M2_PR_2107,VIA_M1M2_PR,114.77,185.81
VIA_M1M2_PR_2108,VIA_M1M2_PR,115.23,185.81
VIA_M1M2_PR_2109,VIA_M1M2_PR,123.05,185.81
VIA_M1M2_PR_2110,VIA_M1M2_PR,153.41,185.81
VIA_M1M2_PR_2111,VIA_M1M2_PR,154.33,185.81
VIA_M1M2_PR_2112,VIA_M1M2_PR,155.71,185.81
VIA_M1M2_PR_2113,VIA_M1M2_PR,157.55,185.81
VIA_M1M2_PR_2114,VIA_M1M2_PR,166.29,185.81
VIA_M1M2_PR_2115,VIA_M1M2_PR,170.43,185.81
VIA_M1M2_PR_2116,VIA_M1M2_PR,172.73,185.81
VIA_M1M2_PR_2117,VIA_M1M2_PR,150.65,186.15
VIA_M1M2_PR_2118,VIA_M1M2_PR,151.57,186.15
VIA_M1M2_PR_2119,VIA_M1M2_PR,159.39000000000001,186.15
VIA_M1M2_PR_2120,VIA_M1M2_PR,160.77,186.15
VIA_M1M2_PR_2121,VIA_M1M2_PR,166.75,186.15
VIA_M1M2_PR_2122,VIA_M1M2_PR,169.05,186.15
VIA_M1M2_PR_2123,VIA_M1M2_PR,173.19,186.15
VIA_M1M2_PR_2124,VIA_M1M2_PR,177.79,186.15
VIA_M1M2_PR_2125,VIA_M1M2_PR,178.71,186.15
VIA_M1M2_PR_2126,VIA_M1M2_PR,182.39000000000001,186.15
VIA_M1M2_PR_2127,VIA_M1M2_PR,188.37,186.15
VIA_M1M2_PR_2128,VIA_M1M2_PR,69.23,186.49
VIA_M1M2_PR_2129,VIA_M1M2_PR,79.35000000000001,186.49
VIA_M1M2_PR_2130,VIA_M1M2_PR,114.31,186.49
VIA_M1M2_PR_2131,VIA_M1M2_PR,117.99000000000001,186.49
VIA_M1M2_PR_2132,VIA_M1M2_PR,158.47,186.49
VIA_M1M2_PR_2133,VIA_M1M2_PR,163.99,186.49
VIA_M1M2_PR_2134,VIA_M1M2_PR,165.83,186.49
VIA_M1M2_PR_2135,VIA_M1M2_PR,168.13,186.49
VIA_M1M2_PR_2136,VIA_M1M2_PR,171.81,186.49
VIA_M1M2_PR_2137,VIA_M1M2_PR,175.49,186.49
VIA_M1M2_PR_2138,VIA_M1M2_PR,181.93,186.49
VIA_M1M2_PR_2139,VIA_M1M2_PR,174.57,186.83
VIA_M1M2_PR_2140,VIA_M1M2_PR,177.33,186.83
VIA_M1M2_PR_2141,VIA_M1M2_PR,178.71,186.83
VIA_M1M2_PR_2142,VIA_M1M2_PR,118.45,187.17000000000002
VIA_M1M2_PR_2143,VIA_M1M2_PR,121.67,187.17000000000002
VIA_M1M2_PR_2144,VIA_M1M2_PR,125.35000000000001,187.17000000000002
VIA_M1M2_PR_2145,VIA_M1M2_PR,162.61,187.17000000000002
VIA_M1M2_PR_2146,VIA_M1M2_PR,164.45000000000002,187.17000000000002
VIA_M1M2_PR_2147,VIA_M1M2_PR,175.95000000000002,187.17000000000002
VIA_M1M2_PR_2148,VIA_M1M2_PR,184.23,187.17000000000002
VIA_M1M2_PR_2149,VIA_M1M2_PR,78.89,188.19
VIA_M1M2_PR_2150,VIA_M1M2_PR,117.99000000000001,188.19
VIA_M1M2_PR_2151,VIA_M1M2_PR,160.77,188.19
VIA_M1M2_PR_2152,VIA_M1M2_PR,117.07000000000001,188.53
VIA_M1M2_PR_2153,VIA_M1M2_PR,150.65,188.53
VIA_M1M2_PR_2154,VIA_M1M2_PR,154.79,188.53
VIA_M1M2_PR_2155,VIA_M1M2_PR,157.55,188.53
VIA_M1M2_PR_2156,VIA_M1M2_PR,166.75,188.53
VIA_M1M2_PR_2157,VIA_M1M2_PR,184.69,188.53
VIA_M1M2_PR_2158,VIA_M1M2_PR,158.93,188.87
VIA_M1M2_PR_2159,VIA_M1M2_PR,161.23,188.87
VIA_M1M2_PR_2160,VIA_M1M2_PR,164.45000000000002,188.87
VIA_M1M2_PR_2161,VIA_M1M2_PR,168.13,188.87
VIA_M1M2_PR_2162,VIA_M1M2_PR,178.71,188.87
VIA_M1M2_PR_2163,VIA_M1M2_PR,182.85,188.87
VIA_M1M2_PR_2164,VIA_M1M2_PR,114.31,189.21
VIA_M1M2_PR_2165,VIA_M1M2_PR,121.67,189.21
VIA_M1M2_PR_2166,VIA_M1M2_PR,122.13,189.21
VIA_M1M2_PR_2167,VIA_M1M2_PR,152.03,189.21
VIA_M1M2_PR_2168,VIA_M1M2_PR,156.17000000000002,189.21
VIA_M1M2_PR_2169,VIA_M1M2_PR,157.55,189.21
VIA_M1M2_PR_2170,VIA_M1M2_PR,159.39000000000001,189.21
VIA_M1M2_PR_2171,VIA_M1M2_PR,162.15,189.21
VIA_M1M2_PR_2172,VIA_M1M2_PR,163.99,189.21
VIA_M1M2_PR_2173,VIA_M1M2_PR,166.29,189.21
VIA_M1M2_PR_2174,VIA_M1M2_PR,173.65,189.21
VIA_M1M2_PR_2175,VIA_M1M2_PR,185.61,189.21
VIA_M1M2_PR_2176,VIA_M1M2_PR,125.35000000000001,189.55
VIA_M1M2_PR_2177,VIA_M1M2_PR,154.79,189.55
VIA_M1M2_PR_2178,VIA_M1M2_PR,156.63,189.55
VIA_M1M2_PR_2179,VIA_M1M2_PR,161.69,189.55
VIA_M1M2_PR_2180,VIA_M1M2_PR,171.81,189.55
VIA_M1M2_PR_2181,VIA_M1M2_PR,186.53,189.55
VIA_M1M2_PR_2182,VIA_M1M2_PR,152.95000000000002,189.89000000000001
VIA_M1M2_PR_2183,VIA_M1M2_PR,163.99,189.89000000000001
VIA_M1M2_PR_2184,VIA_M1M2_PR,174.57,189.89000000000001
VIA_M1M2_PR_2185,VIA_M1M2_PR,184.69,189.89000000000001
VIA_M1M2_PR_2186,VIA_M1M2_PR,198.95000000000002,189.89000000000001
VIA_M1M2_PR_2187,VIA_M1M2_PR,121.21000000000001,190.91
VIA_M1M2_PR_2188,VIA_M1M2_PR,122.59,190.91
VIA_M1M2_PR_2189,VIA_M1M2_PR,159.39000000000001,190.91
VIA_M1M2_PR_2190,VIA_M1M2_PR,160.31,190.91
VIA_M1M2_PR_2191,VIA_M1M2_PR,167.21,190.91
VIA_M1M2_PR_2192,VIA_M1M2_PR,187.45000000000002,190.91
VIA_M1M2_PR_2193,VIA_M1M2_PR,114.31,191.25
VIA_M1M2_PR_2194,VIA_M1M2_PR,125.35000000000001,191.25
VIA_M1M2_PR_2195,VIA_M1M2_PR,158.93,191.25
VIA_M1M2_PR_2196,VIA_M1M2_PR,163.07,191.25
VIA_M1M2_PR_2197,VIA_M1M2_PR,171.81,191.25
VIA_M1M2_PR_2198,VIA_M1M2_PR,174.11,191.25
VIA_M1M2_PR_2199,VIA_M1M2_PR,177.33,191.25
VIA_M1M2_PR_2200,VIA_M1M2_PR,180.55,191.25
VIA_M1M2_PR_2201,VIA_M1M2_PR,185.61,191.25
VIA_M1M2_PR_2202,VIA_M1M2_PR,190.67000000000002,191.25
VIA_M1M2_PR_2203,VIA_M1M2_PR,118.91,191.59
VIA_M1M2_PR_2204,VIA_M1M2_PR,120.29,191.59
VIA_M1M2_PR_2205,VIA_M1M2_PR,155.25,191.59
VIA_M1M2_PR_2206,VIA_M1M2_PR,156.17000000000002,191.59
VIA_M1M2_PR_2207,VIA_M1M2_PR,158.47,191.59
VIA_M1M2_PR_2208,VIA_M1M2_PR,159.39000000000001,191.59
VIA_M1M2_PR_2209,VIA_M1M2_PR,160.31,191.59
VIA_M1M2_PR_2210,VIA_M1M2_PR,160.77,191.59
VIA_M1M2_PR_2211,VIA_M1M2_PR,161.23,191.59
VIA_M1M2_PR_2212,VIA_M1M2_PR,163.53,191.59
VIA_M1M2_PR_2213,VIA_M1M2_PR,168.13,191.59
VIA_M1M2_PR_2214,VIA_M1M2_PR,169.97,191.59
VIA_M1M2_PR_2215,VIA_M1M2_PR,181.93,191.59
VIA_M1M2_PR_2216,VIA_M1M2_PR,185.15,191.59
VIA_M1M2_PR_2217,VIA_M1M2_PR,186.53,191.59
VIA_M1M2_PR_2218,VIA_M1M2_PR,188.37,191.59
VIA_M1M2_PR_2219,VIA_M1M2_PR,164.45000000000002,191.93
VIA_M1M2_PR_2220,VIA_M1M2_PR,118.45,192.27
VIA_M1M2_PR_2221,VIA_M1M2_PR,122.59,192.27
VIA_M1M2_PR_2222,VIA_M1M2_PR,154.79,192.27
VIA_M1M2_PR_2223,VIA_M1M2_PR,163.07,192.27
VIA_M1M2_PR_2224,VIA_M1M2_PR,177.79,192.27
VIA_M1M2_PR_2225,VIA_M1M2_PR,186.53,192.27
VIA_M1M2_PR_2226,VIA_M1M2_PR,158.93,192.61
VIA_M1M2_PR_2227,VIA_M1M2_PR,161.23,192.61
VIA_M1M2_PR_2228,VIA_M1M2_PR,180.55,192.61
VIA_M1M2_PR_2229,VIA_M1M2_PR,166.29,193.63
VIA_M1M2_PR_2230,VIA_M1M2_PR,169.51,193.63
VIA_M1M2_PR_2231,VIA_M1M2_PR,174.57,193.63
VIA_M1M2_PR_2232,VIA_M1M2_PR,176.87,193.63
VIA_M1M2_PR_2233,VIA_M1M2_PR,112.93,193.97
VIA_M1M2_PR_2234,VIA_M1M2_PR,155.71,193.97
VIA_M1M2_PR_2235,VIA_M1M2_PR,161.23,193.97
VIA_M1M2_PR_2236,VIA_M1M2_PR,173.65,193.97
VIA_M1M2_PR_2237,VIA_M1M2_PR,187.45000000000002,193.97
VIA_M1M2_PR_2238,VIA_M1M2_PR,81.19,194.31
VIA_M1M2_PR_2239,VIA_M1M2_PR,113.39,194.31
VIA_M1M2_PR_2240,VIA_M1M2_PR,120.29,194.31
VIA_M1M2_PR_2241,VIA_M1M2_PR,157.55,194.31
VIA_M1M2_PR_2242,VIA_M1M2_PR,160.31,194.31
VIA_M1M2_PR_2243,VIA_M1M2_PR,166.29,194.31
VIA_M1M2_PR_2244,VIA_M1M2_PR,167.67000000000002,194.31
VIA_M1M2_PR_2245,VIA_M1M2_PR,170.43,194.31
VIA_M1M2_PR_2246,VIA_M1M2_PR,171.81,194.31
VIA_M1M2_PR_2247,VIA_M1M2_PR,188.37,194.31
VIA_M1M2_PR_2248,VIA_M1M2_PR,82.11,194.65
VIA_M1M2_PR_2249,VIA_M1M2_PR,114.77,194.65
VIA_M1M2_PR_2250,VIA_M1M2_PR,131.33,194.65
VIA_M1M2_PR_2251,VIA_M1M2_PR,154.33,194.65
VIA_M1M2_PR_2252,VIA_M1M2_PR,158.47,194.65
VIA_M1M2_PR_2253,VIA_M1M2_PR,158.93,194.65
VIA_M1M2_PR_2254,VIA_M1M2_PR,163.07,194.65
VIA_M1M2_PR_2255,VIA_M1M2_PR,171.35,194.65
VIA_M1M2_PR_2256,VIA_M1M2_PR,187.91,194.65
VIA_M1M2_PR_2257,VIA_M1M2_PR,113.39,194.99
VIA_M1M2_PR_2258,VIA_M1M2_PR,160.31,194.99
VIA_M1M2_PR_2259,VIA_M1M2_PR,164.91,194.99
VIA_M1M2_PR_2260,VIA_M1M2_PR,175.03,194.99
VIA_M1M2_PR_2261,VIA_M1M2_PR,178.71,194.99
VIA_M1M2_PR_2262,VIA_M1M2_PR,186.99,194.99
VIA_M1M2_PR_2263,VIA_M1M2_PR,114.31,195.33
VIA_M1M2_PR_2264,VIA_M1M2_PR,157.09,195.33
VIA_M1M2_PR_2265,VIA_M1M2_PR,167.67000000000002,195.33
VIA_M1M2_PR_2266,VIA_M1M2_PR,168.13,195.33
VIA_M1M2_PR_2267,VIA_M1M2_PR,17.25,196.35
VIA_M1M2_PR_2268,VIA_M1M2_PR,157.09,196.35
VIA_M1M2_PR_2269,VIA_M1M2_PR,177.79,196.35
VIA_M1M2_PR_2270,VIA_M1M2_PR,183.31,196.35
VIA_M1M2_PR_2271,VIA_M1M2_PR,186.53,196.35
VIA_M1M2_PR_2272,VIA_M1M2_PR,160.31,196.69
VIA_M1M2_PR_2273,VIA_M1M2_PR,167.67000000000002,196.69
VIA_M1M2_PR_2274,VIA_M1M2_PR,101.43,197.03
VIA_M1M2_PR_2275,VIA_M1M2_PR,154.33,197.03
VIA_M1M2_PR_2276,VIA_M1M2_PR,163.53,197.03
VIA_M1M2_PR_2277,VIA_M1M2_PR,166.75,197.03
VIA_M1M2_PR_2278,VIA_M1M2_PR,168.13,197.03
VIA_M1M2_PR_2279,VIA_M1M2_PR,175.03,197.03
VIA_M1M2_PR_2280,VIA_M1M2_PR,177.33,197.03
VIA_M1M2_PR_2281,VIA_M1M2_PR,179.63,197.03
VIA_M1M2_PR_2282,VIA_M1M2_PR,181.47,197.03
VIA_M1M2_PR_2283,VIA_M1M2_PR,160.31,197.37
VIA_M1M2_PR_2284,VIA_M1M2_PR,162.61,197.37
VIA_M1M2_PR_2285,VIA_M1M2_PR,171.81,197.37
VIA_M1M2_PR_2286,VIA_M1M2_PR,183.77,197.37
VIA_M1M2_PR_2287,VIA_M1M2_PR,185.61,197.37
VIA_M1M2_PR_2288,VIA_M1M2_PR,158.93,197.71
VIA_M1M2_PR_2289,VIA_M1M2_PR,164.91,197.71
VIA_M1M2_PR_2290,VIA_M1M2_PR,31.05,198.05
VIA_M1M2_PR_2291,VIA_M1M2_PR,169.97,198.05
VIA_M1M2_PR_2292,VIA_M1M2_PR,174.57,198.05
VIA_M1M2_PR_2293,VIA_M1M2_PR,112.93,199.07
VIA_M1M2_PR_2294,VIA_M1M2_PR,162.15,199.07
VIA_M1M2_PR_2295,VIA_M1M2_PR,179.63,199.07
VIA_M1M2_PR_2296,VIA_M1M2_PR,31.05,199.41
VIA_M1M2_PR_2297,VIA_M1M2_PR,112.01,199.41
VIA_M1M2_PR_2298,VIA_M1M2_PR,114.31,199.41
VIA_M1M2_PR_2299,VIA_M1M2_PR,156.63,199.41
VIA_M1M2_PR_2300,VIA_M1M2_PR,88.55,199.75
VIA_M1M2_PR_2301,VIA_M1M2_PR,101.43,199.75
VIA_M1M2_PR_2302,VIA_M1M2_PR,115.23,199.75
VIA_M1M2_PR_2303,VIA_M1M2_PR,162.61,199.75
VIA_M1M2_PR_2304,VIA_M1M2_PR,166.29,199.75
VIA_M1M2_PR_2305,VIA_M1M2_PR,168.59,199.75
VIA_M1M2_PR_2306,VIA_M1M2_PR,173.19,199.75
VIA_M1M2_PR_2307,VIA_M1M2_PR,113.39,200.09
VIA_M1M2_PR_2308,VIA_M1M2_PR,114.77,200.09
VIA_M1M2_PR_2309,VIA_M1M2_PR,118.45,200.09
VIA_M1M2_PR_2310,VIA_M1M2_PR,118.91,200.09
VIA_M1M2_PR_2311,VIA_M1M2_PR,123.51,200.09
VIA_M1M2_PR_2312,VIA_M1M2_PR,154.33,200.09
VIA_M1M2_PR_2313,VIA_M1M2_PR,161.23,200.09
VIA_M1M2_PR_2314,VIA_M1M2_PR,169.97,200.09
VIA_M1M2_PR_2315,VIA_M1M2_PR,34.27,200.43
VIA_M1M2_PR_2316,VIA_M1M2_PR,110.63,200.43
VIA_M1M2_PR_2317,VIA_M1M2_PR,112.47,200.43
VIA_M1M2_PR_2318,VIA_M1M2_PR,117.53,200.43
VIA_M1M2_PR_2319,VIA_M1M2_PR,178.71,200.43
VIA_M1M2_PR_2320,VIA_M1M2_PR,33.35,200.77
VIA_M1M2_PR_2321,VIA_M1M2_PR,111.55,200.77
VIA_M1M2_PR_2322,VIA_M1M2_PR,114.77,200.77
VIA_M1M2_PR_2323,VIA_M1M2_PR,118.91,200.77
VIA_M1M2_PR_2324,VIA_M1M2_PR,163.53,200.77
VIA_M1M2_PR_2325,VIA_M1M2_PR,168.59,200.77
VIA_M1M2_PR_2326,VIA_M1M2_PR,172.27,200.77
VIA_M1M2_PR_2327,VIA_M1M2_PR,181.47,200.77
VIA_M1M2_PR_2328,VIA_M1M2_PR,112.47,201.79
VIA_M1M2_PR_2329,VIA_M1M2_PR,117.53,201.79
VIA_M1M2_PR_2330,VIA_M1M2_PR,163.99,201.79
VIA_M1M2_PR_2331,VIA_M1M2_PR,171.35,201.79
VIA_M1M2_PR_2332,VIA_M1M2_PR,185.61,201.79
VIA_M1M2_PR_2333,VIA_M1M2_PR,111.55,202.13
VIA_M1M2_PR_2334,VIA_M1M2_PR,158.01,202.13
VIA_M1M2_PR_2335,VIA_M1M2_PR,166.29,202.13
VIA_M1M2_PR_2336,VIA_M1M2_PR,166.75,202.13
VIA_M1M2_PR_2337,VIA_M1M2_PR,168.59,202.13
VIA_M1M2_PR_2338,VIA_M1M2_PR,181.47,202.13
VIA_M1M2_PR_2339,VIA_M1M2_PR,32.43,202.47
VIA_M1M2_PR_2340,VIA_M1M2_PR,88.55,202.47
VIA_M1M2_PR_2341,VIA_M1M2_PR,109.71000000000001,202.47
VIA_M1M2_PR_2342,VIA_M1M2_PR,113.85000000000001,202.47
VIA_M1M2_PR_2343,VIA_M1M2_PR,114.77,202.47
VIA_M1M2_PR_2344,VIA_M1M2_PR,115.69,202.47
VIA_M1M2_PR_2345,VIA_M1M2_PR,117.99000000000001,202.47
VIA_M1M2_PR_2346,VIA_M1M2_PR,165.83,202.47
VIA_M1M2_PR_2347,VIA_M1M2_PR,169.97,202.47
VIA_M1M2_PR_2348,VIA_M1M2_PR,170.89000000000001,202.47
VIA_M1M2_PR_2349,VIA_M1M2_PR,183.77,202.47
VIA_M1M2_PR_2350,VIA_M1M2_PR,37.95,202.81
VIA_M1M2_PR_2351,VIA_M1M2_PR,124.89,202.81
VIA_M1M2_PR_2352,VIA_M1M2_PR,164.45000000000002,202.81
VIA_M1M2_PR_2353,VIA_M1M2_PR,175.03,202.81
VIA_M1M2_PR_2354,VIA_M1M2_PR,178.71,202.81
VIA_M1M2_PR_2355,VIA_M1M2_PR,188.83,202.81
VIA_M1M2_PR_2356,VIA_M1M2_PR,167.21,203.15
VIA_M1M2_PR_2357,VIA_M1M2_PR,34.27,203.49
VIA_M1M2_PR_2358,VIA_M1M2_PR,108.33,203.49
VIA_M1M2_PR_2359,VIA_M1M2_PR,114.77,203.49
VIA_M1M2_PR_2360,VIA_M1M2_PR,117.99000000000001,203.49
VIA_M1M2_PR_2361,VIA_M1M2_PR,119.83,203.49
VIA_M1M2_PR_2362,VIA_M1M2_PR,160.77,203.49
VIA_M1M2_PR_2363,VIA_M1M2_PR,115.23,204.51
VIA_M1M2_PR_2364,VIA_M1M2_PR,159.85,204.51
VIA_M1M2_PR_2365,VIA_M1M2_PR,37.95,204.85
VIA_M1M2_PR_2366,VIA_M1M2_PR,161.69,204.85
VIA_M1M2_PR_2367,VIA_M1M2_PR,173.65,204.85
VIA_M1M2_PR_2368,VIA_M1M2_PR,110.63,205.19
VIA_M1M2_PR_2369,VIA_M1M2_PR,114.77,205.19
VIA_M1M2_PR_2370,VIA_M1M2_PR,115.69,205.19
VIA_M1M2_PR_2371,VIA_M1M2_PR,118.91,205.19
VIA_M1M2_PR_2372,VIA_M1M2_PR,119.83,205.19
VIA_M1M2_PR_2373,VIA_M1M2_PR,171.81,205.19
VIA_M1M2_PR_2374,VIA_M1M2_PR,187.45000000000002,205.19
VIA_M1M2_PR_2375,VIA_M1M2_PR,33.35,205.53
VIA_M1M2_PR_2376,VIA_M1M2_PR,34.27,205.53
VIA_M1M2_PR_2377,VIA_M1M2_PR,123.05,205.53
VIA_M1M2_PR_2378,VIA_M1M2_PR,164.91,205.53
VIA_M1M2_PR_2379,VIA_M1M2_PR,174.57,205.53
VIA_M1M2_PR_2380,VIA_M1M2_PR,177.79,205.53
VIA_M1M2_PR_2381,VIA_M1M2_PR,178.25,205.53
VIA_M1M2_PR_2382,VIA_M1M2_PR,178.71,205.53
VIA_M1M2_PR_2383,VIA_M1M2_PR,113.39,205.87
VIA_M1M2_PR_2384,VIA_M1M2_PR,163.53,205.87
VIA_M1M2_PR_2385,VIA_M1M2_PR,32.43,206.21
VIA_M1M2_PR_2386,VIA_M1M2_PR,33.81,206.21
VIA_M1M2_PR_2387,VIA_M1M2_PR,112.01,206.21
VIA_M1M2_PR_2388,VIA_M1M2_PR,122.59,206.21
VIA_M1M2_PR_2389,VIA_M1M2_PR,77.51,207.23000000000002
VIA_M1M2_PR_2390,VIA_M1M2_PR,119.37,207.23000000000002
VIA_M1M2_PR_2391,VIA_M1M2_PR,124.89,207.23000000000002
VIA_M1M2_PR_2392,VIA_M1M2_PR,141.91,207.23000000000002
VIA_M1M2_PR_2393,VIA_M1M2_PR,76.13,207.57
VIA_M1M2_PR_2394,VIA_M1M2_PR,96.37,207.57
VIA_M1M2_PR_2395,VIA_M1M2_PR,113.39,207.57
VIA_M1M2_PR_2396,VIA_M1M2_PR,117.99000000000001,207.57
VIA_M1M2_PR_2397,VIA_M1M2_PR,118.91,207.57
VIA_M1M2_PR_2398,VIA_M1M2_PR,122.59,207.57
VIA_M1M2_PR_2399,VIA_M1M2_PR,130.41,207.57
VIA_M1M2_PR_2400,VIA_M1M2_PR,170.43,207.57
VIA_M1M2_PR_2401,VIA_M1M2_PR,174.11,207.57
VIA_M1M2_PR_2402,VIA_M1M2_PR,70.15,207.91
VIA_M1M2_PR_2403,VIA_M1M2_PR,81.19,207.91
VIA_M1M2_PR_2404,VIA_M1M2_PR,108.33,207.91
VIA_M1M2_PR_2405,VIA_M1M2_PR,112.01,207.91
VIA_M1M2_PR_2406,VIA_M1M2_PR,112.93,207.91
VIA_M1M2_PR_2407,VIA_M1M2_PR,113.85000000000001,207.91
VIA_M1M2_PR_2408,VIA_M1M2_PR,115.69,207.91
VIA_M1M2_PR_2409,VIA_M1M2_PR,164.91,207.91
VIA_M1M2_PR_2410,VIA_M1M2_PR,169.97,207.91
VIA_M1M2_PR_2411,VIA_M1M2_PR,171.81,207.91
VIA_M1M2_PR_2412,VIA_M1M2_PR,173.19,207.91
VIA_M1M2_PR_2413,VIA_M1M2_PR,178.25,207.91
VIA_M1M2_PR_2414,VIA_M1M2_PR,181.93,207.91
VIA_M1M2_PR_2415,VIA_M1M2_PR,111.55,208.25
VIA_M1M2_PR_2416,VIA_M1M2_PR,133.63,208.25
VIA_M1M2_PR_2417,VIA_M1M2_PR,169.51,208.25
VIA_M1M2_PR_2418,VIA_M1M2_PR,189.29,208.25
VIA_M1M2_PR_2419,VIA_M1M2_PR,123.05,208.59
VIA_M1M2_PR_2420,VIA_M1M2_PR,167.67000000000002,208.59
VIA_M1M2_PR_2421,VIA_M1M2_PR,111.09,208.93
VIA_M1M2_PR_2422,VIA_M1M2_PR,112.47,208.93
VIA_M1M2_PR_2423,VIA_M1M2_PR,168.59,208.93
VIA_M1M2_PR_2424,VIA_M1M2_PR,169.05,208.93
VIA_M1M2_PR_2425,VIA_M1M2_PR,173.19,208.93
VIA_M1M2_PR_2426,VIA_M1M2_PR,178.71,208.93
VIA_M1M2_PR_2427,VIA_M1M2_PR,181.47,208.93
VIA_M1M2_PR_2428,VIA_M1M2_PR,108.33,209.95000000000002
VIA_M1M2_PR_2429,VIA_M1M2_PR,119.37,209.95000000000002
VIA_M1M2_PR_2430,VIA_M1M2_PR,123.97,209.95000000000002
VIA_M1M2_PR_2431,VIA_M1M2_PR,162.61,209.95000000000002
VIA_M1M2_PR_2432,VIA_M1M2_PR,163.53,209.95000000000002
VIA_M1M2_PR_2433,VIA_M1M2_PR,166.75,209.95000000000002
VIA_M1M2_PR_2434,VIA_M1M2_PR,169.05,209.95000000000002
VIA_M1M2_PR_2435,VIA_M1M2_PR,169.51,209.95000000000002
VIA_M1M2_PR_2436,VIA_M1M2_PR,170.43,209.95000000000002
VIA_M1M2_PR_2437,VIA_M1M2_PR,171.35,209.95000000000002
VIA_M1M2_PR_2438,VIA_M1M2_PR,177.79,209.95000000000002
VIA_M1M2_PR_2439,VIA_M1M2_PR,178.25,209.95000000000002
VIA_M1M2_PR_2440,VIA_M1M2_PR,181.47,209.95000000000002
VIA_M1M2_PR_2441,VIA_M1M2_PR,110.17,210.29
VIA_M1M2_PR_2442,VIA_M1M2_PR,128.11,210.29
VIA_M1M2_PR_2443,VIA_M1M2_PR,116.15,210.63
VIA_M1M2_PR_2444,VIA_M1M2_PR,128.57,210.63
VIA_M1M2_PR_2445,VIA_M1M2_PR,177.33,210.63
VIA_M1M2_PR_2446,VIA_M1M2_PR,109.71000000000001,210.97
VIA_M1M2_PR_2447,VIA_M1M2_PR,111.55,210.97
VIA_M1M2_PR_2448,VIA_M1M2_PR,163.07,210.97
VIA_M1M2_PR_2449,VIA_M1M2_PR,164.91,210.97
VIA_M1M2_PR_2450,VIA_M1M2_PR,166.75,210.97
VIA_M1M2_PR_2451,VIA_M1M2_PR,167.67000000000002,210.97
VIA_M1M2_PR_2452,VIA_M1M2_PR,170.43,210.97
VIA_M1M2_PR_2453,VIA_M1M2_PR,171.81,210.97
VIA_M1M2_PR_2454,VIA_M1M2_PR,172.73,210.97
VIA_M1M2_PR_2455,VIA_M1M2_PR,174.11,210.97
VIA_M1M2_PR_2456,VIA_M1M2_PR,174.57,210.97
VIA_M1M2_PR_2457,VIA_M1M2_PR,176.41,210.97
VIA_M1M2_PR_2458,VIA_M1M2_PR,178.25,210.97
VIA_M1M2_PR_2459,VIA_M1M2_PR,181.93,210.97
VIA_M1M2_PR_2460,VIA_M1M2_PR,116.15,211.31
VIA_M1M2_PR_2461,VIA_M1M2_PR,118.91,211.31
VIA_M1M2_PR_2462,VIA_M1M2_PR,135.93,211.31
VIA_M1M2_PR_2463,VIA_M1M2_PR,165.37,211.31
VIA_M1M2_PR_2464,VIA_M1M2_PR,169.97,211.31
VIA_M1M2_PR_2465,VIA_M1M2_PR,190.21,211.31
VIA_M1M2_PR_2466,VIA_M1M2_PR,109.71000000000001,211.65
VIA_M1M2_PR_2467,VIA_M1M2_PR,112.47,211.65
VIA_M1M2_PR_2468,VIA_M1M2_PR,121.67,211.65
VIA_M1M2_PR_2469,VIA_M1M2_PR,124.43,211.65
VIA_M1M2_PR_2470,VIA_M1M2_PR,173.65,211.65
VIA_M1M2_PR_2471,VIA_M1M2_PR,174.57,211.65
VIA_M1M2_PR_2472,VIA_M1M2_PR,124.43,212.67000000000002
VIA_M1M2_PR_2473,VIA_M1M2_PR,125.35000000000001,212.67000000000002
VIA_M1M2_PR_2474,VIA_M1M2_PR,163.99,212.67000000000002
VIA_M1M2_PR_2475,VIA_M1M2_PR,171.81,212.67000000000002
VIA_M1M2_PR_2476,VIA_M1M2_PR,110.17,213.01
VIA_M1M2_PR_2477,VIA_M1M2_PR,118.91,213.01
VIA_M1M2_PR_2478,VIA_M1M2_PR,121.21000000000001,213.01
VIA_M1M2_PR_2479,VIA_M1M2_PR,121.67,213.01
VIA_M1M2_PR_2480,VIA_M1M2_PR,124.89,213.01
VIA_M1M2_PR_2481,VIA_M1M2_PR,141.45000000000002,213.01
VIA_M1M2_PR_2482,VIA_M1M2_PR,167.21,213.01
VIA_M1M2_PR_2483,VIA_M1M2_PR,175.03,213.01
VIA_M1M2_PR_2484,VIA_M1M2_PR,177.33,213.01
VIA_M1M2_PR_2485,VIA_M1M2_PR,112.93,213.35
VIA_M1M2_PR_2486,VIA_M1M2_PR,123.97,213.35
VIA_M1M2_PR_2487,VIA_M1M2_PR,124.43,213.35
VIA_M1M2_PR_2488,VIA_M1M2_PR,163.53,213.35
VIA_M1M2_PR_2489,VIA_M1M2_PR,165.37,213.35
VIA_M1M2_PR_2490,VIA_M1M2_PR,166.75,213.35
VIA_M1M2_PR_2491,VIA_M1M2_PR,169.51,213.35
VIA_M1M2_PR_2492,VIA_M1M2_PR,170.43,213.35
VIA_M1M2_PR_2493,VIA_M1M2_PR,170.89000000000001,213.35
VIA_M1M2_PR_2494,VIA_M1M2_PR,173.65,213.35
VIA_M1M2_PR_2495,VIA_M1M2_PR,174.11,213.35
VIA_M1M2_PR_2496,VIA_M1M2_PR,176.41,213.35
VIA_M1M2_PR_2497,VIA_M1M2_PR,178.25,213.35
VIA_M1M2_PR_2498,VIA_M1M2_PR,180.09,213.35
VIA_M1M2_PR_2499,VIA_M1M2_PR,110.17,213.69
VIA_M1M2_PR_2500,VIA_M1M2_PR,116.15,213.69
VIA_M1M2_PR_2501,VIA_M1M2_PR,122.59,213.69
VIA_M1M2_PR_2502,VIA_M1M2_PR,125.81,213.69
VIA_M1M2_PR_2503,VIA_M1M2_PR,161.69,213.69
VIA_M1M2_PR_2504,VIA_M1M2_PR,169.97,213.69
VIA_M1M2_PR_2505,VIA_M1M2_PR,177.33,213.69
VIA_M1M2_PR_2506,VIA_M1M2_PR,181.93,213.69
VIA_M1M2_PR_2507,VIA_M1M2_PR,113.85000000000001,214.03
VIA_M1M2_PR_2508,VIA_M1M2_PR,115.69,214.03
VIA_M1M2_PR_2509,VIA_M1M2_PR,165.37,214.03
VIA_M1M2_PR_2510,VIA_M1M2_PR,178.25,214.03
VIA_M1M2_PR_2511,VIA_M1M2_PR,112.01,214.37
VIA_M1M2_PR_2512,VIA_M1M2_PR,171.81,214.37
VIA_M1M2_PR_2513,VIA_M1M2_PR,175.03,214.37
VIA_M1M2_PR_2514,VIA_M1M2_PR,179.63,214.37
VIA_M1M2_PR_2515,VIA_M1M2_PR,181.01,214.37
VIA_M1M2_PR_2516,VIA_M1M2_PR,182.85,214.37
VIA_M1M2_PR_2517,VIA_M1M2_PR,100.05,215.39000000000001
VIA_M1M2_PR_2518,VIA_M1M2_PR,124.89,215.39000000000001
VIA_M1M2_PR_2519,VIA_M1M2_PR,166.75,215.39000000000001
VIA_M1M2_PR_2520,VIA_M1M2_PR,172.73,215.39000000000001
VIA_M1M2_PR_2521,VIA_M1M2_PR,181.01,215.39000000000001
VIA_M1M2_PR_2522,VIA_M1M2_PR,134.09,215.73000000000002
VIA_M1M2_PR_2523,VIA_M1M2_PR,178.71,215.73000000000002
VIA_M1M2_PR_2524,VIA_M1M2_PR,112.93,216.07
VIA_M1M2_PR_2525,VIA_M1M2_PR,118.45,216.07
VIA_M1M2_PR_2526,VIA_M1M2_PR,123.97,216.07
VIA_M1M2_PR_2527,VIA_M1M2_PR,129.03,216.07
VIA_M1M2_PR_2528,VIA_M1M2_PR,110.17,216.41
VIA_M1M2_PR_2529,VIA_M1M2_PR,112.01,216.41
VIA_M1M2_PR_2530,VIA_M1M2_PR,113.85000000000001,216.41
VIA_M1M2_PR_2531,VIA_M1M2_PR,123.05,216.41
VIA_M1M2_PR_2532,VIA_M1M2_PR,165.37,216.41
VIA_M1M2_PR_2533,VIA_M1M2_PR,168.13,216.41
VIA_M1M2_PR_2534,VIA_M1M2_PR,169.97,216.41
VIA_M1M2_PR_2535,VIA_M1M2_PR,170.89000000000001,216.41
VIA_M1M2_PR_2536,VIA_M1M2_PR,174.11,216.41
VIA_M1M2_PR_2537,VIA_M1M2_PR,177.33,216.41
VIA_M1M2_PR_2538,VIA_M1M2_PR,178.25,216.41
VIA_M1M2_PR_2539,VIA_M1M2_PR,179.63,216.41
VIA_M1M2_PR_2540,VIA_M1M2_PR,180.09,216.41
VIA_M1M2_PR_2541,VIA_M1M2_PR,191.13,216.41
VIA_M1M2_PR_2542,VIA_M1M2_PR,115.69,216.75
VIA_M1M2_PR_2543,VIA_M1M2_PR,118.91,216.75
VIA_M1M2_PR_2544,VIA_M1M2_PR,122.13,216.75
VIA_M1M2_PR_2545,VIA_M1M2_PR,123.51,216.75
VIA_M1M2_PR_2546,VIA_M1M2_PR,173.65,216.75
VIA_M1M2_PR_2547,VIA_M1M2_PR,182.39000000000001,216.75
VIA_M1M2_PR_2548,VIA_M1M2_PR,116.15,217.09
VIA_M1M2_PR_2549,VIA_M1M2_PR,172.27,217.09
VIA_M1M2_PR_2550,VIA_M1M2_PR,174.11,217.09
VIA_M1M2_PR_2551,VIA_M1M2_PR,181.93,217.09
VIA_M1M2_PR_2552,VIA_M1M2_PR,96.37,218.11
VIA_M1M2_PR_2553,VIA_M1M2_PR,165.37,218.11
VIA_M1M2_PR_2554,VIA_M1M2_PR,167.67000000000002,218.11
VIA_M1M2_PR_2555,VIA_M1M2_PR,174.57,218.11
VIA_M1M2_PR_2556,VIA_M1M2_PR,115.69,218.45000000000002
VIA_M1M2_PR_2557,VIA_M1M2_PR,118.45,218.45000000000002
VIA_M1M2_PR_2558,VIA_M1M2_PR,123.05,218.45000000000002
VIA_M1M2_PR_2559,VIA_M1M2_PR,170.89000000000001,218.45000000000002
VIA_M1M2_PR_2560,VIA_M1M2_PR,112.47,218.79
VIA_M1M2_PR_2561,VIA_M1M2_PR,165.37,218.79
VIA_M1M2_PR_2562,VIA_M1M2_PR,169.51,218.79
VIA_M1M2_PR_2563,VIA_M1M2_PR,170.43,218.79
VIA_M1M2_PR_2564,VIA_M1M2_PR,174.11,218.79
VIA_M1M2_PR_2565,VIA_M1M2_PR,177.33,218.79
VIA_M1M2_PR_2566,VIA_M1M2_PR,181.93,218.79
VIA_M1M2_PR_2567,VIA_M1M2_PR,113.39,219.13
VIA_M1M2_PR_2568,VIA_M1M2_PR,117.99000000000001,219.13
VIA_M1M2_PR_2569,VIA_M1M2_PR,164.91,219.13
VIA_M1M2_PR_2570,VIA_M1M2_PR,173.65,219.13
VIA_M1M2_PR_2571,VIA_M1M2_PR,177.79,219.13
VIA_M1M2_PR_2572,VIA_M1M2_PR,178.71,219.13
VIA_M1M2_PR_2573,VIA_M1M2_PR,181.47,219.13
VIA_M1M2_PR_2574,VIA_M1M2_PR,112.47,219.47
VIA_M1M2_PR_2575,VIA_M1M2_PR,116.15,219.47
VIA_M1M2_PR_2576,VIA_M1M2_PR,168.13,219.47
VIA_M1M2_PR_2577,VIA_M1M2_PR,173.19,219.47
VIA_M1M2_PR_2578,VIA_M1M2_PR,112.01,219.81
VIA_M1M2_PR_2579,VIA_M1M2_PR,113.85000000000001,219.81
VIA_M1M2_PR_2580,VIA_M1M2_PR,123.51,219.81
VIA_M1M2_PR_2581,VIA_M1M2_PR,163.99,219.81
VIA_M1M2_PR_2582,VIA_M1M2_PR,170.89000000000001,219.81
VIA_M1M2_PR_2583,VIA_M1M2_PR,181.93,219.81
VIA_M1M2_PR_2584,VIA_M1M2_PR,113.85000000000001,220.83
VIA_M1M2_PR_2585,VIA_M1M2_PR,123.97,220.83
VIA_M1M2_PR_2586,VIA_M1M2_PR,163.53,220.83
VIA_M1M2_PR_2587,VIA_M1M2_PR,165.37,220.83
VIA_M1M2_PR_2588,VIA_M1M2_PR,176.41,220.83
VIA_M1M2_PR_2589,VIA_M1M2_PR,178.25,220.83
VIA_M1M2_PR_2590,VIA_M1M2_PR,111.55,221.17000000000002
VIA_M1M2_PR_2591,VIA_M1M2_PR,116.61,221.17000000000002
VIA_M1M2_PR_2592,VIA_M1M2_PR,118.45,221.17000000000002
VIA_M1M2_PR_2593,VIA_M1M2_PR,123.51,221.17000000000002
VIA_M1M2_PR_2594,VIA_M1M2_PR,143.75,221.17000000000002
VIA_M1M2_PR_2595,VIA_M1M2_PR,171.35,221.17000000000002
VIA_M1M2_PR_2596,VIA_M1M2_PR,175.03,221.17000000000002
VIA_M1M2_PR_2597,VIA_M1M2_PR,115.69,221.51
VIA_M1M2_PR_2598,VIA_M1M2_PR,162.61,221.51
VIA_M1M2_PR_2599,VIA_M1M2_PR,168.13,221.51
VIA_M1M2_PR_2600,VIA_M1M2_PR,175.95000000000002,221.51
VIA_M1M2_PR_2601,VIA_M1M2_PR,113.85000000000001,221.85
VIA_M1M2_PR_2602,VIA_M1M2_PR,118.45,221.85
VIA_M1M2_PR_2603,VIA_M1M2_PR,142.83,221.85
VIA_M1M2_PR_2604,VIA_M1M2_PR,163.99,221.85
VIA_M1M2_PR_2605,VIA_M1M2_PR,164.91,221.85
VIA_M1M2_PR_2606,VIA_M1M2_PR,165.83,221.85
VIA_M1M2_PR_2607,VIA_M1M2_PR,170.43,221.85
VIA_M1M2_PR_2608,VIA_M1M2_PR,170.89000000000001,221.85
VIA_M1M2_PR_2609,VIA_M1M2_PR,174.11,221.85
VIA_M1M2_PR_2610,VIA_M1M2_PR,174.57,221.85
VIA_M1M2_PR_2611,VIA_M1M2_PR,175.49,221.85
VIA_M1M2_PR_2612,VIA_M1M2_PR,177.33,221.85
VIA_M1M2_PR_2613,VIA_M1M2_PR,178.71,221.85
VIA_M1M2_PR_2614,VIA_M1M2_PR,113.39,222.19
VIA_M1M2_PR_2615,VIA_M1M2_PR,129.95,222.19
VIA_M1M2_PR_2616,VIA_M1M2_PR,112.93,222.53
VIA_M1M2_PR_2617,VIA_M1M2_PR,117.53,222.53
VIA_M1M2_PR_2618,VIA_M1M2_PR,118.45,222.53
VIA_M1M2_PR_2619,VIA_M1M2_PR,118.91,222.53
VIA_M1M2_PR_2620,VIA_M1M2_PR,122.13,222.53
VIA_M1M2_PR_2621,VIA_M1M2_PR,123.97,222.53
VIA_M1M2_PR_2622,VIA_M1M2_PR,127.19,222.53
VIA_M1M2_PR_2623,VIA_M1M2_PR,166.29,222.53
VIA_M1M2_PR_2624,VIA_M1M2_PR,166.75,222.53
VIA_M1M2_PR_2625,VIA_M1M2_PR,167.21,222.53
VIA_M1M2_PR_2626,VIA_M1M2_PR,169.51,222.53
VIA_M1M2_PR_2627,VIA_M1M2_PR,171.35,222.53
VIA_M1M2_PR_2628,VIA_M1M2_PR,175.03,222.53
VIA_M1M2_PR_2629,VIA_M1M2_PR,175.49,222.53
VIA_M1M2_PR_2630,VIA_M1M2_PR,182.85,222.53
VIA_M1M2_PR_2631,VIA_M1M2_PR,116.15,223.55
VIA_M1M2_PR_2632,VIA_M1M2_PR,117.53,223.55
VIA_M1M2_PR_2633,VIA_M1M2_PR,118.91,223.55
VIA_M1M2_PR_2634,VIA_M1M2_PR,167.21,223.55
VIA_M1M2_PR_2635,VIA_M1M2_PR,169.51,223.55
VIA_M1M2_PR_2636,VIA_M1M2_PR,175.95000000000002,223.55
VIA_M1M2_PR_2637,VIA_M1M2_PR,115.69,223.89000000000001
VIA_M1M2_PR_2638,VIA_M1M2_PR,116.61,223.89000000000001
VIA_M1M2_PR_2639,VIA_M1M2_PR,149.73,223.89000000000001
VIA_M1M2_PR_2640,VIA_M1M2_PR,166.29,223.89000000000001
VIA_M1M2_PR_2641,VIA_M1M2_PR,166.75,223.89000000000001
VIA_M1M2_PR_2642,VIA_M1M2_PR,177.33,223.89000000000001
VIA_M1M2_PR_2643,VIA_M1M2_PR,179.17000000000002,223.89000000000001
VIA_M1M2_PR_2644,VIA_M1M2_PR,112.47,224.23000000000002
VIA_M1M2_PR_2645,VIA_M1M2_PR,113.39,224.23000000000002
VIA_M1M2_PR_2646,VIA_M1M2_PR,117.99000000000001,224.23000000000002
VIA_M1M2_PR_2647,VIA_M1M2_PR,119.37,224.23000000000002
VIA_M1M2_PR_2648,VIA_M1M2_PR,119.83,224.23000000000002
VIA_M1M2_PR_2649,VIA_M1M2_PR,158.93,224.23000000000002
VIA_M1M2_PR_2650,VIA_M1M2_PR,165.37,224.23000000000002
VIA_M1M2_PR_2651,VIA_M1M2_PR,167.67000000000002,224.23000000000002
VIA_M1M2_PR_2652,VIA_M1M2_PR,169.05,224.23000000000002
VIA_M1M2_PR_2653,VIA_M1M2_PR,169.51,224.23000000000002
VIA_M1M2_PR_2654,VIA_M1M2_PR,170.89000000000001,224.23000000000002
VIA_M1M2_PR_2655,VIA_M1M2_PR,172.27,224.23000000000002
VIA_M1M2_PR_2656,VIA_M1M2_PR,172.73,224.23000000000002
VIA_M1M2_PR_2657,VIA_M1M2_PR,173.19,224.23000000000002
VIA_M1M2_PR_2658,VIA_M1M2_PR,174.11,224.23000000000002
VIA_M1M2_PR_2659,VIA_M1M2_PR,178.71,224.23000000000002
VIA_M1M2_PR_2660,VIA_M1M2_PR,122.59,224.57
VIA_M1M2_PR_2661,VIA_M1M2_PR,163.99,224.57
VIA_M1M2_PR_2662,VIA_M1M2_PR,112.93,224.91
VIA_M1M2_PR_2663,VIA_M1M2_PR,173.65,224.91
VIA_M1M2_PR_2664,VIA_M1M2_PR,181.47,224.91
VIA_M1M2_PR_2665,VIA_M1M2_PR,137.31,225.25
VIA_M1M2_PR_2666,VIA_M1M2_PR,169.97,225.25
VIA_M1M2_PR_2667,VIA_M1M2_PR,170.89000000000001,225.25
VIA_M1M2_PR_2668,VIA_M1M2_PR,178.25,225.25
VIA_M1M2_PR_2669,VIA_M1M2_PR,117.99000000000001,226.27
VIA_M1M2_PR_2670,VIA_M1M2_PR,118.45,226.27
VIA_M1M2_PR_2671,VIA_M1M2_PR,122.13,226.27
VIA_M1M2_PR_2672,VIA_M1M2_PR,160.31,226.27
VIA_M1M2_PR_2673,VIA_M1M2_PR,166.29,226.27
VIA_M1M2_PR_2674,VIA_M1M2_PR,169.51,226.27
VIA_M1M2_PR_2675,VIA_M1M2_PR,170.43,226.27
VIA_M1M2_PR_2676,VIA_M1M2_PR,177.79,226.27
VIA_M1M2_PR_2677,VIA_M1M2_PR,136.85,226.61
VIA_M1M2_PR_2678,VIA_M1M2_PR,171.81,226.61
VIA_M1M2_PR_2679,VIA_M1M2_PR,119.83,226.95000000000002
VIA_M1M2_PR_2680,VIA_M1M2_PR,122.59,226.95000000000002
VIA_M1M2_PR_2681,VIA_M1M2_PR,158.93,226.95000000000002
VIA_M1M2_PR_2682,VIA_M1M2_PR,164.91,226.95000000000002
VIA_M1M2_PR_2683,VIA_M1M2_PR,169.51,226.95000000000002
VIA_M1M2_PR_2684,VIA_M1M2_PR,172.73,226.95000000000002
VIA_M1M2_PR_2685,VIA_M1M2_PR,111.09,227.29
VIA_M1M2_PR_2686,VIA_M1M2_PR,119.37,227.29
VIA_M1M2_PR_2687,VIA_M1M2_PR,149.73,227.29
VIA_M1M2_PR_2688,VIA_M1M2_PR,165.37,227.29
VIA_M1M2_PR_2689,VIA_M1M2_PR,169.97,227.29
VIA_M1M2_PR_2690,VIA_M1M2_PR,170.43,227.29
VIA_M1M2_PR_2691,VIA_M1M2_PR,172.27,227.29
VIA_M1M2_PR_2692,VIA_M1M2_PR,173.65,227.29
VIA_M1M2_PR_2693,VIA_M1M2_PR,175.49,227.29
VIA_M1M2_PR_2694,VIA_M1M2_PR,177.79,227.29
VIA_M1M2_PR_2695,VIA_M1M2_PR,115.69,227.63
VIA_M1M2_PR_2696,VIA_M1M2_PR,166.75,227.63
VIA_M1M2_PR_2697,VIA_M1M2_PR,174.11,227.63
VIA_M1M2_PR_2698,VIA_M1M2_PR,111.09,227.97
VIA_M1M2_PR_2699,VIA_M1M2_PR,116.61,227.97
VIA_M1M2_PR_2700,VIA_M1M2_PR,123.51,227.97
VIA_M1M2_PR_2701,VIA_M1M2_PR,170.43,227.97
VIA_M1M2_PR_2702,VIA_M1M2_PR,171.35,227.97
VIA_M1M2_PR_2703,VIA_M1M2_PR,179.17000000000002,227.97
VIA_M1M2_PR_2704,VIA_M1M2_PR,123.97,228.99
VIA_M1M2_PR_2705,VIA_M1M2_PR,170.43,228.99
VIA_M1M2_PR_2706,VIA_M1M2_PR,172.27,228.99
VIA_M1M2_PR_2707,VIA_M1M2_PR,178.71,228.99
VIA_M1M2_PR_2708,VIA_M1M2_PR,112.01,229.33
VIA_M1M2_PR_2709,VIA_M1M2_PR,118.91,229.33
VIA_M1M2_PR_2710,VIA_M1M2_PR,130.87,229.33
VIA_M1M2_PR_2711,VIA_M1M2_PR,171.35,229.33
VIA_M1M2_PR_2712,VIA_M1M2_PR,112.47,229.67000000000002
VIA_M1M2_PR_2713,VIA_M1M2_PR,123.05,229.67000000000002
VIA_M1M2_PR_2714,VIA_M1M2_PR,137.77,229.67000000000002
VIA_M1M2_PR_2715,VIA_M1M2_PR,172.27,229.67000000000002
VIA_M1M2_PR_2716,VIA_M1M2_PR,113.39,230.01
VIA_M1M2_PR_2717,VIA_M1M2_PR,113.85000000000001,230.01
VIA_M1M2_PR_2718,VIA_M1M2_PR,144.67000000000002,230.01
VIA_M1M2_PR_2719,VIA_M1M2_PR,110.63,230.35
VIA_M1M2_PR_2720,VIA_M1M2_PR,174.57,230.35
VIA_M1M2_PR_2721,VIA_M1M2_PR,175.49,230.35
VIA_M1M2_PR_2722,VIA_M1M2_PR,113.39,230.69
VIA_M1M2_PR_2723,VIA_M1M2_PR,116.61,230.69
VIA_M1M2_PR_2724,VIA_M1M2_PR,124.89,230.69
VIA_M1M2_PR_2725,VIA_M1M2_PR,144.21,230.69
VIA_M1M2_PR_2726,VIA_M1M2_PR,110.63,231.71
VIA_M1M2_PR_2727,VIA_M1M2_PR,112.47,231.71
VIA_M1M2_PR_2728,VIA_M1M2_PR,123.97,231.71
VIA_M1M2_PR_2729,VIA_M1M2_PR,173.19,231.71
VIA_M1M2_PR_2730,VIA_M1M2_PR,113.39,232.39000000000001
VIA_M1M2_PR_2731,VIA_M1M2_PR,115.69,232.39000000000001
VIA_M1M2_PR_2732,VIA_M1M2_PR,123.51,232.39000000000001
VIA_M1M2_PR_2733,VIA_M1M2_PR,111.09,232.73000000000002
VIA_M1M2_PR_2734,VIA_M1M2_PR,113.85000000000001,232.73000000000002
VIA_M1M2_PR_2735,VIA_M1M2_PR,124.89,232.73000000000002
VIA_M1M2_PR_2736,VIA_M1M2_PR,129.49,232.73000000000002
VIA_M1M2_PR_2737,VIA_M1M2_PR,171.35,232.73000000000002
VIA_M1M2_PR_2738,VIA_M1M2_PR,172.27,232.73000000000002
VIA_M1M2_PR_2739,VIA_M1M2_PR,112.93,233.07
VIA_M1M2_PR_2740,VIA_M1M2_PR,118.91,233.07
VIA_M1M2_PR_2741,VIA_M1M2_PR,123.51,233.07
VIA_M1M2_PR_2742,VIA_M1M2_PR,166.29,233.07
VIA_M1M2_PR_2743,VIA_M1M2_PR,121.67,233.41
VIA_M1M2_PR_2744,VIA_M1M2_PR,112.47,234.43
VIA_M1M2_PR_2745,VIA_M1M2_PR,112.93,234.43
VIA_M1M2_PR_2746,VIA_M1M2_PR,115.69,234.43
VIA_M1M2_PR_2747,VIA_M1M2_PR,118.45,234.43
VIA_M1M2_PR_2748,VIA_M1M2_PR,122.59,234.43
VIA_M1M2_PR_2749,VIA_M1M2_PR,169.05,234.43
VIA_M1M2_PR_2750,VIA_M1M2_PR,117.99000000000001,234.77
VIA_M1M2_PR_2751,VIA_M1M2_PR,121.67,234.77
VIA_M1M2_PR_2752,VIA_M1M2_PR,122.13,234.77
VIA_M1M2_PR_2753,VIA_M1M2_PR,112.01,235.11
VIA_M1M2_PR_2754,VIA_M1M2_PR,112.47,235.11
VIA_M1M2_PR_2755,VIA_M1M2_PR,117.07000000000001,235.11
VIA_M1M2_PR_2756,VIA_M1M2_PR,123.05,235.11
VIA_M1M2_PR_2757,VIA_M1M2_PR,124.43,235.11
VIA_M1M2_PR_2758,VIA_M1M2_PR,123.51,235.45000000000002
VIA_M1M2_PR_2759,VIA_M1M2_PR,124.43,235.79
VIA_M1M2_PR_2760,VIA_M1M2_PR,124.89,235.79
VIA_M1M2_PR_2761,VIA_M1M2_PR,111.55,236.13
VIA_M1M2_PR_2762,VIA_M1M2_PR,112.93,236.13
VIA_M1M2_PR_2763,VIA_M1M2_PR,113.39,236.13
VIA_M1M2_PR_2764,VIA_M1M2_PR,126.27,236.13
VIA_M1M2_PR_2765,VIA_M1M2_PR,81.19,237.15
VIA_M1M2_PR_2766,VIA_M1M2_PR,112.01,237.15
VIA_M1M2_PR_2767,VIA_M1M2_PR,175.03,237.15
VIA_M1M2_PR_2768,VIA_M1M2_PR,199.41,237.15
VIA_M1M2_PR_2769,VIA_M1M2_PR,111.55,237.49
VIA_M1M2_PR_2770,VIA_M1M2_PR,111.09,237.83
VIA_M1M2_PR_2771,VIA_M1M2_PR,123.97,238.17000000000002
VIA_M1M2_PR_2772,VIA_M1M2_PR,124.43,238.17000000000002
VIA_M1M2_PR_2773,VIA_M1M2_PR,112.93,238.51
VIA_M1M2_PR_2774,VIA_M1M2_PR,118.91,238.51
VIA_M1M2_PR_2775,VIA_M1M2_PR,126.27,238.51
VIA_M1M2_PR_2776,VIA_M1M2_PR,173.19,238.51
VIA_M1M2_PR_2777,VIA_M1M2_PR,122.59,238.85
VIA_M1M2_PR_2778,VIA_M1M2_PR,124.89,238.85
VIA_M1M2_PR_2779,VIA_M1M2_PR,125.35000000000001,238.85
VIA_M1M2_PR_2780,VIA_M1M2_PR,175.03,238.85
VIA_M1M2_PR_2781,VIA_M1M2_PR,74.29,239.87
VIA_M1M2_PR_2782,VIA_M1M2_PR,122.59,239.87
VIA_M1M2_PR_2783,VIA_M1M2_PR,126.27,239.87
VIA_M1M2_PR_2784,VIA_M1M2_PR,118.91,240.21
VIA_M1M2_PR_2785,VIA_M1M2_PR,121.21000000000001,240.21
VIA_M1M2_PR_2786,VIA_M1M2_PR,174.11,240.21
VIA_M1M2_PR_2787,VIA_M1M2_PR,112.01,240.55
VIA_M1M2_PR_2788,VIA_M1M2_PR,113.39,240.55
VIA_M1M2_PR_2789,VIA_M1M2_PR,113.85000000000001,240.89000000000001
VIA_M1M2_PR_2790,VIA_M1M2_PR,166.75,240.89000000000001
VIA_M1M2_PR_2791,VIA_M1M2_PR,173.19,240.89000000000001
VIA_M1M2_PR_2792,VIA_M1M2_PR,172.73,241.23000000000002
VIA_M1M2_PR_2793,VIA_M1M2_PR,170.89000000000001,241.57
VIA_M1M2_PR_2794,VIA_M1M2_PR,179.17000000000002,241.57
VIA_M1M2_PR_2795,VIA_M1M2_PR,142.37,242.59
VIA_M1M2_PR_2796,VIA_M1M2_PR,179.17000000000002,242.59
VIA_M1M2_PR_2797,VIA_M1M2_PR,174.11,242.93
VIA_M1M2_PR_2798,VIA_M1M2_PR,178.71,242.93
VIA_M1M2_PR_2799,VIA_M1M2_PR,167.21,243.27
VIA_M1M2_PR_2800,VIA_M1M2_PR,169.05,243.27
VIA_M1M2_PR_2801,VIA_M1M2_PR,182.85,243.27
VIA_M1M2_PR_2802,VIA_M1M2_PR,113.85000000000001,243.61
VIA_M1M2_PR_2803,VIA_M1M2_PR,121.21000000000001,243.61
VIA_M1M2_PR_2804,VIA_M1M2_PR,163.99,243.61
VIA_M1M2_PR_2805,VIA_M1M2_PR,166.75,243.61
VIA_M1M2_PR_2806,VIA_M1M2_PR,172.73,243.61
VIA_M1M2_PR_2807,VIA_M1M2_PR,115.69,243.95000000000002
VIA_M1M2_PR_2808,VIA_M1M2_PR,122.13,243.95000000000002
VIA_M1M2_PR_2809,VIA_M1M2_PR,168.59,243.95000000000002
VIA_M1M2_PR_2810,VIA_M1M2_PR,174.11,243.95000000000002
VIA_M1M2_PR_2811,VIA_M1M2_PR,176.87,243.95000000000002
VIA_M1M2_PR_2812,VIA_M1M2_PR,123.05,244.29
VIA_M1M2_PR_2813,VIA_M1M2_PR,167.21,244.29
VIA_M1M2_PR_2814,VIA_M1M2_PR,175.03,244.29
VIA_M1M2_PR_2815,VIA_M1M2_PR,177.33,244.29
VIA_M1M2_PR_2816,VIA_M1M2_PR,115.69,245.31
VIA_M1M2_PR_2817,VIA_M1M2_PR,163.99,245.31
VIA_M1M2_PR_2818,VIA_M1M2_PR,165.83,245.31
VIA_M1M2_PR_2819,VIA_M1M2_PR,177.33,245.31
VIA_M1M2_PR_2820,VIA_M1M2_PR,179.17000000000002,245.31
VIA_M1M2_PR_2821,VIA_M1M2_PR,182.85,245.31
VIA_M1M2_PR_2822,VIA_M1M2_PR,122.13,245.65
VIA_M1M2_PR_2823,VIA_M1M2_PR,124.43,245.65
VIA_M1M2_PR_2824,VIA_M1M2_PR,163.07,245.65
VIA_M1M2_PR_2825,VIA_M1M2_PR,173.19,245.65
VIA_M1M2_PR_2826,VIA_M1M2_PR,176.87,245.65
VIA_M1M2_PR_2827,VIA_M1M2_PR,181.01,245.65
VIA_M1M2_PR_2828,VIA_M1M2_PR,115.69,245.99
VIA_M1M2_PR_2829,VIA_M1M2_PR,165.37,245.99
VIA_M1M2_PR_2830,VIA_M1M2_PR,166.75,245.99
VIA_M1M2_PR_2831,VIA_M1M2_PR,168.13,245.99
VIA_M1M2_PR_2832,VIA_M1M2_PR,169.51,245.99
VIA_M1M2_PR_2833,VIA_M1M2_PR,183.31,245.99
VIA_M1M2_PR_2834,VIA_M1M2_PR,117.99000000000001,246.33
VIA_M1M2_PR_2835,VIA_M1M2_PR,123.97,246.33
VIA_M1M2_PR_2836,VIA_M1M2_PR,165.83,246.33
VIA_M1M2_PR_2837,VIA_M1M2_PR,170.89000000000001,246.33
VIA_M1M2_PR_2838,VIA_M1M2_PR,178.71,246.33
VIA_M1M2_PR_2839,VIA_M1M2_PR,194.81,246.33
VIA_M1M2_PR_2840,VIA_M1M2_PR,167.67000000000002,246.67000000000002
VIA_M1M2_PR_2841,VIA_M1M2_PR,182.39000000000001,246.67000000000002
VIA_M1M2_PR_2842,VIA_M1M2_PR,118.91,247.01000000000002
VIA_M1M2_PR_2843,VIA_M1M2_PR,154.79,247.01000000000002
VIA_M1M2_PR_2844,VIA_M1M2_PR,169.51,247.01000000000002
VIA_M1M2_PR_2845,VIA_M1M2_PR,177.79,247.01000000000002
VIA_M1M2_PR_2846,VIA_M1M2_PR,181.93,247.01000000000002
VIA_M1M2_PR_2847,VIA_M1M2_PR,117.99000000000001,248.03
VIA_M1M2_PR_2848,VIA_M1M2_PR,124.43,248.03
VIA_M1M2_PR_2849,VIA_M1M2_PR,170.89000000000001,248.03
VIA_M1M2_PR_2850,VIA_M1M2_PR,171.81,248.03
VIA_M1M2_PR_2851,VIA_M1M2_PR,115.69,248.37
VIA_M1M2_PR_2852,VIA_M1M2_PR,123.05,248.37
VIA_M1M2_PR_2853,VIA_M1M2_PR,169.97,248.37
VIA_M1M2_PR_2854,VIA_M1M2_PR,118.91,248.71
VIA_M1M2_PR_2855,VIA_M1M2_PR,123.97,248.71
VIA_M1M2_PR_2856,VIA_M1M2_PR,126.27,248.71
VIA_M1M2_PR_2857,VIA_M1M2_PR,166.75,248.71
VIA_M1M2_PR_2858,VIA_M1M2_PR,177.79,248.71
VIA_M1M2_PR_2859,VIA_M1M2_PR,179.17000000000002,248.71
VIA_M1M2_PR_2860,VIA_M1M2_PR,114.77,249.05
VIA_M1M2_PR_2861,VIA_M1M2_PR,121.67,249.05
VIA_M1M2_PR_2862,VIA_M1M2_PR,123.05,249.05
VIA_M1M2_PR_2863,VIA_M1M2_PR,164.91,249.05
VIA_M1M2_PR_2864,VIA_M1M2_PR,172.27,249.05
VIA_M1M2_PR_2865,VIA_M1M2_PR,174.11,249.05
VIA_M1M2_PR_2866,VIA_M1M2_PR,175.95000000000002,249.05
VIA_M1M2_PR_2867,VIA_M1M2_PR,177.33,249.05
VIA_M1M2_PR_2868,VIA_M1M2_PR,179.63,249.05
VIA_M1M2_PR_2869,VIA_M1M2_PR,184.69,249.05
VIA_M1M2_PR_2870,VIA_M1M2_PR,162.61,249.39000000000001
VIA_M1M2_PR_2871,VIA_M1M2_PR,163.99,249.39000000000001
VIA_M1M2_PR_2872,VIA_M1M2_PR,172.73,249.39000000000001
VIA_M1M2_PR_2873,VIA_M1M2_PR,181.01,249.39000000000001
VIA_M1M2_PR_2874,VIA_M1M2_PR,71.53,249.73000000000002
VIA_M1M2_PR_2875,VIA_M1M2_PR,117.07000000000001,249.73000000000002
VIA_M1M2_PR_2876,VIA_M1M2_PR,120.75,249.73000000000002
VIA_M1M2_PR_2877,VIA_M1M2_PR,123.05,249.73000000000002
VIA_M1M2_PR_2878,VIA_M1M2_PR,169.51,249.73000000000002
VIA_M1M2_PR_2879,VIA_M1M2_PR,108.79,250.75
VIA_M1M2_PR_2880,VIA_M1M2_PR,123.05,250.75
VIA_M1M2_PR_2881,VIA_M1M2_PR,123.97,250.75
VIA_M1M2_PR_2882,VIA_M1M2_PR,126.27,250.75
VIA_M1M2_PR_2883,VIA_M1M2_PR,161.69,250.75
VIA_M1M2_PR_2884,VIA_M1M2_PR,165.83,250.75
VIA_M1M2_PR_2885,VIA_M1M2_PR,170.43,250.75
VIA_M1M2_PR_2886,VIA_M1M2_PR,177.33,250.75
VIA_M1M2_PR_2887,VIA_M1M2_PR,112.47,251.09
VIA_M1M2_PR_2888,VIA_M1M2_PR,117.07000000000001,251.09
VIA_M1M2_PR_2889,VIA_M1M2_PR,120.75,251.09
VIA_M1M2_PR_2890,VIA_M1M2_PR,125.35000000000001,251.09
VIA_M1M2_PR_2891,VIA_M1M2_PR,168.59,251.09
VIA_M1M2_PR_2892,VIA_M1M2_PR,173.19,251.09
VIA_M1M2_PR_2893,VIA_M1M2_PR,174.57,251.09
VIA_M1M2_PR_2894,VIA_M1M2_PR,113.85000000000001,251.43
VIA_M1M2_PR_2895,VIA_M1M2_PR,121.67,251.43
VIA_M1M2_PR_2896,VIA_M1M2_PR,123.05,251.43
VIA_M1M2_PR_2897,VIA_M1M2_PR,161.23,251.43
VIA_M1M2_PR_2898,VIA_M1M2_PR,164.45000000000002,251.43
VIA_M1M2_PR_2899,VIA_M1M2_PR,167.67000000000002,251.43
VIA_M1M2_PR_2900,VIA_M1M2_PR,169.05,251.43
VIA_M1M2_PR_2901,VIA_M1M2_PR,172.73,251.43
VIA_M1M2_PR_2902,VIA_M1M2_PR,177.79,251.43
VIA_M1M2_PR_2903,VIA_M1M2_PR,179.17000000000002,251.43
VIA_M1M2_PR_2904,VIA_M1M2_PR,73.83,251.77
VIA_M1M2_PR_2905,VIA_M1M2_PR,103.73,251.77
VIA_M1M2_PR_2906,VIA_M1M2_PR,162.61,251.77
VIA_M1M2_PR_2907,VIA_M1M2_PR,178.71,251.77
VIA_M1M2_PR_2908,VIA_M1M2_PR,118.91,252.11
VIA_M1M2_PR_2909,VIA_M1M2_PR,163.07,252.11
VIA_M1M2_PR_2910,VIA_M1M2_PR,164.91,252.11
VIA_M1M2_PR_2911,VIA_M1M2_PR,175.03,252.11
VIA_M1M2_PR_2912,VIA_M1M2_PR,115.23,252.45000000000002
VIA_M1M2_PR_2913,VIA_M1M2_PR,171.81,252.45000000000002
VIA_M1M2_PR_2914,VIA_M1M2_PR,117.99000000000001,253.47
VIA_M1M2_PR_2915,VIA_M1M2_PR,120.75,253.47
VIA_M1M2_PR_2916,VIA_M1M2_PR,124.43,253.47
VIA_M1M2_PR_2917,VIA_M1M2_PR,169.51,253.47
VIA_M1M2_PR_2918,VIA_M1M2_PR,178.25,253.47
VIA_M1M2_PR_2919,VIA_M1M2_PR,122.13,253.81
VIA_M1M2_PR_2920,VIA_M1M2_PR,135.01,253.81
VIA_M1M2_PR_2921,VIA_M1M2_PR,118.45,254.15
VIA_M1M2_PR_2922,VIA_M1M2_PR,122.59,254.15
VIA_M1M2_PR_2923,VIA_M1M2_PR,127.65,254.15
VIA_M1M2_PR_2924,VIA_M1M2_PR,166.29,254.15
VIA_M1M2_PR_2925,VIA_M1M2_PR,170.89000000000001,254.15
VIA_M1M2_PR_2926,VIA_M1M2_PR,111.55,254.49
VIA_M1M2_PR_2927,VIA_M1M2_PR,115.23,254.49
VIA_M1M2_PR_2928,VIA_M1M2_PR,117.99000000000001,254.49
VIA_M1M2_PR_2929,VIA_M1M2_PR,118.91,254.49
VIA_M1M2_PR_2930,VIA_M1M2_PR,124.43,254.49
VIA_M1M2_PR_2931,VIA_M1M2_PR,170.43,254.49
VIA_M1M2_PR_2932,VIA_M1M2_PR,175.03,254.49
VIA_M1M2_PR_2933,VIA_M1M2_PR,115.69,254.83
VIA_M1M2_PR_2934,VIA_M1M2_PR,118.45,254.83
VIA_M1M2_PR_2935,VIA_M1M2_PR,122.59,254.83
VIA_M1M2_PR_2936,VIA_M1M2_PR,124.89,254.83
VIA_M1M2_PR_2937,VIA_M1M2_PR,172.27,254.83
VIA_M1M2_PR_2938,VIA_M1M2_PR,176.87,254.83
VIA_M1M2_PR_2939,VIA_M1M2_PR,113.39,255.17000000000002
VIA_M1M2_PR_2940,VIA_M1M2_PR,124.43,255.17000000000002
VIA_M1M2_PR_2941,VIA_M1M2_PR,174.11,255.17000000000002
VIA_M1M2_PR_2942,VIA_M1M2_PR,179.17000000000002,255.17000000000002
VIA_M1M2_PR_2943,VIA_M1M2_PR,117.99000000000001,256.19
VIA_M1M2_PR_2944,VIA_M1M2_PR,123.97,256.19
VIA_M1M2_PR_2945,VIA_M1M2_PR,163.99,256.19
VIA_M1M2_PR_2946,VIA_M1M2_PR,169.51,256.19
VIA_M1M2_PR_2947,VIA_M1M2_PR,173.65,256.19
VIA_M1M2_PR_2948,VIA_M1M2_PR,118.91,256.53000000000003
VIA_M1M2_PR_2949,VIA_M1M2_PR,121.21000000000001,256.53000000000003
VIA_M1M2_PR_2950,VIA_M1M2_PR,161.69,256.53000000000003
VIA_M1M2_PR_2951,VIA_M1M2_PR,167.21,256.53000000000003
VIA_M1M2_PR_2952,VIA_M1M2_PR,170.89000000000001,256.53000000000003
VIA_M1M2_PR_2953,VIA_M1M2_PR,111.09,256.87
VIA_M1M2_PR_2954,VIA_M1M2_PR,111.55,256.87
VIA_M1M2_PR_2955,VIA_M1M2_PR,115.69,256.87
VIA_M1M2_PR_2956,VIA_M1M2_PR,164.91,256.87
VIA_M1M2_PR_2957,VIA_M1M2_PR,169.97,256.87
VIA_M1M2_PR_2958,VIA_M1M2_PR,109.71000000000001,257.21
VIA_M1M2_PR_2959,VIA_M1M2_PR,123.51,257.21
VIA_M1M2_PR_2960,VIA_M1M2_PR,173.65,257.21
VIA_M1M2_PR_2961,VIA_M1M2_PR,174.11,257.21
VIA_M1M2_PR_2962,VIA_M1M2_PR,176.87,257.21
VIA_M1M2_PR_2963,VIA_M1M2_PR,112.93,257.89
VIA_M1M2_PR_2964,VIA_M1M2_PR,115.23,257.89
VIA_M1M2_PR_2965,VIA_M1M2_PR,124.89,257.89
VIA_M1M2_PR_2966,VIA_M1M2_PR,103.73,258.91
VIA_M1M2_PR_2967,VIA_M1M2_PR,165.37,258.91
VIA_M1M2_PR_2968,VIA_M1M2_PR,111.09,259.25
VIA_M1M2_PR_2969,VIA_M1M2_PR,112.93,259.59000000000003
VIA_M1M2_PR_2970,VIA_M1M2_PR,113.85000000000001,259.59000000000003
VIA_M1M2_PR_2971,VIA_M1M2_PR,173.65,259.93
VIA_M1M2_PR_2972,VIA_M1M2_PR,174.11,259.93
VIA_M1M2_PR_2973,VIA_M1M2_PR,115.69,260.27
VIA_M1M2_PR_2974,VIA_M1M2_PR,118.91,260.27
VIA_M1M2_PR_2975,VIA_M1M2_PR,116.61,260.61
VIA_M1M2_PR_2976,VIA_M1M2_PR,117.99000000000001,261.63
VIA_M1M2_PR_2977,VIA_M1M2_PR,115.69,261.97
VIA_M1M2_PR_2978,VIA_M1M2_PR,118.45,261.97
VIA_M1M2_PR_2979,VIA_M1M2_PR,124.89,261.97
VIA_M1M2_PR_2980,VIA_M1M2_PR,115.23,262.31
VIA_M1M2_PR_2981,VIA_M1M2_PR,116.61,262.31
VIA_M1M2_PR_2982,VIA_M1M2_PR,109.71000000000001,262.65
VIA_M1M2_PR_2983,VIA_M1M2_PR,111.55,262.99
VIA_M1M2_PR_2984,VIA_M1M2_PR,114.31,262.99
VIA_M1M2_PR_2985,VIA_M1M2_PR,94.99,264.35
VIA_M1M2_PR_2986,VIA_M1M2_PR,34.27,265.37
VIA_M1M2_PR_2987,VIA_M1M2_PR,129.03,265.37
VIA_M1M2_PR_2988,VIA_M1M2_PR,77.05,265.71
VIA_M1M2_PR_2989,VIA_M1M2_PR,169.97,265.71
VIA_M1M2_PR_2990,VIA_M1M2_PR,79.81,266.05
VIA_M1M2_PR_2991,VIA_M1M2_PR,169.05,266.05
VIA_M1M2_PR_2992,VIA_M1M2_PR,171.35,266.05
VIA_M1M2_PR_2993,VIA_M1M2_PR,171.35,267.07
VIA_M1M2_PR_2994,VIA_M1M2_PR,106.95,267.41
VIA_M1M2_PR_2995,VIA_M1M2_PR,165.83,267.41
VIA_M1M2_PR_2996,VIA_M1M2_PR,114.77,267.75
VIA_M1M2_PR_2997,VIA_M1M2_PR,115.23,267.75
VIA_M1M2_PR_2998,VIA_M1M2_PR,117.99000000000001,267.75
VIA_M1M2_PR_2999,VIA_M1M2_PR,109.25,268.09000000000003
VIA_M1M2_PR_3000,VIA_M1M2_PR,114.31,268.09000000000003
VIA_M1M2_PR_3001,VIA_M1M2_PR,112.93,268.43
VIA_M1M2_PR_3002,VIA_M1M2_PR,112.01,269.79
VIA_M1M2_PR_3003,VIA_M1M2_PR,122.13,269.79
VIA_M1M2_PR_3004,VIA_M1M2_PR,169.05,269.79
VIA_M1M2_PR_3005,VIA_M1M2_PR,171.35,269.79
VIA_M1M2_PR_3006,VIA_M1M2_PR,113.39,270.13
VIA_M1M2_PR_3007,VIA_M1M2_PR,114.31,270.13
VIA_M1M2_PR_3008,VIA_M1M2_PR,117.07000000000001,270.13
VIA_M1M2_PR_3009,VIA_M1M2_PR,124.43,270.13
VIA_M1M2_PR_3010,VIA_M1M2_PR,112.93,270.47
VIA_M1M2_PR_3011,VIA_M1M2_PR,165.83,270.47
VIA_M1M2_PR_3012,VIA_M1M2_PR,112.47,270.81
VIA_M1M2_PR_3013,VIA_M1M2_PR,114.31,270.81
VIA_M1M2_PR_3014,VIA_M1M2_PR,117.07000000000001,270.81
VIA_M1M2_PR_3015,VIA_M1M2_PR,121.67,270.81
VIA_M1M2_PR_3016,VIA_M1M2_PR,111.55,271.15
VIA_M1M2_PR_3017,VIA_M1M2_PR,114.77,271.49
VIA_M1M2_PR_3018,VIA_M1M2_PR,118.45,271.49
VIA_M1M2_PR_3019,VIA_M1M2_PR,173.19,271.49
VIA_M1M2_PR_3020,VIA_M1M2_PR,111.55,272.51
VIA_M1M2_PR_3021,VIA_M1M2_PR,114.77,272.51
VIA_M1M2_PR_3022,VIA_M1M2_PR,115.23,272.85
VIA_M1M2_PR_3023,VIA_M1M2_PR,119.37,272.85
VIA_M1M2_PR_3024,VIA_M1M2_PR,123.05,272.85
VIA_M1M2_PR_3025,VIA_M1M2_PR,169.51,272.85
VIA_M1M2_PR_3026,VIA_M1M2_PR,172.73,272.85
VIA_M1M2_PR_3027,VIA_M1M2_PR,111.55,273.19
VIA_M1M2_PR_3028,VIA_M1M2_PR,113.85000000000001,273.53000000000003
VIA_M1M2_PR_3029,VIA_M1M2_PR,172.27,273.53000000000003
VIA_M1M2_PR_3030,VIA_M1M2_PR,110.17,273.87
VIA_M1M2_PR_3031,VIA_M1M2_PR,110.63,274.21
VIA_M1M2_PR_3032,VIA_M1M2_PR,114.31,274.21
VIA_M1M2_PR_3033,VIA_M1M2_PR,114.77,274.21
VIA_M1M2_PR_3034,VIA_M1M2_PR,124.43,274.21
VIA_M1M2_PR_3035,VIA_M1M2_PR,174.57,274.21
VIA_M1M2_PR_3036,VIA_M1M2_PR,111.09,275.23
VIA_M1M2_PR_3037,VIA_M1M2_PR,114.77,275.23
VIA_M1M2_PR_3038,VIA_M1M2_PR,123.97,275.23
VIA_M1M2_PR_3039,VIA_M1M2_PR,169.05,275.23
VIA_M1M2_PR_3040,VIA_M1M2_PR,169.51,275.23
VIA_M1M2_PR_3041,VIA_M1M2_PR,124.43,275.57
VIA_M1M2_PR_3042,VIA_M1M2_PR,167.67000000000002,275.57
VIA_M1M2_PR_3043,VIA_M1M2_PR,174.57,275.57
VIA_M1M2_PR_3044,VIA_M1M2_PR,173.19,275.91
VIA_M1M2_PR_3045,VIA_M1M2_PR,111.55,276.25
VIA_M1M2_PR_3046,VIA_M1M2_PR,112.93,276.25
VIA_M1M2_PR_3047,VIA_M1M2_PR,123.51,276.25
VIA_M1M2_PR_3048,VIA_M1M2_PR,174.11,276.25
VIA_M1M2_PR_3049,VIA_M1M2_PR,174.57,276.25
VIA_M1M2_PR_3050,VIA_M1M2_PR,113.39,276.59000000000003
VIA_M1M2_PR_3051,VIA_M1M2_PR,119.37,276.59000000000003
VIA_M1M2_PR_3052,VIA_M1M2_PR,126.27,276.59000000000003
VIA_M1M2_PR_3053,VIA_M1M2_PR,171.35,276.59000000000003
VIA_M1M2_PR_3054,VIA_M1M2_PR,110.63,277.95
VIA_M1M2_PR_3055,VIA_M1M2_PR,111.55,277.95
VIA_M1M2_PR_3056,VIA_M1M2_PR,112.47,277.95
VIA_M1M2_PR_3057,VIA_M1M2_PR,115.69,277.95
VIA_M1M2_PR_3058,VIA_M1M2_PR,126.27,277.95
VIA_M1M2_PR_3059,VIA_M1M2_PR,173.19,277.95
VIA_M1M2_PR_3060,VIA_M1M2_PR,174.57,277.95
VIA_M1M2_PR_3061,VIA_M1M2_PR,106.49000000000001,278.29
VIA_M1M2_PR_3062,VIA_M1M2_PR,110.17,278.29
VIA_M1M2_PR_3063,VIA_M1M2_PR,116.61,278.29
VIA_M1M2_PR_3064,VIA_M1M2_PR,123.05,278.29
VIA_M1M2_PR_3065,VIA_M1M2_PR,169.97,278.29
VIA_M1M2_PR_3066,VIA_M1M2_PR,171.81,278.29
VIA_M1M2_PR_3067,VIA_M1M2_PR,181.47,278.29
VIA_M1M2_PR_3068,VIA_M1M2_PR,111.09,278.63
VIA_M1M2_PR_3069,VIA_M1M2_PR,115.69,278.63
VIA_M1M2_PR_3070,VIA_M1M2_PR,116.15,278.63
VIA_M1M2_PR_3071,VIA_M1M2_PR,174.11,278.63
VIA_M1M2_PR_3072,VIA_M1M2_PR,110.63,278.97
VIA_M1M2_PR_3073,VIA_M1M2_PR,113.85000000000001,278.97
VIA_M1M2_PR_3074,VIA_M1M2_PR,170.43,278.97
VIA_M1M2_PR_3075,VIA_M1M2_PR,171.35,278.97
VIA_M1M2_PR_3076,VIA_M1M2_PR,108.79,279.31
VIA_M1M2_PR_3077,VIA_M1M2_PR,112.47,279.31
VIA_M1M2_PR_3078,VIA_M1M2_PR,173.19,279.31
VIA_M1M2_PR_3079,VIA_M1M2_PR,168.59,279.65000000000003
VIA_M1M2_PR_3080,VIA_M1M2_PR,173.65,279.65000000000003
VIA_M1M2_PR_3081,VIA_M1M2_PR,112.47,280.67
VIA_M1M2_PR_3082,VIA_M1M2_PR,114.77,280.67
VIA_M1M2_PR_3083,VIA_M1M2_PR,115.69,280.67
VIA_M1M2_PR_3084,VIA_M1M2_PR,128.57,280.67
VIA_M1M2_PR_3085,VIA_M1M2_PR,171.35,280.67
VIA_M1M2_PR_3086,VIA_M1M2_PR,110.63,281.01
VIA_M1M2_PR_3087,VIA_M1M2_PR,125.81,281.01
VIA_M1M2_PR_3088,VIA_M1M2_PR,108.79,281.35
VIA_M1M2_PR_3089,VIA_M1M2_PR,112.47,281.35
VIA_M1M2_PR_3090,VIA_M1M2_PR,113.85000000000001,281.35
VIA_M1M2_PR_3091,VIA_M1M2_PR,116.15,281.35
VIA_M1M2_PR_3092,VIA_M1M2_PR,117.99000000000001,281.35
VIA_M1M2_PR_3093,VIA_M1M2_PR,170.43,281.35
VIA_M1M2_PR_3094,VIA_M1M2_PR,172.27,281.35
VIA_M1M2_PR_3095,VIA_M1M2_PR,173.65,281.35
VIA_M1M2_PR_3096,VIA_M1M2_PR,111.09,281.69
VIA_M1M2_PR_3097,VIA_M1M2_PR,113.39,281.69
VIA_M1M2_PR_3098,VIA_M1M2_PR,123.05,281.69
VIA_M1M2_PR_3099,VIA_M1M2_PR,126.27,281.69
VIA_M1M2_PR_3100,VIA_M1M2_PR,129.03,281.69
VIA_M1M2_PR_3101,VIA_M1M2_PR,114.77,282.03000000000003
VIA_M1M2_PR_3102,VIA_M1M2_PR,126.73,282.03000000000003
VIA_M1M2_PR_3103,VIA_M1M2_PR,169.51,282.03000000000003
VIA_M1M2_PR_3104,VIA_M1M2_PR,173.19,282.03000000000003
VIA_M1M2_PR_3105,VIA_M1M2_PR,175.95000000000002,282.03000000000003
VIA_M1M2_PR_3106,VIA_M1M2_PR,121.67,282.37
VIA_M1M2_PR_3107,VIA_M1M2_PR,127.19,282.37
VIA_M1M2_PR_3108,VIA_M1M2_PR,128.57,282.37
VIA_M1M2_PR_3109,VIA_M1M2_PR,181.47,282.37
VIA_M1M2_PR_3110,VIA_M1M2_PR,79.35000000000001,283.39
VIA_M1M2_PR_3111,VIA_M1M2_PR,112.93,283.39
VIA_M1M2_PR_3112,VIA_M1M2_PR,173.19,283.39
VIA_M1M2_PR_3113,VIA_M1M2_PR,112.01,283.73
VIA_M1M2_PR_3114,VIA_M1M2_PR,117.99000000000001,283.73
VIA_M1M2_PR_3115,VIA_M1M2_PR,120.29,283.73
VIA_M1M2_PR_3116,VIA_M1M2_PR,129.95,283.73
VIA_M1M2_PR_3117,VIA_M1M2_PR,169.51,283.73
VIA_M1M2_PR_3118,VIA_M1M2_PR,172.73,283.73
VIA_M1M2_PR_3119,VIA_M1M2_PR,175.95000000000002,283.73
VIA_M1M2_PR_3120,VIA_M1M2_PR,108.33,284.07
VIA_M1M2_PR_3121,VIA_M1M2_PR,115.69,284.07
VIA_M1M2_PR_3122,VIA_M1M2_PR,116.15,284.07
VIA_M1M2_PR_3123,VIA_M1M2_PR,123.05,284.07
VIA_M1M2_PR_3124,VIA_M1M2_PR,124.89,284.07
VIA_M1M2_PR_3125,VIA_M1M2_PR,110.17,284.41
VIA_M1M2_PR_3126,VIA_M1M2_PR,112.01,284.41
VIA_M1M2_PR_3127,VIA_M1M2_PR,114.77,284.41
VIA_M1M2_PR_3128,VIA_M1M2_PR,117.99000000000001,284.41
VIA_M1M2_PR_3129,VIA_M1M2_PR,122.59,284.41
VIA_M1M2_PR_3130,VIA_M1M2_PR,127.65,284.41
VIA_M1M2_PR_3131,VIA_M1M2_PR,172.27,284.41
VIA_M1M2_PR_3132,VIA_M1M2_PR,108.33,284.75
VIA_M1M2_PR_3133,VIA_M1M2_PR,109.71000000000001,284.75
VIA_M1M2_PR_3134,VIA_M1M2_PR,111.09,285.09000000000003
VIA_M1M2_PR_3135,VIA_M1M2_PR,112.01,285.09000000000003
VIA_M1M2_PR_3136,VIA_M1M2_PR,129.49,285.09000000000003
VIA_M1M2_PR_3137,VIA_M1M2_PR,109.71000000000001,286.11
VIA_M1M2_PR_3138,VIA_M1M2_PR,110.17,286.11
VIA_M1M2_PR_3139,VIA_M1M2_PR,111.09,286.11
VIA_M1M2_PR_3140,VIA_M1M2_PR,115.23,286.11
VIA_M1M2_PR_3141,VIA_M1M2_PR,168.59,286.11
VIA_M1M2_PR_3142,VIA_M1M2_PR,108.33,286.45
VIA_M1M2_PR_3143,VIA_M1M2_PR,123.51,286.79
VIA_M1M2_PR_3144,VIA_M1M2_PR,108.33,287.13
VIA_M1M2_PR_3145,VIA_M1M2_PR,108.79,287.13
VIA_M1M2_PR_3146,VIA_M1M2_PR,111.55,287.13
VIA_M1M2_PR_3147,VIA_M1M2_PR,112.01,287.13
VIA_M1M2_PR_3148,VIA_M1M2_PR,115.23,287.13
VIA_M1M2_PR_3149,VIA_M1M2_PR,127.65,287.13
VIA_M1M2_PR_3150,VIA_M1M2_PR,129.49,287.13
VIA_M1M2_PR_3151,VIA_M1M2_PR,120.29,287.47
VIA_M1M2_PR_3152,VIA_M1M2_PR,127.65,287.81
VIA_M1M2_PR_3153,VIA_M1M2_PR,128.57,287.81
VIA_M1M2_PR_MR_0,VIA_M1M2_PR_MR,167.21,31.45
VIA_M1M2_PR_MR_1,VIA_M1M2_PR_MR,172.27,36.89
VIA_M1M2_PR_MR_2,VIA_M1M2_PR_MR,175.03,172.89000000000001
VIA_M1M2_PR_MR_3,VIA_M1M2_PR_MR,181.93,175.27
VIA_M1M2_PR_MR_4,VIA_M1M2_PR_MR,170.43,180.37
VIA_M1M2_PR_MR_5,VIA_M1M2_PR_MR,177.79,189.21
VIA_M1M2_PR_MR_6,VIA_M1M2_PR_MR,175.03,191.25
VIA_M2M3_PR_0,VIA_M2M3_PR,154.79,11.9
VIA_M2M3_PR_1,VIA_M2M3_PR,166.29,11.9
VIA_M2M3_PR_2,VIA_M2M3_PR,182.85,11.9
VIA_M2M3_PR_3,VIA_M2M3_PR,163.99,12.58
VIA_M2M3_PR_4,VIA_M2M3_PR,171.35,12.58
VIA_M2M3_PR_5,VIA_M2M3_PR,172.73,12.58
VIA_M2M3_PR_6,VIA_M2M3_PR,186.53,12.58
VIA_M2M3_PR_7,VIA_M2M3_PR,171.81,13.26
VIA_M2M3_PR_8,VIA_M2M3_PR,180.09,13.26
VIA_M2M3_PR_9,VIA_M2M3_PR,158.47,13.94
VIA_M2M3_PR_10,VIA_M2M3_PR,173.65,13.94
VIA_M2M3_PR_11,VIA_M2M3_PR,186.99,13.94
VIA_M2M3_PR_12,VIA_M2M3_PR,194.81,13.94
VIA_M2M3_PR_13,VIA_M2M3_PR,173.19,14.620000000000001
VIA_M2M3_PR_14,VIA_M2M3_PR,176.41,14.620000000000001
VIA_M2M3_PR_15,VIA_M2M3_PR,180.55,14.620000000000001
VIA_M2M3_PR_16,VIA_M2M3_PR,153.87,15.3
VIA_M2M3_PR_17,VIA_M2M3_PR,165.37,15.3
VIA_M2M3_PR_18,VIA_M2M3_PR,182.39000000000001,15.3
VIA_M2M3_PR_19,VIA_M2M3_PR,158.93,15.98
VIA_M2M3_PR_20,VIA_M2M3_PR,175.49,15.98
VIA_M2M3_PR_21,VIA_M2M3_PR,173.19,16.66
VIA_M2M3_PR_22,VIA_M2M3_PR,176.87,16.66
VIA_M2M3_PR_23,VIA_M2M3_PR,162.61,17.34
VIA_M2M3_PR_24,VIA_M2M3_PR,172.73,17.34
VIA_M2M3_PR_25,VIA_M2M3_PR,174.11,17.34
VIA_M2M3_PR_26,VIA_M2M3_PR,157.55,18.02
VIA_M2M3_PR_27,VIA_M2M3_PR,161.69,18.02
VIA_M2M3_PR_28,VIA_M2M3_PR,166.75,18.02
VIA_M2M3_PR_29,VIA_M2M3_PR,168.59,18.02
VIA_M2M3_PR_30,VIA_M2M3_PR,175.95000000000002,18.02
VIA_M2M3_PR_31,VIA_M2M3_PR,180.55,18.02
VIA_M2M3_PR_32,VIA_M2M3_PR,159.85,18.7
VIA_M2M3_PR_33,VIA_M2M3_PR,172.27,18.7
VIA_M2M3_PR_34,VIA_M2M3_PR,178.25,18.7
VIA_M2M3_PR_35,VIA_M2M3_PR,161.23,19.38
VIA_M2M3_PR_36,VIA_M2M3_PR,184.69,19.38
VIA_M2M3_PR_37,VIA_M2M3_PR,155.25,20.06
VIA_M2M3_PR_38,VIA_M2M3_PR,158.93,20.06
VIA_M2M3_PR_39,VIA_M2M3_PR,160.31,20.06
VIA_M2M3_PR_40,VIA_M2M3_PR,184.23,20.06
VIA_M2M3_PR_41,VIA_M2M3_PR,152.03,20.740000000000002
VIA_M2M3_PR_42,VIA_M2M3_PR,181.93,20.740000000000002
VIA_M2M3_PR_43,VIA_M2M3_PR,156.17000000000002,22.1
VIA_M2M3_PR_44,VIA_M2M3_PR,172.27,22.1
VIA_M2M3_PR_45,VIA_M2M3_PR,175.49,22.1
VIA_M2M3_PR_46,VIA_M2M3_PR,148.35,22.78
VIA_M2M3_PR_47,VIA_M2M3_PR,166.75,22.78
VIA_M2M3_PR_48,VIA_M2M3_PR,174.11,22.78
VIA_M2M3_PR_49,VIA_M2M3_PR,183.31,22.78
VIA_M2M3_PR_50,VIA_M2M3_PR,152.95000000000002,23.46
VIA_M2M3_PR_51,VIA_M2M3_PR,165.37,23.46
VIA_M2M3_PR_52,VIA_M2M3_PR,190.21,23.46
VIA_M2M3_PR_53,VIA_M2M3_PR,164.45000000000002,24.14
VIA_M2M3_PR_54,VIA_M2M3_PR,157.09,24.82
VIA_M2M3_PR_55,VIA_M2M3_PR,183.77,24.82
VIA_M2M3_PR_56,VIA_M2M3_PR,158.01,25.5
VIA_M2M3_PR_57,VIA_M2M3_PR,166.29,25.5
VIA_M2M3_PR_58,VIA_M2M3_PR,169.05,25.5
VIA_M2M3_PR_59,VIA_M2M3_PR,153.41,26.18
VIA_M2M3_PR_60,VIA_M2M3_PR,156.63,26.18
VIA_M2M3_PR_61,VIA_M2M3_PR,159.85,26.18
VIA_M2M3_PR_62,VIA_M2M3_PR,177.33,26.18
VIA_M2M3_PR_63,VIA_M2M3_PR,183.77,26.18
VIA_M2M3_PR_64,VIA_M2M3_PR,191.13,26.18
VIA_M2M3_PR_65,VIA_M2M3_PR,159.85,26.86
VIA_M2M3_PR_66,VIA_M2M3_PR,176.87,26.86
VIA_M2M3_PR_67,VIA_M2M3_PR,163.99,27.54
VIA_M2M3_PR_68,VIA_M2M3_PR,185.15,27.54
VIA_M2M3_PR_69,VIA_M2M3_PR,151.11,28.22
VIA_M2M3_PR_70,VIA_M2M3_PR,174.11,28.22
VIA_M2M3_PR_71,VIA_M2M3_PR,179.63,28.22
VIA_M2M3_PR_72,VIA_M2M3_PR,183.31,28.22
VIA_M2M3_PR_73,VIA_M2M3_PR,165.37,28.900000000000002
VIA_M2M3_PR_74,VIA_M2M3_PR,182.85,28.900000000000002
VIA_M2M3_PR_75,VIA_M2M3_PR,156.63,29.580000000000002
VIA_M2M3_PR_76,VIA_M2M3_PR,155.25,30.26
VIA_M2M3_PR_77,VIA_M2M3_PR,162.15,30.26
VIA_M2M3_PR_78,VIA_M2M3_PR,155.25,30.94
VIA_M2M3_PR_79,VIA_M2M3_PR,164.91,30.94
VIA_M2M3_PR_80,VIA_M2M3_PR,163.99,31.62
VIA_M2M3_PR_81,VIA_M2M3_PR,152.03,32.3
VIA_M2M3_PR_82,VIA_M2M3_PR,163.53,32.3
VIA_M2M3_PR_83,VIA_M2M3_PR,173.65,32.3
VIA_M2M3_PR_84,VIA_M2M3_PR,177.33,32.3
VIA_M2M3_PR_85,VIA_M2M3_PR,152.49,32.980000000000004
VIA_M2M3_PR_86,VIA_M2M3_PR,160.31,32.980000000000004
VIA_M2M3_PR_87,VIA_M2M3_PR,163.07,32.980000000000004
VIA_M2M3_PR_88,VIA_M2M3_PR,163.99,32.980000000000004
VIA_M2M3_PR_89,VIA_M2M3_PR,165.83,32.980000000000004
VIA_M2M3_PR_90,VIA_M2M3_PR,175.95000000000002,32.980000000000004
VIA_M2M3_PR_91,VIA_M2M3_PR,162.61,33.660000000000004
VIA_M2M3_PR_92,VIA_M2M3_PR,184.69,33.660000000000004
VIA_M2M3_PR_93,VIA_M2M3_PR,134.55,34.34
VIA_M2M3_PR_94,VIA_M2M3_PR,168.59,34.34
VIA_M2M3_PR_95,VIA_M2M3_PR,173.19,34.34
VIA_M2M3_PR_96,VIA_M2M3_PR,176.87,34.34
VIA_M2M3_PR_97,VIA_M2M3_PR,189.29,34.34
VIA_M2M3_PR_98,VIA_M2M3_PR,155.71,35.02
VIA_M2M3_PR_99,VIA_M2M3_PR,171.81,35.02
VIA_M2M3_PR_100,VIA_M2M3_PR,179.17000000000002,35.02
VIA_M2M3_PR_101,VIA_M2M3_PR,181.47,35.02
VIA_M2M3_PR_102,VIA_M2M3_PR,163.07,35.7
VIA_M2M3_PR_103,VIA_M2M3_PR,174.57,35.7
VIA_M2M3_PR_104,VIA_M2M3_PR,162.15,36.38
VIA_M2M3_PR_105,VIA_M2M3_PR,152.95000000000002,37.06
VIA_M2M3_PR_106,VIA_M2M3_PR,179.63,37.06
VIA_M2M3_PR_107,VIA_M2M3_PR,185.61,37.06
VIA_M2M3_PR_108,VIA_M2M3_PR,188.37,37.74
VIA_M2M3_PR_109,VIA_M2M3_PR,176.41,39.1
VIA_M2M3_PR_110,VIA_M2M3_PR,188.37,39.78
VIA_M2M3_PR_111,VIA_M2M3_PR,80.27,40.46
VIA_M2M3_PR_112,VIA_M2M3_PR,158.01,41.14
VIA_M2M3_PR_113,VIA_M2M3_PR,161.69,41.14
VIA_M2M3_PR_114,VIA_M2M3_PR,180.09,41.14
VIA_M2M3_PR_115,VIA_M2M3_PR,188.83,41.14
VIA_M2M3_PR_116,VIA_M2M3_PR,153.87,41.82
VIA_M2M3_PR_117,VIA_M2M3_PR,162.15,41.82
VIA_M2M3_PR_118,VIA_M2M3_PR,182.85,41.82
VIA_M2M3_PR_119,VIA_M2M3_PR,89.47,42.5
VIA_M2M3_PR_120,VIA_M2M3_PR,170.89000000000001,42.5
VIA_M2M3_PR_121,VIA_M2M3_PR,181.93,42.5
VIA_M2M3_PR_122,VIA_M2M3_PR,71.07000000000001,44.54
VIA_M2M3_PR_123,VIA_M2M3_PR,74.29,44.54
VIA_M2M3_PR_124,VIA_M2M3_PR,78.43,44.54
VIA_M2M3_PR_125,VIA_M2M3_PR,175.03,44.54
VIA_M2M3_PR_126,VIA_M2M3_PR,181.93,44.54
VIA_M2M3_PR_127,VIA_M2M3_PR,185.15,44.54
VIA_M2M3_PR_128,VIA_M2M3_PR,170.89000000000001,45.22
VIA_M2M3_PR_129,VIA_M2M3_PR,183.31,45.22
VIA_M2M3_PR_130,VIA_M2M3_PR,74.75,47.26
VIA_M2M3_PR_131,VIA_M2M3_PR,79.81,47.26
VIA_M2M3_PR_132,VIA_M2M3_PR,170.43,47.26
VIA_M2M3_PR_133,VIA_M2M3_PR,176.87,47.26
VIA_M2M3_PR_134,VIA_M2M3_PR,174.57,47.94
VIA_M2M3_PR_135,VIA_M2M3_PR,177.33,47.94
VIA_M2M3_PR_136,VIA_M2M3_PR,172.27,48.620000000000005
VIA_M2M3_PR_137,VIA_M2M3_PR,170.89000000000001,49.300000000000004
VIA_M2M3_PR_138,VIA_M2M3_PR,179.63,49.980000000000004
VIA_M2M3_PR_139,VIA_M2M3_PR,169.97,52.7
VIA_M2M3_PR_140,VIA_M2M3_PR,83.03,53.38
VIA_M2M3_PR_141,VIA_M2M3_PR,87.63,53.38
VIA_M2M3_PR_142,VIA_M2M3_PR,165.37,55.42
VIA_M2M3_PR_143,VIA_M2M3_PR,168.13,55.42
VIA_M2M3_PR_144,VIA_M2M3_PR,107.41,66.98
VIA_M2M3_PR_145,VIA_M2M3_PR,116.61,66.98
VIA_M2M3_PR_146,VIA_M2M3_PR,198.49,68.34
VIA_M2M3_PR_147,VIA_M2M3_PR,33.81,72.42
VIA_M2M3_PR_148,VIA_M2M3_PR,153.41,72.42
VIA_M2M3_PR_149,VIA_M2M3_PR,111.55,75.14
VIA_M2M3_PR_150,VIA_M2M3_PR,126.73,75.14
VIA_M2M3_PR_151,VIA_M2M3_PR,76.59,79.9
VIA_M2M3_PR_152,VIA_M2M3_PR,110.63,86.02
VIA_M2M3_PR_153,VIA_M2M3_PR,119.83,86.02
VIA_M2M3_PR_154,VIA_M2M3_PR,125.81,86.02
VIA_M2M3_PR_155,VIA_M2M3_PR,117.53,88.74
VIA_M2M3_PR_156,VIA_M2M3_PR,121.21000000000001,88.74
VIA_M2M3_PR_157,VIA_M2M3_PR,173.65,88.74
VIA_M2M3_PR_158,VIA_M2M3_PR,118.45,89.42
VIA_M2M3_PR_159,VIA_M2M3_PR,31.970000000000006,94.18
VIA_M2M3_PR_160,VIA_M2M3_PR,198.95000000000002,96.22
VIA_M2M3_PR_161,VIA_M2M3_PR,30.13,96.9
VIA_M2M3_PR_162,VIA_M2M3_PR,39.79,96.9
VIA_M2M3_PR_163,VIA_M2M3_PR,110.17,96.9
VIA_M2M3_PR_164,VIA_M2M3_PR,111.55,96.9
VIA_M2M3_PR_165,VIA_M2M3_PR,113.39,96.9
VIA_M2M3_PR_166,VIA_M2M3_PR,123.97,96.9
VIA_M2M3_PR_167,VIA_M2M3_PR,30.59,99.62
VIA_M2M3_PR_168,VIA_M2M3_PR,37.95,99.62
VIA_M2M3_PR_169,VIA_M2M3_PR,152.49,99.62
VIA_M2M3_PR_170,VIA_M2M3_PR,170.43,101.66
VIA_M2M3_PR_171,VIA_M2M3_PR,31.51,102.34
VIA_M2M3_PR_172,VIA_M2M3_PR,33.81,102.34
VIA_M2M3_PR_173,VIA_M2M3_PR,119.37,102.34
VIA_M2M3_PR_174,VIA_M2M3_PR,112.93,104.38
VIA_M2M3_PR_175,VIA_M2M3_PR,119.37,104.38
VIA_M2M3_PR_176,VIA_M2M3_PR,78.43,107.10000000000001
VIA_M2M3_PR_177,VIA_M2M3_PR,82.11,107.10000000000001
VIA_M2M3_PR_178,VIA_M2M3_PR,73.37,109.82000000000001
VIA_M2M3_PR_179,VIA_M2M3_PR,89.93,109.82000000000001
VIA_M2M3_PR_180,VIA_M2M3_PR,117.99000000000001,113.22
VIA_M2M3_PR_181,VIA_M2M3_PR,93.61,120.7
VIA_M2M3_PR_182,VIA_M2M3_PR,135.01,123.42
VIA_M2M3_PR_183,VIA_M2M3_PR,17.25,132.26
VIA_M2M3_PR_184,VIA_M2M3_PR,110.63,134.98
VIA_M2M3_PR_185,VIA_M2M3_PR,123.97,134.98
VIA_M2M3_PR_186,VIA_M2M3_PR,171.35,141.1
VIA_M2M3_PR_187,VIA_M2M3_PR,65.09,147.9
VIA_M2M3_PR_188,VIA_M2M3_PR,72.91,147.9
VIA_M2M3_PR_189,VIA_M2M3_PR,69.23,150.62
VIA_M2M3_PR_190,VIA_M2M3_PR,80.27,150.62
VIA_M2M3_PR_191,VIA_M2M3_PR,142.37,150.62
VIA_M2M3_PR_192,VIA_M2M3_PR,75.67,153.34
VIA_M2M3_PR_193,VIA_M2M3_PR,94.07000000000001,153.34
VIA_M2M3_PR_194,VIA_M2M3_PR,169.97,155.38
VIA_M2M3_PR_195,VIA_M2M3_PR,70.61,156.06
VIA_M2M3_PR_196,VIA_M2M3_PR,92.23,156.06
VIA_M2M3_PR_197,VIA_M2M3_PR,69.69,156.74
VIA_M2M3_PR_198,VIA_M2M3_PR,81.19,158.1
VIA_M2M3_PR_199,VIA_M2M3_PR,82.57000000000001,158.1
VIA_M2M3_PR_200,VIA_M2M3_PR,174.11,158.1
VIA_M2M3_PR_201,VIA_M2M3_PR,88.55,173.06
VIA_M2M3_PR_202,VIA_M2M3_PR,163.53,173.06
VIA_M2M3_PR_203,VIA_M2M3_PR,171.81,173.06
VIA_M2M3_PR_204,VIA_M2M3_PR,182.39000000000001,173.06
VIA_M2M3_PR_205,VIA_M2M3_PR,172.27,173.74
VIA_M2M3_PR_206,VIA_M2M3_PR,158.93,178.5
VIA_M2M3_PR_207,VIA_M2M3_PR,168.59,178.5
VIA_M2M3_PR_208,VIA_M2M3_PR,179.17000000000002,178.5
VIA_M2M3_PR_209,VIA_M2M3_PR,190.21,178.5
VIA_M2M3_PR_210,VIA_M2M3_PR,152.95000000000002,179.18
VIA_M2M3_PR_211,VIA_M2M3_PR,162.15,179.18
VIA_M2M3_PR_212,VIA_M2M3_PR,167.21,179.18
VIA_M2M3_PR_213,VIA_M2M3_PR,173.19,179.18
VIA_M2M3_PR_214,VIA_M2M3_PR,167.67000000000002,179.86
VIA_M2M3_PR_215,VIA_M2M3_PR,177.33,179.86
VIA_M2M3_PR_216,VIA_M2M3_PR,173.65,180.54
VIA_M2M3_PR_217,VIA_M2M3_PR,172.73,183.26
VIA_M2M3_PR_218,VIA_M2M3_PR,188.37,183.26
VIA_M2M3_PR_219,VIA_M2M3_PR,168.13,183.94
VIA_M2M3_PR_220,VIA_M2M3_PR,181.93,183.94
VIA_M2M3_PR_221,VIA_M2M3_PR,156.17000000000002,184.62
VIA_M2M3_PR_222,VIA_M2M3_PR,163.99,184.62
VIA_M2M3_PR_223,VIA_M2M3_PR,175.95000000000002,184.62
VIA_M2M3_PR_224,VIA_M2M3_PR,153.87,185.3
VIA_M2M3_PR_225,VIA_M2M3_PR,32.43,185.98
VIA_M2M3_PR_226,VIA_M2M3_PR,170.89000000000001,185.98
VIA_M2M3_PR_227,VIA_M2M3_PR,173.19,185.98
VIA_M2M3_PR_228,VIA_M2M3_PR,176.41,185.98
VIA_M2M3_PR_229,VIA_M2M3_PR,187.45000000000002,185.98
VIA_M2M3_PR_230,VIA_M2M3_PR,169.97,186.66
VIA_M2M3_PR_231,VIA_M2M3_PR,175.03,186.66
VIA_M2M3_PR_232,VIA_M2M3_PR,163.99,187.34
VIA_M2M3_PR_233,VIA_M2M3_PR,151.57,188.02
VIA_M2M3_PR_234,VIA_M2M3_PR,165.83,188.02
VIA_M2M3_PR_235,VIA_M2M3_PR,173.65,188.02
VIA_M2M3_PR_236,VIA_M2M3_PR,162.15,188.70000000000002
VIA_M2M3_PR_237,VIA_M2M3_PR,164.45000000000002,188.70000000000002
VIA_M2M3_PR_238,VIA_M2M3_PR,186.53,188.70000000000002
VIA_M2M3_PR_239,VIA_M2M3_PR,162.61,189.38
VIA_M2M3_PR_240,VIA_M2M3_PR,163.53,189.38
VIA_M2M3_PR_241,VIA_M2M3_PR,184.23,189.38
VIA_M2M3_PR_242,VIA_M2M3_PR,163.99,190.06
VIA_M2M3_PR_243,VIA_M2M3_PR,169.97,190.06
VIA_M2M3_PR_244,VIA_M2M3_PR,152.95000000000002,190.74
VIA_M2M3_PR_245,VIA_M2M3_PR,169.51,190.74
VIA_M2M3_PR_246,VIA_M2M3_PR,158.47,191.42000000000002
VIA_M2M3_PR_247,VIA_M2M3_PR,172.27,191.42000000000002
VIA_M2M3_PR_248,VIA_M2M3_PR,177.33,191.42000000000002
VIA_M2M3_PR_249,VIA_M2M3_PR,189.75,191.42000000000002
VIA_M2M3_PR_250,VIA_M2M3_PR,154.33,192.1
VIA_M2M3_PR_251,VIA_M2M3_PR,160.31,192.1
VIA_M2M3_PR_252,VIA_M2M3_PR,163.53,192.1
VIA_M2M3_PR_253,VIA_M2M3_PR,166.75,192.1
VIA_M2M3_PR_254,VIA_M2M3_PR,168.59,192.1
VIA_M2M3_PR_255,VIA_M2M3_PR,152.49,193.46
VIA_M2M3_PR_256,VIA_M2M3_PR,171.35,193.46
VIA_M2M3_PR_257,VIA_M2M3_PR,174.11,193.46
VIA_M2M3_PR_258,VIA_M2M3_PR,157.55,194.14000000000001
VIA_M2M3_PR_259,VIA_M2M3_PR,177.33,194.14000000000001
VIA_M2M3_PR_260,VIA_M2M3_PR,178.71,194.14000000000001
VIA_M2M3_PR_261,VIA_M2M3_PR,173.19,199.58
VIA_M2M3_PR_262,VIA_M2M3_PR,172.73,200.26
VIA_M2M3_PR_263,VIA_M2M3_PR,109.71000000000001,202.3
VIA_M2M3_PR_264,VIA_M2M3_PR,117.99000000000001,202.3
VIA_M2M3_PR_265,VIA_M2M3_PR,167.21,203.66
VIA_M2M3_PR_266,VIA_M2M3_PR,183.31,204.34
VIA_M2M3_PR_267,VIA_M2M3_PR,32.43,205.70000000000002
VIA_M2M3_PR_268,VIA_M2M3_PR,136.39000000000001,207.74
VIA_M2M3_PR_269,VIA_M2M3_PR,173.19,207.74
VIA_M2M3_PR_270,VIA_M2M3_PR,174.57,208.42000000000002
VIA_M2M3_PR_271,VIA_M2M3_PR,163.07,209.1
VIA_M2M3_PR_272,VIA_M2M3_PR,174.11,210.46
VIA_M2M3_PR_273,VIA_M2M3_PR,111.55,211.14000000000001
VIA_M2M3_PR_274,VIA_M2M3_PR,125.35000000000001,211.14000000000001
VIA_M2M3_PR_275,VIA_M2M3_PR,170.89000000000001,212.5
VIA_M2M3_PR_276,VIA_M2M3_PR,112.47,213.18
VIA_M2M3_PR_277,VIA_M2M3_PR,121.21000000000001,213.18
VIA_M2M3_PR_278,VIA_M2M3_PR,161.69,213.86
VIA_M2M3_PR_279,VIA_M2M3_PR,177.33,213.86
VIA_M2M3_PR_280,VIA_M2M3_PR,174.11,214.54
VIA_M2M3_PR_281,VIA_M2M3_PR,166.29,221.34
VIA_M2M3_PR_282,VIA_M2M3_PR,169.97,221.34
VIA_M2M3_PR_283,VIA_M2M3_PR,135.47,222.02
VIA_M2M3_PR_284,VIA_M2M3_PR,176.41,222.02
VIA_M2M3_PR_285,VIA_M2M3_PR,167.67000000000002,222.70000000000002
VIA_M2M3_PR_286,VIA_M2M3_PR,165.37,223.38
VIA_M2M3_PR_287,VIA_M2M3_PR,167.21,223.38
VIA_M2M3_PR_288,VIA_M2M3_PR,143.29,224.74
VIA_M2M3_PR_289,VIA_M2M3_PR,167.67000000000002,224.74
VIA_M2M3_PR_290,VIA_M2M3_PR,169.97,224.74
VIA_M2M3_PR_291,VIA_M2M3_PR,168.59,225.42000000000002
VIA_M2M3_PR_292,VIA_M2M3_PR,169.05,226.1
VIA_M2M3_PR_293,VIA_M2M3_PR,172.27,226.1
VIA_M2M3_PR_294,VIA_M2M3_PR,173.65,226.78
VIA_M2M3_PR_295,VIA_M2M3_PR,166.29,227.46
VIA_M2M3_PR_296,VIA_M2M3_PR,169.05,227.46
VIA_M2M3_PR_297,VIA_M2M3_PR,172.27,227.46
VIA_M2M3_PR_298,VIA_M2M3_PR,166.29,228.14000000000001
VIA_M2M3_PR_299,VIA_M2M3_PR,170.43,229.5
VIA_M2M3_PR_300,VIA_M2M3_PR,174.11,234.26
VIA_M2M3_PR_301,VIA_M2M3_PR,112.47,234.94
VIA_M2M3_PR_302,VIA_M2M3_PR,124.43,234.94
VIA_M2M3_PR_303,VIA_M2M3_PR,163.07,237.66
VIA_M2M3_PR_304,VIA_M2M3_PR,93.15,238.34
VIA_M2M3_PR_305,VIA_M2M3_PR,113.39,241.06
VIA_M2M3_PR_306,VIA_M2M3_PR,115.69,241.06
VIA_M2M3_PR_307,VIA_M2M3_PR,118.45,241.06
VIA_M2M3_PR_308,VIA_M2M3_PR,127.65,241.06
VIA_M2M3_PR_309,VIA_M2M3_PR,178.71,243.1
VIA_M2M3_PR_310,VIA_M2M3_PR,161.23,245.82
VIA_M2M3_PR_311,VIA_M2M3_PR,165.37,245.82
VIA_M2M3_PR_312,VIA_M2M3_PR,170.89000000000001,249.22
VIA_M2M3_PR_313,VIA_M2M3_PR,179.63,249.22
VIA_M2M3_PR_314,VIA_M2M3_PR,161.23,251.26000000000002
VIA_M2M3_PR_315,VIA_M2M3_PR,164.45000000000002,251.26000000000002
VIA_M2M3_PR_316,VIA_M2M3_PR,122.59,254.66
VIA_M2M3_PR_317,VIA_M2M3_PR,124.89,254.66
VIA_M2M3_PR_318,VIA_M2M3_PR,123.97,265.54
VIA_M2M3_PR_319,VIA_M2M3_PR,116.61,276.42
VIA_M2M3_PR_320,VIA_M2M3_PR,117.99000000000001,276.42
VIA_M2M3_PR_321,VIA_M2M3_PR,127.19,276.42
VIA_M2M3_PR_322,VIA_M2M3_PR,106.49000000000001,278.46
VIA_M2M3_PR_323,VIA_M2M3_PR,111.55,278.46
VIA_M2M3_PR_324,VIA_M2M3_PR,112.47,278.46
VIA_M2M3_PR_325,VIA_M2M3_PR,174.57,278.46
VIA_M2M3_PR_326,VIA_M2M3_PR,116.15,279.14
VIA_M2M3_PR_327,VIA_M2M3_PR,126.73,279.14
VIA_M2M3_PR_328,VIA_M2M3_PR,112.47,281.18
VIA_M2M3_PR_329,VIA_M2M3_PR,125.81,281.18
VIA_M2M3_PR_330,VIA_M2M3_PR,115.69,283.90000000000003
VIA_M2M3_PR_331,VIA_M2M3_PR,129.95,283.90000000000003
VIA_M2M3_PR_332,VIA_M2M3_PR,181.47,285.94
VIA_M3M4_PR_0,VIA_M3M4_PR,174.34,13.26
VIA_M3M4_PR_1,VIA_M3M4_PR,182.62,13.26
VIA_M3M4_PR_2,VIA_M3M4_PR,181.70000000000002,14.620000000000001
VIA_M3M4_PR_3,VIA_M3M4_PR,167.9,18.02
VIA_M3M4_PR_4,VIA_M3M4_PR,178.02,18.7
VIA_M3M4_PR_5,VIA_M3M4_PR,166.06,19.38
VIA_M3M4_PR_6,VIA_M3M4_PR,184.46,19.38
VIA_M3M4_PR_7,VIA_M3M4_PR,169.74,25.5
VIA_M3M4_PR_8,VIA_M3M4_PR,181.70000000000002,26.18
VIA_M3M4_PR_9,VIA_M3M4_PR,182.62,28.22
VIA_M3M4_PR_10,VIA_M3M4_PR,165.14000000000001,28.900000000000002
VIA_M3M4_PR_11,VIA_M3M4_PR,184.46,31.62
VIA_M3M4_PR_12,VIA_M3M4_PR,181.70000000000002,33.660000000000004
VIA_M3M4_PR_13,VIA_M3M4_PR,184.46,33.660000000000004
VIA_M3M4_PR_14,VIA_M3M4_PR,170.66,34.34
VIA_M3M4_PR_15,VIA_M3M4_PR,178.02,35.02
VIA_M3M4_PR_16,VIA_M3M4_PR,182.62,35.02
VIA_M3M4_PR_17,VIA_M3M4_PR,174.34,39.78
VIA_M3M4_PR_18,VIA_M3M4_PR,80.5,40.46
VIA_M3M4_PR_19,VIA_M3M4_PR,182.62,41.14
VIA_M3M4_PR_20,VIA_M3M4_PR,181.70000000000002,41.82
VIA_M3M4_PR_21,VIA_M3M4_PR,128.34,42.5
VIA_M3M4_PR_22,VIA_M3M4_PR,169.74,48.620000000000005
VIA_M3M4_PR_23,VIA_M3M4_PR,166.06,49.300000000000004
VIA_M3M4_PR_24,VIA_M3M4_PR,184.46,49.980000000000004
VIA_M3M4_PR_25,VIA_M3M4_PR,170.66,52.7
VIA_M3M4_PR_26,VIA_M3M4_PR,165.14000000000001,55.42
VIA_M3M4_PR_27,VIA_M3M4_PR,167.9,55.42
VIA_M3M4_PR_28,VIA_M3M4_PR,143.98,88.74
VIA_M3M4_PR_29,VIA_M3M4_PR,118.22,89.42
VIA_M3M4_PR_30,VIA_M3M4_PR,32.660000000000004,94.18
VIA_M3M4_PR_31,VIA_M3M4_PR,143.06,101.66
VIA_M3M4_PR_32,VIA_M3M4_PR,118.22,102.34
VIA_M3M4_PR_33,VIA_M3M4_PR,118.22,113.22
VIA_M3M4_PR_34,VIA_M3M4_PR,80.5,120.7
VIA_M3M4_PR_35,VIA_M3M4_PR,165.14000000000001,141.1
VIA_M3M4_PR_36,VIA_M3M4_PR,166.06,155.38
VIA_M3M4_PR_37,VIA_M3M4_PR,71.3,156.06
VIA_M3M4_PR_38,VIA_M3M4_PR,134.78,156.06
VIA_M3M4_PR_39,VIA_M3M4_PR,78.66,156.74
VIA_M3M4_PR_40,VIA_M3M4_PR,164.22,158.1
VIA_M3M4_PR_41,VIA_M3M4_PR,129.26,173.06
VIA_M3M4_PR_42,VIA_M3M4_PR,172.5,173.74
VIA_M3M4_PR_43,VIA_M3M4_PR,156.86,177.82
VIA_M3M4_PR_44,VIA_M3M4_PR,173.42000000000002,179.18
VIA_M3M4_PR_45,VIA_M3M4_PR,171.58,185.98
VIA_M3M4_PR_46,VIA_M3M4_PR,174.34,185.98
VIA_M3M4_PR_47,VIA_M3M4_PR,168.82,186.66
VIA_M3M4_PR_48,VIA_M3M4_PR,172.5,193.46
VIA_M3M4_PR_49,VIA_M3M4_PR,169.74,199.58
VIA_M3M4_PR_50,VIA_M3M4_PR,171.58,200.26
VIA_M3M4_PR_51,VIA_M3M4_PR,168.82,203.66
VIA_M3M4_PR_52,VIA_M3M4_PR,32.660000000000004,205.70000000000002
VIA_M3M4_PR_53,VIA_M3M4_PR,143.06,208.42000000000002
VIA_M3M4_PR_54,VIA_M3M4_PR,166.06,209.1
VIA_M3M4_PR_55,VIA_M3M4_PR,143.98,210.46
VIA_M3M4_PR_56,VIA_M3M4_PR,170.66,212.5
VIA_M3M4_PR_57,VIA_M3M4_PR,173.42000000000002,214.54
VIA_M3M4_PR_58,VIA_M3M4_PR,169.74,223.38
VIA_M3M4_PR_59,VIA_M3M4_PR,165.14000000000001,226.78
VIA_M3M4_PR_60,VIA_M3M4_PR,164.22,228.14000000000001
VIA_M3M4_PR_61,VIA_M3M4_PR,170.66,229.5
VIA_M3M4_PR_62,VIA_M3M4_PR,174.34,234.26
VIA_M3M4_PR_63,VIA_M3M4_PR,128.34,237.66
VIA_M3M4_PR_64,VIA_M3M4_PR,156.86,243.1
VIA_M3M4_PR_65,VIA_M3M4_PR,134.78,245.82
VIA_M3M4_PR_66,VIA_M3M4_PR,71.3,265.54
VIA_M3M4_PR_67,VIA_M3M4_PR,78.66,278.46
VIA_M3M4_PR_68,VIA_M3M4_PR,129.26,278.46
VIA_via2_3_2000_480_1_6_320_320_0,VIA_via2_3_2000_480_1_6_320_320,30.14,10.88
VIA_via2_3_2000_480_1_6_320_320_1,VIA_via2_3_2000_480_1_6_320_320,60.14,10.88
VIA_via2_3_2000_480_1_6_320_320_2,VIA_via2_3_2000_480_1_6_320_320,90.14,10.88
VIA_via2_3_2000_480_1_6_320_320_3,VIA_via2_3_2000_480_1_6_320_320,120.14,10.88
VIA_via2_3_2000_480_1_6_320_320_4,VIA_via2_3_2000_480_1_6_320_320,150.14000000000001,10.88
VIA_via2_3_2000_480_1_6_320_320_5,VIA_via2_3_2000_480_1_6_320_320,180.14000000000001,10.88
VIA_via2_3_2000_480_1_6_320_320_6,VIA_via2_3_2000_480_1_6_320_320,26.44,13.6
VIA_via2_3_2000_480_1_6_320_320_7,VIA_via2_3_2000_480_1_6_320_320,56.44,13.6
VIA_via2_3_2000_480_1_6_320_320_8,VIA_via2_3_2000_480_1_6_320_320,86.44,13.6
VIA_via2_3_2000_480_1_6_320_320_9,VIA_via2_3_2000_480_1_6_320_320,116.44,13.6
VIA_via2_3_2000_480_1_6_320_320_10,VIA_via2_3_2000_480_1_6_320_320,146.44,13.6
VIA_via2_3_2000_480_1_6_320_320_11,VIA_via2_3_2000_480_1_6_320_320,176.44,13.6
VIA_via2_3_2000_480_1_6_320_320_12,VIA_via2_3_2000_480_1_6_320_320,30.14,16.32
VIA_via2_3_2000_480_1_6_320_320_13,VIA_via2_3_2000_480_1_6_320_320,60.14,16.32
VIA_via2_3_2000_480_1_6_320_320_14,VIA_via2_3_2000_480_1_6_320_320,90.14,16.32
VIA_via2_3_2000_480_1_6_320_320_15,VIA_via2_3_2000_480_1_6_320_320,120.14,16.32
VIA_via2_3_2000_480_1_6_320_320_16,VIA_via2_3_2000_480_1_6_320_320,150.14000000000001,16.32
VIA_via2_3_2000_480_1_6_320_320_17,VIA_via2_3_2000_480_1_6_320_320,180.14000000000001,16.32
VIA_via2_3_2000_480_1_6_320_320_18,VIA_via2_3_2000_480_1_6_320_320,26.44,19.04
VIA_via2_3_2000_480_1_6_320_320_19,VIA_via2_3_2000_480_1_6_320_320,56.44,19.04
VIA_via2_3_2000_480_1_6_320_320_20,VIA_via2_3_2000_480_1_6_320_320,86.44,19.04
VIA_via2_3_2000_480_1_6_320_320_21,VIA_via2_3_2000_480_1_6_320_320,116.44,19.04
VIA_via2_3_2000_480_1_6_320_320_22,VIA_via2_3_2000_480_1_6_320_320,146.44,19.04
VIA_via2_3_2000_480_1_6_320_320_23,VIA_via2_3_2000_480_1_6_320_320,176.44,19.04
VIA_via2_3_2000_480_1_6_320_320_24,VIA_via2_3_2000_480_1_6_320_320,30.14,21.76
VIA_via2_3_2000_480_1_6_320_320_25,VIA_via2_3_2000_480_1_6_320_320,60.14,21.76
VIA_via2_3_2000_480_1_6_320_320_26,VIA_via2_3_2000_480_1_6_320_320,90.14,21.76
VIA_via2_3_2000_480_1_6_320_320_27,VIA_via2_3_2000_480_1_6_320_320,120.14,21.76
VIA_via2_3_2000_480_1_6_320_320_28,VIA_via2_3_2000_480_1_6_320_320,150.14000000000001,21.76
VIA_via2_3_2000_480_1_6_320_320_29,VIA_via2_3_2000_480_1_6_320_320,180.14000000000001,21.76
VIA_via2_3_2000_480_1_6_320_320_30,VIA_via2_3_2000_480_1_6_320_320,26.44,24.48
VIA_via2_3_2000_480_1_6_320_320_31,VIA_via2_3_2000_480_1_6_320_320,56.44,24.48
VIA_via2_3_2000_480_1_6_320_320_32,VIA_via2_3_2000_480_1_6_320_320,86.44,24.48
VIA_via2_3_2000_480_1_6_320_320_33,VIA_via2_3_2000_480_1_6_320_320,116.44,24.48
VIA_via2_3_2000_480_1_6_320_320_34,VIA_via2_3_2000_480_1_6_320_320,146.44,24.48
VIA_via2_3_2000_480_1_6_320_320_35,VIA_via2_3_2000_480_1_6_320_320,176.44,24.48
VIA_via2_3_2000_480_1_6_320_320_36,VIA_via2_3_2000_480_1_6_320_320,30.14,27.2
VIA_via2_3_2000_480_1_6_320_320_37,VIA_via2_3_2000_480_1_6_320_320,60.14,27.2
VIA_via2_3_2000_480_1_6_320_320_38,VIA_via2_3_2000_480_1_6_320_320,90.14,27.2
VIA_via2_3_2000_480_1_6_320_320_39,VIA_via2_3_2000_480_1_6_320_320,120.14,27.2
VIA_via2_3_2000_480_1_6_320_320_40,VIA_via2_3_2000_480_1_6_320_320,150.14000000000001,27.2
VIA_via2_3_2000_480_1_6_320_320_41,VIA_via2_3_2000_480_1_6_320_320,180.14000000000001,27.2
VIA_via2_3_2000_480_1_6_320_320_42,VIA_via2_3_2000_480_1_6_320_320,26.44,29.92
VIA_via2_3_2000_480_1_6_320_320_43,VIA_via2_3_2000_480_1_6_320_320,56.44,29.92
VIA_via2_3_2000_480_1_6_320_320_44,VIA_via2_3_2000_480_1_6_320_320,86.44,29.92
VIA_via2_3_2000_480_1_6_320_320_45,VIA_via2_3_2000_480_1_6_320_320,116.44,29.92
VIA_via2_3_2000_480_1_6_320_320_46,VIA_via2_3_2000_480_1_6_320_320,146.44,29.92
VIA_via2_3_2000_480_1_6_320_320_47,VIA_via2_3_2000_480_1_6_320_320,176.44,29.92
VIA_via2_3_2000_480_1_6_320_320_48,VIA_via2_3_2000_480_1_6_320_320,30.14,32.64
VIA_via2_3_2000_480_1_6_320_320_49,VIA_via2_3_2000_480_1_6_320_320,60.14,32.64
VIA_via2_3_2000_480_1_6_320_320_50,VIA_via2_3_2000_480_1_6_320_320,90.14,32.64
VIA_via2_3_2000_480_1_6_320_320_51,VIA_via2_3_2000_480_1_6_320_320,120.14,32.64
VIA_via2_3_2000_480_1_6_320_320_52,VIA_via2_3_2000_480_1_6_320_320,150.14000000000001,32.64
VIA_via2_3_2000_480_1_6_320_320_53,VIA_via2_3_2000_480_1_6_320_320,180.14000000000001,32.64
VIA_via2_3_2000_480_1_6_320_320_54,VIA_via2_3_2000_480_1_6_320_320,26.44,35.36
VIA_via2_3_2000_480_1_6_320_320_55,VIA_via2_3_2000_480_1_6_320_320,56.44,35.36
VIA_via2_3_2000_480_1_6_320_320_56,VIA_via2_3_2000_480_1_6_320_320,86.44,35.36
VIA_via2_3_2000_480_1_6_320_320_57,VIA_via2_3_2000_480_1_6_320_320,116.44,35.36
VIA_via2_3_2000_480_1_6_320_320_58,VIA_via2_3_2000_480_1_6_320_320,146.44,35.36
VIA_via2_3_2000_480_1_6_320_320_59,VIA_via2_3_2000_480_1_6_320_320,176.44,35.36
VIA_via2_3_2000_480_1_6_320_320_60,VIA_via2_3_2000_480_1_6_320_320,30.14,38.08
VIA_via2_3_2000_480_1_6_320_320_61,VIA_via2_3_2000_480_1_6_320_320,60.14,38.08
VIA_via2_3_2000_480_1_6_320_320_62,VIA_via2_3_2000_480_1_6_320_320,90.14,38.08
VIA_via2_3_2000_480_1_6_320_320_63,VIA_via2_3_2000_480_1_6_320_320,120.14,38.08
VIA_via2_3_2000_480_1_6_320_320_64,VIA_via2_3_2000_480_1_6_320_320,150.14000000000001,38.08
VIA_via2_3_2000_480_1_6_320_320_65,VIA_via2_3_2000_480_1_6_320_320,180.14000000000001,38.08
VIA_via2_3_2000_480_1_6_320_320_66,VIA_via2_3_2000_480_1_6_320_320,26.44,40.800000000000004
VIA_via2_3_2000_480_1_6_320_320_67,VIA_via2_3_2000_480_1_6_320_320,56.44,40.800000000000004
VIA_via2_3_2000_480_1_6_320_320_68,VIA_via2_3_2000_480_1_6_320_320,86.44,40.800000000000004
VIA_via2_3_2000_480_1_6_320_320_69,VIA_via2_3_2000_480_1_6_320_320,116.44,40.800000000000004
VIA_via2_3_2000_480_1_6_320_320_70,VIA_via2_3_2000_480_1_6_320_320,146.44,40.800000000000004
VIA_via2_3_2000_480_1_6_320_320_71,VIA_via2_3_2000_480_1_6_320_320,176.44,40.800000000000004
VIA_via2_3_2000_480_1_6_320_320_72,VIA_via2_3_2000_480_1_6_320_320,30.14,43.52
VIA_via2_3_2000_480_1_6_320_320_73,VIA_via2_3_2000_480_1_6_320_320,60.14,43.52
VIA_via2_3_2000_480_1_6_320_320_74,VIA_via2_3_2000_480_1_6_320_320,90.14,43.52
VIA_via2_3_2000_480_1_6_320_320_75,VIA_via2_3_2000_480_1_6_320_320,120.14,43.52
VIA_via2_3_2000_480_1_6_320_320_76,VIA_via2_3_2000_480_1_6_320_320,150.14000000000001,43.52
VIA_via2_3_2000_480_1_6_320_320_77,VIA_via2_3_2000_480_1_6_320_320,180.14000000000001,43.52
VIA_via2_3_2000_480_1_6_320_320_78,VIA_via2_3_2000_480_1_6_320_320,26.44,46.24
VIA_via2_3_2000_480_1_6_320_320_79,VIA_via2_3_2000_480_1_6_320_320,56.44,46.24
VIA_via2_3_2000_480_1_6_320_320_80,VIA_via2_3_2000_480_1_6_320_320,86.44,46.24
VIA_via2_3_2000_480_1_6_320_320_81,VIA_via2_3_2000_480_1_6_320_320,116.44,46.24
VIA_via2_3_2000_480_1_6_320_320_82,VIA_via2_3_2000_480_1_6_320_320,146.44,46.24
VIA_via2_3_2000_480_1_6_320_320_83,VIA_via2_3_2000_480_1_6_320_320,176.44,46.24
VIA_via2_3_2000_480_1_6_320_320_84,VIA_via2_3_2000_480_1_6_320_320,30.14,48.96
VIA_via2_3_2000_480_1_6_320_320_85,VIA_via2_3_2000_480_1_6_320_320,60.14,48.96
VIA_via2_3_2000_480_1_6_320_320_86,VIA_via2_3_2000_480_1_6_320_320,90.14,48.96
VIA_via2_3_2000_480_1_6_320_320_87,VIA_via2_3_2000_480_1_6_320_320,120.14,48.96
VIA_via2_3_2000_480_1_6_320_320_88,VIA_via2_3_2000_480_1_6_320_320,150.14000000000001,48.96
VIA_via2_3_2000_480_1_6_320_320_89,VIA_via2_3_2000_480_1_6_320_320,180.14000000000001,48.96
VIA_via2_3_2000_480_1_6_320_320_90,VIA_via2_3_2000_480_1_6_320_320,26.44,51.68
VIA_via2_3_2000_480_1_6_320_320_91,VIA_via2_3_2000_480_1_6_320_320,56.44,51.68
VIA_via2_3_2000_480_1_6_320_320_92,VIA_via2_3_2000_480_1_6_320_320,86.44,51.68
VIA_via2_3_2000_480_1_6_320_320_93,VIA_via2_3_2000_480_1_6_320_320,116.44,51.68
VIA_via2_3_2000_480_1_6_320_320_94,VIA_via2_3_2000_480_1_6_320_320,146.44,51.68
VIA_via2_3_2000_480_1_6_320_320_95,VIA_via2_3_2000_480_1_6_320_320,176.44,51.68
VIA_via2_3_2000_480_1_6_320_320_96,VIA_via2_3_2000_480_1_6_320_320,30.14,54.4
VIA_via2_3_2000_480_1_6_320_320_97,VIA_via2_3_2000_480_1_6_320_320,60.14,54.4
VIA_via2_3_2000_480_1_6_320_320_98,VIA_via2_3_2000_480_1_6_320_320,90.14,54.4
VIA_via2_3_2000_480_1_6_320_320_99,VIA_via2_3_2000_480_1_6_320_320,120.14,54.4
VIA_via2_3_2000_480_1_6_320_320_100,VIA_via2_3_2000_480_1_6_320_320,150.14000000000001,54.4
VIA_via2_3_2000_480_1_6_320_320_101,VIA_via2_3_2000_480_1_6_320_320,180.14000000000001,54.4
VIA_via2_3_2000_480_1_6_320_320_102,VIA_via2_3_2000_480_1_6_320_320,26.44,57.120000000000005
VIA_via2_3_2000_480_1_6_320_320_103,VIA_via2_3_2000_480_1_6_320_320,56.44,57.120000000000005
VIA_via2_3_2000_480_1_6_320_320_104,VIA_via2_3_2000_480_1_6_320_320,86.44,57.120000000000005
VIA_via2_3_2000_480_1_6_320_320_105,VIA_via2_3_2000_480_1_6_320_320,116.44,57.120000000000005
VIA_via2_3_2000_480_1_6_320_320_106,VIA_via2_3_2000_480_1_6_320_320,146.44,57.120000000000005
VIA_via2_3_2000_480_1_6_320_320_107,VIA_via2_3_2000_480_1_6_320_320,176.44,57.120000000000005
VIA_via2_3_2000_480_1_6_320_320_108,VIA_via2_3_2000_480_1_6_320_320,30.14,59.84
VIA_via2_3_2000_480_1_6_320_320_109,VIA_via2_3_2000_480_1_6_320_320,60.14,59.84
VIA_via2_3_2000_480_1_6_320_320_110,VIA_via2_3_2000_480_1_6_320_320,90.14,59.84
VIA_via2_3_2000_480_1_6_320_320_111,VIA_via2_3_2000_480_1_6_320_320,120.14,59.84
VIA_via2_3_2000_480_1_6_320_320_112,VIA_via2_3_2000_480_1_6_320_320,150.14000000000001,59.84
VIA_via2_3_2000_480_1_6_320_320_113,VIA_via2_3_2000_480_1_6_320_320,180.14000000000001,59.84
VIA_via2_3_2000_480_1_6_320_320_114,VIA_via2_3_2000_480_1_6_320_320,26.44,62.56
VIA_via2_3_2000_480_1_6_320_320_115,VIA_via2_3_2000_480_1_6_320_320,56.44,62.56
VIA_via2_3_2000_480_1_6_320_320_116,VIA_via2_3_2000_480_1_6_320_320,86.44,62.56
VIA_via2_3_2000_480_1_6_320_320_117,VIA_via2_3_2000_480_1_6_320_320,116.44,62.56
VIA_via2_3_2000_480_1_6_320_320_118,VIA_via2_3_2000_480_1_6_320_320,146.44,62.56
VIA_via2_3_2000_480_1_6_320_320_119,VIA_via2_3_2000_480_1_6_320_320,176.44,62.56
VIA_via2_3_2000_480_1_6_320_320_120,VIA_via2_3_2000_480_1_6_320_320,30.14,65.28
VIA_via2_3_2000_480_1_6_320_320_121,VIA_via2_3_2000_480_1_6_320_320,60.14,65.28
VIA_via2_3_2000_480_1_6_320_320_122,VIA_via2_3_2000_480_1_6_320_320,90.14,65.28
VIA_via2_3_2000_480_1_6_320_320_123,VIA_via2_3_2000_480_1_6_320_320,120.14,65.28
VIA_via2_3_2000_480_1_6_320_320_124,VIA_via2_3_2000_480_1_6_320_320,150.14000000000001,65.28
VIA_via2_3_2000_480_1_6_320_320_125,VIA_via2_3_2000_480_1_6_320_320,180.14000000000001,65.28
VIA_via2_3_2000_480_1_6_320_320_126,VIA_via2_3_2000_480_1_6_320_320,26.44,68.0
VIA_via2_3_2000_480_1_6_320_320_127,VIA_via2_3_2000_480_1_6_320_320,56.44,68.0
VIA_via2_3_2000_480_1_6_320_320_128,VIA_via2_3_2000_480_1_6_320_320,86.44,68.0
VIA_via2_3_2000_480_1_6_320_320_129,VIA_via2_3_2000_480_1_6_320_320,116.44,68.0
VIA_via2_3_2000_480_1_6_320_320_130,VIA_via2_3_2000_480_1_6_320_320,146.44,68.0
VIA_via2_3_2000_480_1_6_320_320_131,VIA_via2_3_2000_480_1_6_320_320,176.44,68.0
VIA_via2_3_2000_480_1_6_320_320_132,VIA_via2_3_2000_480_1_6_320_320,30.14,70.72
VIA_via2_3_2000_480_1_6_320_320_133,VIA_via2_3_2000_480_1_6_320_320,60.14,70.72
VIA_via2_3_2000_480_1_6_320_320_134,VIA_via2_3_2000_480_1_6_320_320,90.14,70.72
VIA_via2_3_2000_480_1_6_320_320_135,VIA_via2_3_2000_480_1_6_320_320,120.14,70.72
VIA_via2_3_2000_480_1_6_320_320_136,VIA_via2_3_2000_480_1_6_320_320,150.14000000000001,70.72
VIA_via2_3_2000_480_1_6_320_320_137,VIA_via2_3_2000_480_1_6_320_320,180.14000000000001,70.72
VIA_via2_3_2000_480_1_6_320_320_138,VIA_via2_3_2000_480_1_6_320_320,26.44,73.44
VIA_via2_3_2000_480_1_6_320_320_139,VIA_via2_3_2000_480_1_6_320_320,56.44,73.44
VIA_via2_3_2000_480_1_6_320_320_140,VIA_via2_3_2000_480_1_6_320_320,86.44,73.44
VIA_via2_3_2000_480_1_6_320_320_141,VIA_via2_3_2000_480_1_6_320_320,116.44,73.44
VIA_via2_3_2000_480_1_6_320_320_142,VIA_via2_3_2000_480_1_6_320_320,146.44,73.44
VIA_via2_3_2000_480_1_6_320_320_143,VIA_via2_3_2000_480_1_6_320_320,176.44,73.44
VIA_via2_3_2000_480_1_6_320_320_144,VIA_via2_3_2000_480_1_6_320_320,30.14,76.16
VIA_via2_3_2000_480_1_6_320_320_145,VIA_via2_3_2000_480_1_6_320_320,60.14,76.16
VIA_via2_3_2000_480_1_6_320_320_146,VIA_via2_3_2000_480_1_6_320_320,90.14,76.16
VIA_via2_3_2000_480_1_6_320_320_147,VIA_via2_3_2000_480_1_6_320_320,120.14,76.16
VIA_via2_3_2000_480_1_6_320_320_148,VIA_via2_3_2000_480_1_6_320_320,150.14000000000001,76.16
VIA_via2_3_2000_480_1_6_320_320_149,VIA_via2_3_2000_480_1_6_320_320,180.14000000000001,76.16
VIA_via2_3_2000_480_1_6_320_320_150,VIA_via2_3_2000_480_1_6_320_320,26.44,78.88
VIA_via2_3_2000_480_1_6_320_320_151,VIA_via2_3_2000_480_1_6_320_320,56.44,78.88
VIA_via2_3_2000_480_1_6_320_320_152,VIA_via2_3_2000_480_1_6_320_320,86.44,78.88
VIA_via2_3_2000_480_1_6_320_320_153,VIA_via2_3_2000_480_1_6_320_320,116.44,78.88
VIA_via2_3_2000_480_1_6_320_320_154,VIA_via2_3_2000_480_1_6_320_320,146.44,78.88
VIA_via2_3_2000_480_1_6_320_320_155,VIA_via2_3_2000_480_1_6_320_320,176.44,78.88
VIA_via2_3_2000_480_1_6_320_320_156,VIA_via2_3_2000_480_1_6_320_320,30.14,81.60000000000001
VIA_via2_3_2000_480_1_6_320_320_157,VIA_via2_3_2000_480_1_6_320_320,60.14,81.60000000000001
VIA_via2_3_2000_480_1_6_320_320_158,VIA_via2_3_2000_480_1_6_320_320,90.14,81.60000000000001
VIA_via2_3_2000_480_1_6_320_320_159,VIA_via2_3_2000_480_1_6_320_320,120.14,81.60000000000001
VIA_via2_3_2000_480_1_6_320_320_160,VIA_via2_3_2000_480_1_6_320_320,150.14000000000001,81.60000000000001
VIA_via2_3_2000_480_1_6_320_320_161,VIA_via2_3_2000_480_1_6_320_320,180.14000000000001,81.60000000000001
VIA_via2_3_2000_480_1_6_320_320_162,VIA_via2_3_2000_480_1_6_320_320,26.44,84.32000000000001
VIA_via2_3_2000_480_1_6_320_320_163,VIA_via2_3_2000_480_1_6_320_320,56.44,84.32000000000001
VIA_via2_3_2000_480_1_6_320_320_164,VIA_via2_3_2000_480_1_6_320_320,86.44,84.32000000000001
VIA_via2_3_2000_480_1_6_320_320_165,VIA_via2_3_2000_480_1_6_320_320,116.44,84.32000000000001
VIA_via2_3_2000_480_1_6_320_320_166,VIA_via2_3_2000_480_1_6_320_320,146.44,84.32000000000001
VIA_via2_3_2000_480_1_6_320_320_167,VIA_via2_3_2000_480_1_6_320_320,176.44,84.32000000000001
VIA_via2_3_2000_480_1_6_320_320_168,VIA_via2_3_2000_480_1_6_320_320,30.14,87.04
VIA_via2_3_2000_480_1_6_320_320_169,VIA_via2_3_2000_480_1_6_320_320,60.14,87.04
VIA_via2_3_2000_480_1_6_320_320_170,VIA_via2_3_2000_480_1_6_320_320,90.14,87.04
VIA_via2_3_2000_480_1_6_320_320_171,VIA_via2_3_2000_480_1_6_320_320,120.14,87.04
VIA_via2_3_2000_480_1_6_320_320_172,VIA_via2_3_2000_480_1_6_320_320,150.14000000000001,87.04
VIA_via2_3_2000_480_1_6_320_320_173,VIA_via2_3_2000_480_1_6_320_320,180.14000000000001,87.04
VIA_via2_3_2000_480_1_6_320_320_174,VIA_via2_3_2000_480_1_6_320_320,26.44,89.76
VIA_via2_3_2000_480_1_6_320_320_175,VIA_via2_3_2000_480_1_6_320_320,56.44,89.76
VIA_via2_3_2000_480_1_6_320_320_176,VIA_via2_3_2000_480_1_6_320_320,86.44,89.76
VIA_via2_3_2000_480_1_6_320_320_177,VIA_via2_3_2000_480_1_6_320_320,116.44,89.76
VIA_via2_3_2000_480_1_6_320_320_178,VIA_via2_3_2000_480_1_6_320_320,146.44,89.76
VIA_via2_3_2000_480_1_6_320_320_179,VIA_via2_3_2000_480_1_6_320_320,176.44,89.76
VIA_via2_3_2000_480_1_6_320_320_180,VIA_via2_3_2000_480_1_6_320_320,30.14,92.48
VIA_via2_3_2000_480_1_6_320_320_181,VIA_via2_3_2000_480_1_6_320_320,60.14,92.48
VIA_via2_3_2000_480_1_6_320_320_182,VIA_via2_3_2000_480_1_6_320_320,90.14,92.48
VIA_via2_3_2000_480_1_6_320_320_183,VIA_via2_3_2000_480_1_6_320_320,120.14,92.48
VIA_via2_3_2000_480_1_6_320_320_184,VIA_via2_3_2000_480_1_6_320_320,150.14000000000001,92.48
VIA_via2_3_2000_480_1_6_320_320_185,VIA_via2_3_2000_480_1_6_320_320,180.14000000000001,92.48
VIA_via2_3_2000_480_1_6_320_320_186,VIA_via2_3_2000_480_1_6_320_320,26.44,95.2
VIA_via2_3_2000_480_1_6_320_320_187,VIA_via2_3_2000_480_1_6_320_320,56.44,95.2
VIA_via2_3_2000_480_1_6_320_320_188,VIA_via2_3_2000_480_1_6_320_320,86.44,95.2
VIA_via2_3_2000_480_1_6_320_320_189,VIA_via2_3_2000_480_1_6_320_320,116.44,95.2
VIA_via2_3_2000_480_1_6_320_320_190,VIA_via2_3_2000_480_1_6_320_320,146.44,95.2
VIA_via2_3_2000_480_1_6_320_320_191,VIA_via2_3_2000_480_1_6_320_320,176.44,95.2
VIA_via2_3_2000_480_1_6_320_320_192,VIA_via2_3_2000_480_1_6_320_320,30.14,97.92
VIA_via2_3_2000_480_1_6_320_320_193,VIA_via2_3_2000_480_1_6_320_320,60.14,97.92
VIA_via2_3_2000_480_1_6_320_320_194,VIA_via2_3_2000_480_1_6_320_320,90.14,97.92
VIA_via2_3_2000_480_1_6_320_320_195,VIA_via2_3_2000_480_1_6_320_320,120.14,97.92
VIA_via2_3_2000_480_1_6_320_320_196,VIA_via2_3_2000_480_1_6_320_320,150.14000000000001,97.92
VIA_via2_3_2000_480_1_6_320_320_197,VIA_via2_3_2000_480_1_6_320_320,180.14000000000001,97.92
VIA_via2_3_2000_480_1_6_320_320_198,VIA_via2_3_2000_480_1_6_320_320,26.44,100.64
VIA_via2_3_2000_480_1_6_320_320_199,VIA_via2_3_2000_480_1_6_320_320,56.44,100.64
VIA_via2_3_2000_480_1_6_320_320_200,VIA_via2_3_2000_480_1_6_320_320,86.44,100.64
VIA_via2_3_2000_480_1_6_320_320_201,VIA_via2_3_2000_480_1_6_320_320,116.44,100.64
VIA_via2_3_2000_480_1_6_320_320_202,VIA_via2_3_2000_480_1_6_320_320,146.44,100.64
VIA_via2_3_2000_480_1_6_320_320_203,VIA_via2_3_2000_480_1_6_320_320,176.44,100.64
VIA_via2_3_2000_480_1_6_320_320_204,VIA_via2_3_2000_480_1_6_320_320,30.14,103.36
VIA_via2_3_2000_480_1_6_320_320_205,VIA_via2_3_2000_480_1_6_320_320,60.14,103.36
VIA_via2_3_2000_480_1_6_320_320_206,VIA_via2_3_2000_480_1_6_320_320,90.14,103.36
VIA_via2_3_2000_480_1_6_320_320_207,VIA_via2_3_2000_480_1_6_320_320,120.14,103.36
VIA_via2_3_2000_480_1_6_320_320_208,VIA_via2_3_2000_480_1_6_320_320,150.14000000000001,103.36
VIA_via2_3_2000_480_1_6_320_320_209,VIA_via2_3_2000_480_1_6_320_320,180.14000000000001,103.36
VIA_via2_3_2000_480_1_6_320_320_210,VIA_via2_3_2000_480_1_6_320_320,26.44,106.08
VIA_via2_3_2000_480_1_6_320_320_211,VIA_via2_3_2000_480_1_6_320_320,56.44,106.08
VIA_via2_3_2000_480_1_6_320_320_212,VIA_via2_3_2000_480_1_6_320_320,86.44,106.08
VIA_via2_3_2000_480_1_6_320_320_213,VIA_via2_3_2000_480_1_6_320_320,116.44,106.08
VIA_via2_3_2000_480_1_6_320_320_214,VIA_via2_3_2000_480_1_6_320_320,146.44,106.08
VIA_via2_3_2000_480_1_6_320_320_215,VIA_via2_3_2000_480_1_6_320_320,176.44,106.08
VIA_via2_3_2000_480_1_6_320_320_216,VIA_via2_3_2000_480_1_6_320_320,30.14,108.8
VIA_via2_3_2000_480_1_6_320_320_217,VIA_via2_3_2000_480_1_6_320_320,60.14,108.8
VIA_via2_3_2000_480_1_6_320_320_218,VIA_via2_3_2000_480_1_6_320_320,90.14,108.8
VIA_via2_3_2000_480_1_6_320_320_219,VIA_via2_3_2000_480_1_6_320_320,120.14,108.8
VIA_via2_3_2000_480_1_6_320_320_220,VIA_via2_3_2000_480_1_6_320_320,150.14000000000001,108.8
VIA_via2_3_2000_480_1_6_320_320_221,VIA_via2_3_2000_480_1_6_320_320,180.14000000000001,108.8
VIA_via2_3_2000_480_1_6_320_320_222,VIA_via2_3_2000_480_1_6_320_320,26.44,111.52
VIA_via2_3_2000_480_1_6_320_320_223,VIA_via2_3_2000_480_1_6_320_320,56.44,111.52
VIA_via2_3_2000_480_1_6_320_320_224,VIA_via2_3_2000_480_1_6_320_320,86.44,111.52
VIA_via2_3_2000_480_1_6_320_320_225,VIA_via2_3_2000_480_1_6_320_320,116.44,111.52
VIA_via2_3_2000_480_1_6_320_320_226,VIA_via2_3_2000_480_1_6_320_320,146.44,111.52
VIA_via2_3_2000_480_1_6_320_320_227,VIA_via2_3_2000_480_1_6_320_320,176.44,111.52
VIA_via2_3_2000_480_1_6_320_320_228,VIA_via2_3_2000_480_1_6_320_320,30.14,114.24000000000001
VIA_via2_3_2000_480_1_6_320_320_229,VIA_via2_3_2000_480_1_6_320_320,60.14,114.24000000000001
VIA_via2_3_2000_480_1_6_320_320_230,VIA_via2_3_2000_480_1_6_320_320,90.14,114.24000000000001
VIA_via2_3_2000_480_1_6_320_320_231,VIA_via2_3_2000_480_1_6_320_320,120.14,114.24000000000001
VIA_via2_3_2000_480_1_6_320_320_232,VIA_via2_3_2000_480_1_6_320_320,150.14000000000001,114.24000000000001
VIA_via2_3_2000_480_1_6_320_320_233,VIA_via2_3_2000_480_1_6_320_320,180.14000000000001,114.24000000000001
VIA_via2_3_2000_480_1_6_320_320_234,VIA_via2_3_2000_480_1_6_320_320,26.44,116.96000000000001
VIA_via2_3_2000_480_1_6_320_320_235,VIA_via2_3_2000_480_1_6_320_320,56.44,116.96000000000001
VIA_via2_3_2000_480_1_6_320_320_236,VIA_via2_3_2000_480_1_6_320_320,86.44,116.96000000000001
VIA_via2_3_2000_480_1_6_320_320_237,VIA_via2_3_2000_480_1_6_320_320,116.44,116.96000000000001
VIA_via2_3_2000_480_1_6_320_320_238,VIA_via2_3_2000_480_1_6_320_320,146.44,116.96000000000001
VIA_via2_3_2000_480_1_6_320_320_239,VIA_via2_3_2000_480_1_6_320_320,176.44,116.96000000000001
VIA_via2_3_2000_480_1_6_320_320_240,VIA_via2_3_2000_480_1_6_320_320,30.14,119.68
VIA_via2_3_2000_480_1_6_320_320_241,VIA_via2_3_2000_480_1_6_320_320,60.14,119.68
VIA_via2_3_2000_480_1_6_320_320_242,VIA_via2_3_2000_480_1_6_320_320,90.14,119.68
VIA_via2_3_2000_480_1_6_320_320_243,VIA_via2_3_2000_480_1_6_320_320,120.14,119.68
VIA_via2_3_2000_480_1_6_320_320_244,VIA_via2_3_2000_480_1_6_320_320,150.14000000000001,119.68
VIA_via2_3_2000_480_1_6_320_320_245,VIA_via2_3_2000_480_1_6_320_320,180.14000000000001,119.68
VIA_via2_3_2000_480_1_6_320_320_246,VIA_via2_3_2000_480_1_6_320_320,26.44,122.4
VIA_via2_3_2000_480_1_6_320_320_247,VIA_via2_3_2000_480_1_6_320_320,56.44,122.4
VIA_via2_3_2000_480_1_6_320_320_248,VIA_via2_3_2000_480_1_6_320_320,86.44,122.4
VIA_via2_3_2000_480_1_6_320_320_249,VIA_via2_3_2000_480_1_6_320_320,116.44,122.4
VIA_via2_3_2000_480_1_6_320_320_250,VIA_via2_3_2000_480_1_6_320_320,146.44,122.4
VIA_via2_3_2000_480_1_6_320_320_251,VIA_via2_3_2000_480_1_6_320_320,176.44,122.4
VIA_via2_3_2000_480_1_6_320_320_252,VIA_via2_3_2000_480_1_6_320_320,30.14,125.12
VIA_via2_3_2000_480_1_6_320_320_253,VIA_via2_3_2000_480_1_6_320_320,60.14,125.12
VIA_via2_3_2000_480_1_6_320_320_254,VIA_via2_3_2000_480_1_6_320_320,90.14,125.12
VIA_via2_3_2000_480_1_6_320_320_255,VIA_via2_3_2000_480_1_6_320_320,120.14,125.12
VIA_via2_3_2000_480_1_6_320_320_256,VIA_via2_3_2000_480_1_6_320_320,150.14000000000001,125.12
VIA_via2_3_2000_480_1_6_320_320_257,VIA_via2_3_2000_480_1_6_320_320,180.14000000000001,125.12
VIA_via2_3_2000_480_1_6_320_320_258,VIA_via2_3_2000_480_1_6_320_320,26.44,127.84
VIA_via2_3_2000_480_1_6_320_320_259,VIA_via2_3_2000_480_1_6_320_320,56.44,127.84
VIA_via2_3_2000_480_1_6_320_320_260,VIA_via2_3_2000_480_1_6_320_320,86.44,127.84
VIA_via2_3_2000_480_1_6_320_320_261,VIA_via2_3_2000_480_1_6_320_320,116.44,127.84
VIA_via2_3_2000_480_1_6_320_320_262,VIA_via2_3_2000_480_1_6_320_320,146.44,127.84
VIA_via2_3_2000_480_1_6_320_320_263,VIA_via2_3_2000_480_1_6_320_320,176.44,127.84
VIA_via2_3_2000_480_1_6_320_320_264,VIA_via2_3_2000_480_1_6_320_320,30.14,130.56
VIA_via2_3_2000_480_1_6_320_320_265,VIA_via2_3_2000_480_1_6_320_320,60.14,130.56
VIA_via2_3_2000_480_1_6_320_320_266,VIA_via2_3_2000_480_1_6_320_320,90.14,130.56
VIA_via2_3_2000_480_1_6_320_320_267,VIA_via2_3_2000_480_1_6_320_320,120.14,130.56
VIA_via2_3_2000_480_1_6_320_320_268,VIA_via2_3_2000_480_1_6_320_320,150.14000000000001,130.56
VIA_via2_3_2000_480_1_6_320_320_269,VIA_via2_3_2000_480_1_6_320_320,180.14000000000001,130.56
VIA_via2_3_2000_480_1_6_320_320_270,VIA_via2_3_2000_480_1_6_320_320,26.44,133.28
VIA_via2_3_2000_480_1_6_320_320_271,VIA_via2_3_2000_480_1_6_320_320,56.44,133.28
VIA_via2_3_2000_480_1_6_320_320_272,VIA_via2_3_2000_480_1_6_320_320,86.44,133.28
VIA_via2_3_2000_480_1_6_320_320_273,VIA_via2_3_2000_480_1_6_320_320,116.44,133.28
VIA_via2_3_2000_480_1_6_320_320_274,VIA_via2_3_2000_480_1_6_320_320,146.44,133.28
VIA_via2_3_2000_480_1_6_320_320_275,VIA_via2_3_2000_480_1_6_320_320,176.44,133.28
VIA_via2_3_2000_480_1_6_320_320_276,VIA_via2_3_2000_480_1_6_320_320,30.14,136.0
VIA_via2_3_2000_480_1_6_320_320_277,VIA_via2_3_2000_480_1_6_320_320,60.14,136.0
VIA_via2_3_2000_480_1_6_320_320_278,VIA_via2_3_2000_480_1_6_320_320,90.14,136.0
VIA_via2_3_2000_480_1_6_320_320_279,VIA_via2_3_2000_480_1_6_320_320,120.14,136.0
VIA_via2_3_2000_480_1_6_320_320_280,VIA_via2_3_2000_480_1_6_320_320,150.14000000000001,136.0
VIA_via2_3_2000_480_1_6_320_320_281,VIA_via2_3_2000_480_1_6_320_320,180.14000000000001,136.0
VIA_via2_3_2000_480_1_6_320_320_282,VIA_via2_3_2000_480_1_6_320_320,26.44,138.72
VIA_via2_3_2000_480_1_6_320_320_283,VIA_via2_3_2000_480_1_6_320_320,56.44,138.72
VIA_via2_3_2000_480_1_6_320_320_284,VIA_via2_3_2000_480_1_6_320_320,86.44,138.72
VIA_via2_3_2000_480_1_6_320_320_285,VIA_via2_3_2000_480_1_6_320_320,116.44,138.72
VIA_via2_3_2000_480_1_6_320_320_286,VIA_via2_3_2000_480_1_6_320_320,146.44,138.72
VIA_via2_3_2000_480_1_6_320_320_287,VIA_via2_3_2000_480_1_6_320_320,176.44,138.72
VIA_via2_3_2000_480_1_6_320_320_288,VIA_via2_3_2000_480_1_6_320_320,30.14,141.44
VIA_via2_3_2000_480_1_6_320_320_289,VIA_via2_3_2000_480_1_6_320_320,60.14,141.44
VIA_via2_3_2000_480_1_6_320_320_290,VIA_via2_3_2000_480_1_6_320_320,90.14,141.44
VIA_via2_3_2000_480_1_6_320_320_291,VIA_via2_3_2000_480_1_6_320_320,120.14,141.44
VIA_via2_3_2000_480_1_6_320_320_292,VIA_via2_3_2000_480_1_6_320_320,150.14000000000001,141.44
VIA_via2_3_2000_480_1_6_320_320_293,VIA_via2_3_2000_480_1_6_320_320,180.14000000000001,141.44
VIA_via2_3_2000_480_1_6_320_320_294,VIA_via2_3_2000_480_1_6_320_320,26.44,144.16
VIA_via2_3_2000_480_1_6_320_320_295,VIA_via2_3_2000_480_1_6_320_320,56.44,144.16
VIA_via2_3_2000_480_1_6_320_320_296,VIA_via2_3_2000_480_1_6_320_320,86.44,144.16
VIA_via2_3_2000_480_1_6_320_320_297,VIA_via2_3_2000_480_1_6_320_320,116.44,144.16
VIA_via2_3_2000_480_1_6_320_320_298,VIA_via2_3_2000_480_1_6_320_320,146.44,144.16
VIA_via2_3_2000_480_1_6_320_320_299,VIA_via2_3_2000_480_1_6_320_320,176.44,144.16
VIA_via2_3_2000_480_1_6_320_320_300,VIA_via2_3_2000_480_1_6_320_320,30.14,146.88
VIA_via2_3_2000_480_1_6_320_320_301,VIA_via2_3_2000_480_1_6_320_320,60.14,146.88
VIA_via2_3_2000_480_1_6_320_320_302,VIA_via2_3_2000_480_1_6_320_320,90.14,146.88
VIA_via2_3_2000_480_1_6_320_320_303,VIA_via2_3_2000_480_1_6_320_320,120.14,146.88
VIA_via2_3_2000_480_1_6_320_320_304,VIA_via2_3_2000_480_1_6_320_320,150.14000000000001,146.88
VIA_via2_3_2000_480_1_6_320_320_305,VIA_via2_3_2000_480_1_6_320_320,180.14000000000001,146.88
VIA_via2_3_2000_480_1_6_320_320_306,VIA_via2_3_2000_480_1_6_320_320,26.44,149.6
VIA_via2_3_2000_480_1_6_320_320_307,VIA_via2_3_2000_480_1_6_320_320,56.44,149.6
VIA_via2_3_2000_480_1_6_320_320_308,VIA_via2_3_2000_480_1_6_320_320,86.44,149.6
VIA_via2_3_2000_480_1_6_320_320_309,VIA_via2_3_2000_480_1_6_320_320,116.44,149.6
VIA_via2_3_2000_480_1_6_320_320_310,VIA_via2_3_2000_480_1_6_320_320,146.44,149.6
VIA_via2_3_2000_480_1_6_320_320_311,VIA_via2_3_2000_480_1_6_320_320,176.44,149.6
VIA_via2_3_2000_480_1_6_320_320_312,VIA_via2_3_2000_480_1_6_320_320,30.14,152.32
VIA_via2_3_2000_480_1_6_320_320_313,VIA_via2_3_2000_480_1_6_320_320,60.14,152.32
VIA_via2_3_2000_480_1_6_320_320_314,VIA_via2_3_2000_480_1_6_320_320,90.14,152.32
VIA_via2_3_2000_480_1_6_320_320_315,VIA_via2_3_2000_480_1_6_320_320,120.14,152.32
VIA_via2_3_2000_480_1_6_320_320_316,VIA_via2_3_2000_480_1_6_320_320,150.14000000000001,152.32
VIA_via2_3_2000_480_1_6_320_320_317,VIA_via2_3_2000_480_1_6_320_320,180.14000000000001,152.32
VIA_via2_3_2000_480_1_6_320_320_318,VIA_via2_3_2000_480_1_6_320_320,26.44,155.04
VIA_via2_3_2000_480_1_6_320_320_319,VIA_via2_3_2000_480_1_6_320_320,56.44,155.04
VIA_via2_3_2000_480_1_6_320_320_320,VIA_via2_3_2000_480_1_6_320_320,86.44,155.04
VIA_via2_3_2000_480_1_6_320_320_321,VIA_via2_3_2000_480_1_6_320_320,116.44,155.04
VIA_via2_3_2000_480_1_6_320_320_322,VIA_via2_3_2000_480_1_6_320_320,146.44,155.04
VIA_via2_3_2000_480_1_6_320_320_323,VIA_via2_3_2000_480_1_6_320_320,176.44,155.04
VIA_via2_3_2000_480_1_6_320_320_324,VIA_via2_3_2000_480_1_6_320_320,30.14,157.76
VIA_via2_3_2000_480_1_6_320_320_325,VIA_via2_3_2000_480_1_6_320_320,60.14,157.76
VIA_via2_3_2000_480_1_6_320_320_326,VIA_via2_3_2000_480_1_6_320_320,90.14,157.76
VIA_via2_3_2000_480_1_6_320_320_327,VIA_via2_3_2000_480_1_6_320_320,120.14,157.76
VIA_via2_3_2000_480_1_6_320_320_328,VIA_via2_3_2000_480_1_6_320_320,150.14000000000001,157.76
VIA_via2_3_2000_480_1_6_320_320_329,VIA_via2_3_2000_480_1_6_320_320,180.14000000000001,157.76
VIA_via2_3_2000_480_1_6_320_320_330,VIA_via2_3_2000_480_1_6_320_320,26.44,160.48
VIA_via2_3_2000_480_1_6_320_320_331,VIA_via2_3_2000_480_1_6_320_320,56.44,160.48
VIA_via2_3_2000_480_1_6_320_320_332,VIA_via2_3_2000_480_1_6_320_320,86.44,160.48
VIA_via2_3_2000_480_1_6_320_320_333,VIA_via2_3_2000_480_1_6_320_320,116.44,160.48
VIA_via2_3_2000_480_1_6_320_320_334,VIA_via2_3_2000_480_1_6_320_320,146.44,160.48
VIA_via2_3_2000_480_1_6_320_320_335,VIA_via2_3_2000_480_1_6_320_320,176.44,160.48
VIA_via2_3_2000_480_1_6_320_320_336,VIA_via2_3_2000_480_1_6_320_320,30.14,163.20000000000002
VIA_via2_3_2000_480_1_6_320_320_337,VIA_via2_3_2000_480_1_6_320_320,60.14,163.20000000000002
VIA_via2_3_2000_480_1_6_320_320_338,VIA_via2_3_2000_480_1_6_320_320,90.14,163.20000000000002
VIA_via2_3_2000_480_1_6_320_320_339,VIA_via2_3_2000_480_1_6_320_320,120.14,163.20000000000002
VIA_via2_3_2000_480_1_6_320_320_340,VIA_via2_3_2000_480_1_6_320_320,150.14000000000001,163.20000000000002
VIA_via2_3_2000_480_1_6_320_320_341,VIA_via2_3_2000_480_1_6_320_320,180.14000000000001,163.20000000000002
VIA_via2_3_2000_480_1_6_320_320_342,VIA_via2_3_2000_480_1_6_320_320,26.44,165.92000000000002
VIA_via2_3_2000_480_1_6_320_320_343,VIA_via2_3_2000_480_1_6_320_320,56.44,165.92000000000002
VIA_via2_3_2000_480_1_6_320_320_344,VIA_via2_3_2000_480_1_6_320_320,86.44,165.92000000000002
VIA_via2_3_2000_480_1_6_320_320_345,VIA_via2_3_2000_480_1_6_320_320,116.44,165.92000000000002
VIA_via2_3_2000_480_1_6_320_320_346,VIA_via2_3_2000_480_1_6_320_320,146.44,165.92000000000002
VIA_via2_3_2000_480_1_6_320_320_347,VIA_via2_3_2000_480_1_6_320_320,176.44,165.92000000000002
VIA_via2_3_2000_480_1_6_320_320_348,VIA_via2_3_2000_480_1_6_320_320,30.14,168.64000000000001
VIA_via2_3_2000_480_1_6_320_320_349,VIA_via2_3_2000_480_1_6_320_320,60.14,168.64000000000001
VIA_via2_3_2000_480_1_6_320_320_350,VIA_via2_3_2000_480_1_6_320_320,90.14,168.64000000000001
VIA_via2_3_2000_480_1_6_320_320_351,VIA_via2_3_2000_480_1_6_320_320,120.14,168.64000000000001
VIA_via2_3_2000_480_1_6_320_320_352,VIA_via2_3_2000_480_1_6_320_320,150.14000000000001,168.64000000000001
VIA_via2_3_2000_480_1_6_320_320_353,VIA_via2_3_2000_480_1_6_320_320,180.14000000000001,168.64000000000001
VIA_via2_3_2000_480_1_6_320_320_354,VIA_via2_3_2000_480_1_6_320_320,26.44,171.36
VIA_via2_3_2000_480_1_6_320_320_355,VIA_via2_3_2000_480_1_6_320_320,56.44,171.36
VIA_via2_3_2000_480_1_6_320_320_356,VIA_via2_3_2000_480_1_6_320_320,86.44,171.36
VIA_via2_3_2000_480_1_6_320_320_357,VIA_via2_3_2000_480_1_6_320_320,116.44,171.36
VIA_via2_3_2000_480_1_6_320_320_358,VIA_via2_3_2000_480_1_6_320_320,146.44,171.36
VIA_via2_3_2000_480_1_6_320_320_359,VIA_via2_3_2000_480_1_6_320_320,176.44,171.36
VIA_via2_3_2000_480_1_6_320_320_360,VIA_via2_3_2000_480_1_6_320_320,30.14,174.08
VIA_via2_3_2000_480_1_6_320_320_361,VIA_via2_3_2000_480_1_6_320_320,60.14,174.08
VIA_via2_3_2000_480_1_6_320_320_362,VIA_via2_3_2000_480_1_6_320_320,90.14,174.08
VIA_via2_3_2000_480_1_6_320_320_363,VIA_via2_3_2000_480_1_6_320_320,120.14,174.08
VIA_via2_3_2000_480_1_6_320_320_364,VIA_via2_3_2000_480_1_6_320_320,150.14000000000001,174.08
VIA_via2_3_2000_480_1_6_320_320_365,VIA_via2_3_2000_480_1_6_320_320,180.14000000000001,174.08
VIA_via2_3_2000_480_1_6_320_320_366,VIA_via2_3_2000_480_1_6_320_320,26.44,176.8
VIA_via2_3_2000_480_1_6_320_320_367,VIA_via2_3_2000_480_1_6_320_320,56.44,176.8
VIA_via2_3_2000_480_1_6_320_320_368,VIA_via2_3_2000_480_1_6_320_320,86.44,176.8
VIA_via2_3_2000_480_1_6_320_320_369,VIA_via2_3_2000_480_1_6_320_320,116.44,176.8
VIA_via2_3_2000_480_1_6_320_320_370,VIA_via2_3_2000_480_1_6_320_320,146.44,176.8
VIA_via2_3_2000_480_1_6_320_320_371,VIA_via2_3_2000_480_1_6_320_320,176.44,176.8
VIA_via2_3_2000_480_1_6_320_320_372,VIA_via2_3_2000_480_1_6_320_320,30.14,179.52
VIA_via2_3_2000_480_1_6_320_320_373,VIA_via2_3_2000_480_1_6_320_320,60.14,179.52
VIA_via2_3_2000_480_1_6_320_320_374,VIA_via2_3_2000_480_1_6_320_320,90.14,179.52
VIA_via2_3_2000_480_1_6_320_320_375,VIA_via2_3_2000_480_1_6_320_320,120.14,179.52
VIA_via2_3_2000_480_1_6_320_320_376,VIA_via2_3_2000_480_1_6_320_320,150.14000000000001,179.52
VIA_via2_3_2000_480_1_6_320_320_377,VIA_via2_3_2000_480_1_6_320_320,180.14000000000001,179.52
VIA_via2_3_2000_480_1_6_320_320_378,VIA_via2_3_2000_480_1_6_320_320,26.44,182.24
VIA_via2_3_2000_480_1_6_320_320_379,VIA_via2_3_2000_480_1_6_320_320,56.44,182.24
VIA_via2_3_2000_480_1_6_320_320_380,VIA_via2_3_2000_480_1_6_320_320,86.44,182.24
VIA_via2_3_2000_480_1_6_320_320_381,VIA_via2_3_2000_480_1_6_320_320,116.44,182.24
VIA_via2_3_2000_480_1_6_320_320_382,VIA_via2_3_2000_480_1_6_320_320,146.44,182.24
VIA_via2_3_2000_480_1_6_320_320_383,VIA_via2_3_2000_480_1_6_320_320,176.44,182.24
VIA_via2_3_2000_480_1_6_320_320_384,VIA_via2_3_2000_480_1_6_320_320,30.14,184.96
VIA_via2_3_2000_480_1_6_320_320_385,VIA_via2_3_2000_480_1_6_320_320,60.14,184.96
VIA_via2_3_2000_480_1_6_320_320_386,VIA_via2_3_2000_480_1_6_320_320,90.14,184.96
VIA_via2_3_2000_480_1_6_320_320_387,VIA_via2_3_2000_480_1_6_320_320,120.14,184.96
VIA_via2_3_2000_480_1_6_320_320_388,VIA_via2_3_2000_480_1_6_320_320,150.14000000000001,184.96
VIA_via2_3_2000_480_1_6_320_320_389,VIA_via2_3_2000_480_1_6_320_320,180.14000000000001,184.96
VIA_via2_3_2000_480_1_6_320_320_390,VIA_via2_3_2000_480_1_6_320_320,26.44,187.68
VIA_via2_3_2000_480_1_6_320_320_391,VIA_via2_3_2000_480_1_6_320_320,56.44,187.68
VIA_via2_3_2000_480_1_6_320_320_392,VIA_via2_3_2000_480_1_6_320_320,86.44,187.68
VIA_via2_3_2000_480_1_6_320_320_393,VIA_via2_3_2000_480_1_6_320_320,116.44,187.68
VIA_via2_3_2000_480_1_6_320_320_394,VIA_via2_3_2000_480_1_6_320_320,146.44,187.68
VIA_via2_3_2000_480_1_6_320_320_395,VIA_via2_3_2000_480_1_6_320_320,176.44,187.68
VIA_via2_3_2000_480_1_6_320_320_396,VIA_via2_3_2000_480_1_6_320_320,30.14,190.4
VIA_via2_3_2000_480_1_6_320_320_397,VIA_via2_3_2000_480_1_6_320_320,60.14,190.4
VIA_via2_3_2000_480_1_6_320_320_398,VIA_via2_3_2000_480_1_6_320_320,90.14,190.4
VIA_via2_3_2000_480_1_6_320_320_399,VIA_via2_3_2000_480_1_6_320_320,120.14,190.4
VIA_via2_3_2000_480_1_6_320_320_400,VIA_via2_3_2000_480_1_6_320_320,150.14000000000001,190.4
VIA_via2_3_2000_480_1_6_320_320_401,VIA_via2_3_2000_480_1_6_320_320,180.14000000000001,190.4
VIA_via2_3_2000_480_1_6_320_320_402,VIA_via2_3_2000_480_1_6_320_320,26.44,193.12
VIA_via2_3_2000_480_1_6_320_320_403,VIA_via2_3_2000_480_1_6_320_320,56.44,193.12
VIA_via2_3_2000_480_1_6_320_320_404,VIA_via2_3_2000_480_1_6_320_320,86.44,193.12
VIA_via2_3_2000_480_1_6_320_320_405,VIA_via2_3_2000_480_1_6_320_320,116.44,193.12
VIA_via2_3_2000_480_1_6_320_320_406,VIA_via2_3_2000_480_1_6_320_320,146.44,193.12
VIA_via2_3_2000_480_1_6_320_320_407,VIA_via2_3_2000_480_1_6_320_320,176.44,193.12
VIA_via2_3_2000_480_1_6_320_320_408,VIA_via2_3_2000_480_1_6_320_320,30.14,195.84
VIA_via2_3_2000_480_1_6_320_320_409,VIA_via2_3_2000_480_1_6_320_320,60.14,195.84
VIA_via2_3_2000_480_1_6_320_320_410,VIA_via2_3_2000_480_1_6_320_320,90.14,195.84
VIA_via2_3_2000_480_1_6_320_320_411,VIA_via2_3_2000_480_1_6_320_320,120.14,195.84
VIA_via2_3_2000_480_1_6_320_320_412,VIA_via2_3_2000_480_1_6_320_320,150.14000000000001,195.84
VIA_via2_3_2000_480_1_6_320_320_413,VIA_via2_3_2000_480_1_6_320_320,180.14000000000001,195.84
VIA_via2_3_2000_480_1_6_320_320_414,VIA_via2_3_2000_480_1_6_320_320,26.44,198.56
VIA_via2_3_2000_480_1_6_320_320_415,VIA_via2_3_2000_480_1_6_320_320,56.44,198.56
VIA_via2_3_2000_480_1_6_320_320_416,VIA_via2_3_2000_480_1_6_320_320,86.44,198.56
VIA_via2_3_2000_480_1_6_320_320_417,VIA_via2_3_2000_480_1_6_320_320,116.44,198.56
VIA_via2_3_2000_480_1_6_320_320_418,VIA_via2_3_2000_480_1_6_320_320,146.44,198.56
VIA_via2_3_2000_480_1_6_320_320_419,VIA_via2_3_2000_480_1_6_320_320,176.44,198.56
VIA_via2_3_2000_480_1_6_320_320_420,VIA_via2_3_2000_480_1_6_320_320,30.14,201.28
VIA_via2_3_2000_480_1_6_320_320_421,VIA_via2_3_2000_480_1_6_320_320,60.14,201.28
VIA_via2_3_2000_480_1_6_320_320_422,VIA_via2_3_2000_480_1_6_320_320,90.14,201.28
VIA_via2_3_2000_480_1_6_320_320_423,VIA_via2_3_2000_480_1_6_320_320,120.14,201.28
VIA_via2_3_2000_480_1_6_320_320_424,VIA_via2_3_2000_480_1_6_320_320,150.14000000000001,201.28
VIA_via2_3_2000_480_1_6_320_320_425,VIA_via2_3_2000_480_1_6_320_320,180.14000000000001,201.28
VIA_via2_3_2000_480_1_6_320_320_426,VIA_via2_3_2000_480_1_6_320_320,26.44,204.0
VIA_via2_3_2000_480_1_6_320_320_427,VIA_via2_3_2000_480_1_6_320_320,56.44,204.0
VIA_via2_3_2000_480_1_6_320_320_428,VIA_via2_3_2000_480_1_6_320_320,86.44,204.0
VIA_via2_3_2000_480_1_6_320_320_429,VIA_via2_3_2000_480_1_6_320_320,116.44,204.0
VIA_via2_3_2000_480_1_6_320_320_430,VIA_via2_3_2000_480_1_6_320_320,146.44,204.0
VIA_via2_3_2000_480_1_6_320_320_431,VIA_via2_3_2000_480_1_6_320_320,176.44,204.0
VIA_via2_3_2000_480_1_6_320_320_432,VIA_via2_3_2000_480_1_6_320_320,30.14,206.72
VIA_via2_3_2000_480_1_6_320_320_433,VIA_via2_3_2000_480_1_6_320_320,60.14,206.72
VIA_via2_3_2000_480_1_6_320_320_434,VIA_via2_3_2000_480_1_6_320_320,90.14,206.72
VIA_via2_3_2000_480_1_6_320_320_435,VIA_via2_3_2000_480_1_6_320_320,120.14,206.72
VIA_via2_3_2000_480_1_6_320_320_436,VIA_via2_3_2000_480_1_6_320_320,150.14000000000001,206.72
VIA_via2_3_2000_480_1_6_320_320_437,VIA_via2_3_2000_480_1_6_320_320,180.14000000000001,206.72
VIA_via2_3_2000_480_1_6_320_320_438,VIA_via2_3_2000_480_1_6_320_320,26.44,209.44
VIA_via2_3_2000_480_1_6_320_320_439,VIA_via2_3_2000_480_1_6_320_320,56.44,209.44
VIA_via2_3_2000_480_1_6_320_320_440,VIA_via2_3_2000_480_1_6_320_320,86.44,209.44
VIA_via2_3_2000_480_1_6_320_320_441,VIA_via2_3_2000_480_1_6_320_320,116.44,209.44
VIA_via2_3_2000_480_1_6_320_320_442,VIA_via2_3_2000_480_1_6_320_320,146.44,209.44
VIA_via2_3_2000_480_1_6_320_320_443,VIA_via2_3_2000_480_1_6_320_320,176.44,209.44
VIA_via2_3_2000_480_1_6_320_320_444,VIA_via2_3_2000_480_1_6_320_320,30.14,212.16
VIA_via2_3_2000_480_1_6_320_320_445,VIA_via2_3_2000_480_1_6_320_320,60.14,212.16
VIA_via2_3_2000_480_1_6_320_320_446,VIA_via2_3_2000_480_1_6_320_320,90.14,212.16
VIA_via2_3_2000_480_1_6_320_320_447,VIA_via2_3_2000_480_1_6_320_320,120.14,212.16
VIA_via2_3_2000_480_1_6_320_320_448,VIA_via2_3_2000_480_1_6_320_320,150.14000000000001,212.16
VIA_via2_3_2000_480_1_6_320_320_449,VIA_via2_3_2000_480_1_6_320_320,180.14000000000001,212.16
VIA_via2_3_2000_480_1_6_320_320_450,VIA_via2_3_2000_480_1_6_320_320,26.44,214.88
VIA_via2_3_2000_480_1_6_320_320_451,VIA_via2_3_2000_480_1_6_320_320,56.44,214.88
VIA_via2_3_2000_480_1_6_320_320_452,VIA_via2_3_2000_480_1_6_320_320,86.44,214.88
VIA_via2_3_2000_480_1_6_320_320_453,VIA_via2_3_2000_480_1_6_320_320,116.44,214.88
VIA_via2_3_2000_480_1_6_320_320_454,VIA_via2_3_2000_480_1_6_320_320,146.44,214.88
VIA_via2_3_2000_480_1_6_320_320_455,VIA_via2_3_2000_480_1_6_320_320,176.44,214.88
VIA_via2_3_2000_480_1_6_320_320_456,VIA_via2_3_2000_480_1_6_320_320,30.14,217.6
VIA_via2_3_2000_480_1_6_320_320_457,VIA_via2_3_2000_480_1_6_320_320,60.14,217.6
VIA_via2_3_2000_480_1_6_320_320_458,VIA_via2_3_2000_480_1_6_320_320,90.14,217.6
VIA_via2_3_2000_480_1_6_320_320_459,VIA_via2_3_2000_480_1_6_320_320,120.14,217.6
VIA_via2_3_2000_480_1_6_320_320_460,VIA_via2_3_2000_480_1_6_320_320,150.14000000000001,217.6
VIA_via2_3_2000_480_1_6_320_320_461,VIA_via2_3_2000_480_1_6_320_320,180.14000000000001,217.6
VIA_via2_3_2000_480_1_6_320_320_462,VIA_via2_3_2000_480_1_6_320_320,26.44,220.32
VIA_via2_3_2000_480_1_6_320_320_463,VIA_via2_3_2000_480_1_6_320_320,56.44,220.32
VIA_via2_3_2000_480_1_6_320_320_464,VIA_via2_3_2000_480_1_6_320_320,86.44,220.32
VIA_via2_3_2000_480_1_6_320_320_465,VIA_via2_3_2000_480_1_6_320_320,116.44,220.32
VIA_via2_3_2000_480_1_6_320_320_466,VIA_via2_3_2000_480_1_6_320_320,146.44,220.32
VIA_via2_3_2000_480_1_6_320_320_467,VIA_via2_3_2000_480_1_6_320_320,176.44,220.32
VIA_via2_3_2000_480_1_6_320_320_468,VIA_via2_3_2000_480_1_6_320_320,30.14,223.04
VIA_via2_3_2000_480_1_6_320_320_469,VIA_via2_3_2000_480_1_6_320_320,60.14,223.04
VIA_via2_3_2000_480_1_6_320_320_470,VIA_via2_3_2000_480_1_6_320_320,90.14,223.04
VIA_via2_3_2000_480_1_6_320_320_471,VIA_via2_3_2000_480_1_6_320_320,120.14,223.04
VIA_via2_3_2000_480_1_6_320_320_472,VIA_via2_3_2000_480_1_6_320_320,150.14000000000001,223.04
VIA_via2_3_2000_480_1_6_320_320_473,VIA_via2_3_2000_480_1_6_320_320,180.14000000000001,223.04
VIA_via2_3_2000_480_1_6_320_320_474,VIA_via2_3_2000_480_1_6_320_320,26.44,225.76
VIA_via2_3_2000_480_1_6_320_320_475,VIA_via2_3_2000_480_1_6_320_320,56.44,225.76
VIA_via2_3_2000_480_1_6_320_320_476,VIA_via2_3_2000_480_1_6_320_320,86.44,225.76
VIA_via2_3_2000_480_1_6_320_320_477,VIA_via2_3_2000_480_1_6_320_320,116.44,225.76
VIA_via2_3_2000_480_1_6_320_320_478,VIA_via2_3_2000_480_1_6_320_320,146.44,225.76
VIA_via2_3_2000_480_1_6_320_320_479,VIA_via2_3_2000_480_1_6_320_320,176.44,225.76
VIA_via2_3_2000_480_1_6_320_320_480,VIA_via2_3_2000_480_1_6_320_320,30.14,228.48000000000002
VIA_via2_3_2000_480_1_6_320_320_481,VIA_via2_3_2000_480_1_6_320_320,60.14,228.48000000000002
VIA_via2_3_2000_480_1_6_320_320_482,VIA_via2_3_2000_480_1_6_320_320,90.14,228.48000000000002
VIA_via2_3_2000_480_1_6_320_320_483,VIA_via2_3_2000_480_1_6_320_320,120.14,228.48000000000002
VIA_via2_3_2000_480_1_6_320_320_484,VIA_via2_3_2000_480_1_6_320_320,150.14000000000001,228.48000000000002
VIA_via2_3_2000_480_1_6_320_320_485,VIA_via2_3_2000_480_1_6_320_320,180.14000000000001,228.48000000000002
VIA_via2_3_2000_480_1_6_320_320_486,VIA_via2_3_2000_480_1_6_320_320,26.44,231.20000000000002
VIA_via2_3_2000_480_1_6_320_320_487,VIA_via2_3_2000_480_1_6_320_320,56.44,231.20000000000002
VIA_via2_3_2000_480_1_6_320_320_488,VIA_via2_3_2000_480_1_6_320_320,86.44,231.20000000000002
VIA_via2_3_2000_480_1_6_320_320_489,VIA_via2_3_2000_480_1_6_320_320,116.44,231.20000000000002
VIA_via2_3_2000_480_1_6_320_320_490,VIA_via2_3_2000_480_1_6_320_320,146.44,231.20000000000002
VIA_via2_3_2000_480_1_6_320_320_491,VIA_via2_3_2000_480_1_6_320_320,176.44,231.20000000000002
VIA_via2_3_2000_480_1_6_320_320_492,VIA_via2_3_2000_480_1_6_320_320,30.14,233.92000000000002
VIA_via2_3_2000_480_1_6_320_320_493,VIA_via2_3_2000_480_1_6_320_320,60.14,233.92000000000002
VIA_via2_3_2000_480_1_6_320_320_494,VIA_via2_3_2000_480_1_6_320_320,90.14,233.92000000000002
VIA_via2_3_2000_480_1_6_320_320_495,VIA_via2_3_2000_480_1_6_320_320,120.14,233.92000000000002
VIA_via2_3_2000_480_1_6_320_320_496,VIA_via2_3_2000_480_1_6_320_320,150.14000000000001,233.92000000000002
VIA_via2_3_2000_480_1_6_320_320_497,VIA_via2_3_2000_480_1_6_320_320,180.14000000000001,233.92000000000002
VIA_via2_3_2000_480_1_6_320_320_498,VIA_via2_3_2000_480_1_6_320_320,26.44,236.64000000000001
VIA_via2_3_2000_480_1_6_320_320_499,VIA_via2_3_2000_480_1_6_320_320,56.44,236.64000000000001
VIA_via2_3_2000_480_1_6_320_320_500,VIA_via2_3_2000_480_1_6_320_320,86.44,236.64000000000001
VIA_via2_3_2000_480_1_6_320_320_501,VIA_via2_3_2000_480_1_6_320_320,116.44,236.64000000000001
VIA_via2_3_2000_480_1_6_320_320_502,VIA_via2_3_2000_480_1_6_320_320,146.44,236.64000000000001
VIA_via2_3_2000_480_1_6_320_320_503,VIA_via2_3_2000_480_1_6_320_320,176.44,236.64000000000001
VIA_via2_3_2000_480_1_6_320_320_504,VIA_via2_3_2000_480_1_6_320_320,30.14,239.36
VIA_via2_3_2000_480_1_6_320_320_505,VIA_via2_3_2000_480_1_6_320_320,60.14,239.36
VIA_via2_3_2000_480_1_6_320_320_506,VIA_via2_3_2000_480_1_6_320_320,90.14,239.36
VIA_via2_3_2000_480_1_6_320_320_507,VIA_via2_3_2000_480_1_6_320_320,120.14,239.36
VIA_via2_3_2000_480_1_6_320_320_508,VIA_via2_3_2000_480_1_6_320_320,150.14000000000001,239.36
VIA_via2_3_2000_480_1_6_320_320_509,VIA_via2_3_2000_480_1_6_320_320,180.14000000000001,239.36
VIA_via2_3_2000_480_1_6_320_320_510,VIA_via2_3_2000_480_1_6_320_320,26.44,242.08
VIA_via2_3_2000_480_1_6_320_320_511,VIA_via2_3_2000_480_1_6_320_320,56.44,242.08
VIA_via2_3_2000_480_1_6_320_320_512,VIA_via2_3_2000_480_1_6_320_320,86.44,242.08
VIA_via2_3_2000_480_1_6_320_320_513,VIA_via2_3_2000_480_1_6_320_320,116.44,242.08
VIA_via2_3_2000_480_1_6_320_320_514,VIA_via2_3_2000_480_1_6_320_320,146.44,242.08
VIA_via2_3_2000_480_1_6_320_320_515,VIA_via2_3_2000_480_1_6_320_320,176.44,242.08
VIA_via2_3_2000_480_1_6_320_320_516,VIA_via2_3_2000_480_1_6_320_320,30.14,244.8
VIA_via2_3_2000_480_1_6_320_320_517,VIA_via2_3_2000_480_1_6_320_320,60.14,244.8
VIA_via2_3_2000_480_1_6_320_320_518,VIA_via2_3_2000_480_1_6_320_320,90.14,244.8
VIA_via2_3_2000_480_1_6_320_320_519,VIA_via2_3_2000_480_1_6_320_320,120.14,244.8
VIA_via2_3_2000_480_1_6_320_320_520,VIA_via2_3_2000_480_1_6_320_320,150.14000000000001,244.8
VIA_via2_3_2000_480_1_6_320_320_521,VIA_via2_3_2000_480_1_6_320_320,180.14000000000001,244.8
VIA_via2_3_2000_480_1_6_320_320_522,VIA_via2_3_2000_480_1_6_320_320,26.44,247.52
VIA_via2_3_2000_480_1_6_320_320_523,VIA_via2_3_2000_480_1_6_320_320,56.44,247.52
VIA_via2_3_2000_480_1_6_320_320_524,VIA_via2_3_2000_480_1_6_320_320,86.44,247.52
VIA_via2_3_2000_480_1_6_320_320_525,VIA_via2_3_2000_480_1_6_320_320,116.44,247.52
VIA_via2_3_2000_480_1_6_320_320_526,VIA_via2_3_2000_480_1_6_320_320,146.44,247.52
VIA_via2_3_2000_480_1_6_320_320_527,VIA_via2_3_2000_480_1_6_320_320,176.44,247.52
VIA_via2_3_2000_480_1_6_320_320_528,VIA_via2_3_2000_480_1_6_320_320,30.14,250.24
VIA_via2_3_2000_480_1_6_320_320_529,VIA_via2_3_2000_480_1_6_320_320,60.14,250.24
VIA_via2_3_2000_480_1_6_320_320_530,VIA_via2_3_2000_480_1_6_320_320,90.14,250.24
VIA_via2_3_2000_480_1_6_320_320_531,VIA_via2_3_2000_480_1_6_320_320,120.14,250.24
VIA_via2_3_2000_480_1_6_320_320_532,VIA_via2_3_2000_480_1_6_320_320,150.14000000000001,250.24
VIA_via2_3_2000_480_1_6_320_320_533,VIA_via2_3_2000_480_1_6_320_320,180.14000000000001,250.24
VIA_via2_3_2000_480_1_6_320_320_534,VIA_via2_3_2000_480_1_6_320_320,26.44,252.96
VIA_via2_3_2000_480_1_6_320_320_535,VIA_via2_3_2000_480_1_6_320_320,56.44,252.96
VIA_via2_3_2000_480_1_6_320_320_536,VIA_via2_3_2000_480_1_6_320_320,86.44,252.96
VIA_via2_3_2000_480_1_6_320_320_537,VIA_via2_3_2000_480_1_6_320_320,116.44,252.96
VIA_via2_3_2000_480_1_6_320_320_538,VIA_via2_3_2000_480_1_6_320_320,146.44,252.96
VIA_via2_3_2000_480_1_6_320_320_539,VIA_via2_3_2000_480_1_6_320_320,176.44,252.96
VIA_via2_3_2000_480_1_6_320_320_540,VIA_via2_3_2000_480_1_6_320_320,30.14,255.68
VIA_via2_3_2000_480_1_6_320_320_541,VIA_via2_3_2000_480_1_6_320_320,60.14,255.68
VIA_via2_3_2000_480_1_6_320_320_542,VIA_via2_3_2000_480_1_6_320_320,90.14,255.68
VIA_via2_3_2000_480_1_6_320_320_543,VIA_via2_3_2000_480_1_6_320_320,120.14,255.68
VIA_via2_3_2000_480_1_6_320_320_544,VIA_via2_3_2000_480_1_6_320_320,150.14000000000001,255.68
VIA_via2_3_2000_480_1_6_320_320_545,VIA_via2_3_2000_480_1_6_320_320,180.14000000000001,255.68
VIA_via2_3_2000_480_1_6_320_320_546,VIA_via2_3_2000_480_1_6_320_320,26.44,258.4
VIA_via2_3_2000_480_1_6_320_320_547,VIA_via2_3_2000_480_1_6_320_320,56.44,258.4
VIA_via2_3_2000_480_1_6_320_320_548,VIA_via2_3_2000_480_1_6_320_320,86.44,258.4
VIA_via2_3_2000_480_1_6_320_320_549,VIA_via2_3_2000_480_1_6_320_320,116.44,258.4
VIA_via2_3_2000_480_1_6_320_320_550,VIA_via2_3_2000_480_1_6_320_320,146.44,258.4
VIA_via2_3_2000_480_1_6_320_320_551,VIA_via2_3_2000_480_1_6_320_320,176.44,258.4
VIA_via2_3_2000_480_1_6_320_320_552,VIA_via2_3_2000_480_1_6_320_320,30.14,261.12
VIA_via2_3_2000_480_1_6_320_320_553,VIA_via2_3_2000_480_1_6_320_320,60.14,261.12
VIA_via2_3_2000_480_1_6_320_320_554,VIA_via2_3_2000_480_1_6_320_320,90.14,261.12
VIA_via2_3_2000_480_1_6_320_320_555,VIA_via2_3_2000_480_1_6_320_320,120.14,261.12
VIA_via2_3_2000_480_1_6_320_320_556,VIA_via2_3_2000_480_1_6_320_320,150.14000000000001,261.12
VIA_via2_3_2000_480_1_6_320_320_557,VIA_via2_3_2000_480_1_6_320_320,180.14000000000001,261.12
VIA_via2_3_2000_480_1_6_320_320_558,VIA_via2_3_2000_480_1_6_320_320,26.44,263.84000000000003
VIA_via2_3_2000_480_1_6_320_320_559,VIA_via2_3_2000_480_1_6_320_320,56.44,263.84000000000003
VIA_via2_3_2000_480_1_6_320_320_560,VIA_via2_3_2000_480_1_6_320_320,86.44,263.84000000000003
VIA_via2_3_2000_480_1_6_320_320_561,VIA_via2_3_2000_480_1_6_320_320,116.44,263.84000000000003
VIA_via2_3_2000_480_1_6_320_320_562,VIA_via2_3_2000_480_1_6_320_320,146.44,263.84000000000003
VIA_via2_3_2000_480_1_6_320_320_563,VIA_via2_3_2000_480_1_6_320_320,176.44,263.84000000000003
VIA_via2_3_2000_480_1_6_320_320_564,VIA_via2_3_2000_480_1_6_320_320,30.14,266.56
VIA_via2_3_2000_480_1_6_320_320_565,VIA_via2_3_2000_480_1_6_320_320,60.14,266.56
VIA_via2_3_2000_480_1_6_320_320_566,VIA_via2_3_2000_480_1_6_320_320,90.14,266.56
VIA_via2_3_2000_480_1_6_320_320_567,VIA_via2_3_2000_480_1_6_320_320,120.14,266.56
VIA_via2_3_2000_480_1_6_320_320_568,VIA_via2_3_2000_480_1_6_320_320,150.14000000000001,266.56
VIA_via2_3_2000_480_1_6_320_320_569,VIA_via2_3_2000_480_1_6_320_320,180.14000000000001,266.56
VIA_via2_3_2000_480_1_6_320_320_570,VIA_via2_3_2000_480_1_6_320_320,26.44,269.28000000000003
VIA_via2_3_2000_480_1_6_320_320_571,VIA_via2_3_2000_480_1_6_320_320,56.44,269.28000000000003
VIA_via2_3_2000_480_1_6_320_320_572,VIA_via2_3_2000_480_1_6_320_320,86.44,269.28000000000003
VIA_via2_3_2000_480_1_6_320_320_573,VIA_via2_3_2000_480_1_6_320_320,116.44,269.28000000000003
VIA_via2_3_2000_480_1_6_320_320_574,VIA_via2_3_2000_480_1_6_320_320,146.44,269.28000000000003
VIA_via2_3_2000_480_1_6_320_320_575,VIA_via2_3_2000_480_1_6_320_320,176.44,269.28000000000003
VIA_via2_3_2000_480_1_6_320_320_576,VIA_via2_3_2000_480_1_6_320_320,30.14,272.0
VIA_via2_3_2000_480_1_6_320_320_577,VIA_via2_3_2000_480_1_6_320_320,60.14,272.0
VIA_via2_3_2000_480_1_6_320_320_578,VIA_via2_3_2000_480_1_6_320_320,90.14,272.0
VIA_via2_3_2000_480_1_6_320_320_579,VIA_via2_3_2000_480_1_6_320_320,120.14,272.0
VIA_via2_3_2000_480_1_6_320_320_580,VIA_via2_3_2000_480_1_6_320_320,150.14000000000001,272.0
VIA_via2_3_2000_480_1_6_320_320_581,VIA_via2_3_2000_480_1_6_320_320,180.14000000000001,272.0
VIA_via2_3_2000_480_1_6_320_320_582,VIA_via2_3_2000_480_1_6_320_320,26.44,274.72
VIA_via2_3_2000_480_1_6_320_320_583,VIA_via2_3_2000_480_1_6_320_320,56.44,274.72
VIA_via2_3_2000_480_1_6_320_320_584,VIA_via2_3_2000_480_1_6_320_320,86.44,274.72
VIA_via2_3_2000_480_1_6_320_320_585,VIA_via2_3_2000_480_1_6_320_320,116.44,274.72
VIA_via2_3_2000_480_1_6_320_320_586,VIA_via2_3_2000_480_1_6_320_320,146.44,274.72
VIA_via2_3_2000_480_1_6_320_320_587,VIA_via2_3_2000_480_1_6_320_320,176.44,274.72
VIA_via2_3_2000_480_1_6_320_320_588,VIA_via2_3_2000_480_1_6_320_320,30.14,277.44
VIA_via2_3_2000_480_1_6_320_320_589,VIA_via2_3_2000_480_1_6_320_320,60.14,277.44
VIA_via2_3_2000_480_1_6_320_320_590,VIA_via2_3_2000_480_1_6_320_320,90.14,277.44
VIA_via2_3_2000_480_1_6_320_320_591,VIA_via2_3_2000_480_1_6_320_320,120.14,277.44
VIA_via2_3_2000_480_1_6_320_320_592,VIA_via2_3_2000_480_1_6_320_320,150.14000000000001,277.44
VIA_via2_3_2000_480_1_6_320_320_593,VIA_via2_3_2000_480_1_6_320_320,180.14000000000001,277.44
VIA_via2_3_2000_480_1_6_320_320_594,VIA_via2_3_2000_480_1_6_320_320,26.44,280.16
VIA_via2_3_2000_480_1_6_320_320_595,VIA_via2_3_2000_480_1_6_320_320,56.44,280.16
VIA_via2_3_2000_480_1_6_320_320_596,VIA_via2_3_2000_480_1_6_320_320,86.44,280.16
VIA_via2_3_2000_480_1_6_320_320_597,VIA_via2_3_2000_480_1_6_320_320,116.44,280.16
VIA_via2_3_2000_480_1_6_320_320_598,VIA_via2_3_2000_480_1_6_320_320,146.44,280.16
VIA_via2_3_2000_480_1_6_320_320_599,VIA_via2_3_2000_480_1_6_320_320,176.44,280.16
VIA_via2_3_2000_480_1_6_320_320_600,VIA_via2_3_2000_480_1_6_320_320,30.14,282.88
VIA_via2_3_2000_480_1_6_320_320_601,VIA_via2_3_2000_480_1_6_320_320,60.14,282.88
VIA_via2_3_2000_480_1_6_320_320_602,VIA_via2_3_2000_480_1_6_320_320,90.14,282.88
VIA_via2_3_2000_480_1_6_320_320_603,VIA_via2_3_2000_480_1_6_320_320,120.14,282.88
VIA_via2_3_2000_480_1_6_320_320_604,VIA_via2_3_2000_480_1_6_320_320,150.14000000000001,282.88
VIA_via2_3_2000_480_1_6_320_320_605,VIA_via2_3_2000_480_1_6_320_320,180.14000000000001,282.88
VIA_via2_3_2000_480_1_6_320_320_606,VIA_via2_3_2000_480_1_6_320_320,26.44,285.6
VIA_via2_3_2000_480_1_6_320_320_607,VIA_via2_3_2000_480_1_6_320_320,56.44,285.6
VIA_via2_3_2000_480_1_6_320_320_608,VIA_via2_3_2000_480_1_6_320_320,86.44,285.6
VIA_via2_3_2000_480_1_6_320_320_609,VIA_via2_3_2000_480_1_6_320_320,116.44,285.6
VIA_via2_3_2000_480_1_6_320_320_610,VIA_via2_3_2000_480_1_6_320_320,146.44,285.6
VIA_via2_3_2000_480_1_6_320_320_611,VIA_via2_3_2000_480_1_6_320_320,176.44,285.6
VIA_via2_3_2000_480_1_6_320_320_612,VIA_via2_3_2000_480_1_6_320_320,30.14,288.32
VIA_via2_3_2000_480_1_6_320_320_613,VIA_via2_3_2000_480_1_6_320_320,60.14,288.32
VIA_via2_3_2000_480_1_6_320_320_614,VIA_via2_3_2000_480_1_6_320_320,90.14,288.32
VIA_via2_3_2000_480_1_6_320_320_615,VIA_via2_3_2000_480_1_6_320_320,120.14,288.32
VIA_via2_3_2000_480_1_6_320_320_616,VIA_via2_3_2000_480_1_6_320_320,150.14000000000001,288.32
VIA_via2_3_2000_480_1_6_320_320_617,VIA_via2_3_2000_480_1_6_320_320,180.14000000000001,288.32
VIA_via3_4_2000_480_1_5_400_400_0,VIA_via3_4_2000_480_1_5_400_400,30.14,10.88
VIA_via3_4_2000_480_1_5_400_400_1,VIA_via3_4_2000_480_1_5_400_400,60.14,10.88
VIA_via3_4_2000_480_1_5_400_400_2,VIA_via3_4_2000_480_1_5_400_400,90.14,10.88
VIA_via3_4_2000_480_1_5_400_400_3,VIA_via3_4_2000_480_1_5_400_400,120.14,10.88
VIA_via3_4_2000_480_1_5_400_400_4,VIA_via3_4_2000_480_1_5_400_400,150.14000000000001,10.88
VIA_via3_4_2000_480_1_5_400_400_5,VIA_via3_4_2000_480_1_5_400_400,180.14000000000001,10.88
VIA_via3_4_2000_480_1_5_400_400_6,VIA_via3_4_2000_480_1_5_400_400,26.44,13.6
VIA_via3_4_2000_480_1_5_400_400_7,VIA_via3_4_2000_480_1_5_400_400,56.44,13.6
VIA_via3_4_2000_480_1_5_400_400_8,VIA_via3_4_2000_480_1_5_400_400,86.44,13.6
VIA_via3_4_2000_480_1_5_400_400_9,VIA_via3_4_2000_480_1_5_400_400,116.44,13.6
VIA_via3_4_2000_480_1_5_400_400_10,VIA_via3_4_2000_480_1_5_400_400,146.44,13.6
VIA_via3_4_2000_480_1_5_400_400_11,VIA_via3_4_2000_480_1_5_400_400,176.44,13.6
VIA_via3_4_2000_480_1_5_400_400_12,VIA_via3_4_2000_480_1_5_400_400,30.14,16.32
VIA_via3_4_2000_480_1_5_400_400_13,VIA_via3_4_2000_480_1_5_400_400,60.14,16.32
VIA_via3_4_2000_480_1_5_400_400_14,VIA_via3_4_2000_480_1_5_400_400,90.14,16.32
VIA_via3_4_2000_480_1_5_400_400_15,VIA_via3_4_2000_480_1_5_400_400,120.14,16.32
VIA_via3_4_2000_480_1_5_400_400_16,VIA_via3_4_2000_480_1_5_400_400,150.14000000000001,16.32
VIA_via3_4_2000_480_1_5_400_400_17,VIA_via3_4_2000_480_1_5_400_400,180.14000000000001,16.32
VIA_via3_4_2000_480_1_5_400_400_18,VIA_via3_4_2000_480_1_5_400_400,26.44,19.04
VIA_via3_4_2000_480_1_5_400_400_19,VIA_via3_4_2000_480_1_5_400_400,56.44,19.04
VIA_via3_4_2000_480_1_5_400_400_20,VIA_via3_4_2000_480_1_5_400_400,86.44,19.04
VIA_via3_4_2000_480_1_5_400_400_21,VIA_via3_4_2000_480_1_5_400_400,116.44,19.04
VIA_via3_4_2000_480_1_5_400_400_22,VIA_via3_4_2000_480_1_5_400_400,146.44,19.04
VIA_via3_4_2000_480_1_5_400_400_23,VIA_via3_4_2000_480_1_5_400_400,176.44,19.04
VIA_via3_4_2000_480_1_5_400_400_24,VIA_via3_4_2000_480_1_5_400_400,30.14,21.76
VIA_via3_4_2000_480_1_5_400_400_25,VIA_via3_4_2000_480_1_5_400_400,60.14,21.76
VIA_via3_4_2000_480_1_5_400_400_26,VIA_via3_4_2000_480_1_5_400_400,90.14,21.76
VIA_via3_4_2000_480_1_5_400_400_27,VIA_via3_4_2000_480_1_5_400_400,120.14,21.76
VIA_via3_4_2000_480_1_5_400_400_28,VIA_via3_4_2000_480_1_5_400_400,150.14000000000001,21.76
VIA_via3_4_2000_480_1_5_400_400_29,VIA_via3_4_2000_480_1_5_400_400,180.14000000000001,21.76
VIA_via3_4_2000_480_1_5_400_400_30,VIA_via3_4_2000_480_1_5_400_400,26.44,24.48
VIA_via3_4_2000_480_1_5_400_400_31,VIA_via3_4_2000_480_1_5_400_400,56.44,24.48
VIA_via3_4_2000_480_1_5_400_400_32,VIA_via3_4_2000_480_1_5_400_400,86.44,24.48
VIA_via3_4_2000_480_1_5_400_400_33,VIA_via3_4_2000_480_1_5_400_400,116.44,24.48
VIA_via3_4_2000_480_1_5_400_400_34,VIA_via3_4_2000_480_1_5_400_400,146.44,24.48
VIA_via3_4_2000_480_1_5_400_400_35,VIA_via3_4_2000_480_1_5_400_400,176.44,24.48
VIA_via3_4_2000_480_1_5_400_400_36,VIA_via3_4_2000_480_1_5_400_400,30.14,27.2
VIA_via3_4_2000_480_1_5_400_400_37,VIA_via3_4_2000_480_1_5_400_400,60.14,27.2
VIA_via3_4_2000_480_1_5_400_400_38,VIA_via3_4_2000_480_1_5_400_400,90.14,27.2
VIA_via3_4_2000_480_1_5_400_400_39,VIA_via3_4_2000_480_1_5_400_400,120.14,27.2
VIA_via3_4_2000_480_1_5_400_400_40,VIA_via3_4_2000_480_1_5_400_400,150.14000000000001,27.2
VIA_via3_4_2000_480_1_5_400_400_41,VIA_via3_4_2000_480_1_5_400_400,180.14000000000001,27.2
VIA_via3_4_2000_480_1_5_400_400_42,VIA_via3_4_2000_480_1_5_400_400,26.44,29.92
VIA_via3_4_2000_480_1_5_400_400_43,VIA_via3_4_2000_480_1_5_400_400,56.44,29.92
VIA_via3_4_2000_480_1_5_400_400_44,VIA_via3_4_2000_480_1_5_400_400,86.44,29.92
VIA_via3_4_2000_480_1_5_400_400_45,VIA_via3_4_2000_480_1_5_400_400,116.44,29.92
VIA_via3_4_2000_480_1_5_400_400_46,VIA_via3_4_2000_480_1_5_400_400,146.44,29.92
VIA_via3_4_2000_480_1_5_400_400_47,VIA_via3_4_2000_480_1_5_400_400,176.44,29.92
VIA_via3_4_2000_480_1_5_400_400_48,VIA_via3_4_2000_480_1_5_400_400,30.14,32.64
VIA_via3_4_2000_480_1_5_400_400_49,VIA_via3_4_2000_480_1_5_400_400,60.14,32.64
VIA_via3_4_2000_480_1_5_400_400_50,VIA_via3_4_2000_480_1_5_400_400,90.14,32.64
VIA_via3_4_2000_480_1_5_400_400_51,VIA_via3_4_2000_480_1_5_400_400,120.14,32.64
VIA_via3_4_2000_480_1_5_400_400_52,VIA_via3_4_2000_480_1_5_400_400,150.14000000000001,32.64
VIA_via3_4_2000_480_1_5_400_400_53,VIA_via3_4_2000_480_1_5_400_400,180.14000000000001,32.64
VIA_via3_4_2000_480_1_5_400_400_54,VIA_via3_4_2000_480_1_5_400_400,26.44,35.36
VIA_via3_4_2000_480_1_5_400_400_55,VIA_via3_4_2000_480_1_5_400_400,56.44,35.36
VIA_via3_4_2000_480_1_5_400_400_56,VIA_via3_4_2000_480_1_5_400_400,86.44,35.36
VIA_via3_4_2000_480_1_5_400_400_57,VIA_via3_4_2000_480_1_5_400_400,116.44,35.36
VIA_via3_4_2000_480_1_5_400_400_58,VIA_via3_4_2000_480_1_5_400_400,146.44,35.36
VIA_via3_4_2000_480_1_5_400_400_59,VIA_via3_4_2000_480_1_5_400_400,176.44,35.36
VIA_via3_4_2000_480_1_5_400_400_60,VIA_via3_4_2000_480_1_5_400_400,30.14,38.08
VIA_via3_4_2000_480_1_5_400_400_61,VIA_via3_4_2000_480_1_5_400_400,60.14,38.08
VIA_via3_4_2000_480_1_5_400_400_62,VIA_via3_4_2000_480_1_5_400_400,90.14,38.08
VIA_via3_4_2000_480_1_5_400_400_63,VIA_via3_4_2000_480_1_5_400_400,120.14,38.08
VIA_via3_4_2000_480_1_5_400_400_64,VIA_via3_4_2000_480_1_5_400_400,150.14000000000001,38.08
VIA_via3_4_2000_480_1_5_400_400_65,VIA_via3_4_2000_480_1_5_400_400,180.14000000000001,38.08
VIA_via3_4_2000_480_1_5_400_400_66,VIA_via3_4_2000_480_1_5_400_400,26.44,40.800000000000004
VIA_via3_4_2000_480_1_5_400_400_67,VIA_via3_4_2000_480_1_5_400_400,56.44,40.800000000000004
VIA_via3_4_2000_480_1_5_400_400_68,VIA_via3_4_2000_480_1_5_400_400,86.44,40.800000000000004
VIA_via3_4_2000_480_1_5_400_400_69,VIA_via3_4_2000_480_1_5_400_400,116.44,40.800000000000004
VIA_via3_4_2000_480_1_5_400_400_70,VIA_via3_4_2000_480_1_5_400_400,146.44,40.800000000000004
VIA_via3_4_2000_480_1_5_400_400_71,VIA_via3_4_2000_480_1_5_400_400,176.44,40.800000000000004
VIA_via3_4_2000_480_1_5_400_400_72,VIA_via3_4_2000_480_1_5_400_400,30.14,43.52
VIA_via3_4_2000_480_1_5_400_400_73,VIA_via3_4_2000_480_1_5_400_400,60.14,43.52
VIA_via3_4_2000_480_1_5_400_400_74,VIA_via3_4_2000_480_1_5_400_400,90.14,43.52
VIA_via3_4_2000_480_1_5_400_400_75,VIA_via3_4_2000_480_1_5_400_400,120.14,43.52
VIA_via3_4_2000_480_1_5_400_400_76,VIA_via3_4_2000_480_1_5_400_400,150.14000000000001,43.52
VIA_via3_4_2000_480_1_5_400_400_77,VIA_via3_4_2000_480_1_5_400_400,180.14000000000001,43.52
VIA_via3_4_2000_480_1_5_400_400_78,VIA_via3_4_2000_480_1_5_400_400,26.44,46.24
VIA_via3_4_2000_480_1_5_400_400_79,VIA_via3_4_2000_480_1_5_400_400,56.44,46.24
VIA_via3_4_2000_480_1_5_400_400_80,VIA_via3_4_2000_480_1_5_400_400,86.44,46.24
VIA_via3_4_2000_480_1_5_400_400_81,VIA_via3_4_2000_480_1_5_400_400,116.44,46.24
VIA_via3_4_2000_480_1_5_400_400_82,VIA_via3_4_2000_480_1_5_400_400,146.44,46.24
VIA_via3_4_2000_480_1_5_400_400_83,VIA_via3_4_2000_480_1_5_400_400,176.44,46.24
VIA_via3_4_2000_480_1_5_400_400_84,VIA_via3_4_2000_480_1_5_400_400,30.14,48.96
VIA_via3_4_2000_480_1_5_400_400_85,VIA_via3_4_2000_480_1_5_400_400,60.14,48.96
VIA_via3_4_2000_480_1_5_400_400_86,VIA_via3_4_2000_480_1_5_400_400,90.14,48.96
VIA_via3_4_2000_480_1_5_400_400_87,VIA_via3_4_2000_480_1_5_400_400,120.14,48.96
VIA_via3_4_2000_480_1_5_400_400_88,VIA_via3_4_2000_480_1_5_400_400,150.14000000000001,48.96
VIA_via3_4_2000_480_1_5_400_400_89,VIA_via3_4_2000_480_1_5_400_400,180.14000000000001,48.96
VIA_via3_4_2000_480_1_5_400_400_90,VIA_via3_4_2000_480_1_5_400_400,26.44,51.68
VIA_via3_4_2000_480_1_5_400_400_91,VIA_via3_4_2000_480_1_5_400_400,56.44,51.68
VIA_via3_4_2000_480_1_5_400_400_92,VIA_via3_4_2000_480_1_5_400_400,86.44,51.68
VIA_via3_4_2000_480_1_5_400_400_93,VIA_via3_4_2000_480_1_5_400_400,116.44,51.68
VIA_via3_4_2000_480_1_5_400_400_94,VIA_via3_4_2000_480_1_5_400_400,146.44,51.68
VIA_via3_4_2000_480_1_5_400_400_95,VIA_via3_4_2000_480_1_5_400_400,176.44,51.68
VIA_via3_4_2000_480_1_5_400_400_96,VIA_via3_4_2000_480_1_5_400_400,30.14,54.4
VIA_via3_4_2000_480_1_5_400_400_97,VIA_via3_4_2000_480_1_5_400_400,60.14,54.4
VIA_via3_4_2000_480_1_5_400_400_98,VIA_via3_4_2000_480_1_5_400_400,90.14,54.4
VIA_via3_4_2000_480_1_5_400_400_99,VIA_via3_4_2000_480_1_5_400_400,120.14,54.4
VIA_via3_4_2000_480_1_5_400_400_100,VIA_via3_4_2000_480_1_5_400_400,150.14000000000001,54.4
VIA_via3_4_2000_480_1_5_400_400_101,VIA_via3_4_2000_480_1_5_400_400,180.14000000000001,54.4
VIA_via3_4_2000_480_1_5_400_400_102,VIA_via3_4_2000_480_1_5_400_400,26.44,57.120000000000005
VIA_via3_4_2000_480_1_5_400_400_103,VIA_via3_4_2000_480_1_5_400_400,56.44,57.120000000000005
VIA_via3_4_2000_480_1_5_400_400_104,VIA_via3_4_2000_480_1_5_400_400,86.44,57.120000000000005
VIA_via3_4_2000_480_1_5_400_400_105,VIA_via3_4_2000_480_1_5_400_400,116.44,57.120000000000005
VIA_via3_4_2000_480_1_5_400_400_106,VIA_via3_4_2000_480_1_5_400_400,146.44,57.120000000000005
VIA_via3_4_2000_480_1_5_400_400_107,VIA_via3_4_2000_480_1_5_400_400,176.44,57.120000000000005
VIA_via3_4_2000_480_1_5_400_400_108,VIA_via3_4_2000_480_1_5_400_400,30.14,59.84
VIA_via3_4_2000_480_1_5_400_400_109,VIA_via3_4_2000_480_1_5_400_400,60.14,59.84
VIA_via3_4_2000_480_1_5_400_400_110,VIA_via3_4_2000_480_1_5_400_400,90.14,59.84
VIA_via3_4_2000_480_1_5_400_400_111,VIA_via3_4_2000_480_1_5_400_400,120.14,59.84
VIA_via3_4_2000_480_1_5_400_400_112,VIA_via3_4_2000_480_1_5_400_400,150.14000000000001,59.84
VIA_via3_4_2000_480_1_5_400_400_113,VIA_via3_4_2000_480_1_5_400_400,180.14000000000001,59.84
VIA_via3_4_2000_480_1_5_400_400_114,VIA_via3_4_2000_480_1_5_400_400,26.44,62.56
VIA_via3_4_2000_480_1_5_400_400_115,VIA_via3_4_2000_480_1_5_400_400,56.44,62.56
VIA_via3_4_2000_480_1_5_400_400_116,VIA_via3_4_2000_480_1_5_400_400,86.44,62.56
VIA_via3_4_2000_480_1_5_400_400_117,VIA_via3_4_2000_480_1_5_400_400,116.44,62.56
VIA_via3_4_2000_480_1_5_400_400_118,VIA_via3_4_2000_480_1_5_400_400,146.44,62.56
VIA_via3_4_2000_480_1_5_400_400_119,VIA_via3_4_2000_480_1_5_400_400,176.44,62.56
VIA_via3_4_2000_480_1_5_400_400_120,VIA_via3_4_2000_480_1_5_400_400,30.14,65.28
VIA_via3_4_2000_480_1_5_400_400_121,VIA_via3_4_2000_480_1_5_400_400,60.14,65.28
VIA_via3_4_2000_480_1_5_400_400_122,VIA_via3_4_2000_480_1_5_400_400,90.14,65.28
VIA_via3_4_2000_480_1_5_400_400_123,VIA_via3_4_2000_480_1_5_400_400,120.14,65.28
VIA_via3_4_2000_480_1_5_400_400_124,VIA_via3_4_2000_480_1_5_400_400,150.14000000000001,65.28
VIA_via3_4_2000_480_1_5_400_400_125,VIA_via3_4_2000_480_1_5_400_400,180.14000000000001,65.28
VIA_via3_4_2000_480_1_5_400_400_126,VIA_via3_4_2000_480_1_5_400_400,26.44,68.0
VIA_via3_4_2000_480_1_5_400_400_127,VIA_via3_4_2000_480_1_5_400_400,56.44,68.0
VIA_via3_4_2000_480_1_5_400_400_128,VIA_via3_4_2000_480_1_5_400_400,86.44,68.0
VIA_via3_4_2000_480_1_5_400_400_129,VIA_via3_4_2000_480_1_5_400_400,116.44,68.0
VIA_via3_4_2000_480_1_5_400_400_130,VIA_via3_4_2000_480_1_5_400_400,146.44,68.0
VIA_via3_4_2000_480_1_5_400_400_131,VIA_via3_4_2000_480_1_5_400_400,176.44,68.0
VIA_via3_4_2000_480_1_5_400_400_132,VIA_via3_4_2000_480_1_5_400_400,30.14,70.72
VIA_via3_4_2000_480_1_5_400_400_133,VIA_via3_4_2000_480_1_5_400_400,60.14,70.72
VIA_via3_4_2000_480_1_5_400_400_134,VIA_via3_4_2000_480_1_5_400_400,90.14,70.72
VIA_via3_4_2000_480_1_5_400_400_135,VIA_via3_4_2000_480_1_5_400_400,120.14,70.72
VIA_via3_4_2000_480_1_5_400_400_136,VIA_via3_4_2000_480_1_5_400_400,150.14000000000001,70.72
VIA_via3_4_2000_480_1_5_400_400_137,VIA_via3_4_2000_480_1_5_400_400,180.14000000000001,70.72
VIA_via3_4_2000_480_1_5_400_400_138,VIA_via3_4_2000_480_1_5_400_400,26.44,73.44
VIA_via3_4_2000_480_1_5_400_400_139,VIA_via3_4_2000_480_1_5_400_400,56.44,73.44
VIA_via3_4_2000_480_1_5_400_400_140,VIA_via3_4_2000_480_1_5_400_400,86.44,73.44
VIA_via3_4_2000_480_1_5_400_400_141,VIA_via3_4_2000_480_1_5_400_400,116.44,73.44
VIA_via3_4_2000_480_1_5_400_400_142,VIA_via3_4_2000_480_1_5_400_400,146.44,73.44
VIA_via3_4_2000_480_1_5_400_400_143,VIA_via3_4_2000_480_1_5_400_400,176.44,73.44
VIA_via3_4_2000_480_1_5_400_400_144,VIA_via3_4_2000_480_1_5_400_400,30.14,76.16
VIA_via3_4_2000_480_1_5_400_400_145,VIA_via3_4_2000_480_1_5_400_400,60.14,76.16
VIA_via3_4_2000_480_1_5_400_400_146,VIA_via3_4_2000_480_1_5_400_400,90.14,76.16
VIA_via3_4_2000_480_1_5_400_400_147,VIA_via3_4_2000_480_1_5_400_400,120.14,76.16
VIA_via3_4_2000_480_1_5_400_400_148,VIA_via3_4_2000_480_1_5_400_400,150.14000000000001,76.16
VIA_via3_4_2000_480_1_5_400_400_149,VIA_via3_4_2000_480_1_5_400_400,180.14000000000001,76.16
VIA_via3_4_2000_480_1_5_400_400_150,VIA_via3_4_2000_480_1_5_400_400,26.44,78.88
VIA_via3_4_2000_480_1_5_400_400_151,VIA_via3_4_2000_480_1_5_400_400,56.44,78.88
VIA_via3_4_2000_480_1_5_400_400_152,VIA_via3_4_2000_480_1_5_400_400,86.44,78.88
VIA_via3_4_2000_480_1_5_400_400_153,VIA_via3_4_2000_480_1_5_400_400,116.44,78.88
VIA_via3_4_2000_480_1_5_400_400_154,VIA_via3_4_2000_480_1_5_400_400,146.44,78.88
VIA_via3_4_2000_480_1_5_400_400_155,VIA_via3_4_2000_480_1_5_400_400,176.44,78.88
VIA_via3_4_2000_480_1_5_400_400_156,VIA_via3_4_2000_480_1_5_400_400,30.14,81.60000000000001
VIA_via3_4_2000_480_1_5_400_400_157,VIA_via3_4_2000_480_1_5_400_400,60.14,81.60000000000001
VIA_via3_4_2000_480_1_5_400_400_158,VIA_via3_4_2000_480_1_5_400_400,90.14,81.60000000000001
VIA_via3_4_2000_480_1_5_400_400_159,VIA_via3_4_2000_480_1_5_400_400,120.14,81.60000000000001
VIA_via3_4_2000_480_1_5_400_400_160,VIA_via3_4_2000_480_1_5_400_400,150.14000000000001,81.60000000000001
VIA_via3_4_2000_480_1_5_400_400_161,VIA_via3_4_2000_480_1_5_400_400,180.14000000000001,81.60000000000001
VIA_via3_4_2000_480_1_5_400_400_162,VIA_via3_4_2000_480_1_5_400_400,26.44,84.32000000000001
VIA_via3_4_2000_480_1_5_400_400_163,VIA_via3_4_2000_480_1_5_400_400,56.44,84.32000000000001
VIA_via3_4_2000_480_1_5_400_400_164,VIA_via3_4_2000_480_1_5_400_400,86.44,84.32000000000001
VIA_via3_4_2000_480_1_5_400_400_165,VIA_via3_4_2000_480_1_5_400_400,116.44,84.32000000000001
VIA_via3_4_2000_480_1_5_400_400_166,VIA_via3_4_2000_480_1_5_400_400,146.44,84.32000000000001
VIA_via3_4_2000_480_1_5_400_400_167,VIA_via3_4_2000_480_1_5_400_400,176.44,84.32000000000001
VIA_via3_4_2000_480_1_5_400_400_168,VIA_via3_4_2000_480_1_5_400_400,30.14,87.04
VIA_via3_4_2000_480_1_5_400_400_169,VIA_via3_4_2000_480_1_5_400_400,60.14,87.04
VIA_via3_4_2000_480_1_5_400_400_170,VIA_via3_4_2000_480_1_5_400_400,90.14,87.04
VIA_via3_4_2000_480_1_5_400_400_171,VIA_via3_4_2000_480_1_5_400_400,120.14,87.04
VIA_via3_4_2000_480_1_5_400_400_172,VIA_via3_4_2000_480_1_5_400_400,150.14000000000001,87.04
VIA_via3_4_2000_480_1_5_400_400_173,VIA_via3_4_2000_480_1_5_400_400,180.14000000000001,87.04
VIA_via3_4_2000_480_1_5_400_400_174,VIA_via3_4_2000_480_1_5_400_400,26.44,89.76
VIA_via3_4_2000_480_1_5_400_400_175,VIA_via3_4_2000_480_1_5_400_400,56.44,89.76
VIA_via3_4_2000_480_1_5_400_400_176,VIA_via3_4_2000_480_1_5_400_400,86.44,89.76
VIA_via3_4_2000_480_1_5_400_400_177,VIA_via3_4_2000_480_1_5_400_400,116.44,89.76
VIA_via3_4_2000_480_1_5_400_400_178,VIA_via3_4_2000_480_1_5_400_400,146.44,89.76
VIA_via3_4_2000_480_1_5_400_400_179,VIA_via3_4_2000_480_1_5_400_400,176.44,89.76
VIA_via3_4_2000_480_1_5_400_400_180,VIA_via3_4_2000_480_1_5_400_400,30.14,92.48
VIA_via3_4_2000_480_1_5_400_400_181,VIA_via3_4_2000_480_1_5_400_400,60.14,92.48
VIA_via3_4_2000_480_1_5_400_400_182,VIA_via3_4_2000_480_1_5_400_400,90.14,92.48
VIA_via3_4_2000_480_1_5_400_400_183,VIA_via3_4_2000_480_1_5_400_400,120.14,92.48
VIA_via3_4_2000_480_1_5_400_400_184,VIA_via3_4_2000_480_1_5_400_400,150.14000000000001,92.48
VIA_via3_4_2000_480_1_5_400_400_185,VIA_via3_4_2000_480_1_5_400_400,180.14000000000001,92.48
VIA_via3_4_2000_480_1_5_400_400_186,VIA_via3_4_2000_480_1_5_400_400,26.44,95.2
VIA_via3_4_2000_480_1_5_400_400_187,VIA_via3_4_2000_480_1_5_400_400,56.44,95.2
VIA_via3_4_2000_480_1_5_400_400_188,VIA_via3_4_2000_480_1_5_400_400,86.44,95.2
VIA_via3_4_2000_480_1_5_400_400_189,VIA_via3_4_2000_480_1_5_400_400,116.44,95.2
VIA_via3_4_2000_480_1_5_400_400_190,VIA_via3_4_2000_480_1_5_400_400,146.44,95.2
VIA_via3_4_2000_480_1_5_400_400_191,VIA_via3_4_2000_480_1_5_400_400,176.44,95.2
VIA_via3_4_2000_480_1_5_400_400_192,VIA_via3_4_2000_480_1_5_400_400,30.14,97.92
VIA_via3_4_2000_480_1_5_400_400_193,VIA_via3_4_2000_480_1_5_400_400,60.14,97.92
VIA_via3_4_2000_480_1_5_400_400_194,VIA_via3_4_2000_480_1_5_400_400,90.14,97.92
VIA_via3_4_2000_480_1_5_400_400_195,VIA_via3_4_2000_480_1_5_400_400,120.14,97.92
VIA_via3_4_2000_480_1_5_400_400_196,VIA_via3_4_2000_480_1_5_400_400,150.14000000000001,97.92
VIA_via3_4_2000_480_1_5_400_400_197,VIA_via3_4_2000_480_1_5_400_400,180.14000000000001,97.92
VIA_via3_4_2000_480_1_5_400_400_198,VIA_via3_4_2000_480_1_5_400_400,26.44,100.64
VIA_via3_4_2000_480_1_5_400_400_199,VIA_via3_4_2000_480_1_5_400_400,56.44,100.64
VIA_via3_4_2000_480_1_5_400_400_200,VIA_via3_4_2000_480_1_5_400_400,86.44,100.64
VIA_via3_4_2000_480_1_5_400_400_201,VIA_via3_4_2000_480_1_5_400_400,116.44,100.64
VIA_via3_4_2000_480_1_5_400_400_202,VIA_via3_4_2000_480_1_5_400_400,146.44,100.64
VIA_via3_4_2000_480_1_5_400_400_203,VIA_via3_4_2000_480_1_5_400_400,176.44,100.64
VIA_via3_4_2000_480_1_5_400_400_204,VIA_via3_4_2000_480_1_5_400_400,30.14,103.36
VIA_via3_4_2000_480_1_5_400_400_205,VIA_via3_4_2000_480_1_5_400_400,60.14,103.36
VIA_via3_4_2000_480_1_5_400_400_206,VIA_via3_4_2000_480_1_5_400_400,90.14,103.36
VIA_via3_4_2000_480_1_5_400_400_207,VIA_via3_4_2000_480_1_5_400_400,120.14,103.36
VIA_via3_4_2000_480_1_5_400_400_208,VIA_via3_4_2000_480_1_5_400_400,150.14000000000001,103.36
VIA_via3_4_2000_480_1_5_400_400_209,VIA_via3_4_2000_480_1_5_400_400,180.14000000000001,103.36
VIA_via3_4_2000_480_1_5_400_400_210,VIA_via3_4_2000_480_1_5_400_400,26.44,106.08
VIA_via3_4_2000_480_1_5_400_400_211,VIA_via3_4_2000_480_1_5_400_400,56.44,106.08
VIA_via3_4_2000_480_1_5_400_400_212,VIA_via3_4_2000_480_1_5_400_400,86.44,106.08
VIA_via3_4_2000_480_1_5_400_400_213,VIA_via3_4_2000_480_1_5_400_400,116.44,106.08
VIA_via3_4_2000_480_1_5_400_400_214,VIA_via3_4_2000_480_1_5_400_400,146.44,106.08
VIA_via3_4_2000_480_1_5_400_400_215,VIA_via3_4_2000_480_1_5_400_400,176.44,106.08
VIA_via3_4_2000_480_1_5_400_400_216,VIA_via3_4_2000_480_1_5_400_400,30.14,108.8
VIA_via3_4_2000_480_1_5_400_400_217,VIA_via3_4_2000_480_1_5_400_400,60.14,108.8
VIA_via3_4_2000_480_1_5_400_400_218,VIA_via3_4_2000_480_1_5_400_400,90.14,108.8
VIA_via3_4_2000_480_1_5_400_400_219,VIA_via3_4_2000_480_1_5_400_400,120.14,108.8
VIA_via3_4_2000_480_1_5_400_400_220,VIA_via3_4_2000_480_1_5_400_400,150.14000000000001,108.8
VIA_via3_4_2000_480_1_5_400_400_221,VIA_via3_4_2000_480_1_5_400_400,180.14000000000001,108.8
VIA_via3_4_2000_480_1_5_400_400_222,VIA_via3_4_2000_480_1_5_400_400,26.44,111.52
VIA_via3_4_2000_480_1_5_400_400_223,VIA_via3_4_2000_480_1_5_400_400,56.44,111.52
VIA_via3_4_2000_480_1_5_400_400_224,VIA_via3_4_2000_480_1_5_400_400,86.44,111.52
VIA_via3_4_2000_480_1_5_400_400_225,VIA_via3_4_2000_480_1_5_400_400,116.44,111.52
VIA_via3_4_2000_480_1_5_400_400_226,VIA_via3_4_2000_480_1_5_400_400,146.44,111.52
VIA_via3_4_2000_480_1_5_400_400_227,VIA_via3_4_2000_480_1_5_400_400,176.44,111.52
VIA_via3_4_2000_480_1_5_400_400_228,VIA_via3_4_2000_480_1_5_400_400,30.14,114.24000000000001
VIA_via3_4_2000_480_1_5_400_400_229,VIA_via3_4_2000_480_1_5_400_400,60.14,114.24000000000001
VIA_via3_4_2000_480_1_5_400_400_230,VIA_via3_4_2000_480_1_5_400_400,90.14,114.24000000000001
VIA_via3_4_2000_480_1_5_400_400_231,VIA_via3_4_2000_480_1_5_400_400,120.14,114.24000000000001
VIA_via3_4_2000_480_1_5_400_400_232,VIA_via3_4_2000_480_1_5_400_400,150.14000000000001,114.24000000000001
VIA_via3_4_2000_480_1_5_400_400_233,VIA_via3_4_2000_480_1_5_400_400,180.14000000000001,114.24000000000001
VIA_via3_4_2000_480_1_5_400_400_234,VIA_via3_4_2000_480_1_5_400_400,26.44,116.96000000000001
VIA_via3_4_2000_480_1_5_400_400_235,VIA_via3_4_2000_480_1_5_400_400,56.44,116.96000000000001
VIA_via3_4_2000_480_1_5_400_400_236,VIA_via3_4_2000_480_1_5_400_400,86.44,116.96000000000001
VIA_via3_4_2000_480_1_5_400_400_237,VIA_via3_4_2000_480_1_5_400_400,116.44,116.96000000000001
VIA_via3_4_2000_480_1_5_400_400_238,VIA_via3_4_2000_480_1_5_400_400,146.44,116.96000000000001
VIA_via3_4_2000_480_1_5_400_400_239,VIA_via3_4_2000_480_1_5_400_400,176.44,116.96000000000001
VIA_via3_4_2000_480_1_5_400_400_240,VIA_via3_4_2000_480_1_5_400_400,30.14,119.68
VIA_via3_4_2000_480_1_5_400_400_241,VIA_via3_4_2000_480_1_5_400_400,60.14,119.68
VIA_via3_4_2000_480_1_5_400_400_242,VIA_via3_4_2000_480_1_5_400_400,90.14,119.68
VIA_via3_4_2000_480_1_5_400_400_243,VIA_via3_4_2000_480_1_5_400_400,120.14,119.68
VIA_via3_4_2000_480_1_5_400_400_244,VIA_via3_4_2000_480_1_5_400_400,150.14000000000001,119.68
VIA_via3_4_2000_480_1_5_400_400_245,VIA_via3_4_2000_480_1_5_400_400,180.14000000000001,119.68
VIA_via3_4_2000_480_1_5_400_400_246,VIA_via3_4_2000_480_1_5_400_400,26.44,122.4
VIA_via3_4_2000_480_1_5_400_400_247,VIA_via3_4_2000_480_1_5_400_400,56.44,122.4
VIA_via3_4_2000_480_1_5_400_400_248,VIA_via3_4_2000_480_1_5_400_400,86.44,122.4
VIA_via3_4_2000_480_1_5_400_400_249,VIA_via3_4_2000_480_1_5_400_400,116.44,122.4
VIA_via3_4_2000_480_1_5_400_400_250,VIA_via3_4_2000_480_1_5_400_400,146.44,122.4
VIA_via3_4_2000_480_1_5_400_400_251,VIA_via3_4_2000_480_1_5_400_400,176.44,122.4
VIA_via3_4_2000_480_1_5_400_400_252,VIA_via3_4_2000_480_1_5_400_400,30.14,125.12
VIA_via3_4_2000_480_1_5_400_400_253,VIA_via3_4_2000_480_1_5_400_400,60.14,125.12
VIA_via3_4_2000_480_1_5_400_400_254,VIA_via3_4_2000_480_1_5_400_400,90.14,125.12
VIA_via3_4_2000_480_1_5_400_400_255,VIA_via3_4_2000_480_1_5_400_400,120.14,125.12
VIA_via3_4_2000_480_1_5_400_400_256,VIA_via3_4_2000_480_1_5_400_400,150.14000000000001,125.12
VIA_via3_4_2000_480_1_5_400_400_257,VIA_via3_4_2000_480_1_5_400_400,180.14000000000001,125.12
VIA_via3_4_2000_480_1_5_400_400_258,VIA_via3_4_2000_480_1_5_400_400,26.44,127.84
VIA_via3_4_2000_480_1_5_400_400_259,VIA_via3_4_2000_480_1_5_400_400,56.44,127.84
VIA_via3_4_2000_480_1_5_400_400_260,VIA_via3_4_2000_480_1_5_400_400,86.44,127.84
VIA_via3_4_2000_480_1_5_400_400_261,VIA_via3_4_2000_480_1_5_400_400,116.44,127.84
VIA_via3_4_2000_480_1_5_400_400_262,VIA_via3_4_2000_480_1_5_400_400,146.44,127.84
VIA_via3_4_2000_480_1_5_400_400_263,VIA_via3_4_2000_480_1_5_400_400,176.44,127.84
VIA_via3_4_2000_480_1_5_400_400_264,VIA_via3_4_2000_480_1_5_400_400,30.14,130.56
VIA_via3_4_2000_480_1_5_400_400_265,VIA_via3_4_2000_480_1_5_400_400,60.14,130.56
VIA_via3_4_2000_480_1_5_400_400_266,VIA_via3_4_2000_480_1_5_400_400,90.14,130.56
VIA_via3_4_2000_480_1_5_400_400_267,VIA_via3_4_2000_480_1_5_400_400,120.14,130.56
VIA_via3_4_2000_480_1_5_400_400_268,VIA_via3_4_2000_480_1_5_400_400,150.14000000000001,130.56
VIA_via3_4_2000_480_1_5_400_400_269,VIA_via3_4_2000_480_1_5_400_400,180.14000000000001,130.56
VIA_via3_4_2000_480_1_5_400_400_270,VIA_via3_4_2000_480_1_5_400_400,26.44,133.28
VIA_via3_4_2000_480_1_5_400_400_271,VIA_via3_4_2000_480_1_5_400_400,56.44,133.28
VIA_via3_4_2000_480_1_5_400_400_272,VIA_via3_4_2000_480_1_5_400_400,86.44,133.28
VIA_via3_4_2000_480_1_5_400_400_273,VIA_via3_4_2000_480_1_5_400_400,116.44,133.28
VIA_via3_4_2000_480_1_5_400_400_274,VIA_via3_4_2000_480_1_5_400_400,146.44,133.28
VIA_via3_4_2000_480_1_5_400_400_275,VIA_via3_4_2000_480_1_5_400_400,176.44,133.28
VIA_via3_4_2000_480_1_5_400_400_276,VIA_via3_4_2000_480_1_5_400_400,30.14,136.0
VIA_via3_4_2000_480_1_5_400_400_277,VIA_via3_4_2000_480_1_5_400_400,60.14,136.0
VIA_via3_4_2000_480_1_5_400_400_278,VIA_via3_4_2000_480_1_5_400_400,90.14,136.0
VIA_via3_4_2000_480_1_5_400_400_279,VIA_via3_4_2000_480_1_5_400_400,120.14,136.0
VIA_via3_4_2000_480_1_5_400_400_280,VIA_via3_4_2000_480_1_5_400_400,150.14000000000001,136.0
VIA_via3_4_2000_480_1_5_400_400_281,VIA_via3_4_2000_480_1_5_400_400,180.14000000000001,136.0
VIA_via3_4_2000_480_1_5_400_400_282,VIA_via3_4_2000_480_1_5_400_400,26.44,138.72
VIA_via3_4_2000_480_1_5_400_400_283,VIA_via3_4_2000_480_1_5_400_400,56.44,138.72
VIA_via3_4_2000_480_1_5_400_400_284,VIA_via3_4_2000_480_1_5_400_400,86.44,138.72
VIA_via3_4_2000_480_1_5_400_400_285,VIA_via3_4_2000_480_1_5_400_400,116.44,138.72
VIA_via3_4_2000_480_1_5_400_400_286,VIA_via3_4_2000_480_1_5_400_400,146.44,138.72
VIA_via3_4_2000_480_1_5_400_400_287,VIA_via3_4_2000_480_1_5_400_400,176.44,138.72
VIA_via3_4_2000_480_1_5_400_400_288,VIA_via3_4_2000_480_1_5_400_400,30.14,141.44
VIA_via3_4_2000_480_1_5_400_400_289,VIA_via3_4_2000_480_1_5_400_400,60.14,141.44
VIA_via3_4_2000_480_1_5_400_400_290,VIA_via3_4_2000_480_1_5_400_400,90.14,141.44
VIA_via3_4_2000_480_1_5_400_400_291,VIA_via3_4_2000_480_1_5_400_400,120.14,141.44
VIA_via3_4_2000_480_1_5_400_400_292,VIA_via3_4_2000_480_1_5_400_400,150.14000000000001,141.44
VIA_via3_4_2000_480_1_5_400_400_293,VIA_via3_4_2000_480_1_5_400_400,180.14000000000001,141.44
VIA_via3_4_2000_480_1_5_400_400_294,VIA_via3_4_2000_480_1_5_400_400,26.44,144.16
VIA_via3_4_2000_480_1_5_400_400_295,VIA_via3_4_2000_480_1_5_400_400,56.44,144.16
VIA_via3_4_2000_480_1_5_400_400_296,VIA_via3_4_2000_480_1_5_400_400,86.44,144.16
VIA_via3_4_2000_480_1_5_400_400_297,VIA_via3_4_2000_480_1_5_400_400,116.44,144.16
VIA_via3_4_2000_480_1_5_400_400_298,VIA_via3_4_2000_480_1_5_400_400,146.44,144.16
VIA_via3_4_2000_480_1_5_400_400_299,VIA_via3_4_2000_480_1_5_400_400,176.44,144.16
VIA_via3_4_2000_480_1_5_400_400_300,VIA_via3_4_2000_480_1_5_400_400,30.14,146.88
VIA_via3_4_2000_480_1_5_400_400_301,VIA_via3_4_2000_480_1_5_400_400,60.14,146.88
VIA_via3_4_2000_480_1_5_400_400_302,VIA_via3_4_2000_480_1_5_400_400,90.14,146.88
VIA_via3_4_2000_480_1_5_400_400_303,VIA_via3_4_2000_480_1_5_400_400,120.14,146.88
VIA_via3_4_2000_480_1_5_400_400_304,VIA_via3_4_2000_480_1_5_400_400,150.14000000000001,146.88
VIA_via3_4_2000_480_1_5_400_400_305,VIA_via3_4_2000_480_1_5_400_400,180.14000000000001,146.88
VIA_via3_4_2000_480_1_5_400_400_306,VIA_via3_4_2000_480_1_5_400_400,26.44,149.6
VIA_via3_4_2000_480_1_5_400_400_307,VIA_via3_4_2000_480_1_5_400_400,56.44,149.6
VIA_via3_4_2000_480_1_5_400_400_308,VIA_via3_4_2000_480_1_5_400_400,86.44,149.6
VIA_via3_4_2000_480_1_5_400_400_309,VIA_via3_4_2000_480_1_5_400_400,116.44,149.6
VIA_via3_4_2000_480_1_5_400_400_310,VIA_via3_4_2000_480_1_5_400_400,146.44,149.6
VIA_via3_4_2000_480_1_5_400_400_311,VIA_via3_4_2000_480_1_5_400_400,176.44,149.6
VIA_via3_4_2000_480_1_5_400_400_312,VIA_via3_4_2000_480_1_5_400_400,30.14,152.32
VIA_via3_4_2000_480_1_5_400_400_313,VIA_via3_4_2000_480_1_5_400_400,60.14,152.32
VIA_via3_4_2000_480_1_5_400_400_314,VIA_via3_4_2000_480_1_5_400_400,90.14,152.32
VIA_via3_4_2000_480_1_5_400_400_315,VIA_via3_4_2000_480_1_5_400_400,120.14,152.32
VIA_via3_4_2000_480_1_5_400_400_316,VIA_via3_4_2000_480_1_5_400_400,150.14000000000001,152.32
VIA_via3_4_2000_480_1_5_400_400_317,VIA_via3_4_2000_480_1_5_400_400,180.14000000000001,152.32
VIA_via3_4_2000_480_1_5_400_400_318,VIA_via3_4_2000_480_1_5_400_400,26.44,155.04
VIA_via3_4_2000_480_1_5_400_400_319,VIA_via3_4_2000_480_1_5_400_400,56.44,155.04
VIA_via3_4_2000_480_1_5_400_400_320,VIA_via3_4_2000_480_1_5_400_400,86.44,155.04
VIA_via3_4_2000_480_1_5_400_400_321,VIA_via3_4_2000_480_1_5_400_400,116.44,155.04
VIA_via3_4_2000_480_1_5_400_400_322,VIA_via3_4_2000_480_1_5_400_400,146.44,155.04
VIA_via3_4_2000_480_1_5_400_400_323,VIA_via3_4_2000_480_1_5_400_400,176.44,155.04
VIA_via3_4_2000_480_1_5_400_400_324,VIA_via3_4_2000_480_1_5_400_400,30.14,157.76
VIA_via3_4_2000_480_1_5_400_400_325,VIA_via3_4_2000_480_1_5_400_400,60.14,157.76
VIA_via3_4_2000_480_1_5_400_400_326,VIA_via3_4_2000_480_1_5_400_400,90.14,157.76
VIA_via3_4_2000_480_1_5_400_400_327,VIA_via3_4_2000_480_1_5_400_400,120.14,157.76
VIA_via3_4_2000_480_1_5_400_400_328,VIA_via3_4_2000_480_1_5_400_400,150.14000000000001,157.76
VIA_via3_4_2000_480_1_5_400_400_329,VIA_via3_4_2000_480_1_5_400_400,180.14000000000001,157.76
VIA_via3_4_2000_480_1_5_400_400_330,VIA_via3_4_2000_480_1_5_400_400,26.44,160.48
VIA_via3_4_2000_480_1_5_400_400_331,VIA_via3_4_2000_480_1_5_400_400,56.44,160.48
VIA_via3_4_2000_480_1_5_400_400_332,VIA_via3_4_2000_480_1_5_400_400,86.44,160.48
VIA_via3_4_2000_480_1_5_400_400_333,VIA_via3_4_2000_480_1_5_400_400,116.44,160.48
VIA_via3_4_2000_480_1_5_400_400_334,VIA_via3_4_2000_480_1_5_400_400,146.44,160.48
VIA_via3_4_2000_480_1_5_400_400_335,VIA_via3_4_2000_480_1_5_400_400,176.44,160.48
VIA_via3_4_2000_480_1_5_400_400_336,VIA_via3_4_2000_480_1_5_400_400,30.14,163.20000000000002
VIA_via3_4_2000_480_1_5_400_400_337,VIA_via3_4_2000_480_1_5_400_400,60.14,163.20000000000002
VIA_via3_4_2000_480_1_5_400_400_338,VIA_via3_4_2000_480_1_5_400_400,90.14,163.20000000000002
VIA_via3_4_2000_480_1_5_400_400_339,VIA_via3_4_2000_480_1_5_400_400,120.14,163.20000000000002
VIA_via3_4_2000_480_1_5_400_400_340,VIA_via3_4_2000_480_1_5_400_400,150.14000000000001,163.20000000000002
VIA_via3_4_2000_480_1_5_400_400_341,VIA_via3_4_2000_480_1_5_400_400,180.14000000000001,163.20000000000002
VIA_via3_4_2000_480_1_5_400_400_342,VIA_via3_4_2000_480_1_5_400_400,26.44,165.92000000000002
VIA_via3_4_2000_480_1_5_400_400_343,VIA_via3_4_2000_480_1_5_400_400,56.44,165.92000000000002
VIA_via3_4_2000_480_1_5_400_400_344,VIA_via3_4_2000_480_1_5_400_400,86.44,165.92000000000002
VIA_via3_4_2000_480_1_5_400_400_345,VIA_via3_4_2000_480_1_5_400_400,116.44,165.92000000000002
VIA_via3_4_2000_480_1_5_400_400_346,VIA_via3_4_2000_480_1_5_400_400,146.44,165.92000000000002
VIA_via3_4_2000_480_1_5_400_400_347,VIA_via3_4_2000_480_1_5_400_400,176.44,165.92000000000002
VIA_via3_4_2000_480_1_5_400_400_348,VIA_via3_4_2000_480_1_5_400_400,30.14,168.64000000000001
VIA_via3_4_2000_480_1_5_400_400_349,VIA_via3_4_2000_480_1_5_400_400,60.14,168.64000000000001
VIA_via3_4_2000_480_1_5_400_400_350,VIA_via3_4_2000_480_1_5_400_400,90.14,168.64000000000001
VIA_via3_4_2000_480_1_5_400_400_351,VIA_via3_4_2000_480_1_5_400_400,120.14,168.64000000000001
VIA_via3_4_2000_480_1_5_400_400_352,VIA_via3_4_2000_480_1_5_400_400,150.14000000000001,168.64000000000001
VIA_via3_4_2000_480_1_5_400_400_353,VIA_via3_4_2000_480_1_5_400_400,180.14000000000001,168.64000000000001
VIA_via3_4_2000_480_1_5_400_400_354,VIA_via3_4_2000_480_1_5_400_400,26.44,171.36
VIA_via3_4_2000_480_1_5_400_400_355,VIA_via3_4_2000_480_1_5_400_400,56.44,171.36
VIA_via3_4_2000_480_1_5_400_400_356,VIA_via3_4_2000_480_1_5_400_400,86.44,171.36
VIA_via3_4_2000_480_1_5_400_400_357,VIA_via3_4_2000_480_1_5_400_400,116.44,171.36
VIA_via3_4_2000_480_1_5_400_400_358,VIA_via3_4_2000_480_1_5_400_400,146.44,171.36
VIA_via3_4_2000_480_1_5_400_400_359,VIA_via3_4_2000_480_1_5_400_400,176.44,171.36
VIA_via3_4_2000_480_1_5_400_400_360,VIA_via3_4_2000_480_1_5_400_400,30.14,174.08
VIA_via3_4_2000_480_1_5_400_400_361,VIA_via3_4_2000_480_1_5_400_400,60.14,174.08
VIA_via3_4_2000_480_1_5_400_400_362,VIA_via3_4_2000_480_1_5_400_400,90.14,174.08
VIA_via3_4_2000_480_1_5_400_400_363,VIA_via3_4_2000_480_1_5_400_400,120.14,174.08
VIA_via3_4_2000_480_1_5_400_400_364,VIA_via3_4_2000_480_1_5_400_400,150.14000000000001,174.08
VIA_via3_4_2000_480_1_5_400_400_365,VIA_via3_4_2000_480_1_5_400_400,180.14000000000001,174.08
VIA_via3_4_2000_480_1_5_400_400_366,VIA_via3_4_2000_480_1_5_400_400,26.44,176.8
VIA_via3_4_2000_480_1_5_400_400_367,VIA_via3_4_2000_480_1_5_400_400,56.44,176.8
VIA_via3_4_2000_480_1_5_400_400_368,VIA_via3_4_2000_480_1_5_400_400,86.44,176.8
VIA_via3_4_2000_480_1_5_400_400_369,VIA_via3_4_2000_480_1_5_400_400,116.44,176.8
VIA_via3_4_2000_480_1_5_400_400_370,VIA_via3_4_2000_480_1_5_400_400,146.44,176.8
VIA_via3_4_2000_480_1_5_400_400_371,VIA_via3_4_2000_480_1_5_400_400,176.44,176.8
VIA_via3_4_2000_480_1_5_400_400_372,VIA_via3_4_2000_480_1_5_400_400,30.14,179.52
VIA_via3_4_2000_480_1_5_400_400_373,VIA_via3_4_2000_480_1_5_400_400,60.14,179.52
VIA_via3_4_2000_480_1_5_400_400_374,VIA_via3_4_2000_480_1_5_400_400,90.14,179.52
VIA_via3_4_2000_480_1_5_400_400_375,VIA_via3_4_2000_480_1_5_400_400,120.14,179.52
VIA_via3_4_2000_480_1_5_400_400_376,VIA_via3_4_2000_480_1_5_400_400,150.14000000000001,179.52
VIA_via3_4_2000_480_1_5_400_400_377,VIA_via3_4_2000_480_1_5_400_400,180.14000000000001,179.52
VIA_via3_4_2000_480_1_5_400_400_378,VIA_via3_4_2000_480_1_5_400_400,26.44,182.24
VIA_via3_4_2000_480_1_5_400_400_379,VIA_via3_4_2000_480_1_5_400_400,56.44,182.24
VIA_via3_4_2000_480_1_5_400_400_380,VIA_via3_4_2000_480_1_5_400_400,86.44,182.24
VIA_via3_4_2000_480_1_5_400_400_381,VIA_via3_4_2000_480_1_5_400_400,116.44,182.24
VIA_via3_4_2000_480_1_5_400_400_382,VIA_via3_4_2000_480_1_5_400_400,146.44,182.24
VIA_via3_4_2000_480_1_5_400_400_383,VIA_via3_4_2000_480_1_5_400_400,176.44,182.24
VIA_via3_4_2000_480_1_5_400_400_384,VIA_via3_4_2000_480_1_5_400_400,30.14,184.96
VIA_via3_4_2000_480_1_5_400_400_385,VIA_via3_4_2000_480_1_5_400_400,60.14,184.96
VIA_via3_4_2000_480_1_5_400_400_386,VIA_via3_4_2000_480_1_5_400_400,90.14,184.96
VIA_via3_4_2000_480_1_5_400_400_387,VIA_via3_4_2000_480_1_5_400_400,120.14,184.96
VIA_via3_4_2000_480_1_5_400_400_388,VIA_via3_4_2000_480_1_5_400_400,150.14000000000001,184.96
VIA_via3_4_2000_480_1_5_400_400_389,VIA_via3_4_2000_480_1_5_400_400,180.14000000000001,184.96
VIA_via3_4_2000_480_1_5_400_400_390,VIA_via3_4_2000_480_1_5_400_400,26.44,187.68
VIA_via3_4_2000_480_1_5_400_400_391,VIA_via3_4_2000_480_1_5_400_400,56.44,187.68
VIA_via3_4_2000_480_1_5_400_400_392,VIA_via3_4_2000_480_1_5_400_400,86.44,187.68
VIA_via3_4_2000_480_1_5_400_400_393,VIA_via3_4_2000_480_1_5_400_400,116.44,187.68
VIA_via3_4_2000_480_1_5_400_400_394,VIA_via3_4_2000_480_1_5_400_400,146.44,187.68
VIA_via3_4_2000_480_1_5_400_400_395,VIA_via3_4_2000_480_1_5_400_400,176.44,187.68
VIA_via3_4_2000_480_1_5_400_400_396,VIA_via3_4_2000_480_1_5_400_400,30.14,190.4
VIA_via3_4_2000_480_1_5_400_400_397,VIA_via3_4_2000_480_1_5_400_400,60.14,190.4
VIA_via3_4_2000_480_1_5_400_400_398,VIA_via3_4_2000_480_1_5_400_400,90.14,190.4
VIA_via3_4_2000_480_1_5_400_400_399,VIA_via3_4_2000_480_1_5_400_400,120.14,190.4
VIA_via3_4_2000_480_1_5_400_400_400,VIA_via3_4_2000_480_1_5_400_400,150.14000000000001,190.4
VIA_via3_4_2000_480_1_5_400_400_401,VIA_via3_4_2000_480_1_5_400_400,180.14000000000001,190.4
VIA_via3_4_2000_480_1_5_400_400_402,VIA_via3_4_2000_480_1_5_400_400,26.44,193.12
VIA_via3_4_2000_480_1_5_400_400_403,VIA_via3_4_2000_480_1_5_400_400,56.44,193.12
VIA_via3_4_2000_480_1_5_400_400_404,VIA_via3_4_2000_480_1_5_400_400,86.44,193.12
VIA_via3_4_2000_480_1_5_400_400_405,VIA_via3_4_2000_480_1_5_400_400,116.44,193.12
VIA_via3_4_2000_480_1_5_400_400_406,VIA_via3_4_2000_480_1_5_400_400,146.44,193.12
VIA_via3_4_2000_480_1_5_400_400_407,VIA_via3_4_2000_480_1_5_400_400,176.44,193.12
VIA_via3_4_2000_480_1_5_400_400_408,VIA_via3_4_2000_480_1_5_400_400,30.14,195.84
VIA_via3_4_2000_480_1_5_400_400_409,VIA_via3_4_2000_480_1_5_400_400,60.14,195.84
VIA_via3_4_2000_480_1_5_400_400_410,VIA_via3_4_2000_480_1_5_400_400,90.14,195.84
VIA_via3_4_2000_480_1_5_400_400_411,VIA_via3_4_2000_480_1_5_400_400,120.14,195.84
VIA_via3_4_2000_480_1_5_400_400_412,VIA_via3_4_2000_480_1_5_400_400,150.14000000000001,195.84
VIA_via3_4_2000_480_1_5_400_400_413,VIA_via3_4_2000_480_1_5_400_400,180.14000000000001,195.84
VIA_via3_4_2000_480_1_5_400_400_414,VIA_via3_4_2000_480_1_5_400_400,26.44,198.56
VIA_via3_4_2000_480_1_5_400_400_415,VIA_via3_4_2000_480_1_5_400_400,56.44,198.56
VIA_via3_4_2000_480_1_5_400_400_416,VIA_via3_4_2000_480_1_5_400_400,86.44,198.56
VIA_via3_4_2000_480_1_5_400_400_417,VIA_via3_4_2000_480_1_5_400_400,116.44,198.56
VIA_via3_4_2000_480_1_5_400_400_418,VIA_via3_4_2000_480_1_5_400_400,146.44,198.56
VIA_via3_4_2000_480_1_5_400_400_419,VIA_via3_4_2000_480_1_5_400_400,176.44,198.56
VIA_via3_4_2000_480_1_5_400_400_420,VIA_via3_4_2000_480_1_5_400_400,30.14,201.28
VIA_via3_4_2000_480_1_5_400_400_421,VIA_via3_4_2000_480_1_5_400_400,60.14,201.28
VIA_via3_4_2000_480_1_5_400_400_422,VIA_via3_4_2000_480_1_5_400_400,90.14,201.28
VIA_via3_4_2000_480_1_5_400_400_423,VIA_via3_4_2000_480_1_5_400_400,120.14,201.28
VIA_via3_4_2000_480_1_5_400_400_424,VIA_via3_4_2000_480_1_5_400_400,150.14000000000001,201.28
VIA_via3_4_2000_480_1_5_400_400_425,VIA_via3_4_2000_480_1_5_400_400,180.14000000000001,201.28
VIA_via3_4_2000_480_1_5_400_400_426,VIA_via3_4_2000_480_1_5_400_400,26.44,204.0
VIA_via3_4_2000_480_1_5_400_400_427,VIA_via3_4_2000_480_1_5_400_400,56.44,204.0
VIA_via3_4_2000_480_1_5_400_400_428,VIA_via3_4_2000_480_1_5_400_400,86.44,204.0
VIA_via3_4_2000_480_1_5_400_400_429,VIA_via3_4_2000_480_1_5_400_400,116.44,204.0
VIA_via3_4_2000_480_1_5_400_400_430,VIA_via3_4_2000_480_1_5_400_400,146.44,204.0
VIA_via3_4_2000_480_1_5_400_400_431,VIA_via3_4_2000_480_1_5_400_400,176.44,204.0
VIA_via3_4_2000_480_1_5_400_400_432,VIA_via3_4_2000_480_1_5_400_400,30.14,206.72
VIA_via3_4_2000_480_1_5_400_400_433,VIA_via3_4_2000_480_1_5_400_400,60.14,206.72
VIA_via3_4_2000_480_1_5_400_400_434,VIA_via3_4_2000_480_1_5_400_400,90.14,206.72
VIA_via3_4_2000_480_1_5_400_400_435,VIA_via3_4_2000_480_1_5_400_400,120.14,206.72
VIA_via3_4_2000_480_1_5_400_400_436,VIA_via3_4_2000_480_1_5_400_400,150.14000000000001,206.72
VIA_via3_4_2000_480_1_5_400_400_437,VIA_via3_4_2000_480_1_5_400_400,180.14000000000001,206.72
VIA_via3_4_2000_480_1_5_400_400_438,VIA_via3_4_2000_480_1_5_400_400,26.44,209.44
VIA_via3_4_2000_480_1_5_400_400_439,VIA_via3_4_2000_480_1_5_400_400,56.44,209.44
VIA_via3_4_2000_480_1_5_400_400_440,VIA_via3_4_2000_480_1_5_400_400,86.44,209.44
VIA_via3_4_2000_480_1_5_400_400_441,VIA_via3_4_2000_480_1_5_400_400,116.44,209.44
VIA_via3_4_2000_480_1_5_400_400_442,VIA_via3_4_2000_480_1_5_400_400,146.44,209.44
VIA_via3_4_2000_480_1_5_400_400_443,VIA_via3_4_2000_480_1_5_400_400,176.44,209.44
VIA_via3_4_2000_480_1_5_400_400_444,VIA_via3_4_2000_480_1_5_400_400,30.14,212.16
VIA_via3_4_2000_480_1_5_400_400_445,VIA_via3_4_2000_480_1_5_400_400,60.14,212.16
VIA_via3_4_2000_480_1_5_400_400_446,VIA_via3_4_2000_480_1_5_400_400,90.14,212.16
VIA_via3_4_2000_480_1_5_400_400_447,VIA_via3_4_2000_480_1_5_400_400,120.14,212.16
VIA_via3_4_2000_480_1_5_400_400_448,VIA_via3_4_2000_480_1_5_400_400,150.14000000000001,212.16
VIA_via3_4_2000_480_1_5_400_400_449,VIA_via3_4_2000_480_1_5_400_400,180.14000000000001,212.16
VIA_via3_4_2000_480_1_5_400_400_450,VIA_via3_4_2000_480_1_5_400_400,26.44,214.88
VIA_via3_4_2000_480_1_5_400_400_451,VIA_via3_4_2000_480_1_5_400_400,56.44,214.88
VIA_via3_4_2000_480_1_5_400_400_452,VIA_via3_4_2000_480_1_5_400_400,86.44,214.88
VIA_via3_4_2000_480_1_5_400_400_453,VIA_via3_4_2000_480_1_5_400_400,116.44,214.88
VIA_via3_4_2000_480_1_5_400_400_454,VIA_via3_4_2000_480_1_5_400_400,146.44,214.88
VIA_via3_4_2000_480_1_5_400_400_455,VIA_via3_4_2000_480_1_5_400_400,176.44,214.88
VIA_via3_4_2000_480_1_5_400_400_456,VIA_via3_4_2000_480_1_5_400_400,30.14,217.6
VIA_via3_4_2000_480_1_5_400_400_457,VIA_via3_4_2000_480_1_5_400_400,60.14,217.6
VIA_via3_4_2000_480_1_5_400_400_458,VIA_via3_4_2000_480_1_5_400_400,90.14,217.6
VIA_via3_4_2000_480_1_5_400_400_459,VIA_via3_4_2000_480_1_5_400_400,120.14,217.6
VIA_via3_4_2000_480_1_5_400_400_460,VIA_via3_4_2000_480_1_5_400_400,150.14000000000001,217.6
VIA_via3_4_2000_480_1_5_400_400_461,VIA_via3_4_2000_480_1_5_400_400,180.14000000000001,217.6
VIA_via3_4_2000_480_1_5_400_400_462,VIA_via3_4_2000_480_1_5_400_400,26.44,220.32
VIA_via3_4_2000_480_1_5_400_400_463,VIA_via3_4_2000_480_1_5_400_400,56.44,220.32
VIA_via3_4_2000_480_1_5_400_400_464,VIA_via3_4_2000_480_1_5_400_400,86.44,220.32
VIA_via3_4_2000_480_1_5_400_400_465,VIA_via3_4_2000_480_1_5_400_400,116.44,220.32
VIA_via3_4_2000_480_1_5_400_400_466,VIA_via3_4_2000_480_1_5_400_400,146.44,220.32
VIA_via3_4_2000_480_1_5_400_400_467,VIA_via3_4_2000_480_1_5_400_400,176.44,220.32
VIA_via3_4_2000_480_1_5_400_400_468,VIA_via3_4_2000_480_1_5_400_400,30.14,223.04
VIA_via3_4_2000_480_1_5_400_400_469,VIA_via3_4_2000_480_1_5_400_400,60.14,223.04
VIA_via3_4_2000_480_1_5_400_400_470,VIA_via3_4_2000_480_1_5_400_400,90.14,223.04
VIA_via3_4_2000_480_1_5_400_400_471,VIA_via3_4_2000_480_1_5_400_400,120.14,223.04
VIA_via3_4_2000_480_1_5_400_400_472,VIA_via3_4_2000_480_1_5_400_400,150.14000000000001,223.04
VIA_via3_4_2000_480_1_5_400_400_473,VIA_via3_4_2000_480_1_5_400_400,180.14000000000001,223.04
VIA_via3_4_2000_480_1_5_400_400_474,VIA_via3_4_2000_480_1_5_400_400,26.44,225.76
VIA_via3_4_2000_480_1_5_400_400_475,VIA_via3_4_2000_480_1_5_400_400,56.44,225.76
VIA_via3_4_2000_480_1_5_400_400_476,VIA_via3_4_2000_480_1_5_400_400,86.44,225.76
VIA_via3_4_2000_480_1_5_400_400_477,VIA_via3_4_2000_480_1_5_400_400,116.44,225.76
VIA_via3_4_2000_480_1_5_400_400_478,VIA_via3_4_2000_480_1_5_400_400,146.44,225.76
VIA_via3_4_2000_480_1_5_400_400_479,VIA_via3_4_2000_480_1_5_400_400,176.44,225.76
VIA_via3_4_2000_480_1_5_400_400_480,VIA_via3_4_2000_480_1_5_400_400,30.14,228.48000000000002
VIA_via3_4_2000_480_1_5_400_400_481,VIA_via3_4_2000_480_1_5_400_400,60.14,228.48000000000002
VIA_via3_4_2000_480_1_5_400_400_482,VIA_via3_4_2000_480_1_5_400_400,90.14,228.48000000000002
VIA_via3_4_2000_480_1_5_400_400_483,VIA_via3_4_2000_480_1_5_400_400,120.14,228.48000000000002
VIA_via3_4_2000_480_1_5_400_400_484,VIA_via3_4_2000_480_1_5_400_400,150.14000000000001,228.48000000000002
VIA_via3_4_2000_480_1_5_400_400_485,VIA_via3_4_2000_480_1_5_400_400,180.14000000000001,228.48000000000002
VIA_via3_4_2000_480_1_5_400_400_486,VIA_via3_4_2000_480_1_5_400_400,26.44,231.20000000000002
VIA_via3_4_2000_480_1_5_400_400_487,VIA_via3_4_2000_480_1_5_400_400,56.44,231.20000000000002
VIA_via3_4_2000_480_1_5_400_400_488,VIA_via3_4_2000_480_1_5_400_400,86.44,231.20000000000002
VIA_via3_4_2000_480_1_5_400_400_489,VIA_via3_4_2000_480_1_5_400_400,116.44,231.20000000000002
VIA_via3_4_2000_480_1_5_400_400_490,VIA_via3_4_2000_480_1_5_400_400,146.44,231.20000000000002
VIA_via3_4_2000_480_1_5_400_400_491,VIA_via3_4_2000_480_1_5_400_400,176.44,231.20000000000002
VIA_via3_4_2000_480_1_5_400_400_492,VIA_via3_4_2000_480_1_5_400_400,30.14,233.92000000000002
VIA_via3_4_2000_480_1_5_400_400_493,VIA_via3_4_2000_480_1_5_400_400,60.14,233.92000000000002
VIA_via3_4_2000_480_1_5_400_400_494,VIA_via3_4_2000_480_1_5_400_400,90.14,233.92000000000002
VIA_via3_4_2000_480_1_5_400_400_495,VIA_via3_4_2000_480_1_5_400_400,120.14,233.92000000000002
VIA_via3_4_2000_480_1_5_400_400_496,VIA_via3_4_2000_480_1_5_400_400,150.14000000000001,233.92000000000002
VIA_via3_4_2000_480_1_5_400_400_497,VIA_via3_4_2000_480_1_5_400_400,180.14000000000001,233.92000000000002
VIA_via3_4_2000_480_1_5_400_400_498,VIA_via3_4_2000_480_1_5_400_400,26.44,236.64000000000001
VIA_via3_4_2000_480_1_5_400_400_499,VIA_via3_4_2000_480_1_5_400_400,56.44,236.64000000000001
VIA_via3_4_2000_480_1_5_400_400_500,VIA_via3_4_2000_480_1_5_400_400,86.44,236.64000000000001
VIA_via3_4_2000_480_1_5_400_400_501,VIA_via3_4_2000_480_1_5_400_400,116.44,236.64000000000001
VIA_via3_4_2000_480_1_5_400_400_502,VIA_via3_4_2000_480_1_5_400_400,146.44,236.64000000000001
VIA_via3_4_2000_480_1_5_400_400_503,VIA_via3_4_2000_480_1_5_400_400,176.44,236.64000000000001
VIA_via3_4_2000_480_1_5_400_400_504,VIA_via3_4_2000_480_1_5_400_400,30.14,239.36
VIA_via3_4_2000_480_1_5_400_400_505,VIA_via3_4_2000_480_1_5_400_400,60.14,239.36
VIA_via3_4_2000_480_1_5_400_400_506,VIA_via3_4_2000_480_1_5_400_400,90.14,239.36
VIA_via3_4_2000_480_1_5_400_400_507,VIA_via3_4_2000_480_1_5_400_400,120.14,239.36
VIA_via3_4_2000_480_1_5_400_400_508,VIA_via3_4_2000_480_1_5_400_400,150.14000000000001,239.36
VIA_via3_4_2000_480_1_5_400_400_509,VIA_via3_4_2000_480_1_5_400_400,180.14000000000001,239.36
VIA_via3_4_2000_480_1_5_400_400_510,VIA_via3_4_2000_480_1_5_400_400,26.44,242.08
VIA_via3_4_2000_480_1_5_400_400_511,VIA_via3_4_2000_480_1_5_400_400,56.44,242.08
VIA_via3_4_2000_480_1_5_400_400_512,VIA_via3_4_2000_480_1_5_400_400,86.44,242.08
VIA_via3_4_2000_480_1_5_400_400_513,VIA_via3_4_2000_480_1_5_400_400,116.44,242.08
VIA_via3_4_2000_480_1_5_400_400_514,VIA_via3_4_2000_480_1_5_400_400,146.44,242.08
VIA_via3_4_2000_480_1_5_400_400_515,VIA_via3_4_2000_480_1_5_400_400,176.44,242.08
VIA_via3_4_2000_480_1_5_400_400_516,VIA_via3_4_2000_480_1_5_400_400,30.14,244.8
VIA_via3_4_2000_480_1_5_400_400_517,VIA_via3_4_2000_480_1_5_400_400,60.14,244.8
VIA_via3_4_2000_480_1_5_400_400_518,VIA_via3_4_2000_480_1_5_400_400,90.14,244.8
VIA_via3_4_2000_480_1_5_400_400_519,VIA_via3_4_2000_480_1_5_400_400,120.14,244.8
VIA_via3_4_2000_480_1_5_400_400_520,VIA_via3_4_2000_480_1_5_400_400,150.14000000000001,244.8
VIA_via3_4_2000_480_1_5_400_400_521,VIA_via3_4_2000_480_1_5_400_400,180.14000000000001,244.8
VIA_via3_4_2000_480_1_5_400_400_522,VIA_via3_4_2000_480_1_5_400_400,26.44,247.52
VIA_via3_4_2000_480_1_5_400_400_523,VIA_via3_4_2000_480_1_5_400_400,56.44,247.52
VIA_via3_4_2000_480_1_5_400_400_524,VIA_via3_4_2000_480_1_5_400_400,86.44,247.52
VIA_via3_4_2000_480_1_5_400_400_525,VIA_via3_4_2000_480_1_5_400_400,116.44,247.52
VIA_via3_4_2000_480_1_5_400_400_526,VIA_via3_4_2000_480_1_5_400_400,146.44,247.52
VIA_via3_4_2000_480_1_5_400_400_527,VIA_via3_4_2000_480_1_5_400_400,176.44,247.52
VIA_via3_4_2000_480_1_5_400_400_528,VIA_via3_4_2000_480_1_5_400_400,30.14,250.24
VIA_via3_4_2000_480_1_5_400_400_529,VIA_via3_4_2000_480_1_5_400_400,60.14,250.24
VIA_via3_4_2000_480_1_5_400_400_530,VIA_via3_4_2000_480_1_5_400_400,90.14,250.24
VIA_via3_4_2000_480_1_5_400_400_531,VIA_via3_4_2000_480_1_5_400_400,120.14,250.24
VIA_via3_4_2000_480_1_5_400_400_532,VIA_via3_4_2000_480_1_5_400_400,150.14000000000001,250.24
VIA_via3_4_2000_480_1_5_400_400_533,VIA_via3_4_2000_480_1_5_400_400,180.14000000000001,250.24
VIA_via3_4_2000_480_1_5_400_400_534,VIA_via3_4_2000_480_1_5_400_400,26.44,252.96
VIA_via3_4_2000_480_1_5_400_400_535,VIA_via3_4_2000_480_1_5_400_400,56.44,252.96
VIA_via3_4_2000_480_1_5_400_400_536,VIA_via3_4_2000_480_1_5_400_400,86.44,252.96
VIA_via3_4_2000_480_1_5_400_400_537,VIA_via3_4_2000_480_1_5_400_400,116.44,252.96
VIA_via3_4_2000_480_1_5_400_400_538,VIA_via3_4_2000_480_1_5_400_400,146.44,252.96
VIA_via3_4_2000_480_1_5_400_400_539,VIA_via3_4_2000_480_1_5_400_400,176.44,252.96
VIA_via3_4_2000_480_1_5_400_400_540,VIA_via3_4_2000_480_1_5_400_400,30.14,255.68
VIA_via3_4_2000_480_1_5_400_400_541,VIA_via3_4_2000_480_1_5_400_400,60.14,255.68
VIA_via3_4_2000_480_1_5_400_400_542,VIA_via3_4_2000_480_1_5_400_400,90.14,255.68
VIA_via3_4_2000_480_1_5_400_400_543,VIA_via3_4_2000_480_1_5_400_400,120.14,255.68
VIA_via3_4_2000_480_1_5_400_400_544,VIA_via3_4_2000_480_1_5_400_400,150.14000000000001,255.68
VIA_via3_4_2000_480_1_5_400_400_545,VIA_via3_4_2000_480_1_5_400_400,180.14000000000001,255.68
VIA_via3_4_2000_480_1_5_400_400_546,VIA_via3_4_2000_480_1_5_400_400,26.44,258.4
VIA_via3_4_2000_480_1_5_400_400_547,VIA_via3_4_2000_480_1_5_400_400,56.44,258.4
VIA_via3_4_2000_480_1_5_400_400_548,VIA_via3_4_2000_480_1_5_400_400,86.44,258.4
VIA_via3_4_2000_480_1_5_400_400_549,VIA_via3_4_2000_480_1_5_400_400,116.44,258.4
VIA_via3_4_2000_480_1_5_400_400_550,VIA_via3_4_2000_480_1_5_400_400,146.44,258.4
VIA_via3_4_2000_480_1_5_400_400_551,VIA_via3_4_2000_480_1_5_400_400,176.44,258.4
VIA_via3_4_2000_480_1_5_400_400_552,VIA_via3_4_2000_480_1_5_400_400,30.14,261.12
VIA_via3_4_2000_480_1_5_400_400_553,VIA_via3_4_2000_480_1_5_400_400,60.14,261.12
VIA_via3_4_2000_480_1_5_400_400_554,VIA_via3_4_2000_480_1_5_400_400,90.14,261.12
VIA_via3_4_2000_480_1_5_400_400_555,VIA_via3_4_2000_480_1_5_400_400,120.14,261.12
VIA_via3_4_2000_480_1_5_400_400_556,VIA_via3_4_2000_480_1_5_400_400,150.14000000000001,261.12
VIA_via3_4_2000_480_1_5_400_400_557,VIA_via3_4_2000_480_1_5_400_400,180.14000000000001,261.12
VIA_via3_4_2000_480_1_5_400_400_558,VIA_via3_4_2000_480_1_5_400_400,26.44,263.84000000000003
VIA_via3_4_2000_480_1_5_400_400_559,VIA_via3_4_2000_480_1_5_400_400,56.44,263.84000000000003
VIA_via3_4_2000_480_1_5_400_400_560,VIA_via3_4_2000_480_1_5_400_400,86.44,263.84000000000003
VIA_via3_4_2000_480_1_5_400_400_561,VIA_via3_4_2000_480_1_5_400_400,116.44,263.84000000000003
VIA_via3_4_2000_480_1_5_400_400_562,VIA_via3_4_2000_480_1_5_400_400,146.44,263.84000000000003
VIA_via3_4_2000_480_1_5_400_400_563,VIA_via3_4_2000_480_1_5_400_400,176.44,263.84000000000003
VIA_via3_4_2000_480_1_5_400_400_564,VIA_via3_4_2000_480_1_5_400_400,30.14,266.56
VIA_via3_4_2000_480_1_5_400_400_565,VIA_via3_4_2000_480_1_5_400_400,60.14,266.56
VIA_via3_4_2000_480_1_5_400_400_566,VIA_via3_4_2000_480_1_5_400_400,90.14,266.56
VIA_via3_4_2000_480_1_5_400_400_567,VIA_via3_4_2000_480_1_5_400_400,120.14,266.56
VIA_via3_4_2000_480_1_5_400_400_568,VIA_via3_4_2000_480_1_5_400_400,150.14000000000001,266.56
VIA_via3_4_2000_480_1_5_400_400_569,VIA_via3_4_2000_480_1_5_400_400,180.14000000000001,266.56
VIA_via3_4_2000_480_1_5_400_400_570,VIA_via3_4_2000_480_1_5_400_400,26.44,269.28000000000003
VIA_via3_4_2000_480_1_5_400_400_571,VIA_via3_4_2000_480_1_5_400_400,56.44,269.28000000000003
VIA_via3_4_2000_480_1_5_400_400_572,VIA_via3_4_2000_480_1_5_400_400,86.44,269.28000000000003
VIA_via3_4_2000_480_1_5_400_400_573,VIA_via3_4_2000_480_1_5_400_400,116.44,269.28000000000003
VIA_via3_4_2000_480_1_5_400_400_574,VIA_via3_4_2000_480_1_5_400_400,146.44,269.28000000000003
VIA_via3_4_2000_480_1_5_400_400_575,VIA_via3_4_2000_480_1_5_400_400,176.44,269.28000000000003
VIA_via3_4_2000_480_1_5_400_400_576,VIA_via3_4_2000_480_1_5_400_400,30.14,272.0
VIA_via3_4_2000_480_1_5_400_400_577,VIA_via3_4_2000_480_1_5_400_400,60.14,272.0
VIA_via3_4_2000_480_1_5_400_400_578,VIA_via3_4_2000_480_1_5_400_400,90.14,272.0
VIA_via3_4_2000_480_1_5_400_400_579,VIA_via3_4_2000_480_1_5_400_400,120.14,272.0
VIA_via3_4_2000_480_1_5_400_400_580,VIA_via3_4_2000_480_1_5_400_400,150.14000000000001,272.0
VIA_via3_4_2000_480_1_5_400_400_581,VIA_via3_4_2000_480_1_5_400_400,180.14000000000001,272.0
VIA_via3_4_2000_480_1_5_400_400_582,VIA_via3_4_2000_480_1_5_400_400,26.44,274.72
VIA_via3_4_2000_480_1_5_400_400_583,VIA_via3_4_2000_480_1_5_400_400,56.44,274.72
VIA_via3_4_2000_480_1_5_400_400_584,VIA_via3_4_2000_480_1_5_400_400,86.44,274.72
VIA_via3_4_2000_480_1_5_400_400_585,VIA_via3_4_2000_480_1_5_400_400,116.44,274.72
VIA_via3_4_2000_480_1_5_400_400_586,VIA_via3_4_2000_480_1_5_400_400,146.44,274.72
VIA_via3_4_2000_480_1_5_400_400_587,VIA_via3_4_2000_480_1_5_400_400,176.44,274.72
VIA_via3_4_2000_480_1_5_400_400_588,VIA_via3_4_2000_480_1_5_400_400,30.14,277.44
VIA_via3_4_2000_480_1_5_400_400_589,VIA_via3_4_2000_480_1_5_400_400,60.14,277.44
VIA_via3_4_2000_480_1_5_400_400_590,VIA_via3_4_2000_480_1_5_400_400,90.14,277.44
VIA_via3_4_2000_480_1_5_400_400_591,VIA_via3_4_2000_480_1_5_400_400,120.14,277.44
VIA_via3_4_2000_480_1_5_400_400_592,VIA_via3_4_2000_480_1_5_400_400,150.14000000000001,277.44
VIA_via3_4_2000_480_1_5_400_400_593,VIA_via3_4_2000_480_1_5_400_400,180.14000000000001,277.44
VIA_via3_4_2000_480_1_5_400_400_594,VIA_via3_4_2000_480_1_5_400_400,26.44,280.16
VIA_via3_4_2000_480_1_5_400_400_595,VIA_via3_4_2000_480_1_5_400_400,56.44,280.16
VIA_via3_4_2000_480_1_5_400_400_596,VIA_via3_4_2000_480_1_5_400_400,86.44,280.16
VIA_via3_4_2000_480_1_5_400_400_597,VIA_via3_4_2000_480_1_5_400_400,116.44,280.16
VIA_via3_4_2000_480_1_5_400_400_598,VIA_via3_4_2000_480_1_5_400_400,146.44,280.16
VIA_via3_4_2000_480_1_5_400_400_599,VIA_via3_4_2000_480_1_5_400_400,176.44,280.16
VIA_via3_4_2000_480_1_5_400_400_600,VIA_via3_4_2000_480_1_5_400_400,30.14,282.88
VIA_via3_4_2000_480_1_5_400_400_601,VIA_via3_4_2000_480_1_5_400_400,60.14,282.88
VIA_via3_4_2000_480_1_5_400_400_602,VIA_via3_4_2000_480_1_5_400_400,90.14,282.88
VIA_via3_4_2000_480_1_5_400_400_603,VIA_via3_4_2000_480_1_5_400_400,120.14,282.88
VIA_via3_4_2000_480_1_5_400_400_604,VIA_via3_4_2000_480_1_5_400_400,150.14000000000001,282.88
VIA_via3_4_2000_480_1_5_400_400_605,VIA_via3_4_2000_480_1_5_400_400,180.14000000000001,282.88
VIA_via3_4_2000_480_1_5_400_400_606,VIA_via3_4_2000_480_1_5_400_400,26.44,285.6
VIA_via3_4_2000_480_1_5_400_400_607,VIA_via3_4_2000_480_1_5_400_400,56.44,285.6
VIA_via3_4_2000_480_1_5_400_400_608,VIA_via3_4_2000_480_1_5_400_400,86.44,285.6
VIA_via3_4_2000_480_1_5_400_400_609,VIA_via3_4_2000_480_1_5_400_400,116.44,285.6
VIA_via3_4_2000_480_1_5_400_400_610,VIA_via3_4_2000_480_1_5_400_400,146.44,285.6
VIA_via3_4_2000_480_1_5_400_400_611,VIA_via3_4_2000_480_1_5_400_400,176.44,285.6
VIA_via3_4_2000_480_1_5_400_400_612,VIA_via3_4_2000_480_1_5_400_400,30.14,288.32
VIA_via3_4_2000_480_1_5_400_400_613,VIA_via3_4_2000_480_1_5_400_400,60.14,288.32
VIA_via3_4_2000_480_1_5_400_400_614,VIA_via3_4_2000_480_1_5_400_400,90.14,288.32
VIA_via3_4_2000_480_1_5_400_400_615,VIA_via3_4_2000_480_1_5_400_400,120.14,288.32
VIA_via3_4_2000_480_1_5_400_400_616,VIA_via3_4_2000_480_1_5_400_400,150.14000000000001,288.32
VIA_via3_4_2000_480_1_5_400_400_617,VIA_via3_4_2000_480_1_5_400_400,180.14000000000001,288.32
VIA_via4_5_2000_480_1_5_400_400_0,VIA_via4_5_2000_480_1_5_400_400,30.14,10.88
VIA_via4_5_2000_480_1_5_400_400_1,VIA_via4_5_2000_480_1_5_400_400,60.14,10.88
VIA_via4_5_2000_480_1_5_400_400_2,VIA_via4_5_2000_480_1_5_400_400,90.14,10.88
VIA_via4_5_2000_480_1_5_400_400_3,VIA_via4_5_2000_480_1_5_400_400,120.14,10.88
VIA_via4_5_2000_480_1_5_400_400_4,VIA_via4_5_2000_480_1_5_400_400,150.14000000000001,10.88
VIA_via4_5_2000_480_1_5_400_400_5,VIA_via4_5_2000_480_1_5_400_400,180.14000000000001,10.88
VIA_via4_5_2000_480_1_5_400_400_6,VIA_via4_5_2000_480_1_5_400_400,26.44,13.6
VIA_via4_5_2000_480_1_5_400_400_7,VIA_via4_5_2000_480_1_5_400_400,56.44,13.6
VIA_via4_5_2000_480_1_5_400_400_8,VIA_via4_5_2000_480_1_5_400_400,86.44,13.6
VIA_via4_5_2000_480_1_5_400_400_9,VIA_via4_5_2000_480_1_5_400_400,116.44,13.6
VIA_via4_5_2000_480_1_5_400_400_10,VIA_via4_5_2000_480_1_5_400_400,146.44,13.6
VIA_via4_5_2000_480_1_5_400_400_11,VIA_via4_5_2000_480_1_5_400_400,176.44,13.6
VIA_via4_5_2000_480_1_5_400_400_12,VIA_via4_5_2000_480_1_5_400_400,30.14,16.32
VIA_via4_5_2000_480_1_5_400_400_13,VIA_via4_5_2000_480_1_5_400_400,60.14,16.32
VIA_via4_5_2000_480_1_5_400_400_14,VIA_via4_5_2000_480_1_5_400_400,90.14,16.32
VIA_via4_5_2000_480_1_5_400_400_15,VIA_via4_5_2000_480_1_5_400_400,120.14,16.32
VIA_via4_5_2000_480_1_5_400_400_16,VIA_via4_5_2000_480_1_5_400_400,150.14000000000001,16.32
VIA_via4_5_2000_480_1_5_400_400_17,VIA_via4_5_2000_480_1_5_400_400,180.14000000000001,16.32
VIA_via4_5_2000_480_1_5_400_400_18,VIA_via4_5_2000_480_1_5_400_400,26.44,19.04
VIA_via4_5_2000_480_1_5_400_400_19,VIA_via4_5_2000_480_1_5_400_400,56.44,19.04
VIA_via4_5_2000_480_1_5_400_400_20,VIA_via4_5_2000_480_1_5_400_400,86.44,19.04
VIA_via4_5_2000_480_1_5_400_400_21,VIA_via4_5_2000_480_1_5_400_400,116.44,19.04
VIA_via4_5_2000_480_1_5_400_400_22,VIA_via4_5_2000_480_1_5_400_400,146.44,19.04
VIA_via4_5_2000_480_1_5_400_400_23,VIA_via4_5_2000_480_1_5_400_400,176.44,19.04
VIA_via4_5_2000_480_1_5_400_400_24,VIA_via4_5_2000_480_1_5_400_400,30.14,21.76
VIA_via4_5_2000_480_1_5_400_400_25,VIA_via4_5_2000_480_1_5_400_400,60.14,21.76
VIA_via4_5_2000_480_1_5_400_400_26,VIA_via4_5_2000_480_1_5_400_400,90.14,21.76
VIA_via4_5_2000_480_1_5_400_400_27,VIA_via4_5_2000_480_1_5_400_400,120.14,21.76
VIA_via4_5_2000_480_1_5_400_400_28,VIA_via4_5_2000_480_1_5_400_400,150.14000000000001,21.76
VIA_via4_5_2000_480_1_5_400_400_29,VIA_via4_5_2000_480_1_5_400_400,180.14000000000001,21.76
VIA_via4_5_2000_480_1_5_400_400_30,VIA_via4_5_2000_480_1_5_400_400,26.44,24.48
VIA_via4_5_2000_480_1_5_400_400_31,VIA_via4_5_2000_480_1_5_400_400,56.44,24.48
VIA_via4_5_2000_480_1_5_400_400_32,VIA_via4_5_2000_480_1_5_400_400,86.44,24.48
VIA_via4_5_2000_480_1_5_400_400_33,VIA_via4_5_2000_480_1_5_400_400,116.44,24.48
VIA_via4_5_2000_480_1_5_400_400_34,VIA_via4_5_2000_480_1_5_400_400,146.44,24.48
VIA_via4_5_2000_480_1_5_400_400_35,VIA_via4_5_2000_480_1_5_400_400,176.44,24.48
VIA_via4_5_2000_480_1_5_400_400_36,VIA_via4_5_2000_480_1_5_400_400,30.14,27.2
VIA_via4_5_2000_480_1_5_400_400_37,VIA_via4_5_2000_480_1_5_400_400,60.14,27.2
VIA_via4_5_2000_480_1_5_400_400_38,VIA_via4_5_2000_480_1_5_400_400,90.14,27.2
VIA_via4_5_2000_480_1_5_400_400_39,VIA_via4_5_2000_480_1_5_400_400,120.14,27.2
VIA_via4_5_2000_480_1_5_400_400_40,VIA_via4_5_2000_480_1_5_400_400,150.14000000000001,27.2
VIA_via4_5_2000_480_1_5_400_400_41,VIA_via4_5_2000_480_1_5_400_400,180.14000000000001,27.2
VIA_via4_5_2000_480_1_5_400_400_42,VIA_via4_5_2000_480_1_5_400_400,26.44,29.92
VIA_via4_5_2000_480_1_5_400_400_43,VIA_via4_5_2000_480_1_5_400_400,56.44,29.92
VIA_via4_5_2000_480_1_5_400_400_44,VIA_via4_5_2000_480_1_5_400_400,86.44,29.92
VIA_via4_5_2000_480_1_5_400_400_45,VIA_via4_5_2000_480_1_5_400_400,116.44,29.92
VIA_via4_5_2000_480_1_5_400_400_46,VIA_via4_5_2000_480_1_5_400_400,146.44,29.92
VIA_via4_5_2000_480_1_5_400_400_47,VIA_via4_5_2000_480_1_5_400_400,176.44,29.92
VIA_via4_5_2000_480_1_5_400_400_48,VIA_via4_5_2000_480_1_5_400_400,30.14,32.64
VIA_via4_5_2000_480_1_5_400_400_49,VIA_via4_5_2000_480_1_5_400_400,60.14,32.64
VIA_via4_5_2000_480_1_5_400_400_50,VIA_via4_5_2000_480_1_5_400_400,90.14,32.64
VIA_via4_5_2000_480_1_5_400_400_51,VIA_via4_5_2000_480_1_5_400_400,120.14,32.64
VIA_via4_5_2000_480_1_5_400_400_52,VIA_via4_5_2000_480_1_5_400_400,150.14000000000001,32.64
VIA_via4_5_2000_480_1_5_400_400_53,VIA_via4_5_2000_480_1_5_400_400,180.14000000000001,32.64
VIA_via4_5_2000_480_1_5_400_400_54,VIA_via4_5_2000_480_1_5_400_400,26.44,35.36
VIA_via4_5_2000_480_1_5_400_400_55,VIA_via4_5_2000_480_1_5_400_400,56.44,35.36
VIA_via4_5_2000_480_1_5_400_400_56,VIA_via4_5_2000_480_1_5_400_400,86.44,35.36
VIA_via4_5_2000_480_1_5_400_400_57,VIA_via4_5_2000_480_1_5_400_400,116.44,35.36
VIA_via4_5_2000_480_1_5_400_400_58,VIA_via4_5_2000_480_1_5_400_400,146.44,35.36
VIA_via4_5_2000_480_1_5_400_400_59,VIA_via4_5_2000_480_1_5_400_400,176.44,35.36
VIA_via4_5_2000_480_1_5_400_400_60,VIA_via4_5_2000_480_1_5_400_400,30.14,38.08
VIA_via4_5_2000_480_1_5_400_400_61,VIA_via4_5_2000_480_1_5_400_400,60.14,38.08
VIA_via4_5_2000_480_1_5_400_400_62,VIA_via4_5_2000_480_1_5_400_400,90.14,38.08
VIA_via4_5_2000_480_1_5_400_400_63,VIA_via4_5_2000_480_1_5_400_400,120.14,38.08
VIA_via4_5_2000_480_1_5_400_400_64,VIA_via4_5_2000_480_1_5_400_400,150.14000000000001,38.08
VIA_via4_5_2000_480_1_5_400_400_65,VIA_via4_5_2000_480_1_5_400_400,180.14000000000001,38.08
VIA_via4_5_2000_480_1_5_400_400_66,VIA_via4_5_2000_480_1_5_400_400,26.44,40.800000000000004
VIA_via4_5_2000_480_1_5_400_400_67,VIA_via4_5_2000_480_1_5_400_400,56.44,40.800000000000004
VIA_via4_5_2000_480_1_5_400_400_68,VIA_via4_5_2000_480_1_5_400_400,86.44,40.800000000000004
VIA_via4_5_2000_480_1_5_400_400_69,VIA_via4_5_2000_480_1_5_400_400,116.44,40.800000000000004
VIA_via4_5_2000_480_1_5_400_400_70,VIA_via4_5_2000_480_1_5_400_400,146.44,40.800000000000004
VIA_via4_5_2000_480_1_5_400_400_71,VIA_via4_5_2000_480_1_5_400_400,176.44,40.800000000000004
VIA_via4_5_2000_480_1_5_400_400_72,VIA_via4_5_2000_480_1_5_400_400,30.14,43.52
VIA_via4_5_2000_480_1_5_400_400_73,VIA_via4_5_2000_480_1_5_400_400,60.14,43.52
VIA_via4_5_2000_480_1_5_400_400_74,VIA_via4_5_2000_480_1_5_400_400,90.14,43.52
VIA_via4_5_2000_480_1_5_400_400_75,VIA_via4_5_2000_480_1_5_400_400,120.14,43.52
VIA_via4_5_2000_480_1_5_400_400_76,VIA_via4_5_2000_480_1_5_400_400,150.14000000000001,43.52
VIA_via4_5_2000_480_1_5_400_400_77,VIA_via4_5_2000_480_1_5_400_400,180.14000000000001,43.52
VIA_via4_5_2000_480_1_5_400_400_78,VIA_via4_5_2000_480_1_5_400_400,26.44,46.24
VIA_via4_5_2000_480_1_5_400_400_79,VIA_via4_5_2000_480_1_5_400_400,56.44,46.24
VIA_via4_5_2000_480_1_5_400_400_80,VIA_via4_5_2000_480_1_5_400_400,86.44,46.24
VIA_via4_5_2000_480_1_5_400_400_81,VIA_via4_5_2000_480_1_5_400_400,116.44,46.24
VIA_via4_5_2000_480_1_5_400_400_82,VIA_via4_5_2000_480_1_5_400_400,146.44,46.24
VIA_via4_5_2000_480_1_5_400_400_83,VIA_via4_5_2000_480_1_5_400_400,176.44,46.24
VIA_via4_5_2000_480_1_5_400_400_84,VIA_via4_5_2000_480_1_5_400_400,30.14,48.96
VIA_via4_5_2000_480_1_5_400_400_85,VIA_via4_5_2000_480_1_5_400_400,60.14,48.96
VIA_via4_5_2000_480_1_5_400_400_86,VIA_via4_5_2000_480_1_5_400_400,90.14,48.96
VIA_via4_5_2000_480_1_5_400_400_87,VIA_via4_5_2000_480_1_5_400_400,120.14,48.96
VIA_via4_5_2000_480_1_5_400_400_88,VIA_via4_5_2000_480_1_5_400_400,150.14000000000001,48.96
VIA_via4_5_2000_480_1_5_400_400_89,VIA_via4_5_2000_480_1_5_400_400,180.14000000000001,48.96
VIA_via4_5_2000_480_1_5_400_400_90,VIA_via4_5_2000_480_1_5_400_400,26.44,51.68
VIA_via4_5_2000_480_1_5_400_400_91,VIA_via4_5_2000_480_1_5_400_400,56.44,51.68
VIA_via4_5_2000_480_1_5_400_400_92,VIA_via4_5_2000_480_1_5_400_400,86.44,51.68
VIA_via4_5_2000_480_1_5_400_400_93,VIA_via4_5_2000_480_1_5_400_400,116.44,51.68
VIA_via4_5_2000_480_1_5_400_400_94,VIA_via4_5_2000_480_1_5_400_400,146.44,51.68
VIA_via4_5_2000_480_1_5_400_400_95,VIA_via4_5_2000_480_1_5_400_400,176.44,51.68
VIA_via4_5_2000_480_1_5_400_400_96,VIA_via4_5_2000_480_1_5_400_400,30.14,54.4
VIA_via4_5_2000_480_1_5_400_400_97,VIA_via4_5_2000_480_1_5_400_400,60.14,54.4
VIA_via4_5_2000_480_1_5_400_400_98,VIA_via4_5_2000_480_1_5_400_400,90.14,54.4
VIA_via4_5_2000_480_1_5_400_400_99,VIA_via4_5_2000_480_1_5_400_400,120.14,54.4
VIA_via4_5_2000_480_1_5_400_400_100,VIA_via4_5_2000_480_1_5_400_400,150.14000000000001,54.4
VIA_via4_5_2000_480_1_5_400_400_101,VIA_via4_5_2000_480_1_5_400_400,180.14000000000001,54.4
VIA_via4_5_2000_480_1_5_400_400_102,VIA_via4_5_2000_480_1_5_400_400,26.44,57.120000000000005
VIA_via4_5_2000_480_1_5_400_400_103,VIA_via4_5_2000_480_1_5_400_400,56.44,57.120000000000005
VIA_via4_5_2000_480_1_5_400_400_104,VIA_via4_5_2000_480_1_5_400_400,86.44,57.120000000000005
VIA_via4_5_2000_480_1_5_400_400_105,VIA_via4_5_2000_480_1_5_400_400,116.44,57.120000000000005
VIA_via4_5_2000_480_1_5_400_400_106,VIA_via4_5_2000_480_1_5_400_400,146.44,57.120000000000005
VIA_via4_5_2000_480_1_5_400_400_107,VIA_via4_5_2000_480_1_5_400_400,176.44,57.120000000000005
VIA_via4_5_2000_480_1_5_400_400_108,VIA_via4_5_2000_480_1_5_400_400,30.14,59.84
VIA_via4_5_2000_480_1_5_400_400_109,VIA_via4_5_2000_480_1_5_400_400,60.14,59.84
VIA_via4_5_2000_480_1_5_400_400_110,VIA_via4_5_2000_480_1_5_400_400,90.14,59.84
VIA_via4_5_2000_480_1_5_400_400_111,VIA_via4_5_2000_480_1_5_400_400,120.14,59.84
VIA_via4_5_2000_480_1_5_400_400_112,VIA_via4_5_2000_480_1_5_400_400,150.14000000000001,59.84
VIA_via4_5_2000_480_1_5_400_400_113,VIA_via4_5_2000_480_1_5_400_400,180.14000000000001,59.84
VIA_via4_5_2000_480_1_5_400_400_114,VIA_via4_5_2000_480_1_5_400_400,26.44,62.56
VIA_via4_5_2000_480_1_5_400_400_115,VIA_via4_5_2000_480_1_5_400_400,56.44,62.56
VIA_via4_5_2000_480_1_5_400_400_116,VIA_via4_5_2000_480_1_5_400_400,86.44,62.56
VIA_via4_5_2000_480_1_5_400_400_117,VIA_via4_5_2000_480_1_5_400_400,116.44,62.56
VIA_via4_5_2000_480_1_5_400_400_118,VIA_via4_5_2000_480_1_5_400_400,146.44,62.56
VIA_via4_5_2000_480_1_5_400_400_119,VIA_via4_5_2000_480_1_5_400_400,176.44,62.56
VIA_via4_5_2000_480_1_5_400_400_120,VIA_via4_5_2000_480_1_5_400_400,30.14,65.28
VIA_via4_5_2000_480_1_5_400_400_121,VIA_via4_5_2000_480_1_5_400_400,60.14,65.28
VIA_via4_5_2000_480_1_5_400_400_122,VIA_via4_5_2000_480_1_5_400_400,90.14,65.28
VIA_via4_5_2000_480_1_5_400_400_123,VIA_via4_5_2000_480_1_5_400_400,120.14,65.28
VIA_via4_5_2000_480_1_5_400_400_124,VIA_via4_5_2000_480_1_5_400_400,150.14000000000001,65.28
VIA_via4_5_2000_480_1_5_400_400_125,VIA_via4_5_2000_480_1_5_400_400,180.14000000000001,65.28
VIA_via4_5_2000_480_1_5_400_400_126,VIA_via4_5_2000_480_1_5_400_400,26.44,68.0
VIA_via4_5_2000_480_1_5_400_400_127,VIA_via4_5_2000_480_1_5_400_400,56.44,68.0
VIA_via4_5_2000_480_1_5_400_400_128,VIA_via4_5_2000_480_1_5_400_400,86.44,68.0
VIA_via4_5_2000_480_1_5_400_400_129,VIA_via4_5_2000_480_1_5_400_400,116.44,68.0
VIA_via4_5_2000_480_1_5_400_400_130,VIA_via4_5_2000_480_1_5_400_400,146.44,68.0
VIA_via4_5_2000_480_1_5_400_400_131,VIA_via4_5_2000_480_1_5_400_400,176.44,68.0
VIA_via4_5_2000_480_1_5_400_400_132,VIA_via4_5_2000_480_1_5_400_400,30.14,70.72
VIA_via4_5_2000_480_1_5_400_400_133,VIA_via4_5_2000_480_1_5_400_400,60.14,70.72
VIA_via4_5_2000_480_1_5_400_400_134,VIA_via4_5_2000_480_1_5_400_400,90.14,70.72
VIA_via4_5_2000_480_1_5_400_400_135,VIA_via4_5_2000_480_1_5_400_400,120.14,70.72
VIA_via4_5_2000_480_1_5_400_400_136,VIA_via4_5_2000_480_1_5_400_400,150.14000000000001,70.72
VIA_via4_5_2000_480_1_5_400_400_137,VIA_via4_5_2000_480_1_5_400_400,180.14000000000001,70.72
VIA_via4_5_2000_480_1_5_400_400_138,VIA_via4_5_2000_480_1_5_400_400,26.44,73.44
VIA_via4_5_2000_480_1_5_400_400_139,VIA_via4_5_2000_480_1_5_400_400,56.44,73.44
VIA_via4_5_2000_480_1_5_400_400_140,VIA_via4_5_2000_480_1_5_400_400,86.44,73.44
VIA_via4_5_2000_480_1_5_400_400_141,VIA_via4_5_2000_480_1_5_400_400,116.44,73.44
VIA_via4_5_2000_480_1_5_400_400_142,VIA_via4_5_2000_480_1_5_400_400,146.44,73.44
VIA_via4_5_2000_480_1_5_400_400_143,VIA_via4_5_2000_480_1_5_400_400,176.44,73.44
VIA_via4_5_2000_480_1_5_400_400_144,VIA_via4_5_2000_480_1_5_400_400,30.14,76.16
VIA_via4_5_2000_480_1_5_400_400_145,VIA_via4_5_2000_480_1_5_400_400,60.14,76.16
VIA_via4_5_2000_480_1_5_400_400_146,VIA_via4_5_2000_480_1_5_400_400,90.14,76.16
VIA_via4_5_2000_480_1_5_400_400_147,VIA_via4_5_2000_480_1_5_400_400,120.14,76.16
VIA_via4_5_2000_480_1_5_400_400_148,VIA_via4_5_2000_480_1_5_400_400,150.14000000000001,76.16
VIA_via4_5_2000_480_1_5_400_400_149,VIA_via4_5_2000_480_1_5_400_400,180.14000000000001,76.16
VIA_via4_5_2000_480_1_5_400_400_150,VIA_via4_5_2000_480_1_5_400_400,26.44,78.88
VIA_via4_5_2000_480_1_5_400_400_151,VIA_via4_5_2000_480_1_5_400_400,56.44,78.88
VIA_via4_5_2000_480_1_5_400_400_152,VIA_via4_5_2000_480_1_5_400_400,86.44,78.88
VIA_via4_5_2000_480_1_5_400_400_153,VIA_via4_5_2000_480_1_5_400_400,116.44,78.88
VIA_via4_5_2000_480_1_5_400_400_154,VIA_via4_5_2000_480_1_5_400_400,146.44,78.88
VIA_via4_5_2000_480_1_5_400_400_155,VIA_via4_5_2000_480_1_5_400_400,176.44,78.88
VIA_via4_5_2000_480_1_5_400_400_156,VIA_via4_5_2000_480_1_5_400_400,30.14,81.60000000000001
VIA_via4_5_2000_480_1_5_400_400_157,VIA_via4_5_2000_480_1_5_400_400,60.14,81.60000000000001
VIA_via4_5_2000_480_1_5_400_400_158,VIA_via4_5_2000_480_1_5_400_400,90.14,81.60000000000001
VIA_via4_5_2000_480_1_5_400_400_159,VIA_via4_5_2000_480_1_5_400_400,120.14,81.60000000000001
VIA_via4_5_2000_480_1_5_400_400_160,VIA_via4_5_2000_480_1_5_400_400,150.14000000000001,81.60000000000001
VIA_via4_5_2000_480_1_5_400_400_161,VIA_via4_5_2000_480_1_5_400_400,180.14000000000001,81.60000000000001
VIA_via4_5_2000_480_1_5_400_400_162,VIA_via4_5_2000_480_1_5_400_400,26.44,84.32000000000001
VIA_via4_5_2000_480_1_5_400_400_163,VIA_via4_5_2000_480_1_5_400_400,56.44,84.32000000000001
VIA_via4_5_2000_480_1_5_400_400_164,VIA_via4_5_2000_480_1_5_400_400,86.44,84.32000000000001
VIA_via4_5_2000_480_1_5_400_400_165,VIA_via4_5_2000_480_1_5_400_400,116.44,84.32000000000001
VIA_via4_5_2000_480_1_5_400_400_166,VIA_via4_5_2000_480_1_5_400_400,146.44,84.32000000000001
VIA_via4_5_2000_480_1_5_400_400_167,VIA_via4_5_2000_480_1_5_400_400,176.44,84.32000000000001
VIA_via4_5_2000_480_1_5_400_400_168,VIA_via4_5_2000_480_1_5_400_400,30.14,87.04
VIA_via4_5_2000_480_1_5_400_400_169,VIA_via4_5_2000_480_1_5_400_400,60.14,87.04
VIA_via4_5_2000_480_1_5_400_400_170,VIA_via4_5_2000_480_1_5_400_400,90.14,87.04
VIA_via4_5_2000_480_1_5_400_400_171,VIA_via4_5_2000_480_1_5_400_400,120.14,87.04
VIA_via4_5_2000_480_1_5_400_400_172,VIA_via4_5_2000_480_1_5_400_400,150.14000000000001,87.04
VIA_via4_5_2000_480_1_5_400_400_173,VIA_via4_5_2000_480_1_5_400_400,180.14000000000001,87.04
VIA_via4_5_2000_480_1_5_400_400_174,VIA_via4_5_2000_480_1_5_400_400,26.44,89.76
VIA_via4_5_2000_480_1_5_400_400_175,VIA_via4_5_2000_480_1_5_400_400,56.44,89.76
VIA_via4_5_2000_480_1_5_400_400_176,VIA_via4_5_2000_480_1_5_400_400,86.44,89.76
VIA_via4_5_2000_480_1_5_400_400_177,VIA_via4_5_2000_480_1_5_400_400,116.44,89.76
VIA_via4_5_2000_480_1_5_400_400_178,VIA_via4_5_2000_480_1_5_400_400,146.44,89.76
VIA_via4_5_2000_480_1_5_400_400_179,VIA_via4_5_2000_480_1_5_400_400,176.44,89.76
VIA_via4_5_2000_480_1_5_400_400_180,VIA_via4_5_2000_480_1_5_400_400,30.14,92.48
VIA_via4_5_2000_480_1_5_400_400_181,VIA_via4_5_2000_480_1_5_400_400,60.14,92.48
VIA_via4_5_2000_480_1_5_400_400_182,VIA_via4_5_2000_480_1_5_400_400,90.14,92.48
VIA_via4_5_2000_480_1_5_400_400_183,VIA_via4_5_2000_480_1_5_400_400,120.14,92.48
VIA_via4_5_2000_480_1_5_400_400_184,VIA_via4_5_2000_480_1_5_400_400,150.14000000000001,92.48
VIA_via4_5_2000_480_1_5_400_400_185,VIA_via4_5_2000_480_1_5_400_400,180.14000000000001,92.48
VIA_via4_5_2000_480_1_5_400_400_186,VIA_via4_5_2000_480_1_5_400_400,26.44,95.2
VIA_via4_5_2000_480_1_5_400_400_187,VIA_via4_5_2000_480_1_5_400_400,56.44,95.2
VIA_via4_5_2000_480_1_5_400_400_188,VIA_via4_5_2000_480_1_5_400_400,86.44,95.2
VIA_via4_5_2000_480_1_5_400_400_189,VIA_via4_5_2000_480_1_5_400_400,116.44,95.2
VIA_via4_5_2000_480_1_5_400_400_190,VIA_via4_5_2000_480_1_5_400_400,146.44,95.2
VIA_via4_5_2000_480_1_5_400_400_191,VIA_via4_5_2000_480_1_5_400_400,176.44,95.2
VIA_via4_5_2000_480_1_5_400_400_192,VIA_via4_5_2000_480_1_5_400_400,30.14,97.92
VIA_via4_5_2000_480_1_5_400_400_193,VIA_via4_5_2000_480_1_5_400_400,60.14,97.92
VIA_via4_5_2000_480_1_5_400_400_194,VIA_via4_5_2000_480_1_5_400_400,90.14,97.92
VIA_via4_5_2000_480_1_5_400_400_195,VIA_via4_5_2000_480_1_5_400_400,120.14,97.92
VIA_via4_5_2000_480_1_5_400_400_196,VIA_via4_5_2000_480_1_5_400_400,150.14000000000001,97.92
VIA_via4_5_2000_480_1_5_400_400_197,VIA_via4_5_2000_480_1_5_400_400,180.14000000000001,97.92
VIA_via4_5_2000_480_1_5_400_400_198,VIA_via4_5_2000_480_1_5_400_400,26.44,100.64
VIA_via4_5_2000_480_1_5_400_400_199,VIA_via4_5_2000_480_1_5_400_400,56.44,100.64
VIA_via4_5_2000_480_1_5_400_400_200,VIA_via4_5_2000_480_1_5_400_400,86.44,100.64
VIA_via4_5_2000_480_1_5_400_400_201,VIA_via4_5_2000_480_1_5_400_400,116.44,100.64
VIA_via4_5_2000_480_1_5_400_400_202,VIA_via4_5_2000_480_1_5_400_400,146.44,100.64
VIA_via4_5_2000_480_1_5_400_400_203,VIA_via4_5_2000_480_1_5_400_400,176.44,100.64
VIA_via4_5_2000_480_1_5_400_400_204,VIA_via4_5_2000_480_1_5_400_400,30.14,103.36
VIA_via4_5_2000_480_1_5_400_400_205,VIA_via4_5_2000_480_1_5_400_400,60.14,103.36
VIA_via4_5_2000_480_1_5_400_400_206,VIA_via4_5_2000_480_1_5_400_400,90.14,103.36
VIA_via4_5_2000_480_1_5_400_400_207,VIA_via4_5_2000_480_1_5_400_400,120.14,103.36
VIA_via4_5_2000_480_1_5_400_400_208,VIA_via4_5_2000_480_1_5_400_400,150.14000000000001,103.36
VIA_via4_5_2000_480_1_5_400_400_209,VIA_via4_5_2000_480_1_5_400_400,180.14000000000001,103.36
VIA_via4_5_2000_480_1_5_400_400_210,VIA_via4_5_2000_480_1_5_400_400,26.44,106.08
VIA_via4_5_2000_480_1_5_400_400_211,VIA_via4_5_2000_480_1_5_400_400,56.44,106.08
VIA_via4_5_2000_480_1_5_400_400_212,VIA_via4_5_2000_480_1_5_400_400,86.44,106.08
VIA_via4_5_2000_480_1_5_400_400_213,VIA_via4_5_2000_480_1_5_400_400,116.44,106.08
VIA_via4_5_2000_480_1_5_400_400_214,VIA_via4_5_2000_480_1_5_400_400,146.44,106.08
VIA_via4_5_2000_480_1_5_400_400_215,VIA_via4_5_2000_480_1_5_400_400,176.44,106.08
VIA_via4_5_2000_480_1_5_400_400_216,VIA_via4_5_2000_480_1_5_400_400,30.14,108.8
VIA_via4_5_2000_480_1_5_400_400_217,VIA_via4_5_2000_480_1_5_400_400,60.14,108.8
VIA_via4_5_2000_480_1_5_400_400_218,VIA_via4_5_2000_480_1_5_400_400,90.14,108.8
VIA_via4_5_2000_480_1_5_400_400_219,VIA_via4_5_2000_480_1_5_400_400,120.14,108.8
VIA_via4_5_2000_480_1_5_400_400_220,VIA_via4_5_2000_480_1_5_400_400,150.14000000000001,108.8
VIA_via4_5_2000_480_1_5_400_400_221,VIA_via4_5_2000_480_1_5_400_400,180.14000000000001,108.8
VIA_via4_5_2000_480_1_5_400_400_222,VIA_via4_5_2000_480_1_5_400_400,26.44,111.52
VIA_via4_5_2000_480_1_5_400_400_223,VIA_via4_5_2000_480_1_5_400_400,56.44,111.52
VIA_via4_5_2000_480_1_5_400_400_224,VIA_via4_5_2000_480_1_5_400_400,86.44,111.52
VIA_via4_5_2000_480_1_5_400_400_225,VIA_via4_5_2000_480_1_5_400_400,116.44,111.52
VIA_via4_5_2000_480_1_5_400_400_226,VIA_via4_5_2000_480_1_5_400_400,146.44,111.52
VIA_via4_5_2000_480_1_5_400_400_227,VIA_via4_5_2000_480_1_5_400_400,176.44,111.52
VIA_via4_5_2000_480_1_5_400_400_228,VIA_via4_5_2000_480_1_5_400_400,30.14,114.24000000000001
VIA_via4_5_2000_480_1_5_400_400_229,VIA_via4_5_2000_480_1_5_400_400,60.14,114.24000000000001
VIA_via4_5_2000_480_1_5_400_400_230,VIA_via4_5_2000_480_1_5_400_400,90.14,114.24000000000001
VIA_via4_5_2000_480_1_5_400_400_231,VIA_via4_5_2000_480_1_5_400_400,120.14,114.24000000000001
VIA_via4_5_2000_480_1_5_400_400_232,VIA_via4_5_2000_480_1_5_400_400,150.14000000000001,114.24000000000001
VIA_via4_5_2000_480_1_5_400_400_233,VIA_via4_5_2000_480_1_5_400_400,180.14000000000001,114.24000000000001
VIA_via4_5_2000_480_1_5_400_400_234,VIA_via4_5_2000_480_1_5_400_400,26.44,116.96000000000001
VIA_via4_5_2000_480_1_5_400_400_235,VIA_via4_5_2000_480_1_5_400_400,56.44,116.96000000000001
VIA_via4_5_2000_480_1_5_400_400_236,VIA_via4_5_2000_480_1_5_400_400,86.44,116.96000000000001
VIA_via4_5_2000_480_1_5_400_400_237,VIA_via4_5_2000_480_1_5_400_400,116.44,116.96000000000001
VIA_via4_5_2000_480_1_5_400_400_238,VIA_via4_5_2000_480_1_5_400_400,146.44,116.96000000000001
VIA_via4_5_2000_480_1_5_400_400_239,VIA_via4_5_2000_480_1_5_400_400,176.44,116.96000000000001
VIA_via4_5_2000_480_1_5_400_400_240,VIA_via4_5_2000_480_1_5_400_400,30.14,119.68
VIA_via4_5_2000_480_1_5_400_400_241,VIA_via4_5_2000_480_1_5_400_400,60.14,119.68
VIA_via4_5_2000_480_1_5_400_400_242,VIA_via4_5_2000_480_1_5_400_400,90.14,119.68
VIA_via4_5_2000_480_1_5_400_400_243,VIA_via4_5_2000_480_1_5_400_400,120.14,119.68
VIA_via4_5_2000_480_1_5_400_400_244,VIA_via4_5_2000_480_1_5_400_400,150.14000000000001,119.68
VIA_via4_5_2000_480_1_5_400_400_245,VIA_via4_5_2000_480_1_5_400_400,180.14000000000001,119.68
VIA_via4_5_2000_480_1_5_400_400_246,VIA_via4_5_2000_480_1_5_400_400,26.44,122.4
VIA_via4_5_2000_480_1_5_400_400_247,VIA_via4_5_2000_480_1_5_400_400,56.44,122.4
VIA_via4_5_2000_480_1_5_400_400_248,VIA_via4_5_2000_480_1_5_400_400,86.44,122.4
VIA_via4_5_2000_480_1_5_400_400_249,VIA_via4_5_2000_480_1_5_400_400,116.44,122.4
VIA_via4_5_2000_480_1_5_400_400_250,VIA_via4_5_2000_480_1_5_400_400,146.44,122.4
VIA_via4_5_2000_480_1_5_400_400_251,VIA_via4_5_2000_480_1_5_400_400,176.44,122.4
VIA_via4_5_2000_480_1_5_400_400_252,VIA_via4_5_2000_480_1_5_400_400,30.14,125.12
VIA_via4_5_2000_480_1_5_400_400_253,VIA_via4_5_2000_480_1_5_400_400,60.14,125.12
VIA_via4_5_2000_480_1_5_400_400_254,VIA_via4_5_2000_480_1_5_400_400,90.14,125.12
VIA_via4_5_2000_480_1_5_400_400_255,VIA_via4_5_2000_480_1_5_400_400,120.14,125.12
VIA_via4_5_2000_480_1_5_400_400_256,VIA_via4_5_2000_480_1_5_400_400,150.14000000000001,125.12
VIA_via4_5_2000_480_1_5_400_400_257,VIA_via4_5_2000_480_1_5_400_400,180.14000000000001,125.12
VIA_via4_5_2000_480_1_5_400_400_258,VIA_via4_5_2000_480_1_5_400_400,26.44,127.84
VIA_via4_5_2000_480_1_5_400_400_259,VIA_via4_5_2000_480_1_5_400_400,56.44,127.84
VIA_via4_5_2000_480_1_5_400_400_260,VIA_via4_5_2000_480_1_5_400_400,86.44,127.84
VIA_via4_5_2000_480_1_5_400_400_261,VIA_via4_5_2000_480_1_5_400_400,116.44,127.84
VIA_via4_5_2000_480_1_5_400_400_262,VIA_via4_5_2000_480_1_5_400_400,146.44,127.84
VIA_via4_5_2000_480_1_5_400_400_263,VIA_via4_5_2000_480_1_5_400_400,176.44,127.84
VIA_via4_5_2000_480_1_5_400_400_264,VIA_via4_5_2000_480_1_5_400_400,30.14,130.56
VIA_via4_5_2000_480_1_5_400_400_265,VIA_via4_5_2000_480_1_5_400_400,60.14,130.56
VIA_via4_5_2000_480_1_5_400_400_266,VIA_via4_5_2000_480_1_5_400_400,90.14,130.56
VIA_via4_5_2000_480_1_5_400_400_267,VIA_via4_5_2000_480_1_5_400_400,120.14,130.56
VIA_via4_5_2000_480_1_5_400_400_268,VIA_via4_5_2000_480_1_5_400_400,150.14000000000001,130.56
VIA_via4_5_2000_480_1_5_400_400_269,VIA_via4_5_2000_480_1_5_400_400,180.14000000000001,130.56
VIA_via4_5_2000_480_1_5_400_400_270,VIA_via4_5_2000_480_1_5_400_400,26.44,133.28
VIA_via4_5_2000_480_1_5_400_400_271,VIA_via4_5_2000_480_1_5_400_400,56.44,133.28
VIA_via4_5_2000_480_1_5_400_400_272,VIA_via4_5_2000_480_1_5_400_400,86.44,133.28
VIA_via4_5_2000_480_1_5_400_400_273,VIA_via4_5_2000_480_1_5_400_400,116.44,133.28
VIA_via4_5_2000_480_1_5_400_400_274,VIA_via4_5_2000_480_1_5_400_400,146.44,133.28
VIA_via4_5_2000_480_1_5_400_400_275,VIA_via4_5_2000_480_1_5_400_400,176.44,133.28
VIA_via4_5_2000_480_1_5_400_400_276,VIA_via4_5_2000_480_1_5_400_400,30.14,136.0
VIA_via4_5_2000_480_1_5_400_400_277,VIA_via4_5_2000_480_1_5_400_400,60.14,136.0
VIA_via4_5_2000_480_1_5_400_400_278,VIA_via4_5_2000_480_1_5_400_400,90.14,136.0
VIA_via4_5_2000_480_1_5_400_400_279,VIA_via4_5_2000_480_1_5_400_400,120.14,136.0
VIA_via4_5_2000_480_1_5_400_400_280,VIA_via4_5_2000_480_1_5_400_400,150.14000000000001,136.0
VIA_via4_5_2000_480_1_5_400_400_281,VIA_via4_5_2000_480_1_5_400_400,180.14000000000001,136.0
VIA_via4_5_2000_480_1_5_400_400_282,VIA_via4_5_2000_480_1_5_400_400,26.44,138.72
VIA_via4_5_2000_480_1_5_400_400_283,VIA_via4_5_2000_480_1_5_400_400,56.44,138.72
VIA_via4_5_2000_480_1_5_400_400_284,VIA_via4_5_2000_480_1_5_400_400,86.44,138.72
VIA_via4_5_2000_480_1_5_400_400_285,VIA_via4_5_2000_480_1_5_400_400,116.44,138.72
VIA_via4_5_2000_480_1_5_400_400_286,VIA_via4_5_2000_480_1_5_400_400,146.44,138.72
VIA_via4_5_2000_480_1_5_400_400_287,VIA_via4_5_2000_480_1_5_400_400,176.44,138.72
VIA_via4_5_2000_480_1_5_400_400_288,VIA_via4_5_2000_480_1_5_400_400,30.14,141.44
VIA_via4_5_2000_480_1_5_400_400_289,VIA_via4_5_2000_480_1_5_400_400,60.14,141.44
VIA_via4_5_2000_480_1_5_400_400_290,VIA_via4_5_2000_480_1_5_400_400,90.14,141.44
VIA_via4_5_2000_480_1_5_400_400_291,VIA_via4_5_2000_480_1_5_400_400,120.14,141.44
VIA_via4_5_2000_480_1_5_400_400_292,VIA_via4_5_2000_480_1_5_400_400,150.14000000000001,141.44
VIA_via4_5_2000_480_1_5_400_400_293,VIA_via4_5_2000_480_1_5_400_400,180.14000000000001,141.44
VIA_via4_5_2000_480_1_5_400_400_294,VIA_via4_5_2000_480_1_5_400_400,26.44,144.16
VIA_via4_5_2000_480_1_5_400_400_295,VIA_via4_5_2000_480_1_5_400_400,56.44,144.16
VIA_via4_5_2000_480_1_5_400_400_296,VIA_via4_5_2000_480_1_5_400_400,86.44,144.16
VIA_via4_5_2000_480_1_5_400_400_297,VIA_via4_5_2000_480_1_5_400_400,116.44,144.16
VIA_via4_5_2000_480_1_5_400_400_298,VIA_via4_5_2000_480_1_5_400_400,146.44,144.16
VIA_via4_5_2000_480_1_5_400_400_299,VIA_via4_5_2000_480_1_5_400_400,176.44,144.16
VIA_via4_5_2000_480_1_5_400_400_300,VIA_via4_5_2000_480_1_5_400_400,30.14,146.88
VIA_via4_5_2000_480_1_5_400_400_301,VIA_via4_5_2000_480_1_5_400_400,60.14,146.88
VIA_via4_5_2000_480_1_5_400_400_302,VIA_via4_5_2000_480_1_5_400_400,90.14,146.88
VIA_via4_5_2000_480_1_5_400_400_303,VIA_via4_5_2000_480_1_5_400_400,120.14,146.88
VIA_via4_5_2000_480_1_5_400_400_304,VIA_via4_5_2000_480_1_5_400_400,150.14000000000001,146.88
VIA_via4_5_2000_480_1_5_400_400_305,VIA_via4_5_2000_480_1_5_400_400,180.14000000000001,146.88
VIA_via4_5_2000_480_1_5_400_400_306,VIA_via4_5_2000_480_1_5_400_400,26.44,149.6
VIA_via4_5_2000_480_1_5_400_400_307,VIA_via4_5_2000_480_1_5_400_400,56.44,149.6
VIA_via4_5_2000_480_1_5_400_400_308,VIA_via4_5_2000_480_1_5_400_400,86.44,149.6
VIA_via4_5_2000_480_1_5_400_400_309,VIA_via4_5_2000_480_1_5_400_400,116.44,149.6
VIA_via4_5_2000_480_1_5_400_400_310,VIA_via4_5_2000_480_1_5_400_400,146.44,149.6
VIA_via4_5_2000_480_1_5_400_400_311,VIA_via4_5_2000_480_1_5_400_400,176.44,149.6
VIA_via4_5_2000_480_1_5_400_400_312,VIA_via4_5_2000_480_1_5_400_400,30.14,152.32
VIA_via4_5_2000_480_1_5_400_400_313,VIA_via4_5_2000_480_1_5_400_400,60.14,152.32
VIA_via4_5_2000_480_1_5_400_400_314,VIA_via4_5_2000_480_1_5_400_400,90.14,152.32
VIA_via4_5_2000_480_1_5_400_400_315,VIA_via4_5_2000_480_1_5_400_400,120.14,152.32
VIA_via4_5_2000_480_1_5_400_400_316,VIA_via4_5_2000_480_1_5_400_400,150.14000000000001,152.32
VIA_via4_5_2000_480_1_5_400_400_317,VIA_via4_5_2000_480_1_5_400_400,180.14000000000001,152.32
VIA_via4_5_2000_480_1_5_400_400_318,VIA_via4_5_2000_480_1_5_400_400,26.44,155.04
VIA_via4_5_2000_480_1_5_400_400_319,VIA_via4_5_2000_480_1_5_400_400,56.44,155.04
VIA_via4_5_2000_480_1_5_400_400_320,VIA_via4_5_2000_480_1_5_400_400,86.44,155.04
VIA_via4_5_2000_480_1_5_400_400_321,VIA_via4_5_2000_480_1_5_400_400,116.44,155.04
VIA_via4_5_2000_480_1_5_400_400_322,VIA_via4_5_2000_480_1_5_400_400,146.44,155.04
VIA_via4_5_2000_480_1_5_400_400_323,VIA_via4_5_2000_480_1_5_400_400,176.44,155.04
VIA_via4_5_2000_480_1_5_400_400_324,VIA_via4_5_2000_480_1_5_400_400,30.14,157.76
VIA_via4_5_2000_480_1_5_400_400_325,VIA_via4_5_2000_480_1_5_400_400,60.14,157.76
VIA_via4_5_2000_480_1_5_400_400_326,VIA_via4_5_2000_480_1_5_400_400,90.14,157.76
VIA_via4_5_2000_480_1_5_400_400_327,VIA_via4_5_2000_480_1_5_400_400,120.14,157.76
VIA_via4_5_2000_480_1_5_400_400_328,VIA_via4_5_2000_480_1_5_400_400,150.14000000000001,157.76
VIA_via4_5_2000_480_1_5_400_400_329,VIA_via4_5_2000_480_1_5_400_400,180.14000000000001,157.76
VIA_via4_5_2000_480_1_5_400_400_330,VIA_via4_5_2000_480_1_5_400_400,26.44,160.48
VIA_via4_5_2000_480_1_5_400_400_331,VIA_via4_5_2000_480_1_5_400_400,56.44,160.48
VIA_via4_5_2000_480_1_5_400_400_332,VIA_via4_5_2000_480_1_5_400_400,86.44,160.48
VIA_via4_5_2000_480_1_5_400_400_333,VIA_via4_5_2000_480_1_5_400_400,116.44,160.48
VIA_via4_5_2000_480_1_5_400_400_334,VIA_via4_5_2000_480_1_5_400_400,146.44,160.48
VIA_via4_5_2000_480_1_5_400_400_335,VIA_via4_5_2000_480_1_5_400_400,176.44,160.48
VIA_via4_5_2000_480_1_5_400_400_336,VIA_via4_5_2000_480_1_5_400_400,30.14,163.20000000000002
VIA_via4_5_2000_480_1_5_400_400_337,VIA_via4_5_2000_480_1_5_400_400,60.14,163.20000000000002
VIA_via4_5_2000_480_1_5_400_400_338,VIA_via4_5_2000_480_1_5_400_400,90.14,163.20000000000002
VIA_via4_5_2000_480_1_5_400_400_339,VIA_via4_5_2000_480_1_5_400_400,120.14,163.20000000000002
VIA_via4_5_2000_480_1_5_400_400_340,VIA_via4_5_2000_480_1_5_400_400,150.14000000000001,163.20000000000002
VIA_via4_5_2000_480_1_5_400_400_341,VIA_via4_5_2000_480_1_5_400_400,180.14000000000001,163.20000000000002
VIA_via4_5_2000_480_1_5_400_400_342,VIA_via4_5_2000_480_1_5_400_400,26.44,165.92000000000002
VIA_via4_5_2000_480_1_5_400_400_343,VIA_via4_5_2000_480_1_5_400_400,56.44,165.92000000000002
VIA_via4_5_2000_480_1_5_400_400_344,VIA_via4_5_2000_480_1_5_400_400,86.44,165.92000000000002
VIA_via4_5_2000_480_1_5_400_400_345,VIA_via4_5_2000_480_1_5_400_400,116.44,165.92000000000002
VIA_via4_5_2000_480_1_5_400_400_346,VIA_via4_5_2000_480_1_5_400_400,146.44,165.92000000000002
VIA_via4_5_2000_480_1_5_400_400_347,VIA_via4_5_2000_480_1_5_400_400,176.44,165.92000000000002
VIA_via4_5_2000_480_1_5_400_400_348,VIA_via4_5_2000_480_1_5_400_400,30.14,168.64000000000001
VIA_via4_5_2000_480_1_5_400_400_349,VIA_via4_5_2000_480_1_5_400_400,60.14,168.64000000000001
VIA_via4_5_2000_480_1_5_400_400_350,VIA_via4_5_2000_480_1_5_400_400,90.14,168.64000000000001
VIA_via4_5_2000_480_1_5_400_400_351,VIA_via4_5_2000_480_1_5_400_400,120.14,168.64000000000001
VIA_via4_5_2000_480_1_5_400_400_352,VIA_via4_5_2000_480_1_5_400_400,150.14000000000001,168.64000000000001
VIA_via4_5_2000_480_1_5_400_400_353,VIA_via4_5_2000_480_1_5_400_400,180.14000000000001,168.64000000000001
VIA_via4_5_2000_480_1_5_400_400_354,VIA_via4_5_2000_480_1_5_400_400,26.44,171.36
VIA_via4_5_2000_480_1_5_400_400_355,VIA_via4_5_2000_480_1_5_400_400,56.44,171.36
VIA_via4_5_2000_480_1_5_400_400_356,VIA_via4_5_2000_480_1_5_400_400,86.44,171.36
VIA_via4_5_2000_480_1_5_400_400_357,VIA_via4_5_2000_480_1_5_400_400,116.44,171.36
VIA_via4_5_2000_480_1_5_400_400_358,VIA_via4_5_2000_480_1_5_400_400,146.44,171.36
VIA_via4_5_2000_480_1_5_400_400_359,VIA_via4_5_2000_480_1_5_400_400,176.44,171.36
VIA_via4_5_2000_480_1_5_400_400_360,VIA_via4_5_2000_480_1_5_400_400,30.14,174.08
VIA_via4_5_2000_480_1_5_400_400_361,VIA_via4_5_2000_480_1_5_400_400,60.14,174.08
VIA_via4_5_2000_480_1_5_400_400_362,VIA_via4_5_2000_480_1_5_400_400,90.14,174.08
VIA_via4_5_2000_480_1_5_400_400_363,VIA_via4_5_2000_480_1_5_400_400,120.14,174.08
VIA_via4_5_2000_480_1_5_400_400_364,VIA_via4_5_2000_480_1_5_400_400,150.14000000000001,174.08
VIA_via4_5_2000_480_1_5_400_400_365,VIA_via4_5_2000_480_1_5_400_400,180.14000000000001,174.08
VIA_via4_5_2000_480_1_5_400_400_366,VIA_via4_5_2000_480_1_5_400_400,26.44,176.8
VIA_via4_5_2000_480_1_5_400_400_367,VIA_via4_5_2000_480_1_5_400_400,56.44,176.8
VIA_via4_5_2000_480_1_5_400_400_368,VIA_via4_5_2000_480_1_5_400_400,86.44,176.8
VIA_via4_5_2000_480_1_5_400_400_369,VIA_via4_5_2000_480_1_5_400_400,116.44,176.8
VIA_via4_5_2000_480_1_5_400_400_370,VIA_via4_5_2000_480_1_5_400_400,146.44,176.8
VIA_via4_5_2000_480_1_5_400_400_371,VIA_via4_5_2000_480_1_5_400_400,176.44,176.8
VIA_via4_5_2000_480_1_5_400_400_372,VIA_via4_5_2000_480_1_5_400_400,30.14,179.52
VIA_via4_5_2000_480_1_5_400_400_373,VIA_via4_5_2000_480_1_5_400_400,60.14,179.52
VIA_via4_5_2000_480_1_5_400_400_374,VIA_via4_5_2000_480_1_5_400_400,90.14,179.52
VIA_via4_5_2000_480_1_5_400_400_375,VIA_via4_5_2000_480_1_5_400_400,120.14,179.52
VIA_via4_5_2000_480_1_5_400_400_376,VIA_via4_5_2000_480_1_5_400_400,150.14000000000001,179.52
VIA_via4_5_2000_480_1_5_400_400_377,VIA_via4_5_2000_480_1_5_400_400,180.14000000000001,179.52
VIA_via4_5_2000_480_1_5_400_400_378,VIA_via4_5_2000_480_1_5_400_400,26.44,182.24
VIA_via4_5_2000_480_1_5_400_400_379,VIA_via4_5_2000_480_1_5_400_400,56.44,182.24
VIA_via4_5_2000_480_1_5_400_400_380,VIA_via4_5_2000_480_1_5_400_400,86.44,182.24
VIA_via4_5_2000_480_1_5_400_400_381,VIA_via4_5_2000_480_1_5_400_400,116.44,182.24
VIA_via4_5_2000_480_1_5_400_400_382,VIA_via4_5_2000_480_1_5_400_400,146.44,182.24
VIA_via4_5_2000_480_1_5_400_400_383,VIA_via4_5_2000_480_1_5_400_400,176.44,182.24
VIA_via4_5_2000_480_1_5_400_400_384,VIA_via4_5_2000_480_1_5_400_400,30.14,184.96
VIA_via4_5_2000_480_1_5_400_400_385,VIA_via4_5_2000_480_1_5_400_400,60.14,184.96
VIA_via4_5_2000_480_1_5_400_400_386,VIA_via4_5_2000_480_1_5_400_400,90.14,184.96
VIA_via4_5_2000_480_1_5_400_400_387,VIA_via4_5_2000_480_1_5_400_400,120.14,184.96
VIA_via4_5_2000_480_1_5_400_400_388,VIA_via4_5_2000_480_1_5_400_400,150.14000000000001,184.96
VIA_via4_5_2000_480_1_5_400_400_389,VIA_via4_5_2000_480_1_5_400_400,180.14000000000001,184.96
VIA_via4_5_2000_480_1_5_400_400_390,VIA_via4_5_2000_480_1_5_400_400,26.44,187.68
VIA_via4_5_2000_480_1_5_400_400_391,VIA_via4_5_2000_480_1_5_400_400,56.44,187.68
VIA_via4_5_2000_480_1_5_400_400_392,VIA_via4_5_2000_480_1_5_400_400,86.44,187.68
VIA_via4_5_2000_480_1_5_400_400_393,VIA_via4_5_2000_480_1_5_400_400,116.44,187.68
VIA_via4_5_2000_480_1_5_400_400_394,VIA_via4_5_2000_480_1_5_400_400,146.44,187.68
VIA_via4_5_2000_480_1_5_400_400_395,VIA_via4_5_2000_480_1_5_400_400,176.44,187.68
VIA_via4_5_2000_480_1_5_400_400_396,VIA_via4_5_2000_480_1_5_400_400,30.14,190.4
VIA_via4_5_2000_480_1_5_400_400_397,VIA_via4_5_2000_480_1_5_400_400,60.14,190.4
VIA_via4_5_2000_480_1_5_400_400_398,VIA_via4_5_2000_480_1_5_400_400,90.14,190.4
VIA_via4_5_2000_480_1_5_400_400_399,VIA_via4_5_2000_480_1_5_400_400,120.14,190.4
VIA_via4_5_2000_480_1_5_400_400_400,VIA_via4_5_2000_480_1_5_400_400,150.14000000000001,190.4
VIA_via4_5_2000_480_1_5_400_400_401,VIA_via4_5_2000_480_1_5_400_400,180.14000000000001,190.4
VIA_via4_5_2000_480_1_5_400_400_402,VIA_via4_5_2000_480_1_5_400_400,26.44,193.12
VIA_via4_5_2000_480_1_5_400_400_403,VIA_via4_5_2000_480_1_5_400_400,56.44,193.12
VIA_via4_5_2000_480_1_5_400_400_404,VIA_via4_5_2000_480_1_5_400_400,86.44,193.12
VIA_via4_5_2000_480_1_5_400_400_405,VIA_via4_5_2000_480_1_5_400_400,116.44,193.12
VIA_via4_5_2000_480_1_5_400_400_406,VIA_via4_5_2000_480_1_5_400_400,146.44,193.12
VIA_via4_5_2000_480_1_5_400_400_407,VIA_via4_5_2000_480_1_5_400_400,176.44,193.12
VIA_via4_5_2000_480_1_5_400_400_408,VIA_via4_5_2000_480_1_5_400_400,30.14,195.84
VIA_via4_5_2000_480_1_5_400_400_409,VIA_via4_5_2000_480_1_5_400_400,60.14,195.84
VIA_via4_5_2000_480_1_5_400_400_410,VIA_via4_5_2000_480_1_5_400_400,90.14,195.84
VIA_via4_5_2000_480_1_5_400_400_411,VIA_via4_5_2000_480_1_5_400_400,120.14,195.84
VIA_via4_5_2000_480_1_5_400_400_412,VIA_via4_5_2000_480_1_5_400_400,150.14000000000001,195.84
VIA_via4_5_2000_480_1_5_400_400_413,VIA_via4_5_2000_480_1_5_400_400,180.14000000000001,195.84
VIA_via4_5_2000_480_1_5_400_400_414,VIA_via4_5_2000_480_1_5_400_400,26.44,198.56
VIA_via4_5_2000_480_1_5_400_400_415,VIA_via4_5_2000_480_1_5_400_400,56.44,198.56
VIA_via4_5_2000_480_1_5_400_400_416,VIA_via4_5_2000_480_1_5_400_400,86.44,198.56
VIA_via4_5_2000_480_1_5_400_400_417,VIA_via4_5_2000_480_1_5_400_400,116.44,198.56
VIA_via4_5_2000_480_1_5_400_400_418,VIA_via4_5_2000_480_1_5_400_400,146.44,198.56
VIA_via4_5_2000_480_1_5_400_400_419,VIA_via4_5_2000_480_1_5_400_400,176.44,198.56
VIA_via4_5_2000_480_1_5_400_400_420,VIA_via4_5_2000_480_1_5_400_400,30.14,201.28
VIA_via4_5_2000_480_1_5_400_400_421,VIA_via4_5_2000_480_1_5_400_400,60.14,201.28
VIA_via4_5_2000_480_1_5_400_400_422,VIA_via4_5_2000_480_1_5_400_400,90.14,201.28
VIA_via4_5_2000_480_1_5_400_400_423,VIA_via4_5_2000_480_1_5_400_400,120.14,201.28
VIA_via4_5_2000_480_1_5_400_400_424,VIA_via4_5_2000_480_1_5_400_400,150.14000000000001,201.28
VIA_via4_5_2000_480_1_5_400_400_425,VIA_via4_5_2000_480_1_5_400_400,180.14000000000001,201.28
VIA_via4_5_2000_480_1_5_400_400_426,VIA_via4_5_2000_480_1_5_400_400,26.44,204.0
VIA_via4_5_2000_480_1_5_400_400_427,VIA_via4_5_2000_480_1_5_400_400,56.44,204.0
VIA_via4_5_2000_480_1_5_400_400_428,VIA_via4_5_2000_480_1_5_400_400,86.44,204.0
VIA_via4_5_2000_480_1_5_400_400_429,VIA_via4_5_2000_480_1_5_400_400,116.44,204.0
VIA_via4_5_2000_480_1_5_400_400_430,VIA_via4_5_2000_480_1_5_400_400,146.44,204.0
VIA_via4_5_2000_480_1_5_400_400_431,VIA_via4_5_2000_480_1_5_400_400,176.44,204.0
VIA_via4_5_2000_480_1_5_400_400_432,VIA_via4_5_2000_480_1_5_400_400,30.14,206.72
VIA_via4_5_2000_480_1_5_400_400_433,VIA_via4_5_2000_480_1_5_400_400,60.14,206.72
VIA_via4_5_2000_480_1_5_400_400_434,VIA_via4_5_2000_480_1_5_400_400,90.14,206.72
VIA_via4_5_2000_480_1_5_400_400_435,VIA_via4_5_2000_480_1_5_400_400,120.14,206.72
VIA_via4_5_2000_480_1_5_400_400_436,VIA_via4_5_2000_480_1_5_400_400,150.14000000000001,206.72
VIA_via4_5_2000_480_1_5_400_400_437,VIA_via4_5_2000_480_1_5_400_400,180.14000000000001,206.72
VIA_via4_5_2000_480_1_5_400_400_438,VIA_via4_5_2000_480_1_5_400_400,26.44,209.44
VIA_via4_5_2000_480_1_5_400_400_439,VIA_via4_5_2000_480_1_5_400_400,56.44,209.44
VIA_via4_5_2000_480_1_5_400_400_440,VIA_via4_5_2000_480_1_5_400_400,86.44,209.44
VIA_via4_5_2000_480_1_5_400_400_441,VIA_via4_5_2000_480_1_5_400_400,116.44,209.44
VIA_via4_5_2000_480_1_5_400_400_442,VIA_via4_5_2000_480_1_5_400_400,146.44,209.44
VIA_via4_5_2000_480_1_5_400_400_443,VIA_via4_5_2000_480_1_5_400_400,176.44,209.44
VIA_via4_5_2000_480_1_5_400_400_444,VIA_via4_5_2000_480_1_5_400_400,30.14,212.16
VIA_via4_5_2000_480_1_5_400_400_445,VIA_via4_5_2000_480_1_5_400_400,60.14,212.16
VIA_via4_5_2000_480_1_5_400_400_446,VIA_via4_5_2000_480_1_5_400_400,90.14,212.16
VIA_via4_5_2000_480_1_5_400_400_447,VIA_via4_5_2000_480_1_5_400_400,120.14,212.16
VIA_via4_5_2000_480_1_5_400_400_448,VIA_via4_5_2000_480_1_5_400_400,150.14000000000001,212.16
VIA_via4_5_2000_480_1_5_400_400_449,VIA_via4_5_2000_480_1_5_400_400,180.14000000000001,212.16
VIA_via4_5_2000_480_1_5_400_400_450,VIA_via4_5_2000_480_1_5_400_400,26.44,214.88
VIA_via4_5_2000_480_1_5_400_400_451,VIA_via4_5_2000_480_1_5_400_400,56.44,214.88
VIA_via4_5_2000_480_1_5_400_400_452,VIA_via4_5_2000_480_1_5_400_400,86.44,214.88
VIA_via4_5_2000_480_1_5_400_400_453,VIA_via4_5_2000_480_1_5_400_400,116.44,214.88
VIA_via4_5_2000_480_1_5_400_400_454,VIA_via4_5_2000_480_1_5_400_400,146.44,214.88
VIA_via4_5_2000_480_1_5_400_400_455,VIA_via4_5_2000_480_1_5_400_400,176.44,214.88
VIA_via4_5_2000_480_1_5_400_400_456,VIA_via4_5_2000_480_1_5_400_400,30.14,217.6
VIA_via4_5_2000_480_1_5_400_400_457,VIA_via4_5_2000_480_1_5_400_400,60.14,217.6
VIA_via4_5_2000_480_1_5_400_400_458,VIA_via4_5_2000_480_1_5_400_400,90.14,217.6
VIA_via4_5_2000_480_1_5_400_400_459,VIA_via4_5_2000_480_1_5_400_400,120.14,217.6
VIA_via4_5_2000_480_1_5_400_400_460,VIA_via4_5_2000_480_1_5_400_400,150.14000000000001,217.6
VIA_via4_5_2000_480_1_5_400_400_461,VIA_via4_5_2000_480_1_5_400_400,180.14000000000001,217.6
VIA_via4_5_2000_480_1_5_400_400_462,VIA_via4_5_2000_480_1_5_400_400,26.44,220.32
VIA_via4_5_2000_480_1_5_400_400_463,VIA_via4_5_2000_480_1_5_400_400,56.44,220.32
VIA_via4_5_2000_480_1_5_400_400_464,VIA_via4_5_2000_480_1_5_400_400,86.44,220.32
VIA_via4_5_2000_480_1_5_400_400_465,VIA_via4_5_2000_480_1_5_400_400,116.44,220.32
VIA_via4_5_2000_480_1_5_400_400_466,VIA_via4_5_2000_480_1_5_400_400,146.44,220.32
VIA_via4_5_2000_480_1_5_400_400_467,VIA_via4_5_2000_480_1_5_400_400,176.44,220.32
VIA_via4_5_2000_480_1_5_400_400_468,VIA_via4_5_2000_480_1_5_400_400,30.14,223.04
VIA_via4_5_2000_480_1_5_400_400_469,VIA_via4_5_2000_480_1_5_400_400,60.14,223.04
VIA_via4_5_2000_480_1_5_400_400_470,VIA_via4_5_2000_480_1_5_400_400,90.14,223.04
VIA_via4_5_2000_480_1_5_400_400_471,VIA_via4_5_2000_480_1_5_400_400,120.14,223.04
VIA_via4_5_2000_480_1_5_400_400_472,VIA_via4_5_2000_480_1_5_400_400,150.14000000000001,223.04
VIA_via4_5_2000_480_1_5_400_400_473,VIA_via4_5_2000_480_1_5_400_400,180.14000000000001,223.04
VIA_via4_5_2000_480_1_5_400_400_474,VIA_via4_5_2000_480_1_5_400_400,26.44,225.76
VIA_via4_5_2000_480_1_5_400_400_475,VIA_via4_5_2000_480_1_5_400_400,56.44,225.76
VIA_via4_5_2000_480_1_5_400_400_476,VIA_via4_5_2000_480_1_5_400_400,86.44,225.76
VIA_via4_5_2000_480_1_5_400_400_477,VIA_via4_5_2000_480_1_5_400_400,116.44,225.76
VIA_via4_5_2000_480_1_5_400_400_478,VIA_via4_5_2000_480_1_5_400_400,146.44,225.76
VIA_via4_5_2000_480_1_5_400_400_479,VIA_via4_5_2000_480_1_5_400_400,176.44,225.76
VIA_via4_5_2000_480_1_5_400_400_480,VIA_via4_5_2000_480_1_5_400_400,30.14,228.48000000000002
VIA_via4_5_2000_480_1_5_400_400_481,VIA_via4_5_2000_480_1_5_400_400,60.14,228.48000000000002
VIA_via4_5_2000_480_1_5_400_400_482,VIA_via4_5_2000_480_1_5_400_400,90.14,228.48000000000002
VIA_via4_5_2000_480_1_5_400_400_483,VIA_via4_5_2000_480_1_5_400_400,120.14,228.48000000000002
VIA_via4_5_2000_480_1_5_400_400_484,VIA_via4_5_2000_480_1_5_400_400,150.14000000000001,228.48000000000002
VIA_via4_5_2000_480_1_5_400_400_485,VIA_via4_5_2000_480_1_5_400_400,180.14000000000001,228.48000000000002
VIA_via4_5_2000_480_1_5_400_400_486,VIA_via4_5_2000_480_1_5_400_400,26.44,231.20000000000002
VIA_via4_5_2000_480_1_5_400_400_487,VIA_via4_5_2000_480_1_5_400_400,56.44,231.20000000000002
VIA_via4_5_2000_480_1_5_400_400_488,VIA_via4_5_2000_480_1_5_400_400,86.44,231.20000000000002
VIA_via4_5_2000_480_1_5_400_400_489,VIA_via4_5_2000_480_1_5_400_400,116.44,231.20000000000002
VIA_via4_5_2000_480_1_5_400_400_490,VIA_via4_5_2000_480_1_5_400_400,146.44,231.20000000000002
VIA_via4_5_2000_480_1_5_400_400_491,VIA_via4_5_2000_480_1_5_400_400,176.44,231.20000000000002
VIA_via4_5_2000_480_1_5_400_400_492,VIA_via4_5_2000_480_1_5_400_400,30.14,233.92000000000002
VIA_via4_5_2000_480_1_5_400_400_493,VIA_via4_5_2000_480_1_5_400_400,60.14,233.92000000000002
VIA_via4_5_2000_480_1_5_400_400_494,VIA_via4_5_2000_480_1_5_400_400,90.14,233.92000000000002
VIA_via4_5_2000_480_1_5_400_400_495,VIA_via4_5_2000_480_1_5_400_400,120.14,233.92000000000002
VIA_via4_5_2000_480_1_5_400_400_496,VIA_via4_5_2000_480_1_5_400_400,150.14000000000001,233.92000000000002
VIA_via4_5_2000_480_1_5_400_400_497,VIA_via4_5_2000_480_1_5_400_400,180.14000000000001,233.92000000000002
VIA_via4_5_2000_480_1_5_400_400_498,VIA_via4_5_2000_480_1_5_400_400,26.44,236.64000000000001
VIA_via4_5_2000_480_1_5_400_400_499,VIA_via4_5_2000_480_1_5_400_400,56.44,236.64000000000001
VIA_via4_5_2000_480_1_5_400_400_500,VIA_via4_5_2000_480_1_5_400_400,86.44,236.64000000000001
VIA_via4_5_2000_480_1_5_400_400_501,VIA_via4_5_2000_480_1_5_400_400,116.44,236.64000000000001
VIA_via4_5_2000_480_1_5_400_400_502,VIA_via4_5_2000_480_1_5_400_400,146.44,236.64000000000001
VIA_via4_5_2000_480_1_5_400_400_503,VIA_via4_5_2000_480_1_5_400_400,176.44,236.64000000000001
VIA_via4_5_2000_480_1_5_400_400_504,VIA_via4_5_2000_480_1_5_400_400,30.14,239.36
VIA_via4_5_2000_480_1_5_400_400_505,VIA_via4_5_2000_480_1_5_400_400,60.14,239.36
VIA_via4_5_2000_480_1_5_400_400_506,VIA_via4_5_2000_480_1_5_400_400,90.14,239.36
VIA_via4_5_2000_480_1_5_400_400_507,VIA_via4_5_2000_480_1_5_400_400,120.14,239.36
VIA_via4_5_2000_480_1_5_400_400_508,VIA_via4_5_2000_480_1_5_400_400,150.14000000000001,239.36
VIA_via4_5_2000_480_1_5_400_400_509,VIA_via4_5_2000_480_1_5_400_400,180.14000000000001,239.36
VIA_via4_5_2000_480_1_5_400_400_510,VIA_via4_5_2000_480_1_5_400_400,26.44,242.08
VIA_via4_5_2000_480_1_5_400_400_511,VIA_via4_5_2000_480_1_5_400_400,56.44,242.08
VIA_via4_5_2000_480_1_5_400_400_512,VIA_via4_5_2000_480_1_5_400_400,86.44,242.08
VIA_via4_5_2000_480_1_5_400_400_513,VIA_via4_5_2000_480_1_5_400_400,116.44,242.08
VIA_via4_5_2000_480_1_5_400_400_514,VIA_via4_5_2000_480_1_5_400_400,146.44,242.08
VIA_via4_5_2000_480_1_5_400_400_515,VIA_via4_5_2000_480_1_5_400_400,176.44,242.08
VIA_via4_5_2000_480_1_5_400_400_516,VIA_via4_5_2000_480_1_5_400_400,30.14,244.8
VIA_via4_5_2000_480_1_5_400_400_517,VIA_via4_5_2000_480_1_5_400_400,60.14,244.8
VIA_via4_5_2000_480_1_5_400_400_518,VIA_via4_5_2000_480_1_5_400_400,90.14,244.8
VIA_via4_5_2000_480_1_5_400_400_519,VIA_via4_5_2000_480_1_5_400_400,120.14,244.8
VIA_via4_5_2000_480_1_5_400_400_520,VIA_via4_5_2000_480_1_5_400_400,150.14000000000001,244.8
VIA_via4_5_2000_480_1_5_400_400_521,VIA_via4_5_2000_480_1_5_400_400,180.14000000000001,244.8
VIA_via4_5_2000_480_1_5_400_400_522,VIA_via4_5_2000_480_1_5_400_400,26.44,247.52
VIA_via4_5_2000_480_1_5_400_400_523,VIA_via4_5_2000_480_1_5_400_400,56.44,247.52
VIA_via4_5_2000_480_1_5_400_400_524,VIA_via4_5_2000_480_1_5_400_400,86.44,247.52
VIA_via4_5_2000_480_1_5_400_400_525,VIA_via4_5_2000_480_1_5_400_400,116.44,247.52
VIA_via4_5_2000_480_1_5_400_400_526,VIA_via4_5_2000_480_1_5_400_400,146.44,247.52
VIA_via4_5_2000_480_1_5_400_400_527,VIA_via4_5_2000_480_1_5_400_400,176.44,247.52
VIA_via4_5_2000_480_1_5_400_400_528,VIA_via4_5_2000_480_1_5_400_400,30.14,250.24
VIA_via4_5_2000_480_1_5_400_400_529,VIA_via4_5_2000_480_1_5_400_400,60.14,250.24
VIA_via4_5_2000_480_1_5_400_400_530,VIA_via4_5_2000_480_1_5_400_400,90.14,250.24
VIA_via4_5_2000_480_1_5_400_400_531,VIA_via4_5_2000_480_1_5_400_400,120.14,250.24
VIA_via4_5_2000_480_1_5_400_400_532,VIA_via4_5_2000_480_1_5_400_400,150.14000000000001,250.24
VIA_via4_5_2000_480_1_5_400_400_533,VIA_via4_5_2000_480_1_5_400_400,180.14000000000001,250.24
VIA_via4_5_2000_480_1_5_400_400_534,VIA_via4_5_2000_480_1_5_400_400,26.44,252.96
VIA_via4_5_2000_480_1_5_400_400_535,VIA_via4_5_2000_480_1_5_400_400,56.44,252.96
VIA_via4_5_2000_480_1_5_400_400_536,VIA_via4_5_2000_480_1_5_400_400,86.44,252.96
VIA_via4_5_2000_480_1_5_400_400_537,VIA_via4_5_2000_480_1_5_400_400,116.44,252.96
VIA_via4_5_2000_480_1_5_400_400_538,VIA_via4_5_2000_480_1_5_400_400,146.44,252.96
VIA_via4_5_2000_480_1_5_400_400_539,VIA_via4_5_2000_480_1_5_400_400,176.44,252.96
VIA_via4_5_2000_480_1_5_400_400_540,VIA_via4_5_2000_480_1_5_400_400,30.14,255.68
VIA_via4_5_2000_480_1_5_400_400_541,VIA_via4_5_2000_480_1_5_400_400,60.14,255.68
VIA_via4_5_2000_480_1_5_400_400_542,VIA_via4_5_2000_480_1_5_400_400,90.14,255.68
VIA_via4_5_2000_480_1_5_400_400_543,VIA_via4_5_2000_480_1_5_400_400,120.14,255.68
VIA_via4_5_2000_480_1_5_400_400_544,VIA_via4_5_2000_480_1_5_400_400,150.14000000000001,255.68
VIA_via4_5_2000_480_1_5_400_400_545,VIA_via4_5_2000_480_1_5_400_400,180.14000000000001,255.68
VIA_via4_5_2000_480_1_5_400_400_546,VIA_via4_5_2000_480_1_5_400_400,26.44,258.4
VIA_via4_5_2000_480_1_5_400_400_547,VIA_via4_5_2000_480_1_5_400_400,56.44,258.4
VIA_via4_5_2000_480_1_5_400_400_548,VIA_via4_5_2000_480_1_5_400_400,86.44,258.4
VIA_via4_5_2000_480_1_5_400_400_549,VIA_via4_5_2000_480_1_5_400_400,116.44,258.4
VIA_via4_5_2000_480_1_5_400_400_550,VIA_via4_5_2000_480_1_5_400_400,146.44,258.4
VIA_via4_5_2000_480_1_5_400_400_551,VIA_via4_5_2000_480_1_5_400_400,176.44,258.4
VIA_via4_5_2000_480_1_5_400_400_552,VIA_via4_5_2000_480_1_5_400_400,30.14,261.12
VIA_via4_5_2000_480_1_5_400_400_553,VIA_via4_5_2000_480_1_5_400_400,60.14,261.12
VIA_via4_5_2000_480_1_5_400_400_554,VIA_via4_5_2000_480_1_5_400_400,90.14,261.12
VIA_via4_5_2000_480_1_5_400_400_555,VIA_via4_5_2000_480_1_5_400_400,120.14,261.12
VIA_via4_5_2000_480_1_5_400_400_556,VIA_via4_5_2000_480_1_5_400_400,150.14000000000001,261.12
VIA_via4_5_2000_480_1_5_400_400_557,VIA_via4_5_2000_480_1_5_400_400,180.14000000000001,261.12
VIA_via4_5_2000_480_1_5_400_400_558,VIA_via4_5_2000_480_1_5_400_400,26.44,263.84000000000003
VIA_via4_5_2000_480_1_5_400_400_559,VIA_via4_5_2000_480_1_5_400_400,56.44,263.84000000000003
VIA_via4_5_2000_480_1_5_400_400_560,VIA_via4_5_2000_480_1_5_400_400,86.44,263.84000000000003
VIA_via4_5_2000_480_1_5_400_400_561,VIA_via4_5_2000_480_1_5_400_400,116.44,263.84000000000003
VIA_via4_5_2000_480_1_5_400_400_562,VIA_via4_5_2000_480_1_5_400_400,146.44,263.84000000000003
VIA_via4_5_2000_480_1_5_400_400_563,VIA_via4_5_2000_480_1_5_400_400,176.44,263.84000000000003
VIA_via4_5_2000_480_1_5_400_400_564,VIA_via4_5_2000_480_1_5_400_400,30.14,266.56
VIA_via4_5_2000_480_1_5_400_400_565,VIA_via4_5_2000_480_1_5_400_400,60.14,266.56
VIA_via4_5_2000_480_1_5_400_400_566,VIA_via4_5_2000_480_1_5_400_400,90.14,266.56
VIA_via4_5_2000_480_1_5_400_400_567,VIA_via4_5_2000_480_1_5_400_400,120.14,266.56
VIA_via4_5_2000_480_1_5_400_400_568,VIA_via4_5_2000_480_1_5_400_400,150.14000000000001,266.56
VIA_via4_5_2000_480_1_5_400_400_569,VIA_via4_5_2000_480_1_5_400_400,180.14000000000001,266.56
VIA_via4_5_2000_480_1_5_400_400_570,VIA_via4_5_2000_480_1_5_400_400,26.44,269.28000000000003
VIA_via4_5_2000_480_1_5_400_400_571,VIA_via4_5_2000_480_1_5_400_400,56.44,269.28000000000003
VIA_via4_5_2000_480_1_5_400_400_572,VIA_via4_5_2000_480_1_5_400_400,86.44,269.28000000000003
VIA_via4_5_2000_480_1_5_400_400_573,VIA_via4_5_2000_480_1_5_400_400,116.44,269.28000000000003
VIA_via4_5_2000_480_1_5_400_400_574,VIA_via4_5_2000_480_1_5_400_400,146.44,269.28000000000003
VIA_via4_5_2000_480_1_5_400_400_575,VIA_via4_5_2000_480_1_5_400_400,176.44,269.28000000000003
VIA_via4_5_2000_480_1_5_400_400_576,VIA_via4_5_2000_480_1_5_400_400,30.14,272.0
VIA_via4_5_2000_480_1_5_400_400_577,VIA_via4_5_2000_480_1_5_400_400,60.14,272.0
VIA_via4_5_2000_480_1_5_400_400_578,VIA_via4_5_2000_480_1_5_400_400,90.14,272.0
VIA_via4_5_2000_480_1_5_400_400_579,VIA_via4_5_2000_480_1_5_400_400,120.14,272.0
VIA_via4_5_2000_480_1_5_400_400_580,VIA_via4_5_2000_480_1_5_400_400,150.14000000000001,272.0
VIA_via4_5_2000_480_1_5_400_400_581,VIA_via4_5_2000_480_1_5_400_400,180.14000000000001,272.0
VIA_via4_5_2000_480_1_5_400_400_582,VIA_via4_5_2000_480_1_5_400_400,26.44,274.72
VIA_via4_5_2000_480_1_5_400_400_583,VIA_via4_5_2000_480_1_5_400_400,56.44,274.72
VIA_via4_5_2000_480_1_5_400_400_584,VIA_via4_5_2000_480_1_5_400_400,86.44,274.72
VIA_via4_5_2000_480_1_5_400_400_585,VIA_via4_5_2000_480_1_5_400_400,116.44,274.72
VIA_via4_5_2000_480_1_5_400_400_586,VIA_via4_5_2000_480_1_5_400_400,146.44,274.72
VIA_via4_5_2000_480_1_5_400_400_587,VIA_via4_5_2000_480_1_5_400_400,176.44,274.72
VIA_via4_5_2000_480_1_5_400_400_588,VIA_via4_5_2000_480_1_5_400_400,30.14,277.44
VIA_via4_5_2000_480_1_5_400_400_589,VIA_via4_5_2000_480_1_5_400_400,60.14,277.44
VIA_via4_5_2000_480_1_5_400_400_590,VIA_via4_5_2000_480_1_5_400_400,90.14,277.44
VIA_via4_5_2000_480_1_5_400_400_591,VIA_via4_5_2000_480_1_5_400_400,120.14,277.44
VIA_via4_5_2000_480_1_5_400_400_592,VIA_via4_5_2000_480_1_5_400_400,150.14000000000001,277.44
VIA_via4_5_2000_480_1_5_400_400_593,VIA_via4_5_2000_480_1_5_400_400,180.14000000000001,277.44
VIA_via4_5_2000_480_1_5_400_400_594,VIA_via4_5_2000_480_1_5_400_400,26.44,280.16
VIA_via4_5_2000_480_1_5_400_400_595,VIA_via4_5_2000_480_1_5_400_400,56.44,280.16
VIA_via4_5_2000_480_1_5_400_400_596,VIA_via4_5_2000_480_1_5_400_400,86.44,280.16
VIA_via4_5_2000_480_1_5_400_400_597,VIA_via4_5_2000_480_1_5_400_400,116.44,280.16
VIA_via4_5_2000_480_1_5_400_400_598,VIA_via4_5_2000_480_1_5_400_400,146.44,280.16
VIA_via4_5_2000_480_1_5_400_400_599,VIA_via4_5_2000_480_1_5_400_400,176.44,280.16
VIA_via4_5_2000_480_1_5_400_400_600,VIA_via4_5_2000_480_1_5_400_400,30.14,282.88
VIA_via4_5_2000_480_1_5_400_400_601,VIA_via4_5_2000_480_1_5_400_400,60.14,282.88
VIA_via4_5_2000_480_1_5_400_400_602,VIA_via4_5_2000_480_1_5_400_400,90.14,282.88
VIA_via4_5_2000_480_1_5_400_400_603,VIA_via4_5_2000_480_1_5_400_400,120.14,282.88
VIA_via4_5_2000_480_1_5_400_400_604,VIA_via4_5_2000_480_1_5_400_400,150.14000000000001,282.88
VIA_via4_5_2000_480_1_5_400_400_605,VIA_via4_5_2000_480_1_5_400_400,180.14000000000001,282.88
VIA_via4_5_2000_480_1_5_400_400_606,VIA_via4_5_2000_480_1_5_400_400,26.44,285.6
VIA_via4_5_2000_480_1_5_400_400_607,VIA_via4_5_2000_480_1_5_400_400,56.44,285.6
VIA_via4_5_2000_480_1_5_400_400_608,VIA_via4_5_2000_480_1_5_400_400,86.44,285.6
VIA_via4_5_2000_480_1_5_400_400_609,VIA_via4_5_2000_480_1_5_400_400,116.44,285.6
VIA_via4_5_2000_480_1_5_400_400_610,VIA_via4_5_2000_480_1_5_400_400,146.44,285.6
VIA_via4_5_2000_480_1_5_400_400_611,VIA_via4_5_2000_480_1_5_400_400,176.44,285.6
VIA_via4_5_2000_480_1_5_400_400_612,VIA_via4_5_2000_480_1_5_400_400,30.14,288.32
VIA_via4_5_2000_480_1_5_400_400_613,VIA_via4_5_2000_480_1_5_400_400,60.14,288.32
VIA_via4_5_2000_480_1_5_400_400_614,VIA_via4_5_2000_480_1_5_400_400,90.14,288.32
VIA_via4_5_2000_480_1_5_400_400_615,VIA_via4_5_2000_480_1_5_400_400,120.14,288.32
VIA_via4_5_2000_480_1_5_400_400_616,VIA_via4_5_2000_480_1_5_400_400,150.14000000000001,288.32
VIA_via4_5_2000_480_1_5_400_400_617,VIA_via4_5_2000_480_1_5_400_400,180.14000000000001,288.32
VIA_via5_6_2000_2000_1_1_1600_1600_0,VIA_via5_6_2000_2000_1_1_1600_1600,26.44,27.53
VIA_via5_6_2000_2000_1_1_1600_1600_1,VIA_via5_6_2000_2000_1_1_1600_1600,56.44,27.53
VIA_via5_6_2000_2000_1_1_1600_1600_2,VIA_via5_6_2000_2000_1_1_1600_1600,86.44,27.53
VIA_via5_6_2000_2000_1_1_1600_1600_3,VIA_via5_6_2000_2000_1_1_1600_1600,116.44,27.53
VIA_via5_6_2000_2000_1_1_1600_1600_4,VIA_via5_6_2000_2000_1_1_1600_1600,146.44,27.53
VIA_via5_6_2000_2000_1_1_1600_1600_5,VIA_via5_6_2000_2000_1_1_1600_1600,176.44,27.53
VIA_via5_6_2000_2000_1_1_1600_1600_6,VIA_via5_6_2000_2000_1_1_1600_1600,30.14,31.230000000000004
VIA_via5_6_2000_2000_1_1_1600_1600_7,VIA_via5_6_2000_2000_1_1_1600_1600,60.14,31.230000000000004
VIA_via5_6_2000_2000_1_1_1600_1600_8,VIA_via5_6_2000_2000_1_1_1600_1600,90.14,31.230000000000004
VIA_via5_6_2000_2000_1_1_1600_1600_9,VIA_via5_6_2000_2000_1_1_1600_1600,120.14,31.230000000000004
VIA_via5_6_2000_2000_1_1_1600_1600_10,VIA_via5_6_2000_2000_1_1_1600_1600,150.14000000000001,31.230000000000004
VIA_via5_6_2000_2000_1_1_1600_1600_11,VIA_via5_6_2000_2000_1_1_1600_1600,180.14000000000001,31.230000000000004
VIA_via5_6_2000_2000_1_1_1600_1600_12,VIA_via5_6_2000_2000_1_1_1600_1600,26.44,57.53
VIA_via5_6_2000_2000_1_1_1600_1600_13,VIA_via5_6_2000_2000_1_1_1600_1600,56.44,57.53
VIA_via5_6_2000_2000_1_1_1600_1600_14,VIA_via5_6_2000_2000_1_1_1600_1600,86.44,57.53
VIA_via5_6_2000_2000_1_1_1600_1600_15,VIA_via5_6_2000_2000_1_1_1600_1600,116.44,57.53
VIA_via5_6_2000_2000_1_1_1600_1600_16,VIA_via5_6_2000_2000_1_1_1600_1600,146.44,57.53
VIA_via5_6_2000_2000_1_1_1600_1600_17,VIA_via5_6_2000_2000_1_1_1600_1600,176.44,57.53
VIA_via5_6_2000_2000_1_1_1600_1600_18,VIA_via5_6_2000_2000_1_1_1600_1600,30.14,61.230000000000004
VIA_via5_6_2000_2000_1_1_1600_1600_19,VIA_via5_6_2000_2000_1_1_1600_1600,60.14,61.230000000000004
VIA_via5_6_2000_2000_1_1_1600_1600_20,VIA_via5_6_2000_2000_1_1_1600_1600,90.14,61.230000000000004
VIA_via5_6_2000_2000_1_1_1600_1600_21,VIA_via5_6_2000_2000_1_1_1600_1600,120.14,61.230000000000004
VIA_via5_6_2000_2000_1_1_1600_1600_22,VIA_via5_6_2000_2000_1_1_1600_1600,150.14000000000001,61.230000000000004
VIA_via5_6_2000_2000_1_1_1600_1600_23,VIA_via5_6_2000_2000_1_1_1600_1600,180.14000000000001,61.230000000000004
VIA_via5_6_2000_2000_1_1_1600_1600_24,VIA_via5_6_2000_2000_1_1_1600_1600,26.44,87.53
VIA_via5_6_2000_2000_1_1_1600_1600_25,VIA_via5_6_2000_2000_1_1_1600_1600,56.44,87.53
VIA_via5_6_2000_2000_1_1_1600_1600_26,VIA_via5_6_2000_2000_1_1_1600_1600,86.44,87.53
VIA_via5_6_2000_2000_1_1_1600_1600_27,VIA_via5_6_2000_2000_1_1_1600_1600,116.44,87.53
VIA_via5_6_2000_2000_1_1_1600_1600_28,VIA_via5_6_2000_2000_1_1_1600_1600,146.44,87.53
VIA_via5_6_2000_2000_1_1_1600_1600_29,VIA_via5_6_2000_2000_1_1_1600_1600,176.44,87.53
VIA_via5_6_2000_2000_1_1_1600_1600_30,VIA_via5_6_2000_2000_1_1_1600_1600,30.14,91.23
VIA_via5_6_2000_2000_1_1_1600_1600_31,VIA_via5_6_2000_2000_1_1_1600_1600,60.14,91.23
VIA_via5_6_2000_2000_1_1_1600_1600_32,VIA_via5_6_2000_2000_1_1_1600_1600,90.14,91.23
VIA_via5_6_2000_2000_1_1_1600_1600_33,VIA_via5_6_2000_2000_1_1_1600_1600,120.14,91.23
VIA_via5_6_2000_2000_1_1_1600_1600_34,VIA_via5_6_2000_2000_1_1_1600_1600,150.14000000000001,91.23
VIA_via5_6_2000_2000_1_1_1600_1600_35,VIA_via5_6_2000_2000_1_1_1600_1600,180.14000000000001,91.23
VIA_via5_6_2000_2000_1_1_1600_1600_36,VIA_via5_6_2000_2000_1_1_1600_1600,26.44,117.53
VIA_via5_6_2000_2000_1_1_1600_1600_37,VIA_via5_6_2000_2000_1_1_1600_1600,56.44,117.53
VIA_via5_6_2000_2000_1_1_1600_1600_38,VIA_via5_6_2000_2000_1_1_1600_1600,86.44,117.53
VIA_via5_6_2000_2000_1_1_1600_1600_39,VIA_via5_6_2000_2000_1_1_1600_1600,116.44,117.53
VIA_via5_6_2000_2000_1_1_1600_1600_40,VIA_via5_6_2000_2000_1_1_1600_1600,146.44,117.53
VIA_via5_6_2000_2000_1_1_1600_1600_41,VIA_via5_6_2000_2000_1_1_1600_1600,176.44,117.53
VIA_via5_6_2000_2000_1_1_1600_1600_42,VIA_via5_6_2000_2000_1_1_1600_1600,30.14,121.23
VIA_via5_6_2000_2000_1_1_1600_1600_43,VIA_via5_6_2000_2000_1_1_1600_1600,60.14,121.23
VIA_via5_6_2000_2000_1_1_1600_1600_44,VIA_via5_6_2000_2000_1_1_1600_1600,90.14,121.23
VIA_via5_6_2000_2000_1_1_1600_1600_45,VIA_via5_6_2000_2000_1_1_1600_1600,120.14,121.23
VIA_via5_6_2000_2000_1_1_1600_1600_46,VIA_via5_6_2000_2000_1_1_1600_1600,150.14000000000001,121.23
VIA_via5_6_2000_2000_1_1_1600_1600_47,VIA_via5_6_2000_2000_1_1_1600_1600,180.14000000000001,121.23
VIA_via5_6_2000_2000_1_1_1600_1600_48,VIA_via5_6_2000_2000_1_1_1600_1600,26.44,147.53
VIA_via5_6_2000_2000_1_1_1600_1600_49,VIA_via5_6_2000_2000_1_1_1600_1600,56.44,147.53
VIA_via5_6_2000_2000_1_1_1600_1600_50,VIA_via5_6_2000_2000_1_1_1600_1600,86.44,147.53
VIA_via5_6_2000_2000_1_1_1600_1600_51,VIA_via5_6_2000_2000_1_1_1600_1600,116.44,147.53
VIA_via5_6_2000_2000_1_1_1600_1600_52,VIA_via5_6_2000_2000_1_1_1600_1600,146.44,147.53
VIA_via5_6_2000_2000_1_1_1600_1600_53,VIA_via5_6_2000_2000_1_1_1600_1600,176.44,147.53
VIA_via5_6_2000_2000_1_1_1600_1600_54,VIA_via5_6_2000_2000_1_1_1600_1600,30.14,151.23
VIA_via5_6_2000_2000_1_1_1600_1600_55,VIA_via5_6_2000_2000_1_1_1600_1600,60.14,151.23
VIA_via5_6_2000_2000_1_1_1600_1600_56,VIA_via5_6_2000_2000_1_1_1600_1600,90.14,151.23
VIA_via5_6_2000_2000_1_1_1600_1600_57,VIA_via5_6_2000_2000_1_1_1600_1600,120.14,151.23
VIA_via5_6_2000_2000_1_1_1600_1600_58,VIA_via5_6_2000_2000_1_1_1600_1600,150.14000000000001,151.23
VIA_via5_6_2000_2000_1_1_1600_1600_59,VIA_via5_6_2000_2000_1_1_1600_1600,180.14000000000001,151.23
VIA_via5_6_2000_2000_1_1_1600_1600_60,VIA_via5_6_2000_2000_1_1_1600_1600,26.44,177.53
VIA_via5_6_2000_2000_1_1_1600_1600_61,VIA_via5_6_2000_2000_1_1_1600_1600,56.44,177.53
VIA_via5_6_2000_2000_1_1_1600_1600_62,VIA_via5_6_2000_2000_1_1_1600_1600,86.44,177.53
VIA_via5_6_2000_2000_1_1_1600_1600_63,VIA_via5_6_2000_2000_1_1_1600_1600,116.44,177.53
VIA_via5_6_2000_2000_1_1_1600_1600_64,VIA_via5_6_2000_2000_1_1_1600_1600,146.44,177.53
VIA_via5_6_2000_2000_1_1_1600_1600_65,VIA_via5_6_2000_2000_1_1_1600_1600,176.44,177.53
VIA_via5_6_2000_2000_1_1_1600_1600_66,VIA_via5_6_2000_2000_1_1_1600_1600,30.14,181.23
VIA_via5_6_2000_2000_1_1_1600_1600_67,VIA_via5_6_2000_2000_1_1_1600_1600,60.14,181.23
VIA_via5_6_2000_2000_1_1_1600_1600_68,VIA_via5_6_2000_2000_1_1_1600_1600,90.14,181.23
VIA_via5_6_2000_2000_1_1_1600_1600_69,VIA_via5_6_2000_2000_1_1_1600_1600,120.14,181.23
VIA_via5_6_2000_2000_1_1_1600_1600_70,VIA_via5_6_2000_2000_1_1_1600_1600,150.14000000000001,181.23
VIA_via5_6_2000_2000_1_1_1600_1600_71,VIA_via5_6_2000_2000_1_1_1600_1600,180.14000000000001,181.23
VIA_via5_6_2000_2000_1_1_1600_1600_72,VIA_via5_6_2000_2000_1_1_1600_1600,26.44,207.53
VIA_via5_6_2000_2000_1_1_1600_1600_73,VIA_via5_6_2000_2000_1_1_1600_1600,56.44,207.53
VIA_via5_6_2000_2000_1_1_1600_1600_74,VIA_via5_6_2000_2000_1_1_1600_1600,86.44,207.53
VIA_via5_6_2000_2000_1_1_1600_1600_75,VIA_via5_6_2000_2000_1_1_1600_1600,116.44,207.53
VIA_via5_6_2000_2000_1_1_1600_1600_76,VIA_via5_6_2000_2000_1_1_1600_1600,146.44,207.53
VIA_via5_6_2000_2000_1_1_1600_1600_77,VIA_via5_6_2000_2000_1_1_1600_1600,176.44,207.53
VIA_via5_6_2000_2000_1_1_1600_1600_78,VIA_via5_6_2000_2000_1_1_1600_1600,30.14,211.23000000000002
VIA_via5_6_2000_2000_1_1_1600_1600_79,VIA_via5_6_2000_2000_1_1_1600_1600,60.14,211.23000000000002
VIA_via5_6_2000_2000_1_1_1600_1600_80,VIA_via5_6_2000_2000_1_1_1600_1600,90.14,211.23000000000002
VIA_via5_6_2000_2000_1_1_1600_1600_81,VIA_via5_6_2000_2000_1_1_1600_1600,120.14,211.23000000000002
VIA_via5_6_2000_2000_1_1_1600_1600_82,VIA_via5_6_2000_2000_1_1_1600_1600,150.14000000000001,211.23000000000002
VIA_via5_6_2000_2000_1_1_1600_1600_83,VIA_via5_6_2000_2000_1_1_1600_1600,180.14000000000001,211.23000000000002
VIA_via5_6_2000_2000_1_1_1600_1600_84,VIA_via5_6_2000_2000_1_1_1600_1600,26.44,237.53
VIA_via5_6_2000_2000_1_1_1600_1600_85,VIA_via5_6_2000_2000_1_1_1600_1600,56.44,237.53
VIA_via5_6_2000_2000_1_1_1600_1600_86,VIA_via5_6_2000_2000_1_1_1600_1600,86.44,237.53
VIA_via5_6_2000_2000_1_1_1600_1600_87,VIA_via5_6_2000_2000_1_1_1600_1600,116.44,237.53
VIA_via5_6_2000_2000_1_1_1600_1600_88,VIA_via5_6_2000_2000_1_1_1600_1600,146.44,237.53
VIA_via5_6_2000_2000_1_1_1600_1600_89,VIA_via5_6_2000_2000_1_1_1600_1600,176.44,237.53
VIA_via5_6_2000_2000_1_1_1600_1600_90,VIA_via5_6_2000_2000_1_1_1600_1600,30.14,241.23000000000002
VIA_via5_6_2000_2000_1_1_1600_1600_91,VIA_via5_6_2000_2000_1_1_1600_1600,60.14,241.23000000000002
VIA_via5_6_2000_2000_1_1_1600_1600_92,VIA_via5_6_2000_2000_1_1_1600_1600,90.14,241.23000000000002
VIA_via5_6_2000_2000_1_1_1600_1600_93,VIA_via5_6_2000_2000_1_1_1600_1600,120.14,241.23000000000002
VIA_via5_6_2000_2000_1_1_1600_1600_94,VIA_via5_6_2000_2000_1_1_1600_1600,150.14000000000001,241.23000000000002
VIA_via5_6_2000_2000_1_1_1600_1600_95,VIA_via5_6_2000_2000_1_1_1600_1600,180.14000000000001,241.23000000000002
VIA_via5_6_2000_2000_1_1_1600_1600_96,VIA_via5_6_2000_2000_1_1_1600_1600,26.44,267.53000000000003
VIA_via5_6_2000_2000_1_1_1600_1600_97,VIA_via5_6_2000_2000_1_1_1600_1600,56.44,267.53000000000003
VIA_via5_6_2000_2000_1_1_1600_1600_98,VIA_via5_6_2000_2000_1_1_1600_1600,86.44,267.53000000000003
VIA_via5_6_2000_2000_1_1_1600_1600_99,VIA_via5_6_2000_2000_1_1_1600_1600,116.44,267.53000000000003
VIA_via5_6_2000_2000_1_1_1600_1600_100,VIA_via5_6_2000_2000_1_1_1600_1600,146.44,267.53000000000003
VIA_via5_6_2000_2000_1_1_1600_1600_101,VIA_via5_6_2000_2000_1_1_1600_1600,176.44,267.53000000000003
VIA_via5_6_2000_2000_1_1_1600_1600_102,VIA_via5_6_2000_2000_1_1_1600_1600,30.14,271.23
VIA_via5_6_2000_2000_1_1_1600_1600_103,VIA_via5_6_2000_2000_1_1_1600_1600,60.14,271.23
VIA_via5_6_2000_2000_1_1_1600_1600_104,VIA_via5_6_2000_2000_1_1_1600_1600,90.14,271.23
VIA_via5_6_2000_2000_1_1_1600_1600_105,VIA_via5_6_2000_2000_1_1_1600_1600,120.14,271.23
VIA_via5_6_2000_2000_1_1_1600_1600_106,VIA_via5_6_2000_2000_1_1_1600_1600,150.14000000000001,271.23
VIA_via5_6_2000_2000_1_1_1600_1600_107,VIA_via5_6_2000_2000_1_1_1600_1600,180.14000000000001,271.23
sky130_fd_sc_hd__a2111oi_2_0,sky130_fd_sc_hd__a2111oi_2,174.8,153.68
sky130_fd_sc_hd__a211o_2_0,sky130_fd_sc_hd__a211o_2,184.92,31.28
sky130_fd_sc_hd__a211o_2_1,sky130_fd_sc_hd__a211o_2,162.84,36.72
sky130_fd_sc_hd__a211o_2_2,sky130_fd_sc_hd__a211o_2,178.02,47.6
sky130_fd_sc_hd__a211o_2_3,sky130_fd_sc_hd__a211o_2,176.64000000000001,118.32000000000001
sky130_fd_sc_hd__a211o_2_4,sky130_fd_sc_hd__a211o_2,172.96,183.60000000000002
sky130_fd_sc_hd__a211oi_2_0,sky130_fd_sc_hd__a211oi_2,172.5,118.32000000000001
sky130_fd_sc_hd__a211oi_2_1,sky130_fd_sc_hd__a211oi_2,36.34,153.68
sky130_fd_sc_hd__a211oi_2_2,sky130_fd_sc_hd__a211oi_2,166.51999999999998,246.16000000000003
sky130_fd_sc_hd__a21bo_2_0,sky130_fd_sc_hd__a21bo_2,179.86,17.68
sky130_fd_sc_hd__a21bo_2_1,sky130_fd_sc_hd__a21bo_2,184.46,39.44
sky130_fd_sc_hd__a21boi_2_0,sky130_fd_sc_hd__a21boi_2,175.03000000000003,167.28000000000003
sky130_fd_sc_hd__a21boi_2_1,sky130_fd_sc_hd__a21boi_2,173.19,240.72000000000003
sky130_fd_sc_hd__a21boi_2_2,sky130_fd_sc_hd__a21boi_2,180.08999999999997,251.60000000000002
sky130_fd_sc_hd__a21boi_2_3,sky130_fd_sc_hd__a21boi_2,173.19,257.03999999999996
sky130_fd_sc_hd__a21o_2_0,sky130_fd_sc_hd__a21o_2,159.39,31.28
sky130_fd_sc_hd__a21o_2_1,sky130_fd_sc_hd__a21o_2,163.07,42.160000000000004
sky130_fd_sc_hd__a21o_2_2,sky130_fd_sc_hd__a21o_2,186.53000000000003,42.160000000000004
sky130_fd_sc_hd__a21o_2_3,sky130_fd_sc_hd__a21o_2,93.61,47.6
sky130_fd_sc_hd__a21o_2_4,sky130_fd_sc_hd__a21o_2,171.35000000000002,53.04
sky130_fd_sc_hd__a21o_2_5,sky130_fd_sc_hd__a21o_2,113.39,66.64
sky130_fd_sc_hd__a21o_2_6,sky130_fd_sc_hd__a21o_2,111.55,74.8
sky130_fd_sc_hd__a21o_2_7,sky130_fd_sc_hd__a21o_2,167.67000000000002,91.12
sky130_fd_sc_hd__a21o_2_8,sky130_fd_sc_hd__a21o_2,114.31,93.84
sky130_fd_sc_hd__a21o_2_9,sky130_fd_sc_hd__a21o_2,28.29,107.44
sky130_fd_sc_hd__a21o_2_10,sky130_fd_sc_hd__a21o_2,172.73000000000002,107.44
sky130_fd_sc_hd__a21o_2_11,sky130_fd_sc_hd__a21o_2,114.31,131.92000000000002
sky130_fd_sc_hd__a21o_2_12,sky130_fd_sc_hd__a21o_2,158.93,194.48000000000002
sky130_fd_sc_hd__a21o_2_13,sky130_fd_sc_hd__a21o_2,163.07,199.92000000000002
sky130_fd_sc_hd__a21o_2_14,sky130_fd_sc_hd__a21o_2,118.91,202.64
sky130_fd_sc_hd__a21o_2_15,sky130_fd_sc_hd__a21o_2,111.55,213.51999999999998
sky130_fd_sc_hd__a21o_2_16,sky130_fd_sc_hd__a21o_2,111.55,232.56
sky130_fd_sc_hd__a21o_2_17,sky130_fd_sc_hd__a21o_2,169.51,257.03999999999996
sky130_fd_sc_hd__a21o_2_18,sky130_fd_sc_hd__a21o_2,111.55,276.08000000000004
sky130_fd_sc_hd__a21oi_2_0,sky130_fd_sc_hd__a21oi_2,179.17000000000002,14.959999999999999
sky130_fd_sc_hd__a21oi_2_1,sky130_fd_sc_hd__a21oi_2,160.76999999999998,28.560000000000002
sky130_fd_sc_hd__a21oi_2_2,sky130_fd_sc_hd__a21oi_2,157.08999999999997,34.0
sky130_fd_sc_hd__a21oi_2_3,sky130_fd_sc_hd__a21oi_2,159.39,36.72
sky130_fd_sc_hd__a21oi_2_4,sky130_fd_sc_hd__a21oi_2,186.99,36.72
sky130_fd_sc_hd__a21oi_2_5,sky130_fd_sc_hd__a21oi_2,158.93,39.44
sky130_fd_sc_hd__a21oi_2_6,sky130_fd_sc_hd__a21oi_2,159.85000000000002,42.160000000000004
sky130_fd_sc_hd__a21oi_2_7,sky130_fd_sc_hd__a21oi_2,183.76999999999998,44.88
sky130_fd_sc_hd__a21oi_2_8,sky130_fd_sc_hd__a21oi_2,167.67000000000002,50.32
sky130_fd_sc_hd__a21oi_2_9,sky130_fd_sc_hd__a21oi_2,79.35000000000001,55.76
sky130_fd_sc_hd__a21oi_2_10,sky130_fd_sc_hd__a21oi_2,179.63,93.84
sky130_fd_sc_hd__a21oi_2_11,sky130_fd_sc_hd__a21oi_2,80.27,99.28
sky130_fd_sc_hd__a21oi_2_12,sky130_fd_sc_hd__a21oi_2,178.25,112.88000000000001
sky130_fd_sc_hd__a21oi_2_13,sky130_fd_sc_hd__a21oi_2,169.51,129.20000000000002
sky130_fd_sc_hd__a21oi_2_14,sky130_fd_sc_hd__a21oi_2,169.51,131.92000000000002
sky130_fd_sc_hd__a21oi_2_15,sky130_fd_sc_hd__a21oi_2,37.95,150.95999999999998
sky130_fd_sc_hd__a21oi_2_16,sky130_fd_sc_hd__a21oi_2,173.64999999999998,156.39999999999998
sky130_fd_sc_hd__a21oi_2_17,sky130_fd_sc_hd__a21oi_2,159.39,175.44
sky130_fd_sc_hd__a21oi_2_18,sky130_fd_sc_hd__a21oi_2,179.63,202.64
sky130_fd_sc_hd__a21oi_2_19,sky130_fd_sc_hd__a21oi_2,166.29000000000002,218.95999999999998
sky130_fd_sc_hd__a221o_2_0,sky130_fd_sc_hd__a221o_2,175.49,44.88
sky130_fd_sc_hd__a221o_2_1,sky130_fd_sc_hd__a221o_2,70.61000000000001,150.95999999999998
sky130_fd_sc_hd__a221o_2_2,sky130_fd_sc_hd__a221o_2,186.07,180.88
sky130_fd_sc_hd__a221o_2_3,sky130_fd_sc_hd__a221o_2,186.53000000000003,183.60000000000002
sky130_fd_sc_hd__a221o_2_4,sky130_fd_sc_hd__a221o_2,186.07,191.76
sky130_fd_sc_hd__a221o_2_5,sky130_fd_sc_hd__a221o_2,162.61,194.48000000000002
sky130_fd_sc_hd__a221oi_2_0,sky130_fd_sc_hd__a221oi_2,31.74,161.84000000000003
sky130_fd_sc_hd__a22o_2_0,sky130_fd_sc_hd__a22o_2,175.72,23.120000000000005
sky130_fd_sc_hd__a22o_2_1,sky130_fd_sc_hd__a22o_2,79.12,104.72
sky130_fd_sc_hd__a22o_2_2,sky130_fd_sc_hd__a22o_2,85.1,161.84000000000003
sky130_fd_sc_hd__a22o_2_3,sky130_fd_sc_hd__a22o_2,160.08,178.16000000000003
sky130_fd_sc_hd__a22o_2_4,sky130_fd_sc_hd__a22o_2,155.02,186.32
sky130_fd_sc_hd__a22o_2_5,sky130_fd_sc_hd__a22o_2,160.08,191.76
sky130_fd_sc_hd__a22o_2_6,sky130_fd_sc_hd__a22o_2,168.36,202.64
sky130_fd_sc_hd__a22o_2_7,sky130_fd_sc_hd__a22o_2,170.66,208.07999999999998
sky130_fd_sc_hd__a22o_2_8,sky130_fd_sc_hd__a22o_2,174.34,208.07999999999998
sky130_fd_sc_hd__a22o_2_9,sky130_fd_sc_hd__a22o_2,168.82,210.8
sky130_fd_sc_hd__a22o_2_10,sky130_fd_sc_hd__a22o_2,172.5,210.8
sky130_fd_sc_hd__a22o_2_11,sky130_fd_sc_hd__a22o_2,176.18,210.8
sky130_fd_sc_hd__a22o_2_12,sky130_fd_sc_hd__a22o_2,166.98,213.51999999999998
sky130_fd_sc_hd__a22o_2_13,sky130_fd_sc_hd__a22o_2,175.26000000000002,213.51999999999998
sky130_fd_sc_hd__a22o_2_14,sky130_fd_sc_hd__a22o_2,174.34,216.24
sky130_fd_sc_hd__a22o_2_15,sky130_fd_sc_hd__a22o_2,178.02,221.68
sky130_fd_sc_hd__a22o_2_16,sky130_fd_sc_hd__a22o_2,166.06,224.39999999999998
sky130_fd_sc_hd__a22o_2_17,sky130_fd_sc_hd__a22o_2,179.86,224.39999999999998
sky130_fd_sc_hd__a22o_2_18,sky130_fd_sc_hd__a22o_2,168.36,227.12
sky130_fd_sc_hd__a22o_2_19,sky130_fd_sc_hd__a22o_2,172.04,227.12
sky130_fd_sc_hd__a22o_2_20,sky130_fd_sc_hd__a22o_2,172.04000000000002,229.84000000000003
sky130_fd_sc_hd__a22o_2_21,sky130_fd_sc_hd__a22o_2,175.72,229.84000000000003
sky130_fd_sc_hd__a22o_2_22,sky130_fd_sc_hd__a22o_2,172.04000000000002,232.56
sky130_fd_sc_hd__a22oi_2_0,sky130_fd_sc_hd__a22oi_2,186.3,186.32
sky130_fd_sc_hd__a311o_2_0,sky130_fd_sc_hd__a311o_2,169.97000000000003,12.24
sky130_fd_sc_hd__a311o_2_1,sky130_fd_sc_hd__a311o_2,179.63,91.12
sky130_fd_sc_hd__a31o_2_0,sky130_fd_sc_hd__a31o_2,182.39,14.959999999999999
sky130_fd_sc_hd__a31o_2_1,sky130_fd_sc_hd__a31o_2,160.31,34.0
sky130_fd_sc_hd__a31o_2_2,sky130_fd_sc_hd__a31o_2,181.47000000000003,47.6
sky130_fd_sc_hd__a31o_2_3,sky130_fd_sc_hd__a31o_2,72.91,50.32
sky130_fd_sc_hd__a31o_2_4,sky130_fd_sc_hd__a31o_2,72.91,53.04
sky130_fd_sc_hd__a31o_2_5,sky130_fd_sc_hd__a31o_2,116.61,55.76
sky130_fd_sc_hd__a31o_2_6,sky130_fd_sc_hd__a31o_2,126.27,74.8
sky130_fd_sc_hd__a31o_2_7,sky130_fd_sc_hd__a31o_2,81.65,96.56
sky130_fd_sc_hd__a31o_2_8,sky130_fd_sc_hd__a31o_2,111.55,96.56
sky130_fd_sc_hd__a31o_2_9,sky130_fd_sc_hd__a31o_2,27.37,99.28
sky130_fd_sc_hd__a31o_2_10,sky130_fd_sc_hd__a31o_2,115.23,104.72
sky130_fd_sc_hd__a31o_2_11,sky130_fd_sc_hd__a31o_2,170.43,110.16
sky130_fd_sc_hd__a31o_2_12,sky130_fd_sc_hd__a31o_2,117.53,118.32000000000001
sky130_fd_sc_hd__a31o_2_13,sky130_fd_sc_hd__a31o_2,111.09,131.92000000000002
sky130_fd_sc_hd__a31o_2_14,sky130_fd_sc_hd__a31o_2,114.31,142.8
sky130_fd_sc_hd__a31o_2_15,sky130_fd_sc_hd__a31o_2,72.45,156.39999999999998
sky130_fd_sc_hd__a31o_2_16,sky130_fd_sc_hd__a31o_2,163.07,172.72000000000003
sky130_fd_sc_hd__a31o_2_17,sky130_fd_sc_hd__a31o_2,157.09000000000003,183.60000000000002
sky130_fd_sc_hd__a31o_2_18,sky130_fd_sc_hd__a31o_2,122.13,191.76
sky130_fd_sc_hd__a31o_2_19,sky130_fd_sc_hd__a31o_2,32.43,205.36
sky130_fd_sc_hd__a31o_2_20,sky130_fd_sc_hd__a31o_2,122.13,221.68
sky130_fd_sc_hd__a31o_2_21,sky130_fd_sc_hd__a31o_2,124.89,238.0
sky130_fd_sc_hd__a31o_2_22,sky130_fd_sc_hd__a31o_2,123.97,251.60000000000002
sky130_fd_sc_hd__a31o_2_23,sky130_fd_sc_hd__a31o_2,118.91,262.48
sky130_fd_sc_hd__a31o_2_24,sky130_fd_sc_hd__a31o_2,127.19,281.52
sky130_fd_sc_hd__a31o_2_25,sky130_fd_sc_hd__a31o_2,128.11,286.96000000000004
sky130_fd_sc_hd__a31oi_2_0,sky130_fd_sc_hd__a31oi_2,175.26,91.12
sky130_fd_sc_hd__a32o_2_0,sky130_fd_sc_hd__a32o_2,180.09000000000003,20.4
sky130_fd_sc_hd__a32o_2_1,sky130_fd_sc_hd__a32o_2,165.82999999999998,23.120000000000005
sky130_fd_sc_hd__a32o_2_2,sky130_fd_sc_hd__a32o_2,89.93,47.6
sky130_fd_sc_hd__a32o_2_3,sky130_fd_sc_hd__a32o_2,172.27000000000004,276.08000000000004
sky130_fd_sc_hd__a32o_2_4,sky130_fd_sc_hd__a32o_2,175.02999999999997,278.79999999999995
sky130_fd_sc_hd__a41oi_2_0,sky130_fd_sc_hd__a41oi_2,31.050000000000004,156.39999999999998
sky130_fd_sc_hd__and2_2_0,sky130_fd_sc_hd__and2_2,166.52,12.24
sky130_fd_sc_hd__and2_2_1,sky130_fd_sc_hd__and2_2,160.08,20.4
sky130_fd_sc_hd__and2_2_2,sky130_fd_sc_hd__and2_2,166.52,25.839999999999996
sky130_fd_sc_hd__and2_2_3,sky130_fd_sc_hd__and2_2,69.91999999999999,44.88
sky130_fd_sc_hd__and2_2_4,sky130_fd_sc_hd__and2_2,111.78,63.92
sky130_fd_sc_hd__and2_2_5,sky130_fd_sc_hd__and2_2,113.62,82.96000000000001
sky130_fd_sc_hd__and2_2_6,sky130_fd_sc_hd__and2_2,168.35999999999999,85.68
sky130_fd_sc_hd__and2_2_7,sky130_fd_sc_hd__and2_2,166.98,88.4
sky130_fd_sc_hd__and2_2_8,sky130_fd_sc_hd__and2_2,110.4,99.28
sky130_fd_sc_hd__and2_2_9,sky130_fd_sc_hd__and2_2,169.74,99.28
sky130_fd_sc_hd__and2_2_10,sky130_fd_sc_hd__and2_2,111.78,129.20000000000002
sky130_fd_sc_hd__and2_2_11,sky130_fd_sc_hd__and2_2,108.1,208.07999999999998
sky130_fd_sc_hd__and2_2_12,sky130_fd_sc_hd__and2_2,111.78,216.24
sky130_fd_sc_hd__and2_2_13,sky130_fd_sc_hd__and2_2,111.78,238.0
sky130_fd_sc_hd__and2_2_14,sky130_fd_sc_hd__and2_2,173.42000000000002,259.76
sky130_fd_sc_hd__and2_2_15,sky130_fd_sc_hd__and2_2,172.5,270.64
sky130_fd_sc_hd__and2_2_16,sky130_fd_sc_hd__and2_2,107.18,278.79999999999995
sky130_fd_sc_hd__and2b_2_0,sky130_fd_sc_hd__and2b_2,162.14999999999998,23.120000000000005
sky130_fd_sc_hd__and2b_2_1,sky130_fd_sc_hd__and2b_2,83.49,34.0
sky130_fd_sc_hd__and2b_2_2,sky130_fd_sc_hd__and2b_2,156.17000000000002,36.72
sky130_fd_sc_hd__and2b_2_3,sky130_fd_sc_hd__and2b_2,85.79,53.04
sky130_fd_sc_hd__and2b_2_4,sky130_fd_sc_hd__and2b_2,122.13000000000001,53.04
sky130_fd_sc_hd__and2b_2_5,sky130_fd_sc_hd__and2b_2,76.13,58.480000000000004
sky130_fd_sc_hd__and2b_2_6,sky130_fd_sc_hd__and2b_2,109.71000000000001,77.52
sky130_fd_sc_hd__and2b_2_7,sky130_fd_sc_hd__and2b_2,173.64999999999998,82.96000000000001
sky130_fd_sc_hd__and2b_2_8,sky130_fd_sc_hd__and2b_2,169.97000000000003,88.4
sky130_fd_sc_hd__and2b_2_9,sky130_fd_sc_hd__and2b_2,122.13000000000001,102.0
sky130_fd_sc_hd__and2b_2_10,sky130_fd_sc_hd__and2b_2,117.53,112.88000000000001
sky130_fd_sc_hd__and2b_2_11,sky130_fd_sc_hd__and2b_2,121.21000000000001,121.04
sky130_fd_sc_hd__and2b_2_12,sky130_fd_sc_hd__and2b_2,172.73000000000002,129.20000000000002
sky130_fd_sc_hd__and2b_2_13,sky130_fd_sc_hd__and2b_2,175.95,129.20000000000002
sky130_fd_sc_hd__and2b_2_14,sky130_fd_sc_hd__and2b_2,111.55,140.07999999999998
sky130_fd_sc_hd__and2b_2_15,sky130_fd_sc_hd__and2b_2,117.53,150.95999999999998
sky130_fd_sc_hd__and2b_2_16,sky130_fd_sc_hd__and2b_2,169.51,150.95999999999998
sky130_fd_sc_hd__and2b_2_17,sky130_fd_sc_hd__and2b_2,177.32999999999998,150.95999999999998
sky130_fd_sc_hd__and2b_2_18,sky130_fd_sc_hd__and2b_2,171.35000000000002,167.28000000000003
sky130_fd_sc_hd__and2b_2_19,sky130_fd_sc_hd__and2b_2,186.07,178.16000000000003
sky130_fd_sc_hd__and2b_2_20,sky130_fd_sc_hd__and2b_2,117.53,189.04000000000002
sky130_fd_sc_hd__and2b_2_21,sky130_fd_sc_hd__and2b_2,154.79000000000002,189.04000000000002
sky130_fd_sc_hd__and2b_2_22,sky130_fd_sc_hd__and2b_2,160.31,197.2
sky130_fd_sc_hd__and2b_2_23,sky130_fd_sc_hd__and2b_2,31.509999999999998,199.92000000000002
sky130_fd_sc_hd__and2b_2_24,sky130_fd_sc_hd__and2b_2,114.77,218.95999999999998
sky130_fd_sc_hd__and2b_2_25,sky130_fd_sc_hd__and2b_2,111.09,240.72000000000003
sky130_fd_sc_hd__and2b_2_26,sky130_fd_sc_hd__and2b_2,117.53,248.88
sky130_fd_sc_hd__and2b_2_27,sky130_fd_sc_hd__and2b_2,111.55,259.76
sky130_fd_sc_hd__and2b_2_28,sky130_fd_sc_hd__and2b_2,124.89,276.08000000000004
sky130_fd_sc_hd__and2b_2_29,sky130_fd_sc_hd__and2b_2,106.49000000000001,284.24
sky130_fd_sc_hd__and3_2_0,sky130_fd_sc_hd__and3_2,172.5,14.96
sky130_fd_sc_hd__and3_2_1,sky130_fd_sc_hd__and3_2,77.74000000000001,25.84
sky130_fd_sc_hd__and3_2_2,sky130_fd_sc_hd__and3_2,80.5,25.84
sky130_fd_sc_hd__and3_2_3,sky130_fd_sc_hd__and3_2,155.94,39.44
sky130_fd_sc_hd__and3_2_4,sky130_fd_sc_hd__and3_2,186.76,44.88
sky130_fd_sc_hd__and3_2_5,sky130_fd_sc_hd__and3_2,70.84,47.6
sky130_fd_sc_hd__and3_2_6,sky130_fd_sc_hd__and3_2,163.3,47.6
sky130_fd_sc_hd__and3_2_7,sky130_fd_sc_hd__and3_2,92.91999999999999,50.32
sky130_fd_sc_hd__and3_2_8,sky130_fd_sc_hd__and3_2,89.24000000000001,53.04
sky130_fd_sc_hd__and3_2_9,sky130_fd_sc_hd__and3_2,172.5,55.76
sky130_fd_sc_hd__and3_2_10,sky130_fd_sc_hd__and3_2,81.41999999999999,61.2
sky130_fd_sc_hd__and3_2_11,sky130_fd_sc_hd__and3_2,29.44,96.56
sky130_fd_sc_hd__and3_2_12,sky130_fd_sc_hd__and3_2,25.76,148.24
sky130_fd_sc_hd__and3_2_13,sky130_fd_sc_hd__and3_2,176.18,148.24
sky130_fd_sc_hd__and3_2_14,sky130_fd_sc_hd__and3_2,69.46000000000001,153.68
sky130_fd_sc_hd__and3_2_15,sky130_fd_sc_hd__and3_2,170.66,153.68
sky130_fd_sc_hd__and3_2_16,sky130_fd_sc_hd__and3_2,76.36000000000001,159.12
sky130_fd_sc_hd__and3_2_17,sky130_fd_sc_hd__and3_2,176.18,186.32
sky130_fd_sc_hd__and3_2_18,sky130_fd_sc_hd__and3_2,175.26,238.0
sky130_fd_sc_hd__and3_2_19,sky130_fd_sc_hd__and3_2,178.02,243.44
sky130_fd_sc_hd__and3_2_20,sky130_fd_sc_hd__and3_2,176.18,246.16000000000003
sky130_fd_sc_hd__and3_2_21,sky130_fd_sc_hd__and3_2,179.4,246.16000000000003
sky130_fd_sc_hd__and3_2_22,sky130_fd_sc_hd__and3_2,182.16,246.16000000000003
sky130_fd_sc_hd__and3_2_23,sky130_fd_sc_hd__and3_2,166.52,248.88
sky130_fd_sc_hd__and3_2_24,sky130_fd_sc_hd__and3_2,181.7,248.88
sky130_fd_sc_hd__and3_2_25,sky130_fd_sc_hd__and3_2,178.02,254.32
sky130_fd_sc_hd__and3b_2_0,sky130_fd_sc_hd__and3b_2,171.12,91.12
sky130_fd_sc_hd__and3b_2_1,sky130_fd_sc_hd__and3b_2,168.36,134.64
sky130_fd_sc_hd__and3b_2_2,sky130_fd_sc_hd__and3b_2,172.04,134.64
sky130_fd_sc_hd__and3b_2_3,sky130_fd_sc_hd__and3b_2,162.84,175.44
sky130_fd_sc_hd__and4_2_0,sky130_fd_sc_hd__and4_2,81.88,20.400000000000002
sky130_fd_sc_hd__and4_2_1,sky130_fd_sc_hd__and4_2,83.72,25.84
sky130_fd_sc_hd__and4_2_2,sky130_fd_sc_hd__and4_2,79.12,39.44
sky130_fd_sc_hd__and4_2_3,sky130_fd_sc_hd__and4_2,76.36,53.04
sky130_fd_sc_hd__and4_2_4,sky130_fd_sc_hd__and4_2,28.06,102.0
sky130_fd_sc_hd__and4_2_5,sky130_fd_sc_hd__and4_2,28.98,148.24
sky130_fd_sc_hd__and4_2_6,sky130_fd_sc_hd__and4_2,72.67999999999999,153.68
sky130_fd_sc_hd__and4_2_7,sky130_fd_sc_hd__and4_2,75.89999999999999,156.39999999999998
sky130_fd_sc_hd__and4b_2_0,sky130_fd_sc_hd__and4b_2,175.49,115.60000000000001
sky130_fd_sc_hd__and4b_2_1,sky130_fd_sc_hd__and4b_2,117.07,126.48000000000002
sky130_fd_sc_hd__and4b_2_2,sky130_fd_sc_hd__and4b_2,127.19,254.32
sky130_fd_sc_hd__and4b_2_3,sky130_fd_sc_hd__and4b_2,170.89,278.79999999999995
sky130_fd_sc_hd__and4bb_2_0,sky130_fd_sc_hd__and4bb_2,174.34000000000003,28.560000000000002
sky130_fd_sc_hd__and4bb_2_1,sky130_fd_sc_hd__and4bb_2,79.57999999999998,50.32
sky130_fd_sc_hd__and4bb_2_2,sky130_fd_sc_hd__and4bb_2,120.52000000000001,69.36
sky130_fd_sc_hd__and4bb_2_3,sky130_fd_sc_hd__and4bb_2,118.22,88.4
sky130_fd_sc_hd__and4bb_2_4,sky130_fd_sc_hd__and4bb_2,118.22,102.0
sky130_fd_sc_hd__and4bb_2_5,sky130_fd_sc_hd__and4bb_2,171.12,115.60000000000001
sky130_fd_sc_hd__and4bb_2_6,sky130_fd_sc_hd__and4bb_2,118.22,131.92000000000002
sky130_fd_sc_hd__and4bb_2_7,sky130_fd_sc_hd__and4bb_2,118.22,142.8
sky130_fd_sc_hd__and4bb_2_8,sky130_fd_sc_hd__and4bb_2,25.759999999999998,153.68
sky130_fd_sc_hd__and4bb_2_9,sky130_fd_sc_hd__and4bb_2,118.22,224.39999999999998
sky130_fd_sc_hd__and4bb_2_10,sky130_fd_sc_hd__and4bb_2,119.14000000000001,235.28000000000003
sky130_fd_sc_hd__and4bb_2_11,sky130_fd_sc_hd__and4bb_2,122.82,254.32
sky130_fd_sc_hd__and4bb_2_12,sky130_fd_sc_hd__and4bb_2,113.62,284.24
sky130_fd_sc_hd__and4bb_2_13,sky130_fd_sc_hd__and4bb_2,128.8,284.24
sky130_fd_sc_hd__buf_2_0,sky130_fd_sc_hd__buf_2,86.02000000000001,102.0
sky130_fd_sc_hd__clkbuf_16_0,sky130_fd_sc_hd__clkbuf_16,109.47999999999999,164.56
sky130_fd_sc_hd__clkbuf_4_0,sky130_fd_sc_hd__clkbuf_4,98.9,72.08
sky130_fd_sc_hd__clkbuf_4_1,sky130_fd_sc_hd__clkbuf_4,84.64000000000001,77.52
sky130_fd_sc_hd__clkbuf_4_2,sky130_fd_sc_hd__clkbuf_4,125.12,85.68
sky130_fd_sc_hd__clkbuf_4_3,sky130_fd_sc_hd__clkbuf_4,127.42000000000002,91.12
sky130_fd_sc_hd__clkbuf_4_4,sky130_fd_sc_hd__clkbuf_4,71.75999999999999,107.44
sky130_fd_sc_hd__clkbuf_4_5,sky130_fd_sc_hd__clkbuf_4,86.02000000000001,112.88000000000001
sky130_fd_sc_hd__clkbuf_4_6,sky130_fd_sc_hd__clkbuf_4,76.35999999999999,142.8
sky130_fd_sc_hd__clkbuf_4_7,sky130_fd_sc_hd__clkbuf_4,58.88,148.24
sky130_fd_sc_hd__clkbuf_4_8,sky130_fd_sc_hd__clkbuf_4,147.66,175.44
sky130_fd_sc_hd__clkbuf_4_9,sky130_fd_sc_hd__clkbuf_4,156.86,178.16000000000003
sky130_fd_sc_hd__clkbuf_4_10,sky130_fd_sc_hd__clkbuf_4,102.12,197.2
sky130_fd_sc_hd__clkbuf_4_11,sky130_fd_sc_hd__clkbuf_4,110.86000000000001,208.07999999999998
sky130_fd_sc_hd__clkbuf_4_12,sky130_fd_sc_hd__clkbuf_4,158.24,224.39999999999998
sky130_fd_sc_hd__clkbuf_4_13,sky130_fd_sc_hd__clkbuf_4,129.26000000000002,248.88
sky130_fd_sc_hd__clkbuf_4_14,sky130_fd_sc_hd__clkbuf_4,115.92000000000002,251.60000000000002
sky130_fd_sc_hd__clkbuf_8_0,sky130_fd_sc_hd__clkbuf_8,100.05,74.8
sky130_fd_sc_hd__clkbuf_8_1,sky130_fd_sc_hd__clkbuf_8,88.55,77.52
sky130_fd_sc_hd__clkbuf_8_2,sky130_fd_sc_hd__clkbuf_8,121.21000000000001,85.68
sky130_fd_sc_hd__clkbuf_8_3,sky130_fd_sc_hd__clkbuf_8,123.51,91.12
sky130_fd_sc_hd__clkbuf_8_4,sky130_fd_sc_hd__clkbuf_8,75.67,107.44
sky130_fd_sc_hd__clkbuf_8_5,sky130_fd_sc_hd__clkbuf_8,91.31,110.16
sky130_fd_sc_hd__clkbuf_8_6,sky130_fd_sc_hd__clkbuf_8,62.790000000000006,148.24
sky130_fd_sc_hd__clkbuf_8_7,sky130_fd_sc_hd__clkbuf_8,75.21000000000001,150.95999999999998
sky130_fd_sc_hd__clkbuf_8_8,sky130_fd_sc_hd__clkbuf_8,148.81,178.16000000000003
sky130_fd_sc_hd__clkbuf_8_9,sky130_fd_sc_hd__clkbuf_8,159.39000000000001,180.88
sky130_fd_sc_hd__clkbuf_8_10,sky130_fd_sc_hd__clkbuf_8,103.27000000000001,199.92000000000002
sky130_fd_sc_hd__clkbuf_8_11,sky130_fd_sc_hd__clkbuf_8,110.63000000000001,205.36
sky130_fd_sc_hd__clkbuf_8_12,sky130_fd_sc_hd__clkbuf_8,148.81,224.39999999999998
sky130_fd_sc_hd__clkbuf_8_13,sky130_fd_sc_hd__clkbuf_8,159.39000000000001,227.12
sky130_fd_sc_hd__clkbuf_8_14,sky130_fd_sc_hd__clkbuf_8,122.13000000000001,248.88
sky130_fd_sc_hd__clkbuf_8_15,sky130_fd_sc_hd__clkbuf_8,119.83,251.60000000000002
sky130_fd_sc_hd__conb_1_0,sky130_fd_sc_hd__conb_1,166.29,85.68
sky130_fd_sc_hd__conb_1_1,sky130_fd_sc_hd__conb_1,77.97,99.28
sky130_fd_sc_hd__conb_1_2,sky130_fd_sc_hd__conb_1,169.51,107.44
sky130_fd_sc_hd__conb_1_3,sky130_fd_sc_hd__conb_1,170.89000000000001,126.48000000000002
sky130_fd_sc_hd__conb_1_4,sky130_fd_sc_hd__conb_1,171.35,142.8
sky130_fd_sc_hd__conb_1_5,sky130_fd_sc_hd__conb_1,169.05,156.39999999999998
sky130_fd_sc_hd__decap_3_0,sky130_fd_sc_hd__decap_3,10.810000000000002,12.24
sky130_fd_sc_hd__decap_3_1,sky130_fd_sc_hd__decap_3,189.29,12.24
sky130_fd_sc_hd__decap_3_2,sky130_fd_sc_hd__decap_3,10.810000000000002,14.959999999999999
sky130_fd_sc_hd__decap_3_3,sky130_fd_sc_hd__decap_3,189.29,14.959999999999999
sky130_fd_sc_hd__decap_3_4,sky130_fd_sc_hd__decap_3,10.810000000000002,17.68
sky130_fd_sc_hd__decap_3_5,sky130_fd_sc_hd__decap_3,189.29,17.68
sky130_fd_sc_hd__decap_3_6,sky130_fd_sc_hd__decap_3,10.810000000000002,20.4
sky130_fd_sc_hd__decap_3_7,sky130_fd_sc_hd__decap_3,189.29,20.4
sky130_fd_sc_hd__decap_3_8,sky130_fd_sc_hd__decap_3,10.810000000000002,23.120000000000005
sky130_fd_sc_hd__decap_3_9,sky130_fd_sc_hd__decap_3,189.29,23.120000000000005
sky130_fd_sc_hd__decap_3_10,sky130_fd_sc_hd__decap_3,10.810000000000002,25.839999999999996
sky130_fd_sc_hd__decap_3_11,sky130_fd_sc_hd__decap_3,189.29,25.839999999999996
sky130_fd_sc_hd__decap_3_12,sky130_fd_sc_hd__decap_3,10.810000000000002,28.560000000000002
sky130_fd_sc_hd__decap_3_13,sky130_fd_sc_hd__decap_3,189.29,28.560000000000002
sky130_fd_sc_hd__decap_3_14,sky130_fd_sc_hd__decap_3,10.810000000000002,31.28
sky130_fd_sc_hd__decap_3_15,sky130_fd_sc_hd__decap_3,189.29,31.28
sky130_fd_sc_hd__decap_3_16,sky130_fd_sc_hd__decap_3,10.810000000000002,34.0
sky130_fd_sc_hd__decap_3_17,sky130_fd_sc_hd__decap_3,189.29,34.0
sky130_fd_sc_hd__decap_3_18,sky130_fd_sc_hd__decap_3,10.810000000000002,36.72
sky130_fd_sc_hd__decap_3_19,sky130_fd_sc_hd__decap_3,189.29,36.72
sky130_fd_sc_hd__decap_3_20,sky130_fd_sc_hd__decap_3,10.810000000000002,39.44
sky130_fd_sc_hd__decap_3_21,sky130_fd_sc_hd__decap_3,189.29,39.44
sky130_fd_sc_hd__decap_3_22,sky130_fd_sc_hd__decap_3,10.810000000000002,42.160000000000004
sky130_fd_sc_hd__decap_3_23,sky130_fd_sc_hd__decap_3,189.29,42.160000000000004
sky130_fd_sc_hd__decap_3_24,sky130_fd_sc_hd__decap_3,10.810000000000002,44.88
sky130_fd_sc_hd__decap_3_25,sky130_fd_sc_hd__decap_3,189.29,44.88
sky130_fd_sc_hd__decap_3_26,sky130_fd_sc_hd__decap_3,10.810000000000002,47.6
sky130_fd_sc_hd__decap_3_27,sky130_fd_sc_hd__decap_3,189.29,47.6
sky130_fd_sc_hd__decap_3_28,sky130_fd_sc_hd__decap_3,10.810000000000002,50.32
sky130_fd_sc_hd__decap_3_29,sky130_fd_sc_hd__decap_3,189.29,50.32
sky130_fd_sc_hd__decap_3_30,sky130_fd_sc_hd__decap_3,10.810000000000002,53.04
sky130_fd_sc_hd__decap_3_31,sky130_fd_sc_hd__decap_3,189.29,53.04
sky130_fd_sc_hd__decap_3_32,sky130_fd_sc_hd__decap_3,10.810000000000002,55.76
sky130_fd_sc_hd__decap_3_33,sky130_fd_sc_hd__decap_3,189.29,55.76
sky130_fd_sc_hd__decap_3_34,sky130_fd_sc_hd__decap_3,10.810000000000002,58.480000000000004
sky130_fd_sc_hd__decap_3_35,sky130_fd_sc_hd__decap_3,189.29,58.480000000000004
sky130_fd_sc_hd__decap_3_36,sky130_fd_sc_hd__decap_3,10.810000000000002,61.2
sky130_fd_sc_hd__decap_3_37,sky130_fd_sc_hd__decap_3,189.29,61.2
sky130_fd_sc_hd__decap_3_38,sky130_fd_sc_hd__decap_3,10.810000000000002,63.92
sky130_fd_sc_hd__decap_3_39,sky130_fd_sc_hd__decap_3,189.29,63.92
sky130_fd_sc_hd__decap_3_40,sky130_fd_sc_hd__decap_3,10.810000000000002,66.64
sky130_fd_sc_hd__decap_3_41,sky130_fd_sc_hd__decap_3,189.29,66.64
sky130_fd_sc_hd__decap_3_42,sky130_fd_sc_hd__decap_3,10.810000000000002,69.36
sky130_fd_sc_hd__decap_3_43,sky130_fd_sc_hd__decap_3,189.29,69.36
sky130_fd_sc_hd__decap_3_44,sky130_fd_sc_hd__decap_3,10.810000000000002,72.08
sky130_fd_sc_hd__decap_3_45,sky130_fd_sc_hd__decap_3,189.29,72.08
sky130_fd_sc_hd__decap_3_46,sky130_fd_sc_hd__decap_3,10.810000000000002,74.8
sky130_fd_sc_hd__decap_3_47,sky130_fd_sc_hd__decap_3,189.29,74.8
sky130_fd_sc_hd__decap_3_48,sky130_fd_sc_hd__decap_3,10.810000000000002,77.52
sky130_fd_sc_hd__decap_3_49,sky130_fd_sc_hd__decap_3,189.29,77.52
sky130_fd_sc_hd__decap_3_50,sky130_fd_sc_hd__decap_3,10.810000000000002,80.24000000000001
sky130_fd_sc_hd__decap_3_51,sky130_fd_sc_hd__decap_3,189.29,80.24000000000001
sky130_fd_sc_hd__decap_3_52,sky130_fd_sc_hd__decap_3,10.810000000000002,82.96000000000001
sky130_fd_sc_hd__decap_3_53,sky130_fd_sc_hd__decap_3,189.29,82.96000000000001
sky130_fd_sc_hd__decap_3_54,sky130_fd_sc_hd__decap_3,10.810000000000002,85.68
sky130_fd_sc_hd__decap_3_55,sky130_fd_sc_hd__decap_3,189.29,85.68
sky130_fd_sc_hd__decap_3_56,sky130_fd_sc_hd__decap_3,10.810000000000002,88.4
sky130_fd_sc_hd__decap_3_57,sky130_fd_sc_hd__decap_3,189.29,88.4
sky130_fd_sc_hd__decap_3_58,sky130_fd_sc_hd__decap_3,10.810000000000002,91.12
sky130_fd_sc_hd__decap_3_59,sky130_fd_sc_hd__decap_3,189.29,91.12
sky130_fd_sc_hd__decap_3_60,sky130_fd_sc_hd__decap_3,10.810000000000002,93.84
sky130_fd_sc_hd__decap_3_61,sky130_fd_sc_hd__decap_3,189.29,93.84
sky130_fd_sc_hd__decap_3_62,sky130_fd_sc_hd__decap_3,10.810000000000002,96.56
sky130_fd_sc_hd__decap_3_63,sky130_fd_sc_hd__decap_3,189.29,96.56
sky130_fd_sc_hd__decap_3_64,sky130_fd_sc_hd__decap_3,10.810000000000002,99.28
sky130_fd_sc_hd__decap_3_65,sky130_fd_sc_hd__decap_3,189.29,99.28
sky130_fd_sc_hd__decap_3_66,sky130_fd_sc_hd__decap_3,10.810000000000002,102.0
sky130_fd_sc_hd__decap_3_67,sky130_fd_sc_hd__decap_3,189.29,102.0
sky130_fd_sc_hd__decap_3_68,sky130_fd_sc_hd__decap_3,10.810000000000002,104.72
sky130_fd_sc_hd__decap_3_69,sky130_fd_sc_hd__decap_3,189.29,104.72
sky130_fd_sc_hd__decap_3_70,sky130_fd_sc_hd__decap_3,10.810000000000002,107.44
sky130_fd_sc_hd__decap_3_71,sky130_fd_sc_hd__decap_3,189.29,107.44
sky130_fd_sc_hd__decap_3_72,sky130_fd_sc_hd__decap_3,10.810000000000002,110.16
sky130_fd_sc_hd__decap_3_73,sky130_fd_sc_hd__decap_3,189.29,110.16
sky130_fd_sc_hd__decap_3_74,sky130_fd_sc_hd__decap_3,10.810000000000002,112.88000000000001
sky130_fd_sc_hd__decap_3_75,sky130_fd_sc_hd__decap_3,189.29,112.88000000000001
sky130_fd_sc_hd__decap_3_76,sky130_fd_sc_hd__decap_3,10.810000000000002,115.60000000000001
sky130_fd_sc_hd__decap_3_77,sky130_fd_sc_hd__decap_3,189.29,115.60000000000001
sky130_fd_sc_hd__decap_3_78,sky130_fd_sc_hd__decap_3,10.810000000000002,118.32000000000001
sky130_fd_sc_hd__decap_3_79,sky130_fd_sc_hd__decap_3,189.29,118.32000000000001
sky130_fd_sc_hd__decap_3_80,sky130_fd_sc_hd__decap_3,10.810000000000002,121.04
sky130_fd_sc_hd__decap_3_81,sky130_fd_sc_hd__decap_3,189.29,121.04
sky130_fd_sc_hd__decap_3_82,sky130_fd_sc_hd__decap_3,10.810000000000002,123.76
sky130_fd_sc_hd__decap_3_83,sky130_fd_sc_hd__decap_3,189.29,123.76
sky130_fd_sc_hd__decap_3_84,sky130_fd_sc_hd__decap_3,10.810000000000002,126.48000000000002
sky130_fd_sc_hd__decap_3_85,sky130_fd_sc_hd__decap_3,189.29,126.48000000000002
sky130_fd_sc_hd__decap_3_86,sky130_fd_sc_hd__decap_3,10.810000000000002,129.20000000000002
sky130_fd_sc_hd__decap_3_87,sky130_fd_sc_hd__decap_3,189.29,129.20000000000002
sky130_fd_sc_hd__decap_3_88,sky130_fd_sc_hd__decap_3,10.810000000000002,131.92000000000002
sky130_fd_sc_hd__decap_3_89,sky130_fd_sc_hd__decap_3,189.29,131.92000000000002
sky130_fd_sc_hd__decap_3_90,sky130_fd_sc_hd__decap_3,10.810000000000002,134.64
sky130_fd_sc_hd__decap_3_91,sky130_fd_sc_hd__decap_3,189.29,134.64
sky130_fd_sc_hd__decap_3_92,sky130_fd_sc_hd__decap_3,10.810000000000002,137.36
sky130_fd_sc_hd__decap_3_93,sky130_fd_sc_hd__decap_3,189.29,137.36
sky130_fd_sc_hd__decap_3_94,sky130_fd_sc_hd__decap_3,10.810000000000002,140.07999999999998
sky130_fd_sc_hd__decap_3_95,sky130_fd_sc_hd__decap_3,189.29,140.07999999999998
sky130_fd_sc_hd__decap_3_96,sky130_fd_sc_hd__decap_3,10.810000000000002,142.8
sky130_fd_sc_hd__decap_3_97,sky130_fd_sc_hd__decap_3,189.29,142.8
sky130_fd_sc_hd__decap_3_98,sky130_fd_sc_hd__decap_3,10.810000000000002,145.51999999999998
sky130_fd_sc_hd__decap_3_99,sky130_fd_sc_hd__decap_3,189.29,145.51999999999998
sky130_fd_sc_hd__decap_3_100,sky130_fd_sc_hd__decap_3,10.810000000000002,148.24
sky130_fd_sc_hd__decap_3_101,sky130_fd_sc_hd__decap_3,189.29,148.24
sky130_fd_sc_hd__decap_3_102,sky130_fd_sc_hd__decap_3,10.810000000000002,150.95999999999998
sky130_fd_sc_hd__decap_3_103,sky130_fd_sc_hd__decap_3,189.29,150.95999999999998
sky130_fd_sc_hd__decap_3_104,sky130_fd_sc_hd__decap_3,10.810000000000002,153.68
sky130_fd_sc_hd__decap_3_105,sky130_fd_sc_hd__decap_3,189.29,153.68
sky130_fd_sc_hd__decap_3_106,sky130_fd_sc_hd__decap_3,10.810000000000002,156.39999999999998
sky130_fd_sc_hd__decap_3_107,sky130_fd_sc_hd__decap_3,189.29,156.39999999999998
sky130_fd_sc_hd__decap_3_108,sky130_fd_sc_hd__decap_3,10.810000000000002,159.12
sky130_fd_sc_hd__decap_3_109,sky130_fd_sc_hd__decap_3,189.29,159.12
sky130_fd_sc_hd__decap_3_110,sky130_fd_sc_hd__decap_3,10.810000000000002,161.84000000000003
sky130_fd_sc_hd__decap_3_111,sky130_fd_sc_hd__decap_3,189.29,161.84000000000003
sky130_fd_sc_hd__decap_3_112,sky130_fd_sc_hd__decap_3,10.810000000000002,164.56
sky130_fd_sc_hd__decap_3_113,sky130_fd_sc_hd__decap_3,189.29,164.56
sky130_fd_sc_hd__decap_3_114,sky130_fd_sc_hd__decap_3,10.810000000000002,167.28000000000003
sky130_fd_sc_hd__decap_3_115,sky130_fd_sc_hd__decap_3,189.29,167.28000000000003
sky130_fd_sc_hd__decap_3_116,sky130_fd_sc_hd__decap_3,10.810000000000002,170.0
sky130_fd_sc_hd__decap_3_117,sky130_fd_sc_hd__decap_3,189.29,170.0
sky130_fd_sc_hd__decap_3_118,sky130_fd_sc_hd__decap_3,10.810000000000002,172.72000000000003
sky130_fd_sc_hd__decap_3_119,sky130_fd_sc_hd__decap_3,189.29,172.72000000000003
sky130_fd_sc_hd__decap_3_120,sky130_fd_sc_hd__decap_3,10.810000000000002,175.44
sky130_fd_sc_hd__decap_3_121,sky130_fd_sc_hd__decap_3,189.29,175.44
sky130_fd_sc_hd__decap_3_122,sky130_fd_sc_hd__decap_3,10.810000000000002,178.16000000000003
sky130_fd_sc_hd__decap_3_123,sky130_fd_sc_hd__decap_3,189.29,178.16000000000003
sky130_fd_sc_hd__decap_3_124,sky130_fd_sc_hd__decap_3,10.810000000000002,180.88
sky130_fd_sc_hd__decap_3_125,sky130_fd_sc_hd__decap_3,189.29,180.88
sky130_fd_sc_hd__decap_3_126,sky130_fd_sc_hd__decap_3,10.810000000000002,183.60000000000002
sky130_fd_sc_hd__decap_3_127,sky130_fd_sc_hd__decap_3,189.29,183.60000000000002
sky130_fd_sc_hd__decap_3_128,sky130_fd_sc_hd__decap_3,10.810000000000002,186.32
sky130_fd_sc_hd__decap_3_129,sky130_fd_sc_hd__decap_3,189.29,186.32
sky130_fd_sc_hd__decap_3_130,sky130_fd_sc_hd__decap_3,10.810000000000002,189.04000000000002
sky130_fd_sc_hd__decap_3_131,sky130_fd_sc_hd__decap_3,189.29,189.04000000000002
sky130_fd_sc_hd__decap_3_132,sky130_fd_sc_hd__decap_3,10.810000000000002,191.76
sky130_fd_sc_hd__decap_3_133,sky130_fd_sc_hd__decap_3,189.29,191.76
sky130_fd_sc_hd__decap_3_134,sky130_fd_sc_hd__decap_3,10.810000000000002,194.48000000000002
sky130_fd_sc_hd__decap_3_135,sky130_fd_sc_hd__decap_3,189.29,194.48000000000002
sky130_fd_sc_hd__decap_3_136,sky130_fd_sc_hd__decap_3,10.810000000000002,197.2
sky130_fd_sc_hd__decap_3_137,sky130_fd_sc_hd__decap_3,189.29,197.2
sky130_fd_sc_hd__decap_3_138,sky130_fd_sc_hd__decap_3,10.810000000000002,199.92000000000002
sky130_fd_sc_hd__decap_3_139,sky130_fd_sc_hd__decap_3,189.29,199.92000000000002
sky130_fd_sc_hd__decap_3_140,sky130_fd_sc_hd__decap_3,10.810000000000002,202.64
sky130_fd_sc_hd__decap_3_141,sky130_fd_sc_hd__decap_3,189.29,202.64
sky130_fd_sc_hd__decap_3_142,sky130_fd_sc_hd__decap_3,10.810000000000002,205.36
sky130_fd_sc_hd__decap_3_143,sky130_fd_sc_hd__decap_3,189.29,205.36
sky130_fd_sc_hd__decap_3_144,sky130_fd_sc_hd__decap_3,10.810000000000002,208.07999999999998
sky130_fd_sc_hd__decap_3_145,sky130_fd_sc_hd__decap_3,189.29,208.07999999999998
sky130_fd_sc_hd__decap_3_146,sky130_fd_sc_hd__decap_3,10.810000000000002,210.8
sky130_fd_sc_hd__decap_3_147,sky130_fd_sc_hd__decap_3,189.29,210.8
sky130_fd_sc_hd__decap_3_148,sky130_fd_sc_hd__decap_3,10.810000000000002,213.51999999999998
sky130_fd_sc_hd__decap_3_149,sky130_fd_sc_hd__decap_3,189.29,213.51999999999998
sky130_fd_sc_hd__decap_3_150,sky130_fd_sc_hd__decap_3,10.810000000000002,216.24
sky130_fd_sc_hd__decap_3_151,sky130_fd_sc_hd__decap_3,189.29,216.24
sky130_fd_sc_hd__decap_3_152,sky130_fd_sc_hd__decap_3,10.810000000000002,218.95999999999998
sky130_fd_sc_hd__decap_3_153,sky130_fd_sc_hd__decap_3,189.29,218.95999999999998
sky130_fd_sc_hd__decap_3_154,sky130_fd_sc_hd__decap_3,10.810000000000002,221.68
sky130_fd_sc_hd__decap_3_155,sky130_fd_sc_hd__decap_3,189.29,221.68
sky130_fd_sc_hd__decap_3_156,sky130_fd_sc_hd__decap_3,10.810000000000002,224.39999999999998
sky130_fd_sc_hd__decap_3_157,sky130_fd_sc_hd__decap_3,189.29,224.39999999999998
sky130_fd_sc_hd__decap_3_158,sky130_fd_sc_hd__decap_3,10.810000000000002,227.12
sky130_fd_sc_hd__decap_3_159,sky130_fd_sc_hd__decap_3,189.29,227.12
sky130_fd_sc_hd__decap_3_160,sky130_fd_sc_hd__decap_3,10.810000000000002,229.84000000000003
sky130_fd_sc_hd__decap_3_161,sky130_fd_sc_hd__decap_3,189.29,229.84000000000003
sky130_fd_sc_hd__decap_3_162,sky130_fd_sc_hd__decap_3,10.810000000000002,232.56
sky130_fd_sc_hd__decap_3_163,sky130_fd_sc_hd__decap_3,189.29,232.56
sky130_fd_sc_hd__decap_3_164,sky130_fd_sc_hd__decap_3,10.810000000000002,235.28000000000003
sky130_fd_sc_hd__decap_3_165,sky130_fd_sc_hd__decap_3,189.29,235.28000000000003
sky130_fd_sc_hd__decap_3_166,sky130_fd_sc_hd__decap_3,10.810000000000002,238.0
sky130_fd_sc_hd__decap_3_167,sky130_fd_sc_hd__decap_3,189.29,238.0
sky130_fd_sc_hd__decap_3_168,sky130_fd_sc_hd__decap_3,10.810000000000002,240.72000000000003
sky130_fd_sc_hd__decap_3_169,sky130_fd_sc_hd__decap_3,189.29,240.72000000000003
sky130_fd_sc_hd__decap_3_170,sky130_fd_sc_hd__decap_3,10.810000000000002,243.44
sky130_fd_sc_hd__decap_3_171,sky130_fd_sc_hd__decap_3,189.29,243.44
sky130_fd_sc_hd__decap_3_172,sky130_fd_sc_hd__decap_3,10.810000000000002,246.16000000000003
sky130_fd_sc_hd__decap_3_173,sky130_fd_sc_hd__decap_3,189.29,246.16000000000003
sky130_fd_sc_hd__decap_3_174,sky130_fd_sc_hd__decap_3,10.810000000000002,248.88
sky130_fd_sc_hd__decap_3_175,sky130_fd_sc_hd__decap_3,189.29,248.88
sky130_fd_sc_hd__decap_3_176,sky130_fd_sc_hd__decap_3,10.810000000000002,251.60000000000002
sky130_fd_sc_hd__decap_3_177,sky130_fd_sc_hd__decap_3,189.29,251.60000000000002
sky130_fd_sc_hd__decap_3_178,sky130_fd_sc_hd__decap_3,10.810000000000002,254.32
sky130_fd_sc_hd__decap_3_179,sky130_fd_sc_hd__decap_3,189.29,254.32
sky130_fd_sc_hd__decap_3_180,sky130_fd_sc_hd__decap_3,10.810000000000002,257.03999999999996
sky130_fd_sc_hd__decap_3_181,sky130_fd_sc_hd__decap_3,189.29,257.03999999999996
sky130_fd_sc_hd__decap_3_182,sky130_fd_sc_hd__decap_3,10.810000000000002,259.76
sky130_fd_sc_hd__decap_3_183,sky130_fd_sc_hd__decap_3,189.29,259.76
sky130_fd_sc_hd__decap_3_184,sky130_fd_sc_hd__decap_3,10.810000000000002,262.48
sky130_fd_sc_hd__decap_3_185,sky130_fd_sc_hd__decap_3,189.29,262.48
sky130_fd_sc_hd__decap_3_186,sky130_fd_sc_hd__decap_3,10.810000000000002,265.20000000000005
sky130_fd_sc_hd__decap_3_187,sky130_fd_sc_hd__decap_3,189.29,265.20000000000005
sky130_fd_sc_hd__decap_3_188,sky130_fd_sc_hd__decap_3,10.810000000000002,267.91999999999996
sky130_fd_sc_hd__decap_3_189,sky130_fd_sc_hd__decap_3,189.29,267.91999999999996
sky130_fd_sc_hd__decap_3_190,sky130_fd_sc_hd__decap_3,10.810000000000002,270.64
sky130_fd_sc_hd__decap_3_191,sky130_fd_sc_hd__decap_3,189.29,270.64
sky130_fd_sc_hd__decap_3_192,sky130_fd_sc_hd__decap_3,10.810000000000002,273.36
sky130_fd_sc_hd__decap_3_193,sky130_fd_sc_hd__decap_3,189.29,273.36
sky130_fd_sc_hd__decap_3_194,sky130_fd_sc_hd__decap_3,10.810000000000002,276.08000000000004
sky130_fd_sc_hd__decap_3_195,sky130_fd_sc_hd__decap_3,189.29,276.08000000000004
sky130_fd_sc_hd__decap_3_196,sky130_fd_sc_hd__decap_3,10.810000000000002,278.79999999999995
sky130_fd_sc_hd__decap_3_197,sky130_fd_sc_hd__decap_3,189.29,278.79999999999995
sky130_fd_sc_hd__decap_3_198,sky130_fd_sc_hd__decap_3,10.810000000000002,281.52
sky130_fd_sc_hd__decap_3_199,sky130_fd_sc_hd__decap_3,189.29,281.52
sky130_fd_sc_hd__decap_3_200,sky130_fd_sc_hd__decap_3,10.810000000000002,284.24
sky130_fd_sc_hd__decap_3_201,sky130_fd_sc_hd__decap_3,189.29,284.24
sky130_fd_sc_hd__decap_3_202,sky130_fd_sc_hd__decap_3,10.810000000000002,286.96000000000004
sky130_fd_sc_hd__decap_3_203,sky130_fd_sc_hd__decap_3,189.29,286.96000000000004
sky130_fd_sc_hd__dfrtp_2_0,sky130_fd_sc_hd__dfrtp_2,82.57,36.72
sky130_fd_sc_hd__dfrtp_2_1,sky130_fd_sc_hd__dfrtp_2,85.79,39.44
sky130_fd_sc_hd__dfrtp_2_2,sky130_fd_sc_hd__dfrtp_2,81.65,42.160000000000004
sky130_fd_sc_hd__dfrtp_2_3,sky130_fd_sc_hd__dfrtp_2,87.63,44.88
sky130_fd_sc_hd__dfrtp_2_4,sky130_fd_sc_hd__dfrtp_2,80.73,47.6
sky130_fd_sc_hd__dfrtp_2_5,sky130_fd_sc_hd__dfrtp_2,123.05,47.6
sky130_fd_sc_hd__dfrtp_2_6,sky130_fd_sc_hd__dfrtp_2,86.71,50.32
sky130_fd_sc_hd__dfrtp_2_7,sky130_fd_sc_hd__dfrtp_2,119.83,50.32
sky130_fd_sc_hd__dfrtp_2_8,sky130_fd_sc_hd__dfrtp_2,85.79,55.76
sky130_fd_sc_hd__dfrtp_2_9,sky130_fd_sc_hd__dfrtp_2,82.57000000000001,58.480000000000004
sky130_fd_sc_hd__dfrtp_2_10,sky130_fd_sc_hd__dfrtp_2,118.91,63.92
sky130_fd_sc_hd__dfrtp_2_11,sky130_fd_sc_hd__dfrtp_2,119.83,72.08000000000001
sky130_fd_sc_hd__dfrtp_2_12,sky130_fd_sc_hd__dfrtp_2,119.83,74.8
sky130_fd_sc_hd__dfrtp_2_13,sky130_fd_sc_hd__dfrtp_2,120.75,77.52
sky130_fd_sc_hd__dfrtp_2_14,sky130_fd_sc_hd__dfrtp_2,118.45,80.24000000000001
sky130_fd_sc_hd__dfrtp_2_15,sky130_fd_sc_hd__dfrtp_2,119.83,82.96000000000001
sky130_fd_sc_hd__dfrtp_2_16,sky130_fd_sc_hd__dfrtp_2,37.03,93.84
sky130_fd_sc_hd__dfrtp_2_17,sky130_fd_sc_hd__dfrtp_2,85.79,93.84
sky130_fd_sc_hd__dfrtp_2_18,sky130_fd_sc_hd__dfrtp_2,120.75,93.84
sky130_fd_sc_hd__dfrtp_2_19,sky130_fd_sc_hd__dfrtp_2,118.45,96.56
sky130_fd_sc_hd__dfrtp_2_20,sky130_fd_sc_hd__dfrtp_2,128.11,96.56
sky130_fd_sc_hd__dfrtp_2_21,sky130_fd_sc_hd__dfrtp_2,33.81,99.28
sky130_fd_sc_hd__dfrtp_2_22,sky130_fd_sc_hd__dfrtp_2,86.71,99.28
sky130_fd_sc_hd__dfrtp_2_23,sky130_fd_sc_hd__dfrtp_2,119.83,99.28
sky130_fd_sc_hd__dfrtp_2_24,sky130_fd_sc_hd__dfrtp_2,37.95,104.72
sky130_fd_sc_hd__dfrtp_2_25,sky130_fd_sc_hd__dfrtp_2,123.05000000000001,107.44
sky130_fd_sc_hd__dfrtp_2_26,sky130_fd_sc_hd__dfrtp_2,33.81,110.16
sky130_fd_sc_hd__dfrtp_2_27,sky130_fd_sc_hd__dfrtp_2,83.95,110.16
sky130_fd_sc_hd__dfrtp_2_28,sky130_fd_sc_hd__dfrtp_2,119.83,110.16
sky130_fd_sc_hd__dfrtp_2_29,sky130_fd_sc_hd__dfrtp_2,120.75,115.60000000000001
sky130_fd_sc_hd__dfrtp_2_30,sky130_fd_sc_hd__dfrtp_2,118.91,123.76
sky130_fd_sc_hd__dfrtp_2_31,sky130_fd_sc_hd__dfrtp_2,119.83,129.20000000000002
sky130_fd_sc_hd__dfrtp_2_32,sky130_fd_sc_hd__dfrtp_2,82.57000000000001,134.64
sky130_fd_sc_hd__dfrtp_2_33,sky130_fd_sc_hd__dfrtp_2,123.05000000000001,134.64
sky130_fd_sc_hd__dfrtp_2_34,sky130_fd_sc_hd__dfrtp_2,86.71000000000001,137.36
sky130_fd_sc_hd__dfrtp_2_35,sky130_fd_sc_hd__dfrtp_2,118.91000000000001,137.36
sky130_fd_sc_hd__dfrtp_2_36,sky130_fd_sc_hd__dfrtp_2,81.65,140.07999999999998
sky130_fd_sc_hd__dfrtp_2_37,sky130_fd_sc_hd__dfrtp_2,119.83,140.07999999999998
sky130_fd_sc_hd__dfrtp_2_38,sky130_fd_sc_hd__dfrtp_2,87.63,142.8
sky130_fd_sc_hd__dfrtp_2_39,sky130_fd_sc_hd__dfrtp_2,31.05,145.51999999999998
sky130_fd_sc_hd__dfrtp_2_40,sky130_fd_sc_hd__dfrtp_2,79.81,145.51999999999998
sky130_fd_sc_hd__dfrtp_2_41,sky130_fd_sc_hd__dfrtp_2,123.05000000000001,145.51999999999998
sky130_fd_sc_hd__dfrtp_2_42,sky130_fd_sc_hd__dfrtp_2,35.65,148.24
sky130_fd_sc_hd__dfrtp_2_43,sky130_fd_sc_hd__dfrtp_2,80.27000000000001,148.24
sky130_fd_sc_hd__dfrtp_2_44,sky130_fd_sc_hd__dfrtp_2,89.93,148.24
sky130_fd_sc_hd__dfrtp_2_45,sky130_fd_sc_hd__dfrtp_2,119.83,148.24
sky130_fd_sc_hd__dfrtp_2_46,sky130_fd_sc_hd__dfrtp_2,31.049999999999997,150.95999999999998
sky130_fd_sc_hd__dfrtp_2_47,sky130_fd_sc_hd__dfrtp_2,82.57000000000001,150.95999999999998
sky130_fd_sc_hd__dfrtp_2_48,sky130_fd_sc_hd__dfrtp_2,92.69,150.95999999999998
sky130_fd_sc_hd__dfrtp_2_49,sky130_fd_sc_hd__dfrtp_2,89.01,153.68
sky130_fd_sc_hd__dfrtp_2_50,sky130_fd_sc_hd__dfrtp_2,82.57,156.39999999999998
sky130_fd_sc_hd__dfrtp_2_51,sky130_fd_sc_hd__dfrtp_2,33.81,159.12
sky130_fd_sc_hd__dfrtp_2_52,sky130_fd_sc_hd__dfrtp_2,86.71000000000001,159.12
sky130_fd_sc_hd__dfrtp_2_53,sky130_fd_sc_hd__dfrtp_2,81.65,164.56
sky130_fd_sc_hd__dfrtp_2_54,sky130_fd_sc_hd__dfrtp_2,173.64999999999998,178.16000000000003
sky130_fd_sc_hd__dfrtp_2_55,sky130_fd_sc_hd__dfrtp_2,118.91,183.60000000000002
sky130_fd_sc_hd__dfrtp_2_56,sky130_fd_sc_hd__dfrtp_2,179.63,183.60000000000002
sky130_fd_sc_hd__dfrtp_2_57,sky130_fd_sc_hd__dfrtp_2,121.21,186.32
sky130_fd_sc_hd__dfrtp_2_58,sky130_fd_sc_hd__dfrtp_2,178.70999999999998,194.48000000000002
sky130_fd_sc_hd__dfrtp_2_59,sky130_fd_sc_hd__dfrtp_2,172.73000000000002,197.2
sky130_fd_sc_hd__dfrtp_2_60,sky130_fd_sc_hd__dfrtp_2,34.730000000000004,202.64
sky130_fd_sc_hd__dfrtp_2_61,sky130_fd_sc_hd__dfrtp_2,118.45,205.36
sky130_fd_sc_hd__dfrtp_2_62,sky130_fd_sc_hd__dfrtp_2,120.75,208.07999999999998
sky130_fd_sc_hd__dfrtp_2_63,sky130_fd_sc_hd__dfrtp_2,120.75,210.8
sky130_fd_sc_hd__dfrtp_2_64,sky130_fd_sc_hd__dfrtp_2,117.99000000000001,213.51999999999998
sky130_fd_sc_hd__dfrtp_2_65,sky130_fd_sc_hd__dfrtp_2,118.91,216.24
sky130_fd_sc_hd__dfrtp_2_66,sky130_fd_sc_hd__dfrtp_2,121.21,218.95999999999998
sky130_fd_sc_hd__dfrtp_2_67,sky130_fd_sc_hd__dfrtp_2,120.75,229.84000000000003
sky130_fd_sc_hd__dfrtp_2_68,sky130_fd_sc_hd__dfrtp_2,118.45,232.56
sky130_fd_sc_hd__dfrtp_2_69,sky130_fd_sc_hd__dfrtp_2,118.45,238.0
sky130_fd_sc_hd__dfrtp_2_70,sky130_fd_sc_hd__dfrtp_2,120.75,240.72000000000003
sky130_fd_sc_hd__dfrtp_2_71,sky130_fd_sc_hd__dfrtp_2,118.91,243.44
sky130_fd_sc_hd__dfrtp_2_72,sky130_fd_sc_hd__dfrtp_2,121.21000000000001,246.16000000000003
sky130_fd_sc_hd__dfrtp_2_73,sky130_fd_sc_hd__dfrtp_2,120.75,257.03999999999996
sky130_fd_sc_hd__dfrtp_2_74,sky130_fd_sc_hd__dfrtp_2,118.45,259.76
sky130_fd_sc_hd__dfrtp_2_75,sky130_fd_sc_hd__dfrtp_2,118.91,273.36
sky130_fd_sc_hd__dfrtp_2_76,sky130_fd_sc_hd__dfrtp_2,172.73000000000002,273.36
sky130_fd_sc_hd__dfrtp_2_77,sky130_fd_sc_hd__dfrtp_2,118.45,276.08000000000004
sky130_fd_sc_hd__dfrtp_2_78,sky130_fd_sc_hd__dfrtp_2,121.21,278.79999999999995
sky130_fd_sc_hd__dfrtp_2_79,sky130_fd_sc_hd__dfrtp_2,120.75,281.52
sky130_fd_sc_hd__dfrtp_2_80,sky130_fd_sc_hd__dfrtp_2,176.87,281.52
sky130_fd_sc_hd__dfrtp_2_81,sky130_fd_sc_hd__dfrtp_2,120.75,284.24
sky130_fd_sc_hd__dfrtp_2_82,sky130_fd_sc_hd__dfrtp_2,172.73000000000002,284.24
sky130_fd_sc_hd__dfrtp_2_83,sky130_fd_sc_hd__dfrtp_2,118.45,286.96000000000004
sky130_fd_sc_hd__dfstp_2_0,sky130_fd_sc_hd__dfstp_2,172.73000000000002,180.88
sky130_fd_sc_hd__dfstp_2_1,sky130_fd_sc_hd__dfstp_2,171.81,189.04000000000002
sky130_fd_sc_hd__dfstp_2_2,sky130_fd_sc_hd__dfstp_2,172.73000000000002,191.76
sky130_fd_sc_hd__dfstp_2_3,sky130_fd_sc_hd__dfstp_2,177.79000000000002,199.92000000000002
sky130_fd_sc_hd__dfxtp_2_0,sky130_fd_sc_hd__dfxtp_2,172.73,243.44
sky130_fd_sc_hd__dfxtp_2_1,sky130_fd_sc_hd__dfxtp_2,171.81,248.88
sky130_fd_sc_hd__dfxtp_2_2,sky130_fd_sc_hd__dfxtp_2,173.65,251.60000000000002
sky130_fd_sc_hd__dfxtp_2_3,sky130_fd_sc_hd__dfxtp_2,172.73000000000002,254.32
sky130_fd_sc_hd__diode_2_0,sky130_fd_sc_hd__diode_2,122.36000000000001,61.2
sky130_fd_sc_hd__diode_2_1,sky130_fd_sc_hd__diode_2,30.36,197.2
sky130_fd_sc_hd__diode_2_2,sky130_fd_sc_hd__diode_2,170.66000000000003,235.28000000000003
sky130_fd_sc_hd__diode_2_3,sky130_fd_sc_hd__diode_2,171.58,265.20000000000005
sky130_fd_sc_hd__diode_2_4,sky130_fd_sc_hd__diode_2,171.58,267.91999999999996
sky130_fd_sc_hd__diode_2_5,sky130_fd_sc_hd__diode_2,169.28,270.64
sky130_fd_sc_hd__diode_2_6,sky130_fd_sc_hd__diode_2,170.66000000000003,270.64
sky130_fd_sc_hd__diode_2_7,sky130_fd_sc_hd__diode_2,169.28,276.08000000000004
sky130_fd_sc_hd__diode_2_8,sky130_fd_sc_hd__diode_2,168.36,278.79999999999995
sky130_fd_sc_hd__diode_2_9,sky130_fd_sc_hd__diode_2,169.28,286.96000000000004
sky130_fd_sc_hd__inv_2_0,sky130_fd_sc_hd__inv_2,176.41,12.24
sky130_fd_sc_hd__inv_2_1,sky130_fd_sc_hd__inv_2,176.87,34.0
sky130_fd_sc_hd__inv_2_2,sky130_fd_sc_hd__inv_2,76.13,44.88
sky130_fd_sc_hd__inv_2_3,sky130_fd_sc_hd__inv_2,114.31,69.36
sky130_fd_sc_hd__inv_2_4,sky130_fd_sc_hd__inv_2,114.31,74.8
sky130_fd_sc_hd__inv_2_5,sky130_fd_sc_hd__inv_2,79.81,93.84
sky130_fd_sc_hd__inv_2_6,sky130_fd_sc_hd__inv_2,79.35,96.56
sky130_fd_sc_hd__inv_2_7,sky130_fd_sc_hd__inv_2,88.54999999999998,102.0
sky130_fd_sc_hd__inv_2_8,sky130_fd_sc_hd__inv_2,114.31,102.0
sky130_fd_sc_hd__inv_2_9,sky130_fd_sc_hd__inv_2,76.59,104.72
sky130_fd_sc_hd__inv_2_10,sky130_fd_sc_hd__inv_2,34.269999999999996,107.44
sky130_fd_sc_hd__inv_2_11,sky130_fd_sc_hd__inv_2,114.31,129.20000000000002
sky130_fd_sc_hd__inv_2_12,sky130_fd_sc_hd__inv_2,85.33,145.51999999999998
sky130_fd_sc_hd__inv_2_13,sky130_fd_sc_hd__inv_2,175.49,145.51999999999998
sky130_fd_sc_hd__inv_2_14,sky130_fd_sc_hd__inv_2,171.81,159.12
sky130_fd_sc_hd__inv_2_15,sky130_fd_sc_hd__inv_2,166.29,172.72000000000003
sky130_fd_sc_hd__inv_2_16,sky130_fd_sc_hd__inv_2,154.79,178.16000000000003
sky130_fd_sc_hd__inv_2_17,sky130_fd_sc_hd__inv_2,109.25,210.8
sky130_fd_sc_hd__inv_2_18,sky130_fd_sc_hd__inv_2,109.71000000000001,216.24
sky130_fd_sc_hd__inv_2_19,sky130_fd_sc_hd__inv_2,108.33,235.28000000000003
sky130_fd_sc_hd__inv_2_20,sky130_fd_sc_hd__inv_2,169.51,240.72000000000003
sky130_fd_sc_hd__inv_2_21,sky130_fd_sc_hd__inv_2,163.53,246.16000000000003
sky130_fd_sc_hd__inv_2_22,sky130_fd_sc_hd__inv_2,162.61,248.88
sky130_fd_sc_hd__inv_2_23,sky130_fd_sc_hd__inv_2,175.03,276.08000000000004
sky130_fd_sc_hd__inv_2_24,sky130_fd_sc_hd__inv_2,115.22999999999999,281.52
sky130_fd_sc_hd__mux2_1_0,sky130_fd_sc_hd__mux2_1,169.05,14.96
sky130_fd_sc_hd__mux2_1_1,sky130_fd_sc_hd__mux2_1,180.08999999999997,28.560000000000002
sky130_fd_sc_hd__mux2_1_2,sky130_fd_sc_hd__mux2_1,184.69,34.0
sky130_fd_sc_hd__mux2_1_3,sky130_fd_sc_hd__mux2_1,179.17000000000002,36.72
sky130_fd_sc_hd__mux2_1_4,sky130_fd_sc_hd__mux2_1,180.09000000000003,44.88
sky130_fd_sc_hd__mux2_1_5,sky130_fd_sc_hd__mux2_1,38.410000000000004,96.56
sky130_fd_sc_hd__mux2_1_6,sky130_fd_sc_hd__mux2_1,78.89000000000001,102.0
sky130_fd_sc_hd__mux2_1_7,sky130_fd_sc_hd__mux2_1,83.03,102.0
sky130_fd_sc_hd__mux2_1_8,sky130_fd_sc_hd__mux2_1,79.81,137.36
sky130_fd_sc_hd__mux2_1_9,sky130_fd_sc_hd__mux2_1,170.89,137.36
sky130_fd_sc_hd__mux2_1_10,sky130_fd_sc_hd__mux2_1,72.44999999999999,142.8
sky130_fd_sc_hd__mux2_1_11,sky130_fd_sc_hd__mux2_1,80.72999999999999,142.8
sky130_fd_sc_hd__mux2_1_12,sky130_fd_sc_hd__mux2_1,72.44999999999999,145.51999999999998
sky130_fd_sc_hd__mux2_1_13,sky130_fd_sc_hd__mux2_1,89.93,145.51999999999998
sky130_fd_sc_hd__mux2_1_14,sky130_fd_sc_hd__mux2_1,71.53,148.24
sky130_fd_sc_hd__mux2_1_15,sky130_fd_sc_hd__mux2_1,77.97,153.68
sky130_fd_sc_hd__mux2_1_16,sky130_fd_sc_hd__mux2_1,82.11000000000001,153.68
sky130_fd_sc_hd__mux2_1_17,sky130_fd_sc_hd__mux2_1,89.93,156.39999999999998
sky130_fd_sc_hd__mux2_1_18,sky130_fd_sc_hd__mux2_1,79.81,159.12
sky130_fd_sc_hd__mux2_1_19,sky130_fd_sc_hd__mux2_1,77.05000000000001,161.84000000000003
sky130_fd_sc_hd__mux2_1_20,sky130_fd_sc_hd__mux2_1,81.19,161.84000000000003
sky130_fd_sc_hd__nand2_2_0,sky130_fd_sc_hd__nand2_2,182.39000000000001,12.24
sky130_fd_sc_hd__nand2_2_1,sky130_fd_sc_hd__nand2_2,163.53,12.240000000000002
sky130_fd_sc_hd__nand2_2_2,sky130_fd_sc_hd__nand2_2,161.23000000000002,14.959999999999999
sky130_fd_sc_hd__nand2_2_3,sky130_fd_sc_hd__nand2_2,163.53,14.959999999999999
sky130_fd_sc_hd__nand2_2_4,sky130_fd_sc_hd__nand2_2,154.32999999999998,14.96
sky130_fd_sc_hd__nand2_2_5,sky130_fd_sc_hd__nand2_2,156.63,14.96
sky130_fd_sc_hd__nand2_2_6,sky130_fd_sc_hd__nand2_2,154.32999999999998,23.120000000000005
sky130_fd_sc_hd__nand2_2_7,sky130_fd_sc_hd__nand2_2,156.17000000000002,25.839999999999996
sky130_fd_sc_hd__nand2_2_8,sky130_fd_sc_hd__nand2_2,185.61,25.839999999999996
sky130_fd_sc_hd__nand2_2_9,sky130_fd_sc_hd__nand2_2,153.41,28.560000000000002
sky130_fd_sc_hd__nand2_2_10,sky130_fd_sc_hd__nand2_2,155.71,28.560000000000002
sky130_fd_sc_hd__nand2_2_11,sky130_fd_sc_hd__nand2_2,158.01000000000002,28.560000000000002
sky130_fd_sc_hd__nand2_2_12,sky130_fd_sc_hd__nand2_2,186.99,28.560000000000002
sky130_fd_sc_hd__nand2_2_13,sky130_fd_sc_hd__nand2_2,154.33,31.28
sky130_fd_sc_hd__nand2_2_14,sky130_fd_sc_hd__nand2_2,154.32999999999998,34.0
sky130_fd_sc_hd__nand2_2_15,sky130_fd_sc_hd__nand2_2,153.41,36.72
sky130_fd_sc_hd__nand2_2_16,sky130_fd_sc_hd__nand2_2,76.13,39.44
sky130_fd_sc_hd__nand2_2_17,sky130_fd_sc_hd__nand2_2,68.31,47.6
sky130_fd_sc_hd__nand2_2_18,sky130_fd_sc_hd__nand2_2,164.91,50.32
sky130_fd_sc_hd__nand2_2_19,sky130_fd_sc_hd__nand2_2,166.29,53.04
sky130_fd_sc_hd__nand2_2_20,sky130_fd_sc_hd__nand2_2,113.85,61.2
sky130_fd_sc_hd__nand2_2_21,sky130_fd_sc_hd__nand2_2,112.00999999999999,69.36
sky130_fd_sc_hd__nand2_2_22,sky130_fd_sc_hd__nand2_2,112.00999999999999,91.12
sky130_fd_sc_hd__nand2_2_23,sky130_fd_sc_hd__nand2_2,169.05,96.56
sky130_fd_sc_hd__nand2_2_24,sky130_fd_sc_hd__nand2_2,39.78999999999999,99.28
sky130_fd_sc_hd__nand2_2_25,sky130_fd_sc_hd__nand2_2,175.95,99.28
sky130_fd_sc_hd__nand2_2_26,sky130_fd_sc_hd__nand2_2,77.50999999999999,110.16
sky130_fd_sc_hd__nand2_2_27,sky130_fd_sc_hd__nand2_2,124.89000000000001,131.92000000000002
sky130_fd_sc_hd__nand2_2_28,sky130_fd_sc_hd__nand2_2,178.25,134.64
sky130_fd_sc_hd__nand2_2_29,sky130_fd_sc_hd__nand2_2,170.89000000000001,164.56
sky130_fd_sc_hd__nand2_2_30,sky130_fd_sc_hd__nand2_2,168.59,167.28000000000003
sky130_fd_sc_hd__nand2_2_31,sky130_fd_sc_hd__nand2_2,163.07,170.0
sky130_fd_sc_hd__nand2_2_32,sky130_fd_sc_hd__nand2_2,154.33,183.60000000000002
sky130_fd_sc_hd__nand2_2_33,sky130_fd_sc_hd__nand2_2,153.87,191.76
sky130_fd_sc_hd__nand2_2_34,sky130_fd_sc_hd__nand2_2,118.45000000000002,199.92000000000002
sky130_fd_sc_hd__nand2_2_35,sky130_fd_sc_hd__nand2_2,165.37,202.64
sky130_fd_sc_hd__nand2_2_36,sky130_fd_sc_hd__nand2_2,124.89000000000001,216.24
sky130_fd_sc_hd__nand2_2_37,sky130_fd_sc_hd__nand2_2,124.89000000000001,235.28000000000003
sky130_fd_sc_hd__nand2_2_38,sky130_fd_sc_hd__nand2_2,117.53,267.91999999999996
sky130_fd_sc_hd__nand2b_2_0,sky130_fd_sc_hd__nand2b_2,184.23000000000002,23.120000000000005
sky130_fd_sc_hd__nand2b_2_1,sky130_fd_sc_hd__nand2b_2,118.45,44.88
sky130_fd_sc_hd__nand2b_2_2,sky130_fd_sc_hd__nand2b_2,165.37,44.88
sky130_fd_sc_hd__nand2b_2_3,sky130_fd_sc_hd__nand2b_2,111.55,80.24000000000001
sky130_fd_sc_hd__nand2b_2_4,sky130_fd_sc_hd__nand2b_2,171.35000000000002,85.68
sky130_fd_sc_hd__nand2b_2_5,sky130_fd_sc_hd__nand2b_2,175.49,93.84
sky130_fd_sc_hd__nand2b_2_6,sky130_fd_sc_hd__nand2b_2,182.85000000000002,93.84
sky130_fd_sc_hd__nand2b_2_7,sky130_fd_sc_hd__nand2b_2,179.63,96.56
sky130_fd_sc_hd__nand2b_2_8,sky130_fd_sc_hd__nand2b_2,121.67,104.72
sky130_fd_sc_hd__nand2b_2_9,sky130_fd_sc_hd__nand2b_2,120.75,112.88000000000001
sky130_fd_sc_hd__nand2b_2_10,sky130_fd_sc_hd__nand2b_2,114.31,115.60000000000001
sky130_fd_sc_hd__nand2b_2_11,sky130_fd_sc_hd__nand2b_2,175.49,134.64
sky130_fd_sc_hd__nand2b_2_12,sky130_fd_sc_hd__nand2b_2,126.27,140.07999999999998
sky130_fd_sc_hd__nand2b_2_13,sky130_fd_sc_hd__nand2b_2,120.75,150.95999999999998
sky130_fd_sc_hd__nand2b_2_14,sky130_fd_sc_hd__nand2b_2,114.77,186.32
sky130_fd_sc_hd__nand2b_2_15,sky130_fd_sc_hd__nand2b_2,156.63,191.76
sky130_fd_sc_hd__nand2b_2_16,sky130_fd_sc_hd__nand2b_2,169.51,205.36
sky130_fd_sc_hd__nand2b_2_17,sky130_fd_sc_hd__nand2b_2,111.55,218.95999999999998
sky130_fd_sc_hd__nand2b_2_18,sky130_fd_sc_hd__nand2b_2,110.63,235.28000000000003
sky130_fd_sc_hd__nand2b_2_19,sky130_fd_sc_hd__nand2b_2,114.77,246.16000000000003
sky130_fd_sc_hd__nand2b_2_20,sky130_fd_sc_hd__nand2b_2,115.69,262.48
sky130_fd_sc_hd__nand2b_2_21,sky130_fd_sc_hd__nand2b_2,110.17,278.79999999999995
sky130_fd_sc_hd__nand2b_2_22,sky130_fd_sc_hd__nand2b_2,170.43,281.52
sky130_fd_sc_hd__nand2b_2_23,sky130_fd_sc_hd__nand2b_2,109.71000000000001,284.24
sky130_fd_sc_hd__nand3_2_0,sky130_fd_sc_hd__nand3_2,31.739999999999995,107.44
sky130_fd_sc_hd__nand3_2_1,sky130_fd_sc_hd__nand3_2,166.98,254.32
sky130_fd_sc_hd__nand3b_2_0,sky130_fd_sc_hd__nand3b_2,31.970000000000002,102.0
sky130_fd_sc_hd__nand4_2_0,sky130_fd_sc_hd__nand4_2,118.22,53.04
sky130_fd_sc_hd__nand4_2_1,sky130_fd_sc_hd__nand4_2,113.62,77.52
sky130_fd_sc_hd__nand4_2_2,sky130_fd_sc_hd__nand4_2,117.30000000000001,91.12
sky130_fd_sc_hd__nand4_2_3,sky130_fd_sc_hd__nand4_2,115.91999999999999,107.44
sky130_fd_sc_hd__nand4_2_4,sky130_fd_sc_hd__nand4_2,117.30000000000001,121.04
sky130_fd_sc_hd__nand4_2_5,sky130_fd_sc_hd__nand4_2,115.92000000000002,134.64
sky130_fd_sc_hd__nand4_2_6,sky130_fd_sc_hd__nand4_2,115.91999999999999,145.51999999999998
sky130_fd_sc_hd__nand4_2_7,sky130_fd_sc_hd__nand4_2,118.22,191.76
sky130_fd_sc_hd__nand4_2_8,sky130_fd_sc_hd__nand4_2,118.22,221.68
sky130_fd_sc_hd__nand4_2_9,sky130_fd_sc_hd__nand4_2,114.53999999999999,235.28000000000003
sky130_fd_sc_hd__nand4_2_10,sky130_fd_sc_hd__nand4_2,178.01999999999998,248.88
sky130_fd_sc_hd__nand4_2_11,sky130_fd_sc_hd__nand4_2,118.22,254.32
sky130_fd_sc_hd__nand4_2_12,sky130_fd_sc_hd__nand4_2,113.62,257.03999999999996
sky130_fd_sc_hd__nand4_2_13,sky130_fd_sc_hd__nand4_2,114.07999999999998,278.79999999999995
sky130_fd_sc_hd__nand4_2_14,sky130_fd_sc_hd__nand4_2,110.85999999999999,286.96000000000004
sky130_fd_sc_hd__nor2_2_0,sky130_fd_sc_hd__nor2_2,186.99,12.24
sky130_fd_sc_hd__nor2_2_1,sky130_fd_sc_hd__nor2_2,161.23,12.240000000000002
sky130_fd_sc_hd__nor2_2_2,sky130_fd_sc_hd__nor2_2,158.93,14.959999999999999
sky130_fd_sc_hd__nor2_2_3,sky130_fd_sc_hd__nor2_2,187.45000000000002,14.959999999999999
sky130_fd_sc_hd__nor2_2_4,sky130_fd_sc_hd__nor2_2,153.41,17.68
sky130_fd_sc_hd__nor2_2_5,sky130_fd_sc_hd__nor2_2,158.01000000000002,17.68
sky130_fd_sc_hd__nor2_2_6,sky130_fd_sc_hd__nor2_2,160.31,17.68
sky130_fd_sc_hd__nor2_2_7,sky130_fd_sc_hd__nor2_2,155.25,20.400000000000002
sky130_fd_sc_hd__nor2_2_8,sky130_fd_sc_hd__nor2_2,186.53,20.400000000000002
sky130_fd_sc_hd__nor2_2_9,sky130_fd_sc_hd__nor2_2,150.65,23.120000000000005
sky130_fd_sc_hd__nor2_2_10,sky130_fd_sc_hd__nor2_2,156.63,23.120000000000005
sky130_fd_sc_hd__nor2_2_11,sky130_fd_sc_hd__nor2_2,151.57000000000002,25.839999999999996
sky130_fd_sc_hd__nor2_2_12,sky130_fd_sc_hd__nor2_2,153.87,25.84
sky130_fd_sc_hd__nor2_2_13,sky130_fd_sc_hd__nor2_2,158.47,25.84
sky130_fd_sc_hd__nor2_2_14,sky130_fd_sc_hd__nor2_2,160.77,25.84
sky130_fd_sc_hd__nor2_2_15,sky130_fd_sc_hd__nor2_2,150.65,28.560000000000002
sky130_fd_sc_hd__nor2_2_16,sky130_fd_sc_hd__nor2_2,152.03,31.28
sky130_fd_sc_hd__nor2_2_17,sky130_fd_sc_hd__nor2_2,156.63,31.28
sky130_fd_sc_hd__nor2_2_18,sky130_fd_sc_hd__nor2_2,153.41,39.44
sky130_fd_sc_hd__nor2_2_19,sky130_fd_sc_hd__nor2_2,157.09,42.160000000000004
sky130_fd_sc_hd__nor2_2_20,sky130_fd_sc_hd__nor2_2,159.85000000000002,44.88
sky130_fd_sc_hd__nor2_2_21,sky130_fd_sc_hd__nor2_2,76.13,50.32
sky130_fd_sc_hd__nor2_2_22,sky130_fd_sc_hd__nor2_2,168.59,53.04
sky130_fd_sc_hd__nor2_2_23,sky130_fd_sc_hd__nor2_2,169.97,55.76
sky130_fd_sc_hd__nor2_2_24,sky130_fd_sc_hd__nor2_2,122.59,66.64
sky130_fd_sc_hd__nor2_2_25,sky130_fd_sc_hd__nor2_2,110.16999999999999,72.08
sky130_fd_sc_hd__nor2_2_26,sky130_fd_sc_hd__nor2_2,114.77000000000001,88.4
sky130_fd_sc_hd__nor2_2_27,sky130_fd_sc_hd__nor2_2,31.05,93.84
sky130_fd_sc_hd__nor2_2_28,sky130_fd_sc_hd__nor2_2,166.75,93.84
sky130_fd_sc_hd__nor2_2_29,sky130_fd_sc_hd__nor2_2,173.19,102.0
sky130_fd_sc_hd__nor2_2_30,sky130_fd_sc_hd__nor2_2,175.49,107.44
sky130_fd_sc_hd__nor2_2_31,sky130_fd_sc_hd__nor2_2,166.75,131.92000000000002
sky130_fd_sc_hd__nor2_2_32,sky130_fd_sc_hd__nor2_2,124.89000000000001,137.36
sky130_fd_sc_hd__nor2_2_33,sky130_fd_sc_hd__nor2_2,26.91,156.39999999999998
sky130_fd_sc_hd__nor2_2_34,sky130_fd_sc_hd__nor2_2,170.89000000000001,156.39999999999998
sky130_fd_sc_hd__nor2_2_35,sky130_fd_sc_hd__nor2_2,173.19,164.56
sky130_fd_sc_hd__nor2_2_36,sky130_fd_sc_hd__nor2_2,167.67000000000002,170.0
sky130_fd_sc_hd__nor2_2_37,sky130_fd_sc_hd__nor2_2,160.31,172.72000000000003
sky130_fd_sc_hd__nor2_2_38,sky130_fd_sc_hd__nor2_2,185.15,175.44
sky130_fd_sc_hd__nor2_2_39,sky130_fd_sc_hd__nor2_2,152.03,183.60000000000002
sky130_fd_sc_hd__nor2_2_40,sky130_fd_sc_hd__nor2_2,152.03,189.04000000000002
sky130_fd_sc_hd__nor2_2_41,sky130_fd_sc_hd__nor2_2,156.17,194.48000000000002
sky130_fd_sc_hd__nor2_2_42,sky130_fd_sc_hd__nor2_2,112.00999999999999,199.92000000000002
sky130_fd_sc_hd__nor2_2_43,sky130_fd_sc_hd__nor2_2,178.25,205.36
sky130_fd_sc_hd__nor2_2_44,sky130_fd_sc_hd__nor2_2,114.77000000000001,210.8
sky130_fd_sc_hd__nor2_2_45,sky130_fd_sc_hd__nor2_2,163.99,213.51999999999998
sky130_fd_sc_hd__nor2_2_46,sky130_fd_sc_hd__nor2_2,122.59,235.28000000000003
sky130_fd_sc_hd__nor2_2_47,sky130_fd_sc_hd__nor2_2,166.29000000000002,257.03999999999996
sky130_fd_sc_hd__nor2_2_48,sky130_fd_sc_hd__nor2_2,115.22999999999999,267.91999999999996
sky130_fd_sc_hd__nor3_2_0,sky130_fd_sc_hd__nor3_2,74.06,47.6
sky130_fd_sc_hd__nor3_2_1,sky130_fd_sc_hd__nor3_2,176.18,96.56
sky130_fd_sc_hd__nor3_2_2,sky130_fd_sc_hd__nor3_2,169.28,112.88000000000001
sky130_fd_sc_hd__nor3_2_3,sky130_fd_sc_hd__nor3_2,166.98000000000002,221.68
sky130_fd_sc_hd__nor3b_2_0,sky130_fd_sc_hd__nor3b_2,173.42000000000002,150.95999999999998
sky130_fd_sc_hd__nor3b_2_1,sky130_fd_sc_hd__nor3b_2,175.26,170.0
sky130_fd_sc_hd__nor3b_2_2,sky130_fd_sc_hd__nor3b_2,171.12,213.51999999999998
sky130_fd_sc_hd__nor3b_2_3,sky130_fd_sc_hd__nor3b_2,170.2,216.24
sky130_fd_sc_hd__nor3b_2_4,sky130_fd_sc_hd__nor3b_2,170.2,218.95999999999998
sky130_fd_sc_hd__nor4_2_0,sky130_fd_sc_hd__nor4_2,118.22,58.480000000000004
sky130_fd_sc_hd__nor4_2_1,sky130_fd_sc_hd__nor4_2,118.22,194.48000000000002
sky130_fd_sc_hd__nor4b_2_0,sky130_fd_sc_hd__nor4b_2,90.62,42.160000000000004
sky130_fd_sc_hd__nor4b_2_1,sky130_fd_sc_hd__nor4b_2,173.88,112.88000000000001
sky130_fd_sc_hd__o211a_2_0,sky130_fd_sc_hd__o211a_2,175.72,14.96
sky130_fd_sc_hd__o211a_2_1,sky130_fd_sc_hd__o211a_2,164.22,28.560000000000002
sky130_fd_sc_hd__o211a_2_2,sky130_fd_sc_hd__o211a_2,162.84,31.28
sky130_fd_sc_hd__o211a_2_3,sky130_fd_sc_hd__o211a_2,183.08,42.160000000000004
sky130_fd_sc_hd__o211a_2_4,sky130_fd_sc_hd__o211a_2,168.36,47.6
sky130_fd_sc_hd__o211a_2_5,sky130_fd_sc_hd__o211a_2,172.96,50.32
sky130_fd_sc_hd__o211a_2_6,sky130_fd_sc_hd__o211a_2,174.8,53.04
sky130_fd_sc_hd__o211a_2_7,sky130_fd_sc_hd__o211a_2,38.18000000000001,102.0
sky130_fd_sc_hd__o211a_2_8,sky130_fd_sc_hd__o211a_2,83.72,107.44
sky130_fd_sc_hd__o211a_2_9,sky130_fd_sc_hd__o211a_2,172.96,140.07999999999998
sky130_fd_sc_hd__o211a_2_10,sky130_fd_sc_hd__o211a_2,172.96,148.24
sky130_fd_sc_hd__o211a_2_11,sky130_fd_sc_hd__o211a_2,166.98000000000002,243.44
sky130_fd_sc_hd__o211ai_2_0,sky130_fd_sc_hd__o211ai_2,180.32,39.44
sky130_fd_sc_hd__o21a_2_0,sky130_fd_sc_hd__o21a_2,179.63,12.24
sky130_fd_sc_hd__o21a_2_1,sky130_fd_sc_hd__o21a_2,163.07,17.68
sky130_fd_sc_hd__o21a_2_2,sky130_fd_sc_hd__o21a_2,183.31,17.68
sky130_fd_sc_hd__o21a_2_3,sky130_fd_sc_hd__o21a_2,183.76999999999998,20.400000000000002
sky130_fd_sc_hd__o21a_2_4,sky130_fd_sc_hd__o21a_2,75.21000000000001,42.160000000000004
sky130_fd_sc_hd__o21a_2_5,sky130_fd_sc_hd__o21a_2,72.91,44.88
sky130_fd_sc_hd__o21a_2_6,sky130_fd_sc_hd__o21a_2,116.61,47.6
sky130_fd_sc_hd__o21a_2_7,sky130_fd_sc_hd__o21a_2,116.61,66.64
sky130_fd_sc_hd__o21a_2_8,sky130_fd_sc_hd__o21a_2,119.83,66.64
sky130_fd_sc_hd__o21a_2_9,sky130_fd_sc_hd__o21a_2,116.61,69.36
sky130_fd_sc_hd__o21a_2_10,sky130_fd_sc_hd__o21a_2,111.09,93.84
sky130_fd_sc_hd__o21a_2_11,sky130_fd_sc_hd__o21a_2,113.39,99.28
sky130_fd_sc_hd__o21a_2_12,sky130_fd_sc_hd__o21a_2,118.45,104.72
sky130_fd_sc_hd__o21a_2_13,sky130_fd_sc_hd__o21a_2,120.75,118.32000000000001
sky130_fd_sc_hd__o21a_2_14,sky130_fd_sc_hd__o21a_2,122.13,131.92000000000002
sky130_fd_sc_hd__o21a_2_15,sky130_fd_sc_hd__o21a_2,112.47,137.36
sky130_fd_sc_hd__o21a_2_16,sky130_fd_sc_hd__o21a_2,173.64999999999998,142.8
sky130_fd_sc_hd__o21a_2_17,sky130_fd_sc_hd__o21a_2,113.39,148.24
sky130_fd_sc_hd__o21a_2_18,sky130_fd_sc_hd__o21a_2,169.51,148.24
sky130_fd_sc_hd__o21a_2_19,sky130_fd_sc_hd__o21a_2,120.75,189.04000000000002
sky130_fd_sc_hd__o21a_2_20,sky130_fd_sc_hd__o21a_2,185.61,197.2
sky130_fd_sc_hd__o21a_2_21,sky130_fd_sc_hd__o21a_2,111.55,202.64
sky130_fd_sc_hd__o21a_2_22,sky130_fd_sc_hd__o21a_2,111.55,210.8
sky130_fd_sc_hd__o21a_2_23,sky130_fd_sc_hd__o21a_2,114.31,224.39999999999998
sky130_fd_sc_hd__o21a_2_24,sky130_fd_sc_hd__o21a_2,114.31,229.84000000000003
sky130_fd_sc_hd__o21a_2_25,sky130_fd_sc_hd__o21a_2,114.31,240.72000000000003
sky130_fd_sc_hd__o21a_2_26,sky130_fd_sc_hd__o21a_2,126.27000000000001,248.88
sky130_fd_sc_hd__o21a_2_27,sky130_fd_sc_hd__o21a_2,109.71000000000001,257.03999999999996
sky130_fd_sc_hd__o21a_2_28,sky130_fd_sc_hd__o21a_2,118.91,270.64
sky130_fd_sc_hd__o21a_2_29,sky130_fd_sc_hd__o21a_2,111.55,281.52
sky130_fd_sc_hd__o21a_2_30,sky130_fd_sc_hd__o21a_2,106.95,286.96000000000004
sky130_fd_sc_hd__o21ai_2_0,sky130_fd_sc_hd__o21ai_2,179.63,50.32
sky130_fd_sc_hd__o21ai_2_1,sky130_fd_sc_hd__o21ai_2,178.25,53.04
sky130_fd_sc_hd__o21ai_2_2,sky130_fd_sc_hd__o21ai_2,175.49,55.76
sky130_fd_sc_hd__o21ai_2_3,sky130_fd_sc_hd__o21ai_2,174.57,137.36
sky130_fd_sc_hd__o21ai_2_4,sky130_fd_sc_hd__o21ai_2,179.63,170.0
sky130_fd_sc_hd__o21ai_2_5,sky130_fd_sc_hd__o21ai_2,180.55,172.72000000000003
sky130_fd_sc_hd__o21ba_2_0,sky130_fd_sc_hd__o21ba_2,184.0,28.560000000000002
sky130_fd_sc_hd__o21ba_2_1,sky130_fd_sc_hd__o21ba_2,162.38,251.60000000000002
sky130_fd_sc_hd__o21bai_2_0,sky130_fd_sc_hd__o21bai_2,172.27000000000004,96.56
sky130_fd_sc_hd__o221a_2_0,sky130_fd_sc_hd__o221a_2,166.75,17.68
sky130_fd_sc_hd__o221a_2_1,sky130_fd_sc_hd__o221a_2,173.19,131.92000000000002
sky130_fd_sc_hd__o221a_2_2,sky130_fd_sc_hd__o221a_2,158.46999999999997,189.04000000000002
sky130_fd_sc_hd__o22a_2_0,sky130_fd_sc_hd__o22a_2,173.88,12.240000000000002
sky130_fd_sc_hd__o22a_2_1,sky130_fd_sc_hd__o22a_2,172.96,99.28
sky130_fd_sc_hd__o22a_2_2,sky130_fd_sc_hd__o22a_2,173.88,110.16
sky130_fd_sc_hd__o22a_2_3,sky130_fd_sc_hd__o22a_2,185.38,194.48000000000002
sky130_fd_sc_hd__o22ai_2_0,sky130_fd_sc_hd__o22ai_2,180.32,34.0
sky130_fd_sc_hd__o22ai_2_1,sky130_fd_sc_hd__o22ai_2,162.83999999999997,39.44
sky130_fd_sc_hd__o2bb2a_2_0,sky130_fd_sc_hd__o2bb2a_2,168.13,34.0
sky130_fd_sc_hd__o311a_2_0,sky130_fd_sc_hd__o311a_2,163.99,34.0
sky130_fd_sc_hd__o311a_2_1,sky130_fd_sc_hd__o311a_2,32.89,96.56
sky130_fd_sc_hd__o31a_2_0,sky130_fd_sc_hd__o31a_2,174.8,85.68
sky130_fd_sc_hd__o31a_2_1,sky130_fd_sc_hd__o31a_2,172.96,145.51999999999998
sky130_fd_sc_hd__o31a_2_2,sky130_fd_sc_hd__o31a_2,166.98,178.16000000000003
sky130_fd_sc_hd__o31a_2_3,sky130_fd_sc_hd__o31a_2,178.02,216.24
sky130_fd_sc_hd__o31a_2_4,sky130_fd_sc_hd__o31a_2,174.34,218.95999999999998
sky130_fd_sc_hd__o31a_2_5,sky130_fd_sc_hd__o31a_2,179.86,218.95999999999998
sky130_fd_sc_hd__o31a_2_6,sky130_fd_sc_hd__o31a_2,170.66,221.68
sky130_fd_sc_hd__o31a_2_7,sky130_fd_sc_hd__o31a_2,174.34,221.68
sky130_fd_sc_hd__o31a_2_8,sky130_fd_sc_hd__o31a_2,169.74,224.39999999999998
sky130_fd_sc_hd__o31a_2_9,sky130_fd_sc_hd__o31a_2,173.42,224.39999999999998
sky130_fd_sc_hd__o31a_2_10,sky130_fd_sc_hd__o31a_2,175.72,227.12
sky130_fd_sc_hd__o31ai_2_0,sky130_fd_sc_hd__o31ai_2,180.32,23.120000000000005
sky130_fd_sc_hd__o31ai_2_1,sky130_fd_sc_hd__o31ai_2,182.16000000000003,25.84
sky130_fd_sc_hd__o32a_2_0,sky130_fd_sc_hd__o32a_2,183.31,36.72
sky130_fd_sc_hd__o32a_2_1,sky130_fd_sc_hd__o32a_2,179.17000000000002,42.160000000000004
sky130_fd_sc_hd__o32a_2_2,sky130_fd_sc_hd__o32a_2,170.89,170.0
sky130_fd_sc_hd__o32a_2_3,sky130_fd_sc_hd__o32a_2,162.61,189.04000000000002
sky130_fd_sc_hd__o32ai_2_0,sky130_fd_sc_hd__o32ai_2,174.57,88.4
sky130_fd_sc_hd__or2_2_0,sky130_fd_sc_hd__or2_2,158.93,12.24
sky130_fd_sc_hd__or2_2_1,sky130_fd_sc_hd__or2_2,184.69,12.240000000000002
sky130_fd_sc_hd__or2_2_2,sky130_fd_sc_hd__or2_2,185.15,14.96
sky130_fd_sc_hd__or2_2_3,sky130_fd_sc_hd__or2_2,155.71,17.68
sky130_fd_sc_hd__or2_2_4,sky130_fd_sc_hd__or2_2,157.55,20.400000000000002
sky130_fd_sc_hd__or2_2_5,sky130_fd_sc_hd__or2_2,187.45000000000002,39.44
sky130_fd_sc_hd__or2_2_6,sky130_fd_sc_hd__or2_2,184.23000000000002,47.6
sky130_fd_sc_hd__or2_2_7,sky130_fd_sc_hd__or2_2,82.11000000000001,112.88000000000001
sky130_fd_sc_hd__or2_2_8,sky130_fd_sc_hd__or2_2,167.67000000000002,137.36
sky130_fd_sc_hd__or2_2_9,sky130_fd_sc_hd__or2_2,165.37,170.0
sky130_fd_sc_hd__or2_2_10,sky130_fd_sc_hd__or2_2,150.65,186.32
sky130_fd_sc_hd__or2_2_11,sky130_fd_sc_hd__or2_2,166.75,205.36
sky130_fd_sc_hd__or2_2_12,sky130_fd_sc_hd__or2_2,167.67000000000002,281.52
sky130_fd_sc_hd__or3_2_0,sky130_fd_sc_hd__or3_2,176.18,17.68
sky130_fd_sc_hd__or3_2_1,sky130_fd_sc_hd__or3_2,186.3,17.68
sky130_fd_sc_hd__or3_2_2,sky130_fd_sc_hd__or3_2,159.16,23.120000000000005
sky130_fd_sc_hd__or3_2_3,sky130_fd_sc_hd__or3_2,187.22,23.120000000000005
sky130_fd_sc_hd__or3_2_4,sky130_fd_sc_hd__or3_2,163.3,25.84
sky130_fd_sc_hd__or3_2_5,sky130_fd_sc_hd__or3_2,162.38,44.88
sky130_fd_sc_hd__or3_2_6,sky130_fd_sc_hd__or3_2,176.18,50.32
sky130_fd_sc_hd__or3_2_7,sky130_fd_sc_hd__or3_2,76.35999999999999,55.76
sky130_fd_sc_hd__or3_2_8,sky130_fd_sc_hd__or3_2,179.4,115.60000000000001
sky130_fd_sc_hd__or3_2_9,sky130_fd_sc_hd__or3_2,172.5,194.48000000000002
sky130_fd_sc_hd__or3_2_10,sky130_fd_sc_hd__or3_2,167.44,208.07999999999998
sky130_fd_sc_hd__or3_2_11,sky130_fd_sc_hd__or3_2,179.4,208.07999999999998
sky130_fd_sc_hd__or3_2_12,sky130_fd_sc_hd__or3_2,163.3,210.8
sky130_fd_sc_hd__or3_2_13,sky130_fd_sc_hd__or3_2,179.4,210.8
sky130_fd_sc_hd__or3_2_14,sky130_fd_sc_hd__or3_2,179.4,213.51999999999998
sky130_fd_sc_hd__or3_2_15,sky130_fd_sc_hd__or3_2,182.16,213.51999999999998
sky130_fd_sc_hd__or3_2_16,sky130_fd_sc_hd__or3_2,166.52,216.24
sky130_fd_sc_hd__or3_2_17,sky130_fd_sc_hd__or3_2,181.24,216.24
sky130_fd_sc_hd__or3b_2_0,sky130_fd_sc_hd__or3b_2,155.25,180.88
sky130_fd_sc_hd__or4_2_0,sky130_fd_sc_hd__or4_2,163.07,20.400000000000002
sky130_fd_sc_hd__or4_2_1,sky130_fd_sc_hd__or4_2,116.61,61.2
sky130_fd_sc_hd__or4_2_2,sky130_fd_sc_hd__or4_2,108.33,74.8
sky130_fd_sc_hd__or4_2_3,sky130_fd_sc_hd__or4_2,122.13,88.4
sky130_fd_sc_hd__or4_2_4,sky130_fd_sc_hd__or4_2,80.27,107.44
sky130_fd_sc_hd__or4_2_5,sky130_fd_sc_hd__or4_2,111.55,134.64
sky130_fd_sc_hd__or4_2_6,sky130_fd_sc_hd__or4_2,115.69,202.64
sky130_fd_sc_hd__or4_2_7,sky130_fd_sc_hd__or4_2,124.43,213.51999999999998
sky130_fd_sc_hd__or4_2_8,sky130_fd_sc_hd__or4_2,124.89,232.56
sky130_fd_sc_hd__or4_2_9,sky130_fd_sc_hd__or4_2,112.47,273.36
sky130_fd_sc_hd__or4b_2_0,sky130_fd_sc_hd__or4b_2,120.06,61.2
sky130_fd_sc_hd__or4b_2_1,sky130_fd_sc_hd__or4b_2,113.16000000000001,72.08
sky130_fd_sc_hd__or4b_2_2,sky130_fd_sc_hd__or4b_2,116.84,85.68
sky130_fd_sc_hd__or4b_2_3,sky130_fd_sc_hd__or4b_2,122.36,142.8
sky130_fd_sc_hd__or4b_2_4,sky130_fd_sc_hd__or4b_2,115.46000000000001,199.92000000000002
sky130_fd_sc_hd__or4b_2_5,sky130_fd_sc_hd__or4b_2,114.08,208.07999999999998
sky130_fd_sc_hd__or4b_2_6,sky130_fd_sc_hd__or4b_2,118.67999999999999,227.12
sky130_fd_sc_hd__or4b_2_7,sky130_fd_sc_hd__or4b_2,166.06,251.60000000000002
sky130_fd_sc_hd__or4b_2_8,sky130_fd_sc_hd__or4b_2,115.46000000000001,270.64
sky130_fd_sc_hd__or4bb_2_0,sky130_fd_sc_hd__or4bb_2,83.25999999999999,104.72
sky130_fd_sc_hd__tapvpwrvgnd_1_0,sky130_fd_sc_hd__tapvpwrvgnd_1,23.229999999999997,12.24
sky130_fd_sc_hd__tapvpwrvgnd_1_1,sky130_fd_sc_hd__tapvpwrvgnd_1,36.11,12.24
sky130_fd_sc_hd__tapvpwrvgnd_1_2,sky130_fd_sc_hd__tapvpwrvgnd_1,48.989999999999995,12.24
sky130_fd_sc_hd__tapvpwrvgnd_1_3,sky130_fd_sc_hd__tapvpwrvgnd_1,61.870000000000005,12.24
sky130_fd_sc_hd__tapvpwrvgnd_1_4,sky130_fd_sc_hd__tapvpwrvgnd_1,74.75,12.24
sky130_fd_sc_hd__tapvpwrvgnd_1_5,sky130_fd_sc_hd__tapvpwrvgnd_1,87.63000000000001,12.24
sky130_fd_sc_hd__tapvpwrvgnd_1_6,sky130_fd_sc_hd__tapvpwrvgnd_1,100.51,12.24
sky130_fd_sc_hd__tapvpwrvgnd_1_7,sky130_fd_sc_hd__tapvpwrvgnd_1,113.39,12.24
sky130_fd_sc_hd__tapvpwrvgnd_1_8,sky130_fd_sc_hd__tapvpwrvgnd_1,126.27000000000001,12.24
sky130_fd_sc_hd__tapvpwrvgnd_1_9,sky130_fd_sc_hd__tapvpwrvgnd_1,139.15000000000003,12.24
sky130_fd_sc_hd__tapvpwrvgnd_1_10,sky130_fd_sc_hd__tapvpwrvgnd_1,152.03000000000003,12.24
sky130_fd_sc_hd__tapvpwrvgnd_1_11,sky130_fd_sc_hd__tapvpwrvgnd_1,164.91000000000003,12.24
sky130_fd_sc_hd__tapvpwrvgnd_1_12,sky130_fd_sc_hd__tapvpwrvgnd_1,177.79000000000002,12.24
sky130_fd_sc_hd__tapvpwrvgnd_1_13,sky130_fd_sc_hd__tapvpwrvgnd_1,36.11,14.959999999999999
sky130_fd_sc_hd__tapvpwrvgnd_1_14,sky130_fd_sc_hd__tapvpwrvgnd_1,61.870000000000005,14.959999999999999
sky130_fd_sc_hd__tapvpwrvgnd_1_15,sky130_fd_sc_hd__tapvpwrvgnd_1,87.63000000000001,14.959999999999999
sky130_fd_sc_hd__tapvpwrvgnd_1_16,sky130_fd_sc_hd__tapvpwrvgnd_1,113.39,14.959999999999999
sky130_fd_sc_hd__tapvpwrvgnd_1_17,sky130_fd_sc_hd__tapvpwrvgnd_1,139.15000000000003,14.959999999999999
sky130_fd_sc_hd__tapvpwrvgnd_1_18,sky130_fd_sc_hd__tapvpwrvgnd_1,164.91000000000003,14.959999999999999
sky130_fd_sc_hd__tapvpwrvgnd_1_19,sky130_fd_sc_hd__tapvpwrvgnd_1,23.229999999999997,17.68
sky130_fd_sc_hd__tapvpwrvgnd_1_20,sky130_fd_sc_hd__tapvpwrvgnd_1,48.989999999999995,17.68
sky130_fd_sc_hd__tapvpwrvgnd_1_21,sky130_fd_sc_hd__tapvpwrvgnd_1,74.75,17.68
sky130_fd_sc_hd__tapvpwrvgnd_1_22,sky130_fd_sc_hd__tapvpwrvgnd_1,100.51,17.68
sky130_fd_sc_hd__tapvpwrvgnd_1_23,sky130_fd_sc_hd__tapvpwrvgnd_1,126.27000000000001,17.68
sky130_fd_sc_hd__tapvpwrvgnd_1_24,sky130_fd_sc_hd__tapvpwrvgnd_1,152.03000000000003,17.68
sky130_fd_sc_hd__tapvpwrvgnd_1_25,sky130_fd_sc_hd__tapvpwrvgnd_1,177.79000000000002,17.68
sky130_fd_sc_hd__tapvpwrvgnd_1_26,sky130_fd_sc_hd__tapvpwrvgnd_1,36.11,20.4
sky130_fd_sc_hd__tapvpwrvgnd_1_27,sky130_fd_sc_hd__tapvpwrvgnd_1,61.870000000000005,20.4
sky130_fd_sc_hd__tapvpwrvgnd_1_28,sky130_fd_sc_hd__tapvpwrvgnd_1,87.63000000000001,20.4
sky130_fd_sc_hd__tapvpwrvgnd_1_29,sky130_fd_sc_hd__tapvpwrvgnd_1,113.39,20.4
sky130_fd_sc_hd__tapvpwrvgnd_1_30,sky130_fd_sc_hd__tapvpwrvgnd_1,139.15000000000003,20.4
sky130_fd_sc_hd__tapvpwrvgnd_1_31,sky130_fd_sc_hd__tapvpwrvgnd_1,164.91000000000003,20.4
sky130_fd_sc_hd__tapvpwrvgnd_1_32,sky130_fd_sc_hd__tapvpwrvgnd_1,23.229999999999997,23.120000000000005
sky130_fd_sc_hd__tapvpwrvgnd_1_33,sky130_fd_sc_hd__tapvpwrvgnd_1,48.989999999999995,23.120000000000005
sky130_fd_sc_hd__tapvpwrvgnd_1_34,sky130_fd_sc_hd__tapvpwrvgnd_1,74.75,23.120000000000005
sky130_fd_sc_hd__tapvpwrvgnd_1_35,sky130_fd_sc_hd__tapvpwrvgnd_1,100.51,23.120000000000005
sky130_fd_sc_hd__tapvpwrvgnd_1_36,sky130_fd_sc_hd__tapvpwrvgnd_1,126.27000000000001,23.120000000000005
sky130_fd_sc_hd__tapvpwrvgnd_1_37,sky130_fd_sc_hd__tapvpwrvgnd_1,152.03000000000003,23.120000000000005
sky130_fd_sc_hd__tapvpwrvgnd_1_38,sky130_fd_sc_hd__tapvpwrvgnd_1,177.79000000000002,23.120000000000005
sky130_fd_sc_hd__tapvpwrvgnd_1_39,sky130_fd_sc_hd__tapvpwrvgnd_1,36.11,25.839999999999996
sky130_fd_sc_hd__tapvpwrvgnd_1_40,sky130_fd_sc_hd__tapvpwrvgnd_1,61.870000000000005,25.839999999999996
sky130_fd_sc_hd__tapvpwrvgnd_1_41,sky130_fd_sc_hd__tapvpwrvgnd_1,87.63000000000001,25.839999999999996
sky130_fd_sc_hd__tapvpwrvgnd_1_42,sky130_fd_sc_hd__tapvpwrvgnd_1,113.39,25.839999999999996
sky130_fd_sc_hd__tapvpwrvgnd_1_43,sky130_fd_sc_hd__tapvpwrvgnd_1,139.15000000000003,25.839999999999996
sky130_fd_sc_hd__tapvpwrvgnd_1_44,sky130_fd_sc_hd__tapvpwrvgnd_1,164.91000000000003,25.839999999999996
sky130_fd_sc_hd__tapvpwrvgnd_1_45,sky130_fd_sc_hd__tapvpwrvgnd_1,23.229999999999997,28.560000000000002
sky130_fd_sc_hd__tapvpwrvgnd_1_46,sky130_fd_sc_hd__tapvpwrvgnd_1,48.989999999999995,28.560000000000002
sky130_fd_sc_hd__tapvpwrvgnd_1_47,sky130_fd_sc_hd__tapvpwrvgnd_1,74.75,28.560000000000002
sky130_fd_sc_hd__tapvpwrvgnd_1_48,sky130_fd_sc_hd__tapvpwrvgnd_1,100.51,28.560000000000002
sky130_fd_sc_hd__tapvpwrvgnd_1_49,sky130_fd_sc_hd__tapvpwrvgnd_1,126.27000000000001,28.560000000000002
sky130_fd_sc_hd__tapvpwrvgnd_1_50,sky130_fd_sc_hd__tapvpwrvgnd_1,152.03000000000003,28.560000000000002
sky130_fd_sc_hd__tapvpwrvgnd_1_51,sky130_fd_sc_hd__tapvpwrvgnd_1,177.79000000000002,28.560000000000002
sky130_fd_sc_hd__tapvpwrvgnd_1_52,sky130_fd_sc_hd__tapvpwrvgnd_1,36.11,31.28
sky130_fd_sc_hd__tapvpwrvgnd_1_53,sky130_fd_sc_hd__tapvpwrvgnd_1,61.870000000000005,31.28
sky130_fd_sc_hd__tapvpwrvgnd_1_54,sky130_fd_sc_hd__tapvpwrvgnd_1,87.63000000000001,31.28
sky130_fd_sc_hd__tapvpwrvgnd_1_55,sky130_fd_sc_hd__tapvpwrvgnd_1,113.39,31.28
sky130_fd_sc_hd__tapvpwrvgnd_1_56,sky130_fd_sc_hd__tapvpwrvgnd_1,139.15000000000003,31.28
sky130_fd_sc_hd__tapvpwrvgnd_1_57,sky130_fd_sc_hd__tapvpwrvgnd_1,164.91000000000003,31.28
sky130_fd_sc_hd__tapvpwrvgnd_1_58,sky130_fd_sc_hd__tapvpwrvgnd_1,23.229999999999997,34.0
sky130_fd_sc_hd__tapvpwrvgnd_1_59,sky130_fd_sc_hd__tapvpwrvgnd_1,48.989999999999995,34.0
sky130_fd_sc_hd__tapvpwrvgnd_1_60,sky130_fd_sc_hd__tapvpwrvgnd_1,74.75,34.0
sky130_fd_sc_hd__tapvpwrvgnd_1_61,sky130_fd_sc_hd__tapvpwrvgnd_1,100.51,34.0
sky130_fd_sc_hd__tapvpwrvgnd_1_62,sky130_fd_sc_hd__tapvpwrvgnd_1,126.27000000000001,34.0
sky130_fd_sc_hd__tapvpwrvgnd_1_63,sky130_fd_sc_hd__tapvpwrvgnd_1,152.03000000000003,34.0
sky130_fd_sc_hd__tapvpwrvgnd_1_64,sky130_fd_sc_hd__tapvpwrvgnd_1,177.79000000000002,34.0
sky130_fd_sc_hd__tapvpwrvgnd_1_65,sky130_fd_sc_hd__tapvpwrvgnd_1,36.11,36.72
sky130_fd_sc_hd__tapvpwrvgnd_1_66,sky130_fd_sc_hd__tapvpwrvgnd_1,61.870000000000005,36.72
sky130_fd_sc_hd__tapvpwrvgnd_1_67,sky130_fd_sc_hd__tapvpwrvgnd_1,87.63000000000001,36.72
sky130_fd_sc_hd__tapvpwrvgnd_1_68,sky130_fd_sc_hd__tapvpwrvgnd_1,113.39,36.72
sky130_fd_sc_hd__tapvpwrvgnd_1_69,sky130_fd_sc_hd__tapvpwrvgnd_1,139.15000000000003,36.72
sky130_fd_sc_hd__tapvpwrvgnd_1_70,sky130_fd_sc_hd__tapvpwrvgnd_1,164.91000000000003,36.72
sky130_fd_sc_hd__tapvpwrvgnd_1_71,sky130_fd_sc_hd__tapvpwrvgnd_1,23.229999999999997,39.44
sky130_fd_sc_hd__tapvpwrvgnd_1_72,sky130_fd_sc_hd__tapvpwrvgnd_1,48.989999999999995,39.44
sky130_fd_sc_hd__tapvpwrvgnd_1_73,sky130_fd_sc_hd__tapvpwrvgnd_1,74.75,39.44
sky130_fd_sc_hd__tapvpwrvgnd_1_74,sky130_fd_sc_hd__tapvpwrvgnd_1,100.51,39.44
sky130_fd_sc_hd__tapvpwrvgnd_1_75,sky130_fd_sc_hd__tapvpwrvgnd_1,126.27000000000001,39.44
sky130_fd_sc_hd__tapvpwrvgnd_1_76,sky130_fd_sc_hd__tapvpwrvgnd_1,152.03000000000003,39.44
sky130_fd_sc_hd__tapvpwrvgnd_1_77,sky130_fd_sc_hd__tapvpwrvgnd_1,177.79000000000002,39.44
sky130_fd_sc_hd__tapvpwrvgnd_1_78,sky130_fd_sc_hd__tapvpwrvgnd_1,36.11,42.160000000000004
sky130_fd_sc_hd__tapvpwrvgnd_1_79,sky130_fd_sc_hd__tapvpwrvgnd_1,61.870000000000005,42.160000000000004
sky130_fd_sc_hd__tapvpwrvgnd_1_80,sky130_fd_sc_hd__tapvpwrvgnd_1,87.63000000000001,42.160000000000004
sky130_fd_sc_hd__tapvpwrvgnd_1_81,sky130_fd_sc_hd__tapvpwrvgnd_1,113.39,42.160000000000004
sky130_fd_sc_hd__tapvpwrvgnd_1_82,sky130_fd_sc_hd__tapvpwrvgnd_1,139.15000000000003,42.160000000000004
sky130_fd_sc_hd__tapvpwrvgnd_1_83,sky130_fd_sc_hd__tapvpwrvgnd_1,164.91000000000003,42.160000000000004
sky130_fd_sc_hd__tapvpwrvgnd_1_84,sky130_fd_sc_hd__tapvpwrvgnd_1,23.229999999999997,44.88
sky130_fd_sc_hd__tapvpwrvgnd_1_85,sky130_fd_sc_hd__tapvpwrvgnd_1,48.989999999999995,44.88
sky130_fd_sc_hd__tapvpwrvgnd_1_86,sky130_fd_sc_hd__tapvpwrvgnd_1,74.75,44.88
sky130_fd_sc_hd__tapvpwrvgnd_1_87,sky130_fd_sc_hd__tapvpwrvgnd_1,100.51,44.88
sky130_fd_sc_hd__tapvpwrvgnd_1_88,sky130_fd_sc_hd__tapvpwrvgnd_1,126.27000000000001,44.88
sky130_fd_sc_hd__tapvpwrvgnd_1_89,sky130_fd_sc_hd__tapvpwrvgnd_1,152.03000000000003,44.88
sky130_fd_sc_hd__tapvpwrvgnd_1_90,sky130_fd_sc_hd__tapvpwrvgnd_1,177.79000000000002,44.88
sky130_fd_sc_hd__tapvpwrvgnd_1_91,sky130_fd_sc_hd__tapvpwrvgnd_1,36.11,47.6
sky130_fd_sc_hd__tapvpwrvgnd_1_92,sky130_fd_sc_hd__tapvpwrvgnd_1,61.870000000000005,47.6
sky130_fd_sc_hd__tapvpwrvgnd_1_93,sky130_fd_sc_hd__tapvpwrvgnd_1,87.63000000000001,47.6
sky130_fd_sc_hd__tapvpwrvgnd_1_94,sky130_fd_sc_hd__tapvpwrvgnd_1,113.39,47.6
sky130_fd_sc_hd__tapvpwrvgnd_1_95,sky130_fd_sc_hd__tapvpwrvgnd_1,139.15000000000003,47.6
sky130_fd_sc_hd__tapvpwrvgnd_1_96,sky130_fd_sc_hd__tapvpwrvgnd_1,164.91000000000003,47.6
sky130_fd_sc_hd__tapvpwrvgnd_1_97,sky130_fd_sc_hd__tapvpwrvgnd_1,23.229999999999997,50.32
sky130_fd_sc_hd__tapvpwrvgnd_1_98,sky130_fd_sc_hd__tapvpwrvgnd_1,48.989999999999995,50.32
sky130_fd_sc_hd__tapvpwrvgnd_1_99,sky130_fd_sc_hd__tapvpwrvgnd_1,74.75,50.32
sky130_fd_sc_hd__tapvpwrvgnd_1_100,sky130_fd_sc_hd__tapvpwrvgnd_1,100.51,50.32
sky130_fd_sc_hd__tapvpwrvgnd_1_101,sky130_fd_sc_hd__tapvpwrvgnd_1,126.27000000000001,50.32
sky130_fd_sc_hd__tapvpwrvgnd_1_102,sky130_fd_sc_hd__tapvpwrvgnd_1,152.03000000000003,50.32
sky130_fd_sc_hd__tapvpwrvgnd_1_103,sky130_fd_sc_hd__tapvpwrvgnd_1,177.79000000000002,50.32
sky130_fd_sc_hd__tapvpwrvgnd_1_104,sky130_fd_sc_hd__tapvpwrvgnd_1,36.11,53.04
sky130_fd_sc_hd__tapvpwrvgnd_1_105,sky130_fd_sc_hd__tapvpwrvgnd_1,61.870000000000005,53.04
sky130_fd_sc_hd__tapvpwrvgnd_1_106,sky130_fd_sc_hd__tapvpwrvgnd_1,87.63000000000001,53.04
sky130_fd_sc_hd__tapvpwrvgnd_1_107,sky130_fd_sc_hd__tapvpwrvgnd_1,113.39,53.04
sky130_fd_sc_hd__tapvpwrvgnd_1_108,sky130_fd_sc_hd__tapvpwrvgnd_1,139.15000000000003,53.04
sky130_fd_sc_hd__tapvpwrvgnd_1_109,sky130_fd_sc_hd__tapvpwrvgnd_1,164.91000000000003,53.04
sky130_fd_sc_hd__tapvpwrvgnd_1_110,sky130_fd_sc_hd__tapvpwrvgnd_1,23.229999999999997,55.76
sky130_fd_sc_hd__tapvpwrvgnd_1_111,sky130_fd_sc_hd__tapvpwrvgnd_1,48.989999999999995,55.76
sky130_fd_sc_hd__tapvpwrvgnd_1_112,sky130_fd_sc_hd__tapvpwrvgnd_1,74.75,55.76
sky130_fd_sc_hd__tapvpwrvgnd_1_113,sky130_fd_sc_hd__tapvpwrvgnd_1,100.51,55.76
sky130_fd_sc_hd__tapvpwrvgnd_1_114,sky130_fd_sc_hd__tapvpwrvgnd_1,126.27000000000001,55.76
sky130_fd_sc_hd__tapvpwrvgnd_1_115,sky130_fd_sc_hd__tapvpwrvgnd_1,152.03000000000003,55.76
sky130_fd_sc_hd__tapvpwrvgnd_1_116,sky130_fd_sc_hd__tapvpwrvgnd_1,177.79000000000002,55.76
sky130_fd_sc_hd__tapvpwrvgnd_1_117,sky130_fd_sc_hd__tapvpwrvgnd_1,36.11,58.480000000000004
sky130_fd_sc_hd__tapvpwrvgnd_1_118,sky130_fd_sc_hd__tapvpwrvgnd_1,61.870000000000005,58.480000000000004
sky130_fd_sc_hd__tapvpwrvgnd_1_119,sky130_fd_sc_hd__tapvpwrvgnd_1,87.63000000000001,58.480000000000004
sky130_fd_sc_hd__tapvpwrvgnd_1_120,sky130_fd_sc_hd__tapvpwrvgnd_1,113.39,58.480000000000004
sky130_fd_sc_hd__tapvpwrvgnd_1_121,sky130_fd_sc_hd__tapvpwrvgnd_1,139.15000000000003,58.480000000000004
sky130_fd_sc_hd__tapvpwrvgnd_1_122,sky130_fd_sc_hd__tapvpwrvgnd_1,164.91000000000003,58.480000000000004
sky130_fd_sc_hd__tapvpwrvgnd_1_123,sky130_fd_sc_hd__tapvpwrvgnd_1,23.229999999999997,61.2
sky130_fd_sc_hd__tapvpwrvgnd_1_124,sky130_fd_sc_hd__tapvpwrvgnd_1,48.989999999999995,61.2
sky130_fd_sc_hd__tapvpwrvgnd_1_125,sky130_fd_sc_hd__tapvpwrvgnd_1,74.75,61.2
sky130_fd_sc_hd__tapvpwrvgnd_1_126,sky130_fd_sc_hd__tapvpwrvgnd_1,100.51,61.2
sky130_fd_sc_hd__tapvpwrvgnd_1_127,sky130_fd_sc_hd__tapvpwrvgnd_1,126.27000000000001,61.2
sky130_fd_sc_hd__tapvpwrvgnd_1_128,sky130_fd_sc_hd__tapvpwrvgnd_1,152.03000000000003,61.2
sky130_fd_sc_hd__tapvpwrvgnd_1_129,sky130_fd_sc_hd__tapvpwrvgnd_1,177.79000000000002,61.2
sky130_fd_sc_hd__tapvpwrvgnd_1_130,sky130_fd_sc_hd__tapvpwrvgnd_1,36.11,63.92
sky130_fd_sc_hd__tapvpwrvgnd_1_131,sky130_fd_sc_hd__tapvpwrvgnd_1,61.870000000000005,63.92
sky130_fd_sc_hd__tapvpwrvgnd_1_132,sky130_fd_sc_hd__tapvpwrvgnd_1,87.63000000000001,63.92
sky130_fd_sc_hd__tapvpwrvgnd_1_133,sky130_fd_sc_hd__tapvpwrvgnd_1,113.39,63.92
sky130_fd_sc_hd__tapvpwrvgnd_1_134,sky130_fd_sc_hd__tapvpwrvgnd_1,139.15000000000003,63.92
sky130_fd_sc_hd__tapvpwrvgnd_1_135,sky130_fd_sc_hd__tapvpwrvgnd_1,164.91000000000003,63.92
sky130_fd_sc_hd__tapvpwrvgnd_1_136,sky130_fd_sc_hd__tapvpwrvgnd_1,23.229999999999997,66.64
sky130_fd_sc_hd__tapvpwrvgnd_1_137,sky130_fd_sc_hd__tapvpwrvgnd_1,48.989999999999995,66.64
sky130_fd_sc_hd__tapvpwrvgnd_1_138,sky130_fd_sc_hd__tapvpwrvgnd_1,74.75,66.64
sky130_fd_sc_hd__tapvpwrvgnd_1_139,sky130_fd_sc_hd__tapvpwrvgnd_1,100.51,66.64
sky130_fd_sc_hd__tapvpwrvgnd_1_140,sky130_fd_sc_hd__tapvpwrvgnd_1,126.27000000000001,66.64
sky130_fd_sc_hd__tapvpwrvgnd_1_141,sky130_fd_sc_hd__tapvpwrvgnd_1,152.03000000000003,66.64
sky130_fd_sc_hd__tapvpwrvgnd_1_142,sky130_fd_sc_hd__tapvpwrvgnd_1,177.79000000000002,66.64
sky130_fd_sc_hd__tapvpwrvgnd_1_143,sky130_fd_sc_hd__tapvpwrvgnd_1,36.11,69.36
sky130_fd_sc_hd__tapvpwrvgnd_1_144,sky130_fd_sc_hd__tapvpwrvgnd_1,61.870000000000005,69.36
sky130_fd_sc_hd__tapvpwrvgnd_1_145,sky130_fd_sc_hd__tapvpwrvgnd_1,87.63000000000001,69.36
sky130_fd_sc_hd__tapvpwrvgnd_1_146,sky130_fd_sc_hd__tapvpwrvgnd_1,113.39,69.36
sky130_fd_sc_hd__tapvpwrvgnd_1_147,sky130_fd_sc_hd__tapvpwrvgnd_1,139.15000000000003,69.36
sky130_fd_sc_hd__tapvpwrvgnd_1_148,sky130_fd_sc_hd__tapvpwrvgnd_1,164.91000000000003,69.36
sky130_fd_sc_hd__tapvpwrvgnd_1_149,sky130_fd_sc_hd__tapvpwrvgnd_1,23.229999999999997,72.08
sky130_fd_sc_hd__tapvpwrvgnd_1_150,sky130_fd_sc_hd__tapvpwrvgnd_1,48.989999999999995,72.08
sky130_fd_sc_hd__tapvpwrvgnd_1_151,sky130_fd_sc_hd__tapvpwrvgnd_1,74.75,72.08
sky130_fd_sc_hd__tapvpwrvgnd_1_152,sky130_fd_sc_hd__tapvpwrvgnd_1,100.51,72.08
sky130_fd_sc_hd__tapvpwrvgnd_1_153,sky130_fd_sc_hd__tapvpwrvgnd_1,126.27000000000001,72.08
sky130_fd_sc_hd__tapvpwrvgnd_1_154,sky130_fd_sc_hd__tapvpwrvgnd_1,152.03000000000003,72.08
sky130_fd_sc_hd__tapvpwrvgnd_1_155,sky130_fd_sc_hd__tapvpwrvgnd_1,177.79000000000002,72.08
sky130_fd_sc_hd__tapvpwrvgnd_1_156,sky130_fd_sc_hd__tapvpwrvgnd_1,36.11,74.8
sky130_fd_sc_hd__tapvpwrvgnd_1_157,sky130_fd_sc_hd__tapvpwrvgnd_1,61.870000000000005,74.8
sky130_fd_sc_hd__tapvpwrvgnd_1_158,sky130_fd_sc_hd__tapvpwrvgnd_1,87.63000000000001,74.8
sky130_fd_sc_hd__tapvpwrvgnd_1_159,sky130_fd_sc_hd__tapvpwrvgnd_1,113.39,74.8
sky130_fd_sc_hd__tapvpwrvgnd_1_160,sky130_fd_sc_hd__tapvpwrvgnd_1,139.15000000000003,74.8
sky130_fd_sc_hd__tapvpwrvgnd_1_161,sky130_fd_sc_hd__tapvpwrvgnd_1,164.91000000000003,74.8
sky130_fd_sc_hd__tapvpwrvgnd_1_162,sky130_fd_sc_hd__tapvpwrvgnd_1,23.229999999999997,77.52
sky130_fd_sc_hd__tapvpwrvgnd_1_163,sky130_fd_sc_hd__tapvpwrvgnd_1,48.989999999999995,77.52
sky130_fd_sc_hd__tapvpwrvgnd_1_164,sky130_fd_sc_hd__tapvpwrvgnd_1,74.75,77.52
sky130_fd_sc_hd__tapvpwrvgnd_1_165,sky130_fd_sc_hd__tapvpwrvgnd_1,100.51,77.52
sky130_fd_sc_hd__tapvpwrvgnd_1_166,sky130_fd_sc_hd__tapvpwrvgnd_1,126.27000000000001,77.52
sky130_fd_sc_hd__tapvpwrvgnd_1_167,sky130_fd_sc_hd__tapvpwrvgnd_1,152.03000000000003,77.52
sky130_fd_sc_hd__tapvpwrvgnd_1_168,sky130_fd_sc_hd__tapvpwrvgnd_1,177.79000000000002,77.52
sky130_fd_sc_hd__tapvpwrvgnd_1_169,sky130_fd_sc_hd__tapvpwrvgnd_1,36.11,80.24000000000001
sky130_fd_sc_hd__tapvpwrvgnd_1_170,sky130_fd_sc_hd__tapvpwrvgnd_1,61.870000000000005,80.24000000000001
sky130_fd_sc_hd__tapvpwrvgnd_1_171,sky130_fd_sc_hd__tapvpwrvgnd_1,87.63000000000001,80.24000000000001
sky130_fd_sc_hd__tapvpwrvgnd_1_172,sky130_fd_sc_hd__tapvpwrvgnd_1,113.39,80.24000000000001
sky130_fd_sc_hd__tapvpwrvgnd_1_173,sky130_fd_sc_hd__tapvpwrvgnd_1,139.15000000000003,80.24000000000001
sky130_fd_sc_hd__tapvpwrvgnd_1_174,sky130_fd_sc_hd__tapvpwrvgnd_1,164.91000000000003,80.24000000000001
sky130_fd_sc_hd__tapvpwrvgnd_1_175,sky130_fd_sc_hd__tapvpwrvgnd_1,23.229999999999997,82.96000000000001
sky130_fd_sc_hd__tapvpwrvgnd_1_176,sky130_fd_sc_hd__tapvpwrvgnd_1,48.989999999999995,82.96000000000001
sky130_fd_sc_hd__tapvpwrvgnd_1_177,sky130_fd_sc_hd__tapvpwrvgnd_1,74.75,82.96000000000001
sky130_fd_sc_hd__tapvpwrvgnd_1_178,sky130_fd_sc_hd__tapvpwrvgnd_1,100.51,82.96000000000001
sky130_fd_sc_hd__tapvpwrvgnd_1_179,sky130_fd_sc_hd__tapvpwrvgnd_1,126.27000000000001,82.96000000000001
sky130_fd_sc_hd__tapvpwrvgnd_1_180,sky130_fd_sc_hd__tapvpwrvgnd_1,152.03000000000003,82.96000000000001
sky130_fd_sc_hd__tapvpwrvgnd_1_181,sky130_fd_sc_hd__tapvpwrvgnd_1,177.79000000000002,82.96000000000001
sky130_fd_sc_hd__tapvpwrvgnd_1_182,sky130_fd_sc_hd__tapvpwrvgnd_1,36.11,85.68
sky130_fd_sc_hd__tapvpwrvgnd_1_183,sky130_fd_sc_hd__tapvpwrvgnd_1,61.870000000000005,85.68
sky130_fd_sc_hd__tapvpwrvgnd_1_184,sky130_fd_sc_hd__tapvpwrvgnd_1,87.63000000000001,85.68
sky130_fd_sc_hd__tapvpwrvgnd_1_185,sky130_fd_sc_hd__tapvpwrvgnd_1,113.39,85.68
sky130_fd_sc_hd__tapvpwrvgnd_1_186,sky130_fd_sc_hd__tapvpwrvgnd_1,139.15000000000003,85.68
sky130_fd_sc_hd__tapvpwrvgnd_1_187,sky130_fd_sc_hd__tapvpwrvgnd_1,164.91000000000003,85.68
sky130_fd_sc_hd__tapvpwrvgnd_1_188,sky130_fd_sc_hd__tapvpwrvgnd_1,23.229999999999997,88.4
sky130_fd_sc_hd__tapvpwrvgnd_1_189,sky130_fd_sc_hd__tapvpwrvgnd_1,48.989999999999995,88.4
sky130_fd_sc_hd__tapvpwrvgnd_1_190,sky130_fd_sc_hd__tapvpwrvgnd_1,74.75,88.4
sky130_fd_sc_hd__tapvpwrvgnd_1_191,sky130_fd_sc_hd__tapvpwrvgnd_1,100.51,88.4
sky130_fd_sc_hd__tapvpwrvgnd_1_192,sky130_fd_sc_hd__tapvpwrvgnd_1,126.27000000000001,88.4
sky130_fd_sc_hd__tapvpwrvgnd_1_193,sky130_fd_sc_hd__tapvpwrvgnd_1,152.03000000000003,88.4
sky130_fd_sc_hd__tapvpwrvgnd_1_194,sky130_fd_sc_hd__tapvpwrvgnd_1,177.79000000000002,88.4
sky130_fd_sc_hd__tapvpwrvgnd_1_195,sky130_fd_sc_hd__tapvpwrvgnd_1,36.11,91.12
sky130_fd_sc_hd__tapvpwrvgnd_1_196,sky130_fd_sc_hd__tapvpwrvgnd_1,61.870000000000005,91.12
sky130_fd_sc_hd__tapvpwrvgnd_1_197,sky130_fd_sc_hd__tapvpwrvgnd_1,87.63000000000001,91.12
sky130_fd_sc_hd__tapvpwrvgnd_1_198,sky130_fd_sc_hd__tapvpwrvgnd_1,113.39,91.12
sky130_fd_sc_hd__tapvpwrvgnd_1_199,sky130_fd_sc_hd__tapvpwrvgnd_1,139.15000000000003,91.12
sky130_fd_sc_hd__tapvpwrvgnd_1_200,sky130_fd_sc_hd__tapvpwrvgnd_1,164.91000000000003,91.12
sky130_fd_sc_hd__tapvpwrvgnd_1_201,sky130_fd_sc_hd__tapvpwrvgnd_1,23.229999999999997,93.84
sky130_fd_sc_hd__tapvpwrvgnd_1_202,sky130_fd_sc_hd__tapvpwrvgnd_1,48.989999999999995,93.84
sky130_fd_sc_hd__tapvpwrvgnd_1_203,sky130_fd_sc_hd__tapvpwrvgnd_1,74.75,93.84
sky130_fd_sc_hd__tapvpwrvgnd_1_204,sky130_fd_sc_hd__tapvpwrvgnd_1,100.51,93.84
sky130_fd_sc_hd__tapvpwrvgnd_1_205,sky130_fd_sc_hd__tapvpwrvgnd_1,126.27000000000001,93.84
sky130_fd_sc_hd__tapvpwrvgnd_1_206,sky130_fd_sc_hd__tapvpwrvgnd_1,152.03000000000003,93.84
sky130_fd_sc_hd__tapvpwrvgnd_1_207,sky130_fd_sc_hd__tapvpwrvgnd_1,177.79000000000002,93.84
sky130_fd_sc_hd__tapvpwrvgnd_1_208,sky130_fd_sc_hd__tapvpwrvgnd_1,36.11,96.56
sky130_fd_sc_hd__tapvpwrvgnd_1_209,sky130_fd_sc_hd__tapvpwrvgnd_1,61.870000000000005,96.56
sky130_fd_sc_hd__tapvpwrvgnd_1_210,sky130_fd_sc_hd__tapvpwrvgnd_1,87.63000000000001,96.56
sky130_fd_sc_hd__tapvpwrvgnd_1_211,sky130_fd_sc_hd__tapvpwrvgnd_1,113.39,96.56
sky130_fd_sc_hd__tapvpwrvgnd_1_212,sky130_fd_sc_hd__tapvpwrvgnd_1,139.15000000000003,96.56
sky130_fd_sc_hd__tapvpwrvgnd_1_213,sky130_fd_sc_hd__tapvpwrvgnd_1,164.91000000000003,96.56
sky130_fd_sc_hd__tapvpwrvgnd_1_214,sky130_fd_sc_hd__tapvpwrvgnd_1,23.229999999999997,99.28
sky130_fd_sc_hd__tapvpwrvgnd_1_215,sky130_fd_sc_hd__tapvpwrvgnd_1,48.989999999999995,99.28
sky130_fd_sc_hd__tapvpwrvgnd_1_216,sky130_fd_sc_hd__tapvpwrvgnd_1,74.75,99.28
sky130_fd_sc_hd__tapvpwrvgnd_1_217,sky130_fd_sc_hd__tapvpwrvgnd_1,100.51,99.28
sky130_fd_sc_hd__tapvpwrvgnd_1_218,sky130_fd_sc_hd__tapvpwrvgnd_1,126.27000000000001,99.28
sky130_fd_sc_hd__tapvpwrvgnd_1_219,sky130_fd_sc_hd__tapvpwrvgnd_1,152.03000000000003,99.28
sky130_fd_sc_hd__tapvpwrvgnd_1_220,sky130_fd_sc_hd__tapvpwrvgnd_1,177.79000000000002,99.28
sky130_fd_sc_hd__tapvpwrvgnd_1_221,sky130_fd_sc_hd__tapvpwrvgnd_1,36.11,102.0
sky130_fd_sc_hd__tapvpwrvgnd_1_222,sky130_fd_sc_hd__tapvpwrvgnd_1,61.870000000000005,102.0
sky130_fd_sc_hd__tapvpwrvgnd_1_223,sky130_fd_sc_hd__tapvpwrvgnd_1,87.63000000000001,102.0
sky130_fd_sc_hd__tapvpwrvgnd_1_224,sky130_fd_sc_hd__tapvpwrvgnd_1,113.39,102.0
sky130_fd_sc_hd__tapvpwrvgnd_1_225,sky130_fd_sc_hd__tapvpwrvgnd_1,139.15000000000003,102.0
sky130_fd_sc_hd__tapvpwrvgnd_1_226,sky130_fd_sc_hd__tapvpwrvgnd_1,164.91000000000003,102.0
sky130_fd_sc_hd__tapvpwrvgnd_1_227,sky130_fd_sc_hd__tapvpwrvgnd_1,23.229999999999997,104.72
sky130_fd_sc_hd__tapvpwrvgnd_1_228,sky130_fd_sc_hd__tapvpwrvgnd_1,48.989999999999995,104.72
sky130_fd_sc_hd__tapvpwrvgnd_1_229,sky130_fd_sc_hd__tapvpwrvgnd_1,74.75,104.72
sky130_fd_sc_hd__tapvpwrvgnd_1_230,sky130_fd_sc_hd__tapvpwrvgnd_1,100.51,104.72
sky130_fd_sc_hd__tapvpwrvgnd_1_231,sky130_fd_sc_hd__tapvpwrvgnd_1,126.27000000000001,104.72
sky130_fd_sc_hd__tapvpwrvgnd_1_232,sky130_fd_sc_hd__tapvpwrvgnd_1,152.03000000000003,104.72
sky130_fd_sc_hd__tapvpwrvgnd_1_233,sky130_fd_sc_hd__tapvpwrvgnd_1,177.79000000000002,104.72
sky130_fd_sc_hd__tapvpwrvgnd_1_234,sky130_fd_sc_hd__tapvpwrvgnd_1,36.11,107.44
sky130_fd_sc_hd__tapvpwrvgnd_1_235,sky130_fd_sc_hd__tapvpwrvgnd_1,61.870000000000005,107.44
sky130_fd_sc_hd__tapvpwrvgnd_1_236,sky130_fd_sc_hd__tapvpwrvgnd_1,87.63000000000001,107.44
sky130_fd_sc_hd__tapvpwrvgnd_1_237,sky130_fd_sc_hd__tapvpwrvgnd_1,113.39,107.44
sky130_fd_sc_hd__tapvpwrvgnd_1_238,sky130_fd_sc_hd__tapvpwrvgnd_1,139.15000000000003,107.44
sky130_fd_sc_hd__tapvpwrvgnd_1_239,sky130_fd_sc_hd__tapvpwrvgnd_1,164.91000000000003,107.44
sky130_fd_sc_hd__tapvpwrvgnd_1_240,sky130_fd_sc_hd__tapvpwrvgnd_1,23.229999999999997,110.16
sky130_fd_sc_hd__tapvpwrvgnd_1_241,sky130_fd_sc_hd__tapvpwrvgnd_1,48.989999999999995,110.16
sky130_fd_sc_hd__tapvpwrvgnd_1_242,sky130_fd_sc_hd__tapvpwrvgnd_1,74.75,110.16
sky130_fd_sc_hd__tapvpwrvgnd_1_243,sky130_fd_sc_hd__tapvpwrvgnd_1,100.51,110.16
sky130_fd_sc_hd__tapvpwrvgnd_1_244,sky130_fd_sc_hd__tapvpwrvgnd_1,126.27000000000001,110.16
sky130_fd_sc_hd__tapvpwrvgnd_1_245,sky130_fd_sc_hd__tapvpwrvgnd_1,152.03000000000003,110.16
sky130_fd_sc_hd__tapvpwrvgnd_1_246,sky130_fd_sc_hd__tapvpwrvgnd_1,177.79000000000002,110.16
sky130_fd_sc_hd__tapvpwrvgnd_1_247,sky130_fd_sc_hd__tapvpwrvgnd_1,36.11,112.88000000000001
sky130_fd_sc_hd__tapvpwrvgnd_1_248,sky130_fd_sc_hd__tapvpwrvgnd_1,61.870000000000005,112.88000000000001
sky130_fd_sc_hd__tapvpwrvgnd_1_249,sky130_fd_sc_hd__tapvpwrvgnd_1,87.63000000000001,112.88000000000001
sky130_fd_sc_hd__tapvpwrvgnd_1_250,sky130_fd_sc_hd__tapvpwrvgnd_1,113.39,112.88000000000001
sky130_fd_sc_hd__tapvpwrvgnd_1_251,sky130_fd_sc_hd__tapvpwrvgnd_1,139.15000000000003,112.88000000000001
sky130_fd_sc_hd__tapvpwrvgnd_1_252,sky130_fd_sc_hd__tapvpwrvgnd_1,164.91000000000003,112.88000000000001
sky130_fd_sc_hd__tapvpwrvgnd_1_253,sky130_fd_sc_hd__tapvpwrvgnd_1,23.229999999999997,115.60000000000001
sky130_fd_sc_hd__tapvpwrvgnd_1_254,sky130_fd_sc_hd__tapvpwrvgnd_1,48.989999999999995,115.60000000000001
sky130_fd_sc_hd__tapvpwrvgnd_1_255,sky130_fd_sc_hd__tapvpwrvgnd_1,74.75,115.60000000000001
sky130_fd_sc_hd__tapvpwrvgnd_1_256,sky130_fd_sc_hd__tapvpwrvgnd_1,100.51,115.60000000000001
sky130_fd_sc_hd__tapvpwrvgnd_1_257,sky130_fd_sc_hd__tapvpwrvgnd_1,126.27000000000001,115.60000000000001
sky130_fd_sc_hd__tapvpwrvgnd_1_258,sky130_fd_sc_hd__tapvpwrvgnd_1,152.03000000000003,115.60000000000001
sky130_fd_sc_hd__tapvpwrvgnd_1_259,sky130_fd_sc_hd__tapvpwrvgnd_1,177.79000000000002,115.60000000000001
sky130_fd_sc_hd__tapvpwrvgnd_1_260,sky130_fd_sc_hd__tapvpwrvgnd_1,36.11,118.32000000000001
sky130_fd_sc_hd__tapvpwrvgnd_1_261,sky130_fd_sc_hd__tapvpwrvgnd_1,61.870000000000005,118.32000000000001
sky130_fd_sc_hd__tapvpwrvgnd_1_262,sky130_fd_sc_hd__tapvpwrvgnd_1,87.63000000000001,118.32000000000001
sky130_fd_sc_hd__tapvpwrvgnd_1_263,sky130_fd_sc_hd__tapvpwrvgnd_1,113.39,118.32000000000001
sky130_fd_sc_hd__tapvpwrvgnd_1_264,sky130_fd_sc_hd__tapvpwrvgnd_1,139.15000000000003,118.32000000000001
sky130_fd_sc_hd__tapvpwrvgnd_1_265,sky130_fd_sc_hd__tapvpwrvgnd_1,164.91000000000003,118.32000000000001
sky130_fd_sc_hd__tapvpwrvgnd_1_266,sky130_fd_sc_hd__tapvpwrvgnd_1,23.229999999999997,121.04
sky130_fd_sc_hd__tapvpwrvgnd_1_267,sky130_fd_sc_hd__tapvpwrvgnd_1,48.989999999999995,121.04
sky130_fd_sc_hd__tapvpwrvgnd_1_268,sky130_fd_sc_hd__tapvpwrvgnd_1,74.75,121.04
sky130_fd_sc_hd__tapvpwrvgnd_1_269,sky130_fd_sc_hd__tapvpwrvgnd_1,100.51,121.04
sky130_fd_sc_hd__tapvpwrvgnd_1_270,sky130_fd_sc_hd__tapvpwrvgnd_1,126.27000000000001,121.04
sky130_fd_sc_hd__tapvpwrvgnd_1_271,sky130_fd_sc_hd__tapvpwrvgnd_1,152.03000000000003,121.04
sky130_fd_sc_hd__tapvpwrvgnd_1_272,sky130_fd_sc_hd__tapvpwrvgnd_1,177.79000000000002,121.04
sky130_fd_sc_hd__tapvpwrvgnd_1_273,sky130_fd_sc_hd__tapvpwrvgnd_1,36.11,123.76
sky130_fd_sc_hd__tapvpwrvgnd_1_274,sky130_fd_sc_hd__tapvpwrvgnd_1,61.870000000000005,123.76
sky130_fd_sc_hd__tapvpwrvgnd_1_275,sky130_fd_sc_hd__tapvpwrvgnd_1,87.63000000000001,123.76
sky130_fd_sc_hd__tapvpwrvgnd_1_276,sky130_fd_sc_hd__tapvpwrvgnd_1,113.39,123.76
sky130_fd_sc_hd__tapvpwrvgnd_1_277,sky130_fd_sc_hd__tapvpwrvgnd_1,139.15000000000003,123.76
sky130_fd_sc_hd__tapvpwrvgnd_1_278,sky130_fd_sc_hd__tapvpwrvgnd_1,164.91000000000003,123.76
sky130_fd_sc_hd__tapvpwrvgnd_1_279,sky130_fd_sc_hd__tapvpwrvgnd_1,23.229999999999997,126.48000000000002
sky130_fd_sc_hd__tapvpwrvgnd_1_280,sky130_fd_sc_hd__tapvpwrvgnd_1,48.989999999999995,126.48000000000002
sky130_fd_sc_hd__tapvpwrvgnd_1_281,sky130_fd_sc_hd__tapvpwrvgnd_1,74.75,126.48000000000002
sky130_fd_sc_hd__tapvpwrvgnd_1_282,sky130_fd_sc_hd__tapvpwrvgnd_1,100.51,126.48000000000002
sky130_fd_sc_hd__tapvpwrvgnd_1_283,sky130_fd_sc_hd__tapvpwrvgnd_1,126.27000000000001,126.48000000000002
sky130_fd_sc_hd__tapvpwrvgnd_1_284,sky130_fd_sc_hd__tapvpwrvgnd_1,152.03000000000003,126.48000000000002
sky130_fd_sc_hd__tapvpwrvgnd_1_285,sky130_fd_sc_hd__tapvpwrvgnd_1,177.79000000000002,126.48000000000002
sky130_fd_sc_hd__tapvpwrvgnd_1_286,sky130_fd_sc_hd__tapvpwrvgnd_1,36.11,129.20000000000002
sky130_fd_sc_hd__tapvpwrvgnd_1_287,sky130_fd_sc_hd__tapvpwrvgnd_1,61.870000000000005,129.20000000000002
sky130_fd_sc_hd__tapvpwrvgnd_1_288,sky130_fd_sc_hd__tapvpwrvgnd_1,87.63000000000001,129.20000000000002
sky130_fd_sc_hd__tapvpwrvgnd_1_289,sky130_fd_sc_hd__tapvpwrvgnd_1,113.39,129.20000000000002
sky130_fd_sc_hd__tapvpwrvgnd_1_290,sky130_fd_sc_hd__tapvpwrvgnd_1,139.15000000000003,129.20000000000002
sky130_fd_sc_hd__tapvpwrvgnd_1_291,sky130_fd_sc_hd__tapvpwrvgnd_1,164.91000000000003,129.20000000000002
sky130_fd_sc_hd__tapvpwrvgnd_1_292,sky130_fd_sc_hd__tapvpwrvgnd_1,23.229999999999997,131.92000000000002
sky130_fd_sc_hd__tapvpwrvgnd_1_293,sky130_fd_sc_hd__tapvpwrvgnd_1,48.989999999999995,131.92000000000002
sky130_fd_sc_hd__tapvpwrvgnd_1_294,sky130_fd_sc_hd__tapvpwrvgnd_1,74.75,131.92000000000002
sky130_fd_sc_hd__tapvpwrvgnd_1_295,sky130_fd_sc_hd__tapvpwrvgnd_1,100.51,131.92000000000002
sky130_fd_sc_hd__tapvpwrvgnd_1_296,sky130_fd_sc_hd__tapvpwrvgnd_1,126.27000000000001,131.92000000000002
sky130_fd_sc_hd__tapvpwrvgnd_1_297,sky130_fd_sc_hd__tapvpwrvgnd_1,152.03000000000003,131.92000000000002
sky130_fd_sc_hd__tapvpwrvgnd_1_298,sky130_fd_sc_hd__tapvpwrvgnd_1,177.79000000000002,131.92000000000002
sky130_fd_sc_hd__tapvpwrvgnd_1_299,sky130_fd_sc_hd__tapvpwrvgnd_1,36.11,134.64
sky130_fd_sc_hd__tapvpwrvgnd_1_300,sky130_fd_sc_hd__tapvpwrvgnd_1,61.870000000000005,134.64
sky130_fd_sc_hd__tapvpwrvgnd_1_301,sky130_fd_sc_hd__tapvpwrvgnd_1,87.63000000000001,134.64
sky130_fd_sc_hd__tapvpwrvgnd_1_302,sky130_fd_sc_hd__tapvpwrvgnd_1,113.39,134.64
sky130_fd_sc_hd__tapvpwrvgnd_1_303,sky130_fd_sc_hd__tapvpwrvgnd_1,139.15000000000003,134.64
sky130_fd_sc_hd__tapvpwrvgnd_1_304,sky130_fd_sc_hd__tapvpwrvgnd_1,164.91000000000003,134.64
sky130_fd_sc_hd__tapvpwrvgnd_1_305,sky130_fd_sc_hd__tapvpwrvgnd_1,23.229999999999997,137.36
sky130_fd_sc_hd__tapvpwrvgnd_1_306,sky130_fd_sc_hd__tapvpwrvgnd_1,48.989999999999995,137.36
sky130_fd_sc_hd__tapvpwrvgnd_1_307,sky130_fd_sc_hd__tapvpwrvgnd_1,74.75,137.36
sky130_fd_sc_hd__tapvpwrvgnd_1_308,sky130_fd_sc_hd__tapvpwrvgnd_1,100.51,137.36
sky130_fd_sc_hd__tapvpwrvgnd_1_309,sky130_fd_sc_hd__tapvpwrvgnd_1,126.27000000000001,137.36
sky130_fd_sc_hd__tapvpwrvgnd_1_310,sky130_fd_sc_hd__tapvpwrvgnd_1,152.03000000000003,137.36
sky130_fd_sc_hd__tapvpwrvgnd_1_311,sky130_fd_sc_hd__tapvpwrvgnd_1,177.79000000000002,137.36
sky130_fd_sc_hd__tapvpwrvgnd_1_312,sky130_fd_sc_hd__tapvpwrvgnd_1,36.11,140.07999999999998
sky130_fd_sc_hd__tapvpwrvgnd_1_313,sky130_fd_sc_hd__tapvpwrvgnd_1,61.870000000000005,140.07999999999998
sky130_fd_sc_hd__tapvpwrvgnd_1_314,sky130_fd_sc_hd__tapvpwrvgnd_1,87.63000000000001,140.07999999999998
sky130_fd_sc_hd__tapvpwrvgnd_1_315,sky130_fd_sc_hd__tapvpwrvgnd_1,113.39,140.07999999999998
sky130_fd_sc_hd__tapvpwrvgnd_1_316,sky130_fd_sc_hd__tapvpwrvgnd_1,139.15000000000003,140.07999999999998
sky130_fd_sc_hd__tapvpwrvgnd_1_317,sky130_fd_sc_hd__tapvpwrvgnd_1,164.91000000000003,140.07999999999998
sky130_fd_sc_hd__tapvpwrvgnd_1_318,sky130_fd_sc_hd__tapvpwrvgnd_1,23.229999999999997,142.8
sky130_fd_sc_hd__tapvpwrvgnd_1_319,sky130_fd_sc_hd__tapvpwrvgnd_1,48.989999999999995,142.8
sky130_fd_sc_hd__tapvpwrvgnd_1_320,sky130_fd_sc_hd__tapvpwrvgnd_1,74.75,142.8
sky130_fd_sc_hd__tapvpwrvgnd_1_321,sky130_fd_sc_hd__tapvpwrvgnd_1,100.51,142.8
sky130_fd_sc_hd__tapvpwrvgnd_1_322,sky130_fd_sc_hd__tapvpwrvgnd_1,126.27000000000001,142.8
sky130_fd_sc_hd__tapvpwrvgnd_1_323,sky130_fd_sc_hd__tapvpwrvgnd_1,152.03000000000003,142.8
sky130_fd_sc_hd__tapvpwrvgnd_1_324,sky130_fd_sc_hd__tapvpwrvgnd_1,177.79000000000002,142.8
sky130_fd_sc_hd__tapvpwrvgnd_1_325,sky130_fd_sc_hd__tapvpwrvgnd_1,36.11,145.51999999999998
sky130_fd_sc_hd__tapvpwrvgnd_1_326,sky130_fd_sc_hd__tapvpwrvgnd_1,61.870000000000005,145.51999999999998
sky130_fd_sc_hd__tapvpwrvgnd_1_327,sky130_fd_sc_hd__tapvpwrvgnd_1,87.63000000000001,145.51999999999998
sky130_fd_sc_hd__tapvpwrvgnd_1_328,sky130_fd_sc_hd__tapvpwrvgnd_1,113.39,145.51999999999998
sky130_fd_sc_hd__tapvpwrvgnd_1_329,sky130_fd_sc_hd__tapvpwrvgnd_1,139.15000000000003,145.51999999999998
sky130_fd_sc_hd__tapvpwrvgnd_1_330,sky130_fd_sc_hd__tapvpwrvgnd_1,164.91000000000003,145.51999999999998
sky130_fd_sc_hd__tapvpwrvgnd_1_331,sky130_fd_sc_hd__tapvpwrvgnd_1,23.229999999999997,148.24
sky130_fd_sc_hd__tapvpwrvgnd_1_332,sky130_fd_sc_hd__tapvpwrvgnd_1,48.989999999999995,148.24
sky130_fd_sc_hd__tapvpwrvgnd_1_333,sky130_fd_sc_hd__tapvpwrvgnd_1,74.75,148.24
sky130_fd_sc_hd__tapvpwrvgnd_1_334,sky130_fd_sc_hd__tapvpwrvgnd_1,100.51,148.24
sky130_fd_sc_hd__tapvpwrvgnd_1_335,sky130_fd_sc_hd__tapvpwrvgnd_1,126.27000000000001,148.24
sky130_fd_sc_hd__tapvpwrvgnd_1_336,sky130_fd_sc_hd__tapvpwrvgnd_1,152.03000000000003,148.24
sky130_fd_sc_hd__tapvpwrvgnd_1_337,sky130_fd_sc_hd__tapvpwrvgnd_1,177.79000000000002,148.24
sky130_fd_sc_hd__tapvpwrvgnd_1_338,sky130_fd_sc_hd__tapvpwrvgnd_1,36.11,150.95999999999998
sky130_fd_sc_hd__tapvpwrvgnd_1_339,sky130_fd_sc_hd__tapvpwrvgnd_1,61.870000000000005,150.95999999999998
sky130_fd_sc_hd__tapvpwrvgnd_1_340,sky130_fd_sc_hd__tapvpwrvgnd_1,87.63000000000001,150.95999999999998
sky130_fd_sc_hd__tapvpwrvgnd_1_341,sky130_fd_sc_hd__tapvpwrvgnd_1,113.39,150.95999999999998
sky130_fd_sc_hd__tapvpwrvgnd_1_342,sky130_fd_sc_hd__tapvpwrvgnd_1,139.15000000000003,150.95999999999998
sky130_fd_sc_hd__tapvpwrvgnd_1_343,sky130_fd_sc_hd__tapvpwrvgnd_1,164.91000000000003,150.95999999999998
sky130_fd_sc_hd__tapvpwrvgnd_1_344,sky130_fd_sc_hd__tapvpwrvgnd_1,23.229999999999997,153.68
sky130_fd_sc_hd__tapvpwrvgnd_1_345,sky130_fd_sc_hd__tapvpwrvgnd_1,48.989999999999995,153.68
sky130_fd_sc_hd__tapvpwrvgnd_1_346,sky130_fd_sc_hd__tapvpwrvgnd_1,74.75,153.68
sky130_fd_sc_hd__tapvpwrvgnd_1_347,sky130_fd_sc_hd__tapvpwrvgnd_1,100.51,153.68
sky130_fd_sc_hd__tapvpwrvgnd_1_348,sky130_fd_sc_hd__tapvpwrvgnd_1,126.27000000000001,153.68
sky130_fd_sc_hd__tapvpwrvgnd_1_349,sky130_fd_sc_hd__tapvpwrvgnd_1,152.03000000000003,153.68
sky130_fd_sc_hd__tapvpwrvgnd_1_350,sky130_fd_sc_hd__tapvpwrvgnd_1,177.79000000000002,153.68
sky130_fd_sc_hd__tapvpwrvgnd_1_351,sky130_fd_sc_hd__tapvpwrvgnd_1,36.11,156.39999999999998
sky130_fd_sc_hd__tapvpwrvgnd_1_352,sky130_fd_sc_hd__tapvpwrvgnd_1,61.870000000000005,156.39999999999998
sky130_fd_sc_hd__tapvpwrvgnd_1_353,sky130_fd_sc_hd__tapvpwrvgnd_1,87.63000000000001,156.39999999999998
sky130_fd_sc_hd__tapvpwrvgnd_1_354,sky130_fd_sc_hd__tapvpwrvgnd_1,113.39,156.39999999999998
sky130_fd_sc_hd__tapvpwrvgnd_1_355,sky130_fd_sc_hd__tapvpwrvgnd_1,139.15000000000003,156.39999999999998
sky130_fd_sc_hd__tapvpwrvgnd_1_356,sky130_fd_sc_hd__tapvpwrvgnd_1,164.91000000000003,156.39999999999998
sky130_fd_sc_hd__tapvpwrvgnd_1_357,sky130_fd_sc_hd__tapvpwrvgnd_1,23.229999999999997,159.12
sky130_fd_sc_hd__tapvpwrvgnd_1_358,sky130_fd_sc_hd__tapvpwrvgnd_1,48.989999999999995,159.12
sky130_fd_sc_hd__tapvpwrvgnd_1_359,sky130_fd_sc_hd__tapvpwrvgnd_1,74.75,159.12
sky130_fd_sc_hd__tapvpwrvgnd_1_360,sky130_fd_sc_hd__tapvpwrvgnd_1,100.51,159.12
sky130_fd_sc_hd__tapvpwrvgnd_1_361,sky130_fd_sc_hd__tapvpwrvgnd_1,126.27000000000001,159.12
sky130_fd_sc_hd__tapvpwrvgnd_1_362,sky130_fd_sc_hd__tapvpwrvgnd_1,152.03000000000003,159.12
sky130_fd_sc_hd__tapvpwrvgnd_1_363,sky130_fd_sc_hd__tapvpwrvgnd_1,177.79000000000002,159.12
sky130_fd_sc_hd__tapvpwrvgnd_1_364,sky130_fd_sc_hd__tapvpwrvgnd_1,36.11,161.84000000000003
sky130_fd_sc_hd__tapvpwrvgnd_1_365,sky130_fd_sc_hd__tapvpwrvgnd_1,61.870000000000005,161.84000000000003
sky130_fd_sc_hd__tapvpwrvgnd_1_366,sky130_fd_sc_hd__tapvpwrvgnd_1,87.63000000000001,161.84000000000003
sky130_fd_sc_hd__tapvpwrvgnd_1_367,sky130_fd_sc_hd__tapvpwrvgnd_1,113.39,161.84000000000003
sky130_fd_sc_hd__tapvpwrvgnd_1_368,sky130_fd_sc_hd__tapvpwrvgnd_1,139.15000000000003,161.84000000000003
sky130_fd_sc_hd__tapvpwrvgnd_1_369,sky130_fd_sc_hd__tapvpwrvgnd_1,164.91000000000003,161.84000000000003
sky130_fd_sc_hd__tapvpwrvgnd_1_370,sky130_fd_sc_hd__tapvpwrvgnd_1,23.229999999999997,164.56
sky130_fd_sc_hd__tapvpwrvgnd_1_371,sky130_fd_sc_hd__tapvpwrvgnd_1,48.989999999999995,164.56
sky130_fd_sc_hd__tapvpwrvgnd_1_372,sky130_fd_sc_hd__tapvpwrvgnd_1,74.75,164.56
sky130_fd_sc_hd__tapvpwrvgnd_1_373,sky130_fd_sc_hd__tapvpwrvgnd_1,100.51,164.56
sky130_fd_sc_hd__tapvpwrvgnd_1_374,sky130_fd_sc_hd__tapvpwrvgnd_1,126.27000000000001,164.56
sky130_fd_sc_hd__tapvpwrvgnd_1_375,sky130_fd_sc_hd__tapvpwrvgnd_1,152.03000000000003,164.56
sky130_fd_sc_hd__tapvpwrvgnd_1_376,sky130_fd_sc_hd__tapvpwrvgnd_1,177.79000000000002,164.56
sky130_fd_sc_hd__tapvpwrvgnd_1_377,sky130_fd_sc_hd__tapvpwrvgnd_1,36.11,167.28000000000003
sky130_fd_sc_hd__tapvpwrvgnd_1_378,sky130_fd_sc_hd__tapvpwrvgnd_1,61.870000000000005,167.28000000000003
sky130_fd_sc_hd__tapvpwrvgnd_1_379,sky130_fd_sc_hd__tapvpwrvgnd_1,87.63000000000001,167.28000000000003
sky130_fd_sc_hd__tapvpwrvgnd_1_380,sky130_fd_sc_hd__tapvpwrvgnd_1,113.39,167.28000000000003
sky130_fd_sc_hd__tapvpwrvgnd_1_381,sky130_fd_sc_hd__tapvpwrvgnd_1,139.15000000000003,167.28000000000003
sky130_fd_sc_hd__tapvpwrvgnd_1_382,sky130_fd_sc_hd__tapvpwrvgnd_1,164.91000000000003,167.28000000000003
sky130_fd_sc_hd__tapvpwrvgnd_1_383,sky130_fd_sc_hd__tapvpwrvgnd_1,23.229999999999997,170.0
sky130_fd_sc_hd__tapvpwrvgnd_1_384,sky130_fd_sc_hd__tapvpwrvgnd_1,48.989999999999995,170.0
sky130_fd_sc_hd__tapvpwrvgnd_1_385,sky130_fd_sc_hd__tapvpwrvgnd_1,74.75,170.0
sky130_fd_sc_hd__tapvpwrvgnd_1_386,sky130_fd_sc_hd__tapvpwrvgnd_1,100.51,170.0
sky130_fd_sc_hd__tapvpwrvgnd_1_387,sky130_fd_sc_hd__tapvpwrvgnd_1,126.27000000000001,170.0
sky130_fd_sc_hd__tapvpwrvgnd_1_388,sky130_fd_sc_hd__tapvpwrvgnd_1,152.03000000000003,170.0
sky130_fd_sc_hd__tapvpwrvgnd_1_389,sky130_fd_sc_hd__tapvpwrvgnd_1,177.79000000000002,170.0
sky130_fd_sc_hd__tapvpwrvgnd_1_390,sky130_fd_sc_hd__tapvpwrvgnd_1,36.11,172.72000000000003
sky130_fd_sc_hd__tapvpwrvgnd_1_391,sky130_fd_sc_hd__tapvpwrvgnd_1,61.870000000000005,172.72000000000003
sky130_fd_sc_hd__tapvpwrvgnd_1_392,sky130_fd_sc_hd__tapvpwrvgnd_1,87.63000000000001,172.72000000000003
sky130_fd_sc_hd__tapvpwrvgnd_1_393,sky130_fd_sc_hd__tapvpwrvgnd_1,113.39,172.72000000000003
sky130_fd_sc_hd__tapvpwrvgnd_1_394,sky130_fd_sc_hd__tapvpwrvgnd_1,139.15000000000003,172.72000000000003
sky130_fd_sc_hd__tapvpwrvgnd_1_395,sky130_fd_sc_hd__tapvpwrvgnd_1,164.91000000000003,172.72000000000003
sky130_fd_sc_hd__tapvpwrvgnd_1_396,sky130_fd_sc_hd__tapvpwrvgnd_1,23.229999999999997,175.44
sky130_fd_sc_hd__tapvpwrvgnd_1_397,sky130_fd_sc_hd__tapvpwrvgnd_1,48.989999999999995,175.44
sky130_fd_sc_hd__tapvpwrvgnd_1_398,sky130_fd_sc_hd__tapvpwrvgnd_1,74.75,175.44
sky130_fd_sc_hd__tapvpwrvgnd_1_399,sky130_fd_sc_hd__tapvpwrvgnd_1,100.51,175.44
sky130_fd_sc_hd__tapvpwrvgnd_1_400,sky130_fd_sc_hd__tapvpwrvgnd_1,126.27000000000001,175.44
sky130_fd_sc_hd__tapvpwrvgnd_1_401,sky130_fd_sc_hd__tapvpwrvgnd_1,152.03000000000003,175.44
sky130_fd_sc_hd__tapvpwrvgnd_1_402,sky130_fd_sc_hd__tapvpwrvgnd_1,177.79000000000002,175.44
sky130_fd_sc_hd__tapvpwrvgnd_1_403,sky130_fd_sc_hd__tapvpwrvgnd_1,36.11,178.16000000000003
sky130_fd_sc_hd__tapvpwrvgnd_1_404,sky130_fd_sc_hd__tapvpwrvgnd_1,61.870000000000005,178.16000000000003
sky130_fd_sc_hd__tapvpwrvgnd_1_405,sky130_fd_sc_hd__tapvpwrvgnd_1,87.63000000000001,178.16000000000003
sky130_fd_sc_hd__tapvpwrvgnd_1_406,sky130_fd_sc_hd__tapvpwrvgnd_1,113.39,178.16000000000003
sky130_fd_sc_hd__tapvpwrvgnd_1_407,sky130_fd_sc_hd__tapvpwrvgnd_1,139.15000000000003,178.16000000000003
sky130_fd_sc_hd__tapvpwrvgnd_1_408,sky130_fd_sc_hd__tapvpwrvgnd_1,164.91000000000003,178.16000000000003
sky130_fd_sc_hd__tapvpwrvgnd_1_409,sky130_fd_sc_hd__tapvpwrvgnd_1,23.229999999999997,180.88
sky130_fd_sc_hd__tapvpwrvgnd_1_410,sky130_fd_sc_hd__tapvpwrvgnd_1,48.989999999999995,180.88
sky130_fd_sc_hd__tapvpwrvgnd_1_411,sky130_fd_sc_hd__tapvpwrvgnd_1,74.75,180.88
sky130_fd_sc_hd__tapvpwrvgnd_1_412,sky130_fd_sc_hd__tapvpwrvgnd_1,100.51,180.88
sky130_fd_sc_hd__tapvpwrvgnd_1_413,sky130_fd_sc_hd__tapvpwrvgnd_1,126.27000000000001,180.88
sky130_fd_sc_hd__tapvpwrvgnd_1_414,sky130_fd_sc_hd__tapvpwrvgnd_1,152.03000000000003,180.88
sky130_fd_sc_hd__tapvpwrvgnd_1_415,sky130_fd_sc_hd__tapvpwrvgnd_1,177.79000000000002,180.88
sky130_fd_sc_hd__tapvpwrvgnd_1_416,sky130_fd_sc_hd__tapvpwrvgnd_1,36.11,183.60000000000002
sky130_fd_sc_hd__tapvpwrvgnd_1_417,sky130_fd_sc_hd__tapvpwrvgnd_1,61.870000000000005,183.60000000000002
sky130_fd_sc_hd__tapvpwrvgnd_1_418,sky130_fd_sc_hd__tapvpwrvgnd_1,87.63000000000001,183.60000000000002
sky130_fd_sc_hd__tapvpwrvgnd_1_419,sky130_fd_sc_hd__tapvpwrvgnd_1,113.39,183.60000000000002
sky130_fd_sc_hd__tapvpwrvgnd_1_420,sky130_fd_sc_hd__tapvpwrvgnd_1,139.15000000000003,183.60000000000002
sky130_fd_sc_hd__tapvpwrvgnd_1_421,sky130_fd_sc_hd__tapvpwrvgnd_1,164.91000000000003,183.60000000000002
sky130_fd_sc_hd__tapvpwrvgnd_1_422,sky130_fd_sc_hd__tapvpwrvgnd_1,23.229999999999997,186.32
sky130_fd_sc_hd__tapvpwrvgnd_1_423,sky130_fd_sc_hd__tapvpwrvgnd_1,48.989999999999995,186.32
sky130_fd_sc_hd__tapvpwrvgnd_1_424,sky130_fd_sc_hd__tapvpwrvgnd_1,74.75,186.32
sky130_fd_sc_hd__tapvpwrvgnd_1_425,sky130_fd_sc_hd__tapvpwrvgnd_1,100.51,186.32
sky130_fd_sc_hd__tapvpwrvgnd_1_426,sky130_fd_sc_hd__tapvpwrvgnd_1,126.27000000000001,186.32
sky130_fd_sc_hd__tapvpwrvgnd_1_427,sky130_fd_sc_hd__tapvpwrvgnd_1,152.03000000000003,186.32
sky130_fd_sc_hd__tapvpwrvgnd_1_428,sky130_fd_sc_hd__tapvpwrvgnd_1,177.79000000000002,186.32
sky130_fd_sc_hd__tapvpwrvgnd_1_429,sky130_fd_sc_hd__tapvpwrvgnd_1,36.11,189.04000000000002
sky130_fd_sc_hd__tapvpwrvgnd_1_430,sky130_fd_sc_hd__tapvpwrvgnd_1,61.870000000000005,189.04000000000002
sky130_fd_sc_hd__tapvpwrvgnd_1_431,sky130_fd_sc_hd__tapvpwrvgnd_1,87.63000000000001,189.04000000000002
sky130_fd_sc_hd__tapvpwrvgnd_1_432,sky130_fd_sc_hd__tapvpwrvgnd_1,113.39,189.04000000000002
sky130_fd_sc_hd__tapvpwrvgnd_1_433,sky130_fd_sc_hd__tapvpwrvgnd_1,139.15000000000003,189.04000000000002
sky130_fd_sc_hd__tapvpwrvgnd_1_434,sky130_fd_sc_hd__tapvpwrvgnd_1,164.91000000000003,189.04000000000002
sky130_fd_sc_hd__tapvpwrvgnd_1_435,sky130_fd_sc_hd__tapvpwrvgnd_1,23.229999999999997,191.76
sky130_fd_sc_hd__tapvpwrvgnd_1_436,sky130_fd_sc_hd__tapvpwrvgnd_1,48.989999999999995,191.76
sky130_fd_sc_hd__tapvpwrvgnd_1_437,sky130_fd_sc_hd__tapvpwrvgnd_1,74.75,191.76
sky130_fd_sc_hd__tapvpwrvgnd_1_438,sky130_fd_sc_hd__tapvpwrvgnd_1,100.51,191.76
sky130_fd_sc_hd__tapvpwrvgnd_1_439,sky130_fd_sc_hd__tapvpwrvgnd_1,126.27000000000001,191.76
sky130_fd_sc_hd__tapvpwrvgnd_1_440,sky130_fd_sc_hd__tapvpwrvgnd_1,152.03000000000003,191.76
sky130_fd_sc_hd__tapvpwrvgnd_1_441,sky130_fd_sc_hd__tapvpwrvgnd_1,177.79000000000002,191.76
sky130_fd_sc_hd__tapvpwrvgnd_1_442,sky130_fd_sc_hd__tapvpwrvgnd_1,36.11,194.48000000000002
sky130_fd_sc_hd__tapvpwrvgnd_1_443,sky130_fd_sc_hd__tapvpwrvgnd_1,61.870000000000005,194.48000000000002
sky130_fd_sc_hd__tapvpwrvgnd_1_444,sky130_fd_sc_hd__tapvpwrvgnd_1,87.63000000000001,194.48000000000002
sky130_fd_sc_hd__tapvpwrvgnd_1_445,sky130_fd_sc_hd__tapvpwrvgnd_1,113.39,194.48000000000002
sky130_fd_sc_hd__tapvpwrvgnd_1_446,sky130_fd_sc_hd__tapvpwrvgnd_1,139.15000000000003,194.48000000000002
sky130_fd_sc_hd__tapvpwrvgnd_1_447,sky130_fd_sc_hd__tapvpwrvgnd_1,164.91000000000003,194.48000000000002
sky130_fd_sc_hd__tapvpwrvgnd_1_448,sky130_fd_sc_hd__tapvpwrvgnd_1,23.229999999999997,197.2
sky130_fd_sc_hd__tapvpwrvgnd_1_449,sky130_fd_sc_hd__tapvpwrvgnd_1,48.989999999999995,197.2
sky130_fd_sc_hd__tapvpwrvgnd_1_450,sky130_fd_sc_hd__tapvpwrvgnd_1,74.75,197.2
sky130_fd_sc_hd__tapvpwrvgnd_1_451,sky130_fd_sc_hd__tapvpwrvgnd_1,100.51,197.2
sky130_fd_sc_hd__tapvpwrvgnd_1_452,sky130_fd_sc_hd__tapvpwrvgnd_1,126.27000000000001,197.2
sky130_fd_sc_hd__tapvpwrvgnd_1_453,sky130_fd_sc_hd__tapvpwrvgnd_1,152.03000000000003,197.2
sky130_fd_sc_hd__tapvpwrvgnd_1_454,sky130_fd_sc_hd__tapvpwrvgnd_1,177.79000000000002,197.2
sky130_fd_sc_hd__tapvpwrvgnd_1_455,sky130_fd_sc_hd__tapvpwrvgnd_1,36.11,199.92000000000002
sky130_fd_sc_hd__tapvpwrvgnd_1_456,sky130_fd_sc_hd__tapvpwrvgnd_1,61.870000000000005,199.92000000000002
sky130_fd_sc_hd__tapvpwrvgnd_1_457,sky130_fd_sc_hd__tapvpwrvgnd_1,87.63000000000001,199.92000000000002
sky130_fd_sc_hd__tapvpwrvgnd_1_458,sky130_fd_sc_hd__tapvpwrvgnd_1,113.39,199.92000000000002
sky130_fd_sc_hd__tapvpwrvgnd_1_459,sky130_fd_sc_hd__tapvpwrvgnd_1,139.15000000000003,199.92000000000002
sky130_fd_sc_hd__tapvpwrvgnd_1_460,sky130_fd_sc_hd__tapvpwrvgnd_1,164.91000000000003,199.92000000000002
sky130_fd_sc_hd__tapvpwrvgnd_1_461,sky130_fd_sc_hd__tapvpwrvgnd_1,23.229999999999997,202.64
sky130_fd_sc_hd__tapvpwrvgnd_1_462,sky130_fd_sc_hd__tapvpwrvgnd_1,48.989999999999995,202.64
sky130_fd_sc_hd__tapvpwrvgnd_1_463,sky130_fd_sc_hd__tapvpwrvgnd_1,74.75,202.64
sky130_fd_sc_hd__tapvpwrvgnd_1_464,sky130_fd_sc_hd__tapvpwrvgnd_1,100.51,202.64
sky130_fd_sc_hd__tapvpwrvgnd_1_465,sky130_fd_sc_hd__tapvpwrvgnd_1,126.27000000000001,202.64
sky130_fd_sc_hd__tapvpwrvgnd_1_466,sky130_fd_sc_hd__tapvpwrvgnd_1,152.03000000000003,202.64
sky130_fd_sc_hd__tapvpwrvgnd_1_467,sky130_fd_sc_hd__tapvpwrvgnd_1,177.79000000000002,202.64
sky130_fd_sc_hd__tapvpwrvgnd_1_468,sky130_fd_sc_hd__tapvpwrvgnd_1,36.11,205.36
sky130_fd_sc_hd__tapvpwrvgnd_1_469,sky130_fd_sc_hd__tapvpwrvgnd_1,61.870000000000005,205.36
sky130_fd_sc_hd__tapvpwrvgnd_1_470,sky130_fd_sc_hd__tapvpwrvgnd_1,87.63000000000001,205.36
sky130_fd_sc_hd__tapvpwrvgnd_1_471,sky130_fd_sc_hd__tapvpwrvgnd_1,113.39,205.36
sky130_fd_sc_hd__tapvpwrvgnd_1_472,sky130_fd_sc_hd__tapvpwrvgnd_1,139.15000000000003,205.36
sky130_fd_sc_hd__tapvpwrvgnd_1_473,sky130_fd_sc_hd__tapvpwrvgnd_1,164.91000000000003,205.36
sky130_fd_sc_hd__tapvpwrvgnd_1_474,sky130_fd_sc_hd__tapvpwrvgnd_1,23.229999999999997,208.07999999999998
sky130_fd_sc_hd__tapvpwrvgnd_1_475,sky130_fd_sc_hd__tapvpwrvgnd_1,48.989999999999995,208.07999999999998
sky130_fd_sc_hd__tapvpwrvgnd_1_476,sky130_fd_sc_hd__tapvpwrvgnd_1,74.75,208.07999999999998
sky130_fd_sc_hd__tapvpwrvgnd_1_477,sky130_fd_sc_hd__tapvpwrvgnd_1,100.51,208.07999999999998
sky130_fd_sc_hd__tapvpwrvgnd_1_478,sky130_fd_sc_hd__tapvpwrvgnd_1,126.27000000000001,208.07999999999998
sky130_fd_sc_hd__tapvpwrvgnd_1_479,sky130_fd_sc_hd__tapvpwrvgnd_1,152.03000000000003,208.07999999999998
sky130_fd_sc_hd__tapvpwrvgnd_1_480,sky130_fd_sc_hd__tapvpwrvgnd_1,177.79000000000002,208.07999999999998
sky130_fd_sc_hd__tapvpwrvgnd_1_481,sky130_fd_sc_hd__tapvpwrvgnd_1,36.11,210.8
sky130_fd_sc_hd__tapvpwrvgnd_1_482,sky130_fd_sc_hd__tapvpwrvgnd_1,61.870000000000005,210.8
sky130_fd_sc_hd__tapvpwrvgnd_1_483,sky130_fd_sc_hd__tapvpwrvgnd_1,87.63000000000001,210.8
sky130_fd_sc_hd__tapvpwrvgnd_1_484,sky130_fd_sc_hd__tapvpwrvgnd_1,113.39,210.8
sky130_fd_sc_hd__tapvpwrvgnd_1_485,sky130_fd_sc_hd__tapvpwrvgnd_1,139.15000000000003,210.8
sky130_fd_sc_hd__tapvpwrvgnd_1_486,sky130_fd_sc_hd__tapvpwrvgnd_1,164.91000000000003,210.8
sky130_fd_sc_hd__tapvpwrvgnd_1_487,sky130_fd_sc_hd__tapvpwrvgnd_1,23.229999999999997,213.51999999999998
sky130_fd_sc_hd__tapvpwrvgnd_1_488,sky130_fd_sc_hd__tapvpwrvgnd_1,48.989999999999995,213.51999999999998
sky130_fd_sc_hd__tapvpwrvgnd_1_489,sky130_fd_sc_hd__tapvpwrvgnd_1,74.75,213.51999999999998
sky130_fd_sc_hd__tapvpwrvgnd_1_490,sky130_fd_sc_hd__tapvpwrvgnd_1,100.51,213.51999999999998
sky130_fd_sc_hd__tapvpwrvgnd_1_491,sky130_fd_sc_hd__tapvpwrvgnd_1,126.27000000000001,213.51999999999998
sky130_fd_sc_hd__tapvpwrvgnd_1_492,sky130_fd_sc_hd__tapvpwrvgnd_1,152.03000000000003,213.51999999999998
sky130_fd_sc_hd__tapvpwrvgnd_1_493,sky130_fd_sc_hd__tapvpwrvgnd_1,177.79000000000002,213.51999999999998
sky130_fd_sc_hd__tapvpwrvgnd_1_494,sky130_fd_sc_hd__tapvpwrvgnd_1,36.11,216.24
sky130_fd_sc_hd__tapvpwrvgnd_1_495,sky130_fd_sc_hd__tapvpwrvgnd_1,61.870000000000005,216.24
sky130_fd_sc_hd__tapvpwrvgnd_1_496,sky130_fd_sc_hd__tapvpwrvgnd_1,87.63000000000001,216.24
sky130_fd_sc_hd__tapvpwrvgnd_1_497,sky130_fd_sc_hd__tapvpwrvgnd_1,113.39,216.24
sky130_fd_sc_hd__tapvpwrvgnd_1_498,sky130_fd_sc_hd__tapvpwrvgnd_1,139.15000000000003,216.24
sky130_fd_sc_hd__tapvpwrvgnd_1_499,sky130_fd_sc_hd__tapvpwrvgnd_1,164.91000000000003,216.24
sky130_fd_sc_hd__tapvpwrvgnd_1_500,sky130_fd_sc_hd__tapvpwrvgnd_1,23.229999999999997,218.95999999999998
sky130_fd_sc_hd__tapvpwrvgnd_1_501,sky130_fd_sc_hd__tapvpwrvgnd_1,48.989999999999995,218.95999999999998
sky130_fd_sc_hd__tapvpwrvgnd_1_502,sky130_fd_sc_hd__tapvpwrvgnd_1,74.75,218.95999999999998
sky130_fd_sc_hd__tapvpwrvgnd_1_503,sky130_fd_sc_hd__tapvpwrvgnd_1,100.51,218.95999999999998
sky130_fd_sc_hd__tapvpwrvgnd_1_504,sky130_fd_sc_hd__tapvpwrvgnd_1,126.27000000000001,218.95999999999998
sky130_fd_sc_hd__tapvpwrvgnd_1_505,sky130_fd_sc_hd__tapvpwrvgnd_1,152.03000000000003,218.95999999999998
sky130_fd_sc_hd__tapvpwrvgnd_1_506,sky130_fd_sc_hd__tapvpwrvgnd_1,177.79000000000002,218.95999999999998
sky130_fd_sc_hd__tapvpwrvgnd_1_507,sky130_fd_sc_hd__tapvpwrvgnd_1,36.11,221.68
sky130_fd_sc_hd__tapvpwrvgnd_1_508,sky130_fd_sc_hd__tapvpwrvgnd_1,61.870000000000005,221.68
sky130_fd_sc_hd__tapvpwrvgnd_1_509,sky130_fd_sc_hd__tapvpwrvgnd_1,87.63000000000001,221.68
sky130_fd_sc_hd__tapvpwrvgnd_1_510,sky130_fd_sc_hd__tapvpwrvgnd_1,113.39,221.68
sky130_fd_sc_hd__tapvpwrvgnd_1_511,sky130_fd_sc_hd__tapvpwrvgnd_1,139.15000000000003,221.68
sky130_fd_sc_hd__tapvpwrvgnd_1_512,sky130_fd_sc_hd__tapvpwrvgnd_1,164.91000000000003,221.68
sky130_fd_sc_hd__tapvpwrvgnd_1_513,sky130_fd_sc_hd__tapvpwrvgnd_1,23.229999999999997,224.39999999999998
sky130_fd_sc_hd__tapvpwrvgnd_1_514,sky130_fd_sc_hd__tapvpwrvgnd_1,48.989999999999995,224.39999999999998
sky130_fd_sc_hd__tapvpwrvgnd_1_515,sky130_fd_sc_hd__tapvpwrvgnd_1,74.75,224.39999999999998
sky130_fd_sc_hd__tapvpwrvgnd_1_516,sky130_fd_sc_hd__tapvpwrvgnd_1,100.51,224.39999999999998
sky130_fd_sc_hd__tapvpwrvgnd_1_517,sky130_fd_sc_hd__tapvpwrvgnd_1,126.27000000000001,224.39999999999998
sky130_fd_sc_hd__tapvpwrvgnd_1_518,sky130_fd_sc_hd__tapvpwrvgnd_1,152.03000000000003,224.39999999999998
sky130_fd_sc_hd__tapvpwrvgnd_1_519,sky130_fd_sc_hd__tapvpwrvgnd_1,177.79000000000002,224.39999999999998
sky130_fd_sc_hd__tapvpwrvgnd_1_520,sky130_fd_sc_hd__tapvpwrvgnd_1,36.11,227.12
sky130_fd_sc_hd__tapvpwrvgnd_1_521,sky130_fd_sc_hd__tapvpwrvgnd_1,61.870000000000005,227.12
sky130_fd_sc_hd__tapvpwrvgnd_1_522,sky130_fd_sc_hd__tapvpwrvgnd_1,87.63000000000001,227.12
sky130_fd_sc_hd__tapvpwrvgnd_1_523,sky130_fd_sc_hd__tapvpwrvgnd_1,113.39,227.12
sky130_fd_sc_hd__tapvpwrvgnd_1_524,sky130_fd_sc_hd__tapvpwrvgnd_1,139.15000000000003,227.12
sky130_fd_sc_hd__tapvpwrvgnd_1_525,sky130_fd_sc_hd__tapvpwrvgnd_1,164.91000000000003,227.12
sky130_fd_sc_hd__tapvpwrvgnd_1_526,sky130_fd_sc_hd__tapvpwrvgnd_1,23.229999999999997,229.84000000000003
sky130_fd_sc_hd__tapvpwrvgnd_1_527,sky130_fd_sc_hd__tapvpwrvgnd_1,48.989999999999995,229.84000000000003
sky130_fd_sc_hd__tapvpwrvgnd_1_528,sky130_fd_sc_hd__tapvpwrvgnd_1,74.75,229.84000000000003
sky130_fd_sc_hd__tapvpwrvgnd_1_529,sky130_fd_sc_hd__tapvpwrvgnd_1,100.51,229.84000000000003
sky130_fd_sc_hd__tapvpwrvgnd_1_530,sky130_fd_sc_hd__tapvpwrvgnd_1,126.27000000000001,229.84000000000003
sky130_fd_sc_hd__tapvpwrvgnd_1_531,sky130_fd_sc_hd__tapvpwrvgnd_1,152.03000000000003,229.84000000000003
sky130_fd_sc_hd__tapvpwrvgnd_1_532,sky130_fd_sc_hd__tapvpwrvgnd_1,177.79000000000002,229.84000000000003
sky130_fd_sc_hd__tapvpwrvgnd_1_533,sky130_fd_sc_hd__tapvpwrvgnd_1,36.11,232.56
sky130_fd_sc_hd__tapvpwrvgnd_1_534,sky130_fd_sc_hd__tapvpwrvgnd_1,61.870000000000005,232.56
sky130_fd_sc_hd__tapvpwrvgnd_1_535,sky130_fd_sc_hd__tapvpwrvgnd_1,87.63000000000001,232.56
sky130_fd_sc_hd__tapvpwrvgnd_1_536,sky130_fd_sc_hd__tapvpwrvgnd_1,113.39,232.56
sky130_fd_sc_hd__tapvpwrvgnd_1_537,sky130_fd_sc_hd__tapvpwrvgnd_1,139.15000000000003,232.56
sky130_fd_sc_hd__tapvpwrvgnd_1_538,sky130_fd_sc_hd__tapvpwrvgnd_1,164.91000000000003,232.56
sky130_fd_sc_hd__tapvpwrvgnd_1_539,sky130_fd_sc_hd__tapvpwrvgnd_1,23.229999999999997,235.28000000000003
sky130_fd_sc_hd__tapvpwrvgnd_1_540,sky130_fd_sc_hd__tapvpwrvgnd_1,48.989999999999995,235.28000000000003
sky130_fd_sc_hd__tapvpwrvgnd_1_541,sky130_fd_sc_hd__tapvpwrvgnd_1,74.75,235.28000000000003
sky130_fd_sc_hd__tapvpwrvgnd_1_542,sky130_fd_sc_hd__tapvpwrvgnd_1,100.51,235.28000000000003
sky130_fd_sc_hd__tapvpwrvgnd_1_543,sky130_fd_sc_hd__tapvpwrvgnd_1,126.27000000000001,235.28000000000003
sky130_fd_sc_hd__tapvpwrvgnd_1_544,sky130_fd_sc_hd__tapvpwrvgnd_1,152.03000000000003,235.28000000000003
sky130_fd_sc_hd__tapvpwrvgnd_1_545,sky130_fd_sc_hd__tapvpwrvgnd_1,177.79000000000002,235.28000000000003
sky130_fd_sc_hd__tapvpwrvgnd_1_546,sky130_fd_sc_hd__tapvpwrvgnd_1,36.11,238.0
sky130_fd_sc_hd__tapvpwrvgnd_1_547,sky130_fd_sc_hd__tapvpwrvgnd_1,61.870000000000005,238.0
sky130_fd_sc_hd__tapvpwrvgnd_1_548,sky130_fd_sc_hd__tapvpwrvgnd_1,87.63000000000001,238.0
sky130_fd_sc_hd__tapvpwrvgnd_1_549,sky130_fd_sc_hd__tapvpwrvgnd_1,113.39,238.0
sky130_fd_sc_hd__tapvpwrvgnd_1_550,sky130_fd_sc_hd__tapvpwrvgnd_1,139.15000000000003,238.0
sky130_fd_sc_hd__tapvpwrvgnd_1_551,sky130_fd_sc_hd__tapvpwrvgnd_1,164.91000000000003,238.0
sky130_fd_sc_hd__tapvpwrvgnd_1_552,sky130_fd_sc_hd__tapvpwrvgnd_1,23.229999999999997,240.72000000000003
sky130_fd_sc_hd__tapvpwrvgnd_1_553,sky130_fd_sc_hd__tapvpwrvgnd_1,48.989999999999995,240.72000000000003
sky130_fd_sc_hd__tapvpwrvgnd_1_554,sky130_fd_sc_hd__tapvpwrvgnd_1,74.75,240.72000000000003
sky130_fd_sc_hd__tapvpwrvgnd_1_555,sky130_fd_sc_hd__tapvpwrvgnd_1,100.51,240.72000000000003
sky130_fd_sc_hd__tapvpwrvgnd_1_556,sky130_fd_sc_hd__tapvpwrvgnd_1,126.27000000000001,240.72000000000003
sky130_fd_sc_hd__tapvpwrvgnd_1_557,sky130_fd_sc_hd__tapvpwrvgnd_1,152.03000000000003,240.72000000000003
sky130_fd_sc_hd__tapvpwrvgnd_1_558,sky130_fd_sc_hd__tapvpwrvgnd_1,177.79000000000002,240.72000000000003
sky130_fd_sc_hd__tapvpwrvgnd_1_559,sky130_fd_sc_hd__tapvpwrvgnd_1,36.11,243.44
sky130_fd_sc_hd__tapvpwrvgnd_1_560,sky130_fd_sc_hd__tapvpwrvgnd_1,61.870000000000005,243.44
sky130_fd_sc_hd__tapvpwrvgnd_1_561,sky130_fd_sc_hd__tapvpwrvgnd_1,87.63000000000001,243.44
sky130_fd_sc_hd__tapvpwrvgnd_1_562,sky130_fd_sc_hd__tapvpwrvgnd_1,113.39,243.44
sky130_fd_sc_hd__tapvpwrvgnd_1_563,sky130_fd_sc_hd__tapvpwrvgnd_1,139.15000000000003,243.44
sky130_fd_sc_hd__tapvpwrvgnd_1_564,sky130_fd_sc_hd__tapvpwrvgnd_1,164.91000000000003,243.44
sky130_fd_sc_hd__tapvpwrvgnd_1_565,sky130_fd_sc_hd__tapvpwrvgnd_1,23.229999999999997,246.16000000000003
sky130_fd_sc_hd__tapvpwrvgnd_1_566,sky130_fd_sc_hd__tapvpwrvgnd_1,48.989999999999995,246.16000000000003
sky130_fd_sc_hd__tapvpwrvgnd_1_567,sky130_fd_sc_hd__tapvpwrvgnd_1,74.75,246.16000000000003
sky130_fd_sc_hd__tapvpwrvgnd_1_568,sky130_fd_sc_hd__tapvpwrvgnd_1,100.51,246.16000000000003
sky130_fd_sc_hd__tapvpwrvgnd_1_569,sky130_fd_sc_hd__tapvpwrvgnd_1,126.27000000000001,246.16000000000003
sky130_fd_sc_hd__tapvpwrvgnd_1_570,sky130_fd_sc_hd__tapvpwrvgnd_1,152.03000000000003,246.16000000000003
sky130_fd_sc_hd__tapvpwrvgnd_1_571,sky130_fd_sc_hd__tapvpwrvgnd_1,177.79000000000002,246.16000000000003
sky130_fd_sc_hd__tapvpwrvgnd_1_572,sky130_fd_sc_hd__tapvpwrvgnd_1,36.11,248.88
sky130_fd_sc_hd__tapvpwrvgnd_1_573,sky130_fd_sc_hd__tapvpwrvgnd_1,61.870000000000005,248.88
sky130_fd_sc_hd__tapvpwrvgnd_1_574,sky130_fd_sc_hd__tapvpwrvgnd_1,87.63000000000001,248.88
sky130_fd_sc_hd__tapvpwrvgnd_1_575,sky130_fd_sc_hd__tapvpwrvgnd_1,113.39,248.88
sky130_fd_sc_hd__tapvpwrvgnd_1_576,sky130_fd_sc_hd__tapvpwrvgnd_1,139.15000000000003,248.88
sky130_fd_sc_hd__tapvpwrvgnd_1_577,sky130_fd_sc_hd__tapvpwrvgnd_1,164.91000000000003,248.88
sky130_fd_sc_hd__tapvpwrvgnd_1_578,sky130_fd_sc_hd__tapvpwrvgnd_1,23.229999999999997,251.60000000000002
sky130_fd_sc_hd__tapvpwrvgnd_1_579,sky130_fd_sc_hd__tapvpwrvgnd_1,48.989999999999995,251.60000000000002
sky130_fd_sc_hd__tapvpwrvgnd_1_580,sky130_fd_sc_hd__tapvpwrvgnd_1,74.75,251.60000000000002
sky130_fd_sc_hd__tapvpwrvgnd_1_581,sky130_fd_sc_hd__tapvpwrvgnd_1,100.51,251.60000000000002
sky130_fd_sc_hd__tapvpwrvgnd_1_582,sky130_fd_sc_hd__tapvpwrvgnd_1,126.27000000000001,251.60000000000002
sky130_fd_sc_hd__tapvpwrvgnd_1_583,sky130_fd_sc_hd__tapvpwrvgnd_1,152.03000000000003,251.60000000000002
sky130_fd_sc_hd__tapvpwrvgnd_1_584,sky130_fd_sc_hd__tapvpwrvgnd_1,177.79000000000002,251.60000000000002
sky130_fd_sc_hd__tapvpwrvgnd_1_585,sky130_fd_sc_hd__tapvpwrvgnd_1,36.11,254.32
sky130_fd_sc_hd__tapvpwrvgnd_1_586,sky130_fd_sc_hd__tapvpwrvgnd_1,61.870000000000005,254.32
sky130_fd_sc_hd__tapvpwrvgnd_1_587,sky130_fd_sc_hd__tapvpwrvgnd_1,87.63000000000001,254.32
sky130_fd_sc_hd__tapvpwrvgnd_1_588,sky130_fd_sc_hd__tapvpwrvgnd_1,113.39,254.32
sky130_fd_sc_hd__tapvpwrvgnd_1_589,sky130_fd_sc_hd__tapvpwrvgnd_1,139.15000000000003,254.32
sky130_fd_sc_hd__tapvpwrvgnd_1_590,sky130_fd_sc_hd__tapvpwrvgnd_1,164.91000000000003,254.32
sky130_fd_sc_hd__tapvpwrvgnd_1_591,sky130_fd_sc_hd__tapvpwrvgnd_1,23.229999999999997,257.03999999999996
sky130_fd_sc_hd__tapvpwrvgnd_1_592,sky130_fd_sc_hd__tapvpwrvgnd_1,48.989999999999995,257.03999999999996
sky130_fd_sc_hd__tapvpwrvgnd_1_593,sky130_fd_sc_hd__tapvpwrvgnd_1,74.75,257.03999999999996
sky130_fd_sc_hd__tapvpwrvgnd_1_594,sky130_fd_sc_hd__tapvpwrvgnd_1,100.51,257.03999999999996
sky130_fd_sc_hd__tapvpwrvgnd_1_595,sky130_fd_sc_hd__tapvpwrvgnd_1,126.27000000000001,257.03999999999996
sky130_fd_sc_hd__tapvpwrvgnd_1_596,sky130_fd_sc_hd__tapvpwrvgnd_1,152.03000000000003,257.03999999999996
sky130_fd_sc_hd__tapvpwrvgnd_1_597,sky130_fd_sc_hd__tapvpwrvgnd_1,177.79000000000002,257.03999999999996
sky130_fd_sc_hd__tapvpwrvgnd_1_598,sky130_fd_sc_hd__tapvpwrvgnd_1,36.11,259.76
sky130_fd_sc_hd__tapvpwrvgnd_1_599,sky130_fd_sc_hd__tapvpwrvgnd_1,61.870000000000005,259.76
sky130_fd_sc_hd__tapvpwrvgnd_1_600,sky130_fd_sc_hd__tapvpwrvgnd_1,87.63000000000001,259.76
sky130_fd_sc_hd__tapvpwrvgnd_1_601,sky130_fd_sc_hd__tapvpwrvgnd_1,113.39,259.76
sky130_fd_sc_hd__tapvpwrvgnd_1_602,sky130_fd_sc_hd__tapvpwrvgnd_1,139.15000000000003,259.76
sky130_fd_sc_hd__tapvpwrvgnd_1_603,sky130_fd_sc_hd__tapvpwrvgnd_1,164.91000000000003,259.76
sky130_fd_sc_hd__tapvpwrvgnd_1_604,sky130_fd_sc_hd__tapvpwrvgnd_1,23.229999999999997,262.48
sky130_fd_sc_hd__tapvpwrvgnd_1_605,sky130_fd_sc_hd__tapvpwrvgnd_1,48.989999999999995,262.48
sky130_fd_sc_hd__tapvpwrvgnd_1_606,sky130_fd_sc_hd__tapvpwrvgnd_1,74.75,262.48
sky130_fd_sc_hd__tapvpwrvgnd_1_607,sky130_fd_sc_hd__tapvpwrvgnd_1,100.51,262.48
sky130_fd_sc_hd__tapvpwrvgnd_1_608,sky130_fd_sc_hd__tapvpwrvgnd_1,126.27000000000001,262.48
sky130_fd_sc_hd__tapvpwrvgnd_1_609,sky130_fd_sc_hd__tapvpwrvgnd_1,152.03000000000003,262.48
sky130_fd_sc_hd__tapvpwrvgnd_1_610,sky130_fd_sc_hd__tapvpwrvgnd_1,177.79000000000002,262.48
sky130_fd_sc_hd__tapvpwrvgnd_1_611,sky130_fd_sc_hd__tapvpwrvgnd_1,36.11,265.20000000000005
sky130_fd_sc_hd__tapvpwrvgnd_1_612,sky130_fd_sc_hd__tapvpwrvgnd_1,61.870000000000005,265.20000000000005
sky130_fd_sc_hd__tapvpwrvgnd_1_613,sky130_fd_sc_hd__tapvpwrvgnd_1,87.63000000000001,265.20000000000005
sky130_fd_sc_hd__tapvpwrvgnd_1_614,sky130_fd_sc_hd__tapvpwrvgnd_1,113.39,265.20000000000005
sky130_fd_sc_hd__tapvpwrvgnd_1_615,sky130_fd_sc_hd__tapvpwrvgnd_1,139.15000000000003,265.20000000000005
sky130_fd_sc_hd__tapvpwrvgnd_1_616,sky130_fd_sc_hd__tapvpwrvgnd_1,164.91000000000003,265.20000000000005
sky130_fd_sc_hd__tapvpwrvgnd_1_617,sky130_fd_sc_hd__tapvpwrvgnd_1,23.229999999999997,267.91999999999996
sky130_fd_sc_hd__tapvpwrvgnd_1_618,sky130_fd_sc_hd__tapvpwrvgnd_1,48.989999999999995,267.91999999999996
sky130_fd_sc_hd__tapvpwrvgnd_1_619,sky130_fd_sc_hd__tapvpwrvgnd_1,74.75,267.91999999999996
sky130_fd_sc_hd__tapvpwrvgnd_1_620,sky130_fd_sc_hd__tapvpwrvgnd_1,100.51,267.91999999999996
sky130_fd_sc_hd__tapvpwrvgnd_1_621,sky130_fd_sc_hd__tapvpwrvgnd_1,126.27000000000001,267.91999999999996
sky130_fd_sc_hd__tapvpwrvgnd_1_622,sky130_fd_sc_hd__tapvpwrvgnd_1,152.03000000000003,267.91999999999996
sky130_fd_sc_hd__tapvpwrvgnd_1_623,sky130_fd_sc_hd__tapvpwrvgnd_1,177.79000000000002,267.91999999999996
sky130_fd_sc_hd__tapvpwrvgnd_1_624,sky130_fd_sc_hd__tapvpwrvgnd_1,36.11,270.64
sky130_fd_sc_hd__tapvpwrvgnd_1_625,sky130_fd_sc_hd__tapvpwrvgnd_1,61.870000000000005,270.64
sky130_fd_sc_hd__tapvpwrvgnd_1_626,sky130_fd_sc_hd__tapvpwrvgnd_1,87.63000000000001,270.64
sky130_fd_sc_hd__tapvpwrvgnd_1_627,sky130_fd_sc_hd__tapvpwrvgnd_1,113.39,270.64
sky130_fd_sc_hd__tapvpwrvgnd_1_628,sky130_fd_sc_hd__tapvpwrvgnd_1,139.15000000000003,270.64
sky130_fd_sc_hd__tapvpwrvgnd_1_629,sky130_fd_sc_hd__tapvpwrvgnd_1,164.91000000000003,270.64
sky130_fd_sc_hd__tapvpwrvgnd_1_630,sky130_fd_sc_hd__tapvpwrvgnd_1,23.229999999999997,273.36
sky130_fd_sc_hd__tapvpwrvgnd_1_631,sky130_fd_sc_hd__tapvpwrvgnd_1,48.989999999999995,273.36
sky130_fd_sc_hd__tapvpwrvgnd_1_632,sky130_fd_sc_hd__tapvpwrvgnd_1,74.75,273.36
sky130_fd_sc_hd__tapvpwrvgnd_1_633,sky130_fd_sc_hd__tapvpwrvgnd_1,100.51,273.36
sky130_fd_sc_hd__tapvpwrvgnd_1_634,sky130_fd_sc_hd__tapvpwrvgnd_1,126.27000000000001,273.36
sky130_fd_sc_hd__tapvpwrvgnd_1_635,sky130_fd_sc_hd__tapvpwrvgnd_1,152.03000000000003,273.36
sky130_fd_sc_hd__tapvpwrvgnd_1_636,sky130_fd_sc_hd__tapvpwrvgnd_1,177.79000000000002,273.36
sky130_fd_sc_hd__tapvpwrvgnd_1_637,sky130_fd_sc_hd__tapvpwrvgnd_1,36.11,276.08000000000004
sky130_fd_sc_hd__tapvpwrvgnd_1_638,sky130_fd_sc_hd__tapvpwrvgnd_1,61.870000000000005,276.08000000000004
sky130_fd_sc_hd__tapvpwrvgnd_1_639,sky130_fd_sc_hd__tapvpwrvgnd_1,87.63000000000001,276.08000000000004
sky130_fd_sc_hd__tapvpwrvgnd_1_640,sky130_fd_sc_hd__tapvpwrvgnd_1,113.39,276.08000000000004
sky130_fd_sc_hd__tapvpwrvgnd_1_641,sky130_fd_sc_hd__tapvpwrvgnd_1,139.15000000000003,276.08000000000004
sky130_fd_sc_hd__tapvpwrvgnd_1_642,sky130_fd_sc_hd__tapvpwrvgnd_1,164.91000000000003,276.08000000000004
sky130_fd_sc_hd__tapvpwrvgnd_1_643,sky130_fd_sc_hd__tapvpwrvgnd_1,23.229999999999997,278.79999999999995
sky130_fd_sc_hd__tapvpwrvgnd_1_644,sky130_fd_sc_hd__tapvpwrvgnd_1,48.989999999999995,278.79999999999995
sky130_fd_sc_hd__tapvpwrvgnd_1_645,sky130_fd_sc_hd__tapvpwrvgnd_1,74.75,278.79999999999995
sky130_fd_sc_hd__tapvpwrvgnd_1_646,sky130_fd_sc_hd__tapvpwrvgnd_1,100.51,278.79999999999995
sky130_fd_sc_hd__tapvpwrvgnd_1_647,sky130_fd_sc_hd__tapvpwrvgnd_1,126.27000000000001,278.79999999999995
sky130_fd_sc_hd__tapvpwrvgnd_1_648,sky130_fd_sc_hd__tapvpwrvgnd_1,152.03000000000003,278.79999999999995
sky130_fd_sc_hd__tapvpwrvgnd_1_649,sky130_fd_sc_hd__tapvpwrvgnd_1,177.79000000000002,278.79999999999995
sky130_fd_sc_hd__tapvpwrvgnd_1_650,sky130_fd_sc_hd__tapvpwrvgnd_1,36.11,281.52
sky130_fd_sc_hd__tapvpwrvgnd_1_651,sky130_fd_sc_hd__tapvpwrvgnd_1,61.870000000000005,281.52
sky130_fd_sc_hd__tapvpwrvgnd_1_652,sky130_fd_sc_hd__tapvpwrvgnd_1,87.63000000000001,281.52
sky130_fd_sc_hd__tapvpwrvgnd_1_653,sky130_fd_sc_hd__tapvpwrvgnd_1,113.39,281.52
sky130_fd_sc_hd__tapvpwrvgnd_1_654,sky130_fd_sc_hd__tapvpwrvgnd_1,139.15000000000003,281.52
sky130_fd_sc_hd__tapvpwrvgnd_1_655,sky130_fd_sc_hd__tapvpwrvgnd_1,164.91000000000003,281.52
sky130_fd_sc_hd__tapvpwrvgnd_1_656,sky130_fd_sc_hd__tapvpwrvgnd_1,23.229999999999997,284.24
sky130_fd_sc_hd__tapvpwrvgnd_1_657,sky130_fd_sc_hd__tapvpwrvgnd_1,48.989999999999995,284.24
sky130_fd_sc_hd__tapvpwrvgnd_1_658,sky130_fd_sc_hd__tapvpwrvgnd_1,74.75,284.24
sky130_fd_sc_hd__tapvpwrvgnd_1_659,sky130_fd_sc_hd__tapvpwrvgnd_1,100.51,284.24
sky130_fd_sc_hd__tapvpwrvgnd_1_660,sky130_fd_sc_hd__tapvpwrvgnd_1,126.27000000000001,284.24
sky130_fd_sc_hd__tapvpwrvgnd_1_661,sky130_fd_sc_hd__tapvpwrvgnd_1,152.03000000000003,284.24
sky130_fd_sc_hd__tapvpwrvgnd_1_662,sky130_fd_sc_hd__tapvpwrvgnd_1,177.79000000000002,284.24
sky130_fd_sc_hd__tapvpwrvgnd_1_663,sky130_fd_sc_hd__tapvpwrvgnd_1,23.229999999999997,286.96000000000004
sky130_fd_sc_hd__tapvpwrvgnd_1_664,sky130_fd_sc_hd__tapvpwrvgnd_1,36.11,286.96000000000004
sky130_fd_sc_hd__tapvpwrvgnd_1_665,sky130_fd_sc_hd__tapvpwrvgnd_1,48.989999999999995,286.96000000000004
sky130_fd_sc_hd__tapvpwrvgnd_1_666,sky130_fd_sc_hd__tapvpwrvgnd_1,61.870000000000005,286.96000000000004
sky130_fd_sc_hd__tapvpwrvgnd_1_667,sky130_fd_sc_hd__tapvpwrvgnd_1,74.75,286.96000000000004
sky130_fd_sc_hd__tapvpwrvgnd_1_668,sky130_fd_sc_hd__tapvpwrvgnd_1,87.63000000000001,286.96000000000004
sky130_fd_sc_hd__tapvpwrvgnd_1_669,sky130_fd_sc_hd__tapvpwrvgnd_1,100.51,286.96000000000004
sky130_fd_sc_hd__tapvpwrvgnd_1_670,sky130_fd_sc_hd__tapvpwrvgnd_1,113.39,286.96000000000004
sky130_fd_sc_hd__tapvpwrvgnd_1_671,sky130_fd_sc_hd__tapvpwrvgnd_1,126.27000000000001,286.96000000000004
sky130_fd_sc_hd__tapvpwrvgnd_1_672,sky130_fd_sc_hd__tapvpwrvgnd_1,139.15000000000003,286.96000000000004
sky130_fd_sc_hd__tapvpwrvgnd_1_673,sky130_fd_sc_hd__tapvpwrvgnd_1,152.03000000000003,286.96000000000004
sky130_fd_sc_hd__tapvpwrvgnd_1_674,sky130_fd_sc_hd__tapvpwrvgnd_1,164.91000000000003,286.96000000000004
sky130_fd_sc_hd__tapvpwrvgnd_1_675,sky130_fd_sc_hd__tapvpwrvgnd_1,177.79000000000002,286.96000000000004
sky130_fd_sc_hd__xnor2_2_0,sky130_fd_sc_hd__xnor2_2,175.02999999999997,20.4
sky130_fd_sc_hd__xnor2_2_1,sky130_fd_sc_hd__xnor2_2,169.05,20.400000000000002
sky130_fd_sc_hd__xnor2_2_2,sky130_fd_sc_hd__xnor2_2,170.89,23.120000000000005
sky130_fd_sc_hd__xnor2_2_3,sky130_fd_sc_hd__xnor2_2,180.08999999999997,31.28
sky130_fd_sc_hd__xnor2_2_4,sky130_fd_sc_hd__xnor2_2,173.19,34.0
sky130_fd_sc_hd__xnor2_2_5,sky130_fd_sc_hd__xnor2_2,168.13,39.44
sky130_fd_sc_hd__xnor2_2_6,sky130_fd_sc_hd__xnor2_2,174.11,39.44
sky130_fd_sc_hd__xnor2_2_7,sky130_fd_sc_hd__xnor2_2,168.13,42.160000000000004
sky130_fd_sc_hd__xnor2_2_8,sky130_fd_sc_hd__xnor2_2,79.81,44.88
sky130_fd_sc_hd__xnor2_2_9,sky130_fd_sc_hd__xnor2_2,169.96999999999997,44.88
sky130_fd_sc_hd__xnor2_2_10,sky130_fd_sc_hd__xnor2_2,173.19,47.6
sky130_fd_sc_hd__xnor2_2_11,sky130_fd_sc_hd__xnor2_2,170.89,93.84
sky130_fd_sc_hd__xnor2_2_12,sky130_fd_sc_hd__xnor2_2,31.049999999999997,153.68
sky130_fd_sc_hd__xnor2_2_13,sky130_fd_sc_hd__xnor2_2,169.96999999999997,172.72000000000003
sky130_fd_sc_hd__xnor2_2_14,sky130_fd_sc_hd__xnor2_2,168.13,175.44
sky130_fd_sc_hd__xnor2_2_15,sky130_fd_sc_hd__xnor2_2,174.11,175.44
sky130_fd_sc_hd__xnor2_2_16,sky130_fd_sc_hd__xnor2_2,181.47000000000003,178.16000000000003
sky130_fd_sc_hd__xnor2_2_17,sky130_fd_sc_hd__xnor2_2,164.91000000000003,180.88
sky130_fd_sc_hd__xnor2_2_18,sky130_fd_sc_hd__xnor2_2,181.01,180.88
sky130_fd_sc_hd__xnor2_2_19,sky130_fd_sc_hd__xnor2_2,161.69,183.60000000000002
sky130_fd_sc_hd__xnor2_2_20,sky130_fd_sc_hd__xnor2_2,159.85000000000002,186.32
sky130_fd_sc_hd__xnor2_2_21,sky130_fd_sc_hd__xnor2_2,165.82999999999998,186.32
sky130_fd_sc_hd__xnor2_2_22,sky130_fd_sc_hd__xnor2_2,171.81,186.32
sky130_fd_sc_hd__xnor2_2_23,sky130_fd_sc_hd__xnor2_2,181.01,186.32
sky130_fd_sc_hd__xnor2_2_24,sky130_fd_sc_hd__xnor2_2,164.91000000000003,191.76
sky130_fd_sc_hd__xnor2_2_25,sky130_fd_sc_hd__xnor2_2,168.13,194.48000000000002
sky130_fd_sc_hd__xnor2_2_26,sky130_fd_sc_hd__xnor2_2,164.91000000000003,197.2
sky130_fd_sc_hd__xnor2_2_27,sky130_fd_sc_hd__xnor2_2,181.01,197.2
sky130_fd_sc_hd__xnor2_2_28,sky130_fd_sc_hd__xnor2_2,171.81,246.16000000000003
sky130_fd_sc_hd__xor2_2_0,sky130_fd_sc_hd__xor2_2,171.81,17.68
sky130_fd_sc_hd__xor2_2_1,sky130_fd_sc_hd__xor2_2,170.89,25.839999999999996
sky130_fd_sc_hd__xor2_2_2,sky130_fd_sc_hd__xor2_2,176.87,25.84
sky130_fd_sc_hd__xor2_2_3,sky130_fd_sc_hd__xor2_2,169.05,28.560000000000002
sky130_fd_sc_hd__xor2_2_4,sky130_fd_sc_hd__xor2_2,168.13,31.28
sky130_fd_sc_hd__xor2_2_5,sky130_fd_sc_hd__xor2_2,174.11,31.28
sky130_fd_sc_hd__xor2_2_6,sky130_fd_sc_hd__xor2_2,168.13,36.72
sky130_fd_sc_hd__xor2_2_7,sky130_fd_sc_hd__xor2_2,174.11,36.72
sky130_fd_sc_hd__xor2_2_8,sky130_fd_sc_hd__xor2_2,174.11,42.160000000000004
sky130_fd_sc_hd__xor2_2_9,sky130_fd_sc_hd__xor2_2,81.19,53.04
sky130_fd_sc_hd__xor2_2_10,sky130_fd_sc_hd__xor2_2,30.130000000000003,104.72
sky130_fd_sc_hd__xor2_2_11,sky130_fd_sc_hd__xor2_2,31.97,142.8
sky130_fd_sc_hd__xor2_2_12,sky130_fd_sc_hd__xor2_2,175.95,172.72000000000003
sky130_fd_sc_hd__xor2_2_13,sky130_fd_sc_hd__xor2_2,181.01,175.44
sky130_fd_sc_hd__xor2_2_14,sky130_fd_sc_hd__xor2_2,168.13,183.60000000000002
sky130_fd_sc_hd__xor2_2_15,sky130_fd_sc_hd__xor2_2,179.63,189.04000000000002
sky130_fd_sc_hd__xor2_2_16,sky130_fd_sc_hd__xor2_2,185.61,189.04000000000002
sky130_fd_sc_hd__xor2_2_17,sky130_fd_sc_hd__xor2_2,181.01,191.76
sky130_fd_sc_hd__xor2_2_18,sky130_fd_sc_hd__xor2_2,169.96999999999997,199.92000000000002
sky130_fd_sc_hd__xor2_2_19,sky130_fd_sc_hd__xor2_2,173.19,202.64
sky130_fd_sc_hd__xor2_2_20,sky130_fd_sc_hd__xor2_2,174.11,205.36
