label,mode,cyc,I,enable,op_and3_B,AN_and3_B,B_and3_B,Y_and3_B,op_slot_0_A,AN_slot_0_A,B_slot_0_A,Y_slot_0_A,op_slot_1_B,AN_slot_1_B,B_slot_1_B,Y_slot_1_B,op_slot_0_D,AN_slot_0_D,B_slot_0_D,Y_slot_0_D
t03_and3_B_k1,0,0,0,1,1,0,1,0,1,0,1,0,1,0,1,0,1,0,1,0
t03_and3_B_k1,0,1,0,1,1,0,1,0,1,0,1,0,1,0,1,0,1,0,1,0
t03_and3_B_k1,0,2,0,1,1,0,1,0,1,0,1,0,1,0,1,0,1,0,1,0
t03_and3_B_k1,0,3,0,1,1,0,1,0,1,0,1,0,1,0,1,0,1,0,1,0
t03_and3_B_k1,0,4,0,1,1,0,1,0,1,0,1,0,1,0,1,0,1,0,1,0
t03_and3_B_k1,0,5,1,1,0,0,1,0,1,0,1,0,1,0,1,0,1,0,1,0
t03_and3_B_k1,0,6,0,1,0,0,0,0,1,0,1,0,1,0,1,0,1,0,1,0
t03_and3_B_k1,0,7,0,1,1,0,0,0,1,0,1,0,1,0,1,0,1,0,1,0
t03_and3_B_k1,0,8,0,1,1,0,0,0,1,0,1,0,0,0,1,0,1,0,1,0
t03_and3_B_k1,0,9,0,1,1,0,0,0,1,0,1,0,0,0,1,0,1,0,1,0
t03_and3_B_k1,0,10,0,1,1,0,0,0,1,0,1,0,1,0,1,0,1,0,1,0
t03_and3_B_k1,0,11,0,1,1,0,0,0,1,0,1,0,1,0,1,0,1,0,1,0
t03_and3_B_k1,0,12,0,1,1,0,0,0,1,0,1,0,1,0,1,0,1,0,1,0
t03_and3_B_k1,0,13,0,1,1,0,0,0,1,0,1,0,1,0,1,0,1,0,1,0
t03_and3_B_k1,0,14,0,1,1,0,0,0,1,0,1,0,1,0,1,0,1,0,1,0
t03_and3_B_k1,0,15,0,1,1,0,0,0,1,0,1,0,1,0,1,0,1,0,1,0
t03_and3_B_k1,0,16,0,1,0,0,0,0,1,0,1,0,1,0,1,0,1,0,1,0
t03_and3_B_k1,0,17,0,1,1,0,0,0,1,0,1,0,1,0,1,0,1,0,1,0
t03_and3_B_k1,0,18,0,1,1,0,0,0,1,0,1,0,1,0,1,0,1,0,1,0
t03_and3_B_k1,0,19,0,1,1,0,0,0,1,0,1,0,0,0,1,0,1,0,1,0
t03_and3_B_k1,0,20,0,1,1,0,0,0,1,0,1,0,0,0,1,0,1,0,1,0
t03_and3_B_k1,0,21,0,1,1,0,0,0,1,0,1,0,1,0,1,0,1,0,1,0
t03_and3_B_k1,0,22,0,1,1,0,0,0,1,0,1,0,1,0,1,0,1,0,1,0
t03_and3_B_k1,0,23,0,1,1,0,0,0,1,0,1,0,1,0,1,0,1,0,1,0
t03_and3_B_k1,0,24,0,1,1,0,0,0,1,0,1,0,1,0,1,0,1,0,1,0
t03_and3_B_k1,0,25,0,1,0,0,0,0,1,0,1,0,1,0,1,0,1,0,1,0
t03_and3_B_k1,0,26,0,1,0,0,0,0,1,0,1,0,1,0,1,0,1,0,1,0
t03_and3_B_k1,0,27,0,1,0,0,0,0,1,0,1,0,1,0,1,0,1,0,1,0
t03_and3_B_k1,0,28,0,1,0,0,0,0,1,0,1,0,1,0,1,0,1,0,1,0
t03_and3_B_k1,0,29,0,1,1,0,0,0,1,0,1,0,1,0,1,0,1,0,1,0
t03_and3_B_k1,0,30,0,1,1,0,0,0,1,0,1,0,1,0,1,0,1,0,1,0
t03_and3_B_k1,0,31,0,1,1,0,0,0,1,0,1,0,0,0,1,0,1,0,1,0
t03_and3_B_k1,0,32,0,1,1,0,0,0,1,0,1,0,1,0,1,0,1,0,1,0
t03_and3_B_k1,0,33,0,1,1,0,0,0,1,0,1,0,1,0,1,0,1,0,1,0
t03_and3_B_k1,0,34,0,1,1,0,0,0,1,0,1,0,1,0,1,0,1,0,1,0
t03_and3_B_k1,0,35,0,1,1,0,0,0,1,0,1,0,1,0,1,0,1,0,1,0
t03_and3_B_k1,0,36,0,1,0,0,0,0,1,0,1,0,1,0,1,0,1,0,1,0
t03_and3_B_k1,0,37,0,1,1,0,0,0,0,0,1,0,1,0,1,0,1,0,1,0
t03_and3_B_k1,0,38,0,1,1,0,0,0,0,0,1,0,1,0,1,0,1,0,1,0
t03_and3_B_k1,0,39,0,1,1,0,0,0,0,0,1,0,1,0,1,0,1,0,1,0
t03_and3_B_k1,0,40,0,1,1,0,0,0,1,0,1,0,1,0,1,0,1,0,1,0
t03_and3_B_k1,0,41,0,1,1,0,0,0,1,0,1,0,1,0,1,0,1,0,1,0
t03_and3_B_k1,0,42,0,1,1,0,0,0,1,0,1,0,1,0,1,0,1,0,1,0
t03_and3_B_k1,0,43,0,1,1,0,0,0,1,0,1,0,1,0,1,0,1,0,1,0
t03_and3_B_k1,0,44,0,1,1,0,0,0,1,0,1,0,1,0,1,0,1,0,1,0
t03_and3_B_k1,0,45,0,1,1,0,0,0,1,0,1,0,1,0,1,0,1,0,1,0
t03_and3_B_k1,0,46,0,1,1,0,0,0,1,0,1,0,1,0,1,0,1,0,1,0
t03_and3_B_k1,0,47,0,1,0,0,0,0,1,0,1,0,1,0,1,0,1,0,1,0
t03_and3_B_k1,0,48,0,1,1,0,0,0,0,0,1,0,1,0,1,0,1,0,1,0
t03_and3_B_k1,0,49,0,1,1,0,0,0,1,0,1,0,1,0,1,0,1,0,1,0
t03_and3_B_k1,0,50,0,1,1,0,0,0,1,0,1,0,1,0,1,0,1,0,1,0
t03_and3_B_k1,0,51,0,1,1,0,0,0,1,0,1,0,1,0,1,0,1,0,1,0
t03_and3_B_k1,0,52,0,1,1,0,0,0,1,0,1,0,1,0,1,0,1,0,1,0
t03_and3_B_k1,0,53,0,1,1,0,0,0,1,0,1,0,1,0,1,0,1,0,1,0
t03_and3_B_k1,0,54,0,1,1,0,0,0,1,0,1,0,1,0,1,0,1,0,1,0
t03_and3_B_k1,0,55,0,1,1,0,0,0,1,0,1,0,1,0,1,0,1,0,1,0
t03_and3_B_k1,0,56,0,1,1,0,0,0,1,0,1,0,1,0,1,0,1,0,1,0
t03_and3_B_k1,0,57,0,1,1,0,0,0,1,0,1,0,1,0,1,0,1,0,1,0
t03_and3_B_k1,0,58,0,1,0,0,0,0,1,0,1,0,1,0,1,0,1,0,1,0
t03_and3_B_k1,0,59,0,1,1,0,0,0,0,0,1,0,1,0,1,0,1,0,1,0
t03_and3_B_k1,0,60,0,1,1,0,0,0,0,0,1,0,1,0,1,0,1,0,1,0
t03_and3_B_k1,0,61,0,1,1,0,0,0,0,0,1,0,1,0,1,0,1,0,1,0
t03_and3_B_k1,0,62,0,1,1,0,0,0,1,0,1,0,1,0,1,0,1,0,1,0
t03_and3_B_k1,0,63,0,1,1,0,0,0,1,0,1,0,1,0,1,0,0,0,1,0
t03_and3_B_k1,0,64,0,1,1,0,0,0,1,0,1,0,1,0,1,0,0,0,1,0
t03_and3_B_k1,0,65,0,1,1,0,0,0,1,0,1,0,1,0,1,0,0,0,1,0
t03_and3_B_k1,0,66,0,1,0,0,0,0,1,0,1,0,1,0,1,0,1,0,1,0
t03_and3_B_k1,0,67,0,1,0,0,0,0,1,0,1,0,1,0,1,0,1,0,1,0
t03_and3_B_k1,0,68,0,1,0,0,0,0,1,0,1,0,1,0,1,0,1,0,1,0
t03_and3_B_k1,0,69,0,1,0,0,0,0,1,0,1,0,1,0,1,0,1,0,1,0
t03_and3_B_k1,0,70,0,1,0,0,0,0,1,0,1,0,1,0,1,0,1,0,1,0
t03_and3_B_k1,0,71,0,1,0,0,0,0,1,0,1,0,1,0,1,0,1,0,1,0
t03_and3_B_k1,0,72,0,1,1,0,0,0,0,0,1,0,1,0,1,0,1,0,1,0
t03_and3_B_k1,0,73,0,1,1,0,0,0,1,0,1,0,1,0,1,0,1,0,1,0
t03_and3_B_k1,0,74,0,1,1,0,0,0,1,0,1,0,1,0,1,0,0,0,1,0
t03_and3_B_k1,0,75,0,1,1,0,0,0,1,0,1,0,1,0,1,0,1,0,1,0
t03_and3_B_k1,0,76,0,1,1,0,0,0,1,0,1,0,1,0,1,0,1,0,1,0
t03_and3_B_k1,0,77,0,1,0,0,0,0,1,0,1,0,1,0,1,0,1,0,1,0
t03_and3_B_k1,0,78,0,1,1,0,0,0,1,0,1,0,1,0,1,0,1,0,1,0
t03_and3_B_k1,0,79,0,1,1,0,0,0,1,0,1,0,1,0,1,0,1,0,1,0
t03_and3_B_k1,0,80,0,1,1,0,0,0,1,0,1,0,1,0,1,0,1,0,1,0
t03_and3_B_k1,0,81,0,1,1,0,0,0,0,0,1,0,1,0,1,0,1,0,1,0
t03_and3_B_k1,0,82,0,1,1,0,0,0,0,0,1,0,1,0,1,0,1,0,1,0
t03_and3_B_k1,0,83,0,1,1,0,0,0,0,0,1,0,1,0,1,0,1,0,1,0
t03_and3_B_k1,0,84,0,1,1,0,0,0,1,0,1,0,1,0,1,0,1,0,1,0
t03_and3_B_k1,0,85,0,1,1,0,0,0,1,0,1,0,1,0,1,0,0,0,1,0
t03_and3_B_k1,0,86,0,1,1,0,0,0,1,0,1,0,1,0,1,0,1,0,1,0
t03_and3_B_k1,0,87,0,1,1,0,0,0,1,0,1,0,1,0,1,0,1,0,1,0
t03_and3_B_k1,0,88,0,1,0,0,0,0,1,0,1,0,1,0,1,0,1,0,1,0
t03_and3_B_k1,0,89,0,1,1,0,0,0,1,0,1,0,1,0,1,0,1,0,1,0
t03_and3_B_k1,0,90,0,1,1,0,0,0,1,0,1,0,1,0,1,0,1,0,1,0
t03_and3_B_k1,0,91,0,1,1,0,0,0,1,0,1,0,1,0,1,0,1,0,1,0
t03_and3_B_k1,0,92,0,1,1,0,0,0,1,0,1,0,1,0,1,0,1,0,1,0
t03_and3_B_k1,0,93,0,1,1,0,0,0,1,0,1,0,1,0,1,0,1,0,1,0
t03_and3_B_k1,0,94,0,1,1,0,0,0,1,0,1,0,1,0,1,0,1,0,1,0
t03_and3_B_k1,0,95,0,1,1,0,0,0,1,0,1,0,1,0,1,0,1,0,1,0
t03_and3_B_k1,0,96,0,1,1,0,0,0,1,0,1,0,1,0,1,0,0,0,1,0
t03_and3_B_k1,0,97,0,1,1,0,0,0,1,0,1,0,1,0,1,0,1,0,1,0
t03_and3_B_k1,0,98,0,1,1,0,0,0,1,0,1,0,1,0,1,0,1,0,1,0
t03_and3_B_k1,0,99,0,1,0,0,0,0,1,0,1,0,1,0,1,0,1,0,1,0
t03_and3_B_k1,0,100,0,1,0,0,0,0,1,0,1,0,1,0,1,0,1,0,1,0
t03_and3_B_k1,0,101,0,1,1,0,0,0,1,0,1,0,1,0,1,0,1,0,1,0
t03_and3_B_k1,0,102,0,1,1,0,0,0,1,0,1,0,1,0,1,0,1,0,1,0
t03_and3_B_k1,0,103,0,1,1,0,0,0,1,0,1,0,1,0,1,0,1,0,1,0
t03_and3_B_k1,0,104,0,1,1,0,0,0,1,0,1,0,1,0,1,0,1,0,1,0
t03_and3_B_k1,0,105,0,1,1,0,0,0,1,0,1,0,1,0,1,0,1,0,1,0
t03_and3_B_k1,0,106,0,1,1,0,0,0,1,0,1,0,1,0,1,0,1,0,1,0
t03_and3_B_k1,0,107,0,1,1,0,0,0,1,0,1,0,1,0,1,0,0,0,1,0
t03_and3_B_k1,0,108,0,1,1,0,0,0,1,0,1,0,1,0,1,0,0,0,1,0
t03_and3_B_k1,0,109,0,1,1,0,0,0,1,0,1,0,1,0,1,0,0,0,1,0
t03_and3_B_k1,0,110,0,1,0,0,0,0,1,0,1,0,1,0,1,0,1,0,1,0
t03_and3_B_k1,0,111,0,1,1,0,0,0,1,0,1,0,1,0,1,0,1,0,1,0
t03_and3_B_k1,0,112,0,1,1,0,0,0,1,0,1,0,1,0,1,0,1,0,1,0
t03_and3_B_k1,0,113,0,1,1,0,0,0,1,0,1,0,1,0,1,0,1,0,1,0
t03_and3_B_k1,0,114,0,1,1,0,0,0,1,0,1,0,1,0,1,0,1,0,1,0
t03_and3_B_k1,0,115,0,1,1,0,0,0,1,0,1,0,1,0,1,0,1,0,1,0
t03_and3_B_k1,0,116,0,1,1,0,0,0,1,0,1,0,1,0,1,0,1,0,1,0
t03_and3_B_k1,0,117,0,1,1,0,0,0,1,0,1,0,1,0,1,0,1,0,1,0
t03_and3_B_k1,0,118,0,1,1,0,0,0,1,0,1,0,1,0,1,0,1,0,1,0
t03_and3_B_k1,0,119,0,1,1,0,0,0,1,0,1,0,1,0,1,0,1,0,1,0
t03_and3_B_k1,0,120,0,1,1,0,0,0,1,0,1,0,1,0,1,0,1,0,1,0
t03_and3_B_k2,1,0,0,1,1,0,1,0,1,0,1,0,1,0,1,0,1,0,1,0
t03_and3_B_k2,1,1,0,1,1,0,1,0,1,0,1,0,1,0,1,0,1,0,1,0
t03_and3_B_k2,1,2,0,1,1,0,1,0,1,0,1,0,1,0,1,0,1,0,1,0
t03_and3_B_k2,1,3,0,1,1,0,1,0,1,0,1,0,1,0,1,0,1,0,1,0
t03_and3_B_k2,1,4,0,1,1,0,1,0,1,0,1,0,1,0,1,0,1,0,1,0
t03_and3_B_k2,1,5,1,1,0,0,1,0,1,0,1,0,1,0,1,0,1,0,1,0
t03_and3_B_k2,1,6,1,1,0,0,0,0,1,0,1,0,1,0,1,0,1,0,1,0
t03_and3_B_k2,1,7,0,1,1,1,1,1,1,0,1,0,1,0,1,0,1,0,1,0
t03_and3_B_k2,1,8,0,1,1,1,1,1,1,0,1,0,0,0,1,0,1,0,1,0
t03_and3_B_k2,1,9,0,1,1,1,1,1,1,0,1,0,0,0,1,0,1,0,1,0
t03_and3_B_k2,1,10,0,1,1,1,1,1,1,0,1,0,1,0,1,0,1,0,1,0
t03_and3_B_k2,1,11,0,1,1,1,1,1,1,0,1,0,1,0,1,0,1,0,1,0
t03_and3_B_k2,1,12,0,1,1,1,1,1,1,0,1,0,1,0,1,0,1,0,1,0
t03_and3_B_k2,1,13,0,1,1,1,1,1,1,0,1,0,1,0,1,0,1,0,1,0
t03_and3_B_k2,1,14,0,1,1,1,1,1,1,0,1,0,1,0,1,0,1,0,1,0
t03_and3_B_k2,1,15,0,1,1,1,1,1,1,0,1,0,1,0,1,0,1,0,1,0
t03_and3_B_k2,1,16,0,1,0,1,1,1,1,0,1,0,1,0,1,0,1,0,1,0
t03_and3_B_k2,1,17,0,1,1,1,1,1,1,0,1,0,1,0,1,0,1,0,1,0
t03_and3_B_k2,1,18,0,1,1,1,1,1,1,0,1,0,1,0,1,0,1,0,1,0
t03_and3_B_k2,1,19,0,1,1,1,1,1,1,0,1,0,0,0,1,0,1,0,1,0
t03_and3_B_k2,1,20,0,1,1,1,1,1,1,0,1,0,0,0,1,0,1,0,1,0
t03_and3_B_k2,1,21,0,1,1,1,1,1,1,0,1,0,1,0,1,0,1,0,1,0
t03_and3_B_k2,1,22,0,1,1,1,1,1,1,0,1,0,1,0,1,0,1,0,1,0
t03_and3_B_k2,1,23,0,1,1,1,1,1,1,0,1,0,1,0,1,0,1,0,1,0
t03_and3_B_k2,1,24,0,1,1,1,1,1,1,0,1,0,1,0,1,0,1,0,1,0
t03_and3_B_k2,1,25,0,1,0,1,1,1,1,0,1,0,1,0,1,0,1,0,1,0
t03_and3_B_k2,1,26,0,1,0,1,1,1,1,0,1,0,1,0,1,0,1,0,1,0
t03_and3_B_k2,1,27,0,1,0,1,1,1,1,0,1,0,1,0,1,0,1,0,1,0
t03_and3_B_k2,1,28,0,1,0,1,1,1,1,0,1,0,1,0,1,0,1,0,1,0
t03_and3_B_k2,1,29,0,1,1,1,1,1,1,0,1,0,1,0,1,0,1,0,1,0
t03_and3_B_k2,1,30,0,1,1,1,1,1,1,0,1,0,1,0,1,0,1,0,1,0
t03_and3_B_k2,1,31,0,1,1,1,1,1,1,0,1,0,0,0,1,0,1,0,1,0
t03_and3_B_k2,1,32,0,1,1,1,1,1,1,0,1,0,1,0,1,0,1,0,1,0
t03_and3_B_k2,1,33,0,1,1,1,1,1,1,0,1,0,1,0,1,0,1,0,1,0
t03_and3_B_k2,1,34,0,1,1,1,1,1,1,0,1,0,1,0,1,0,1,0,1,0
t03_and3_B_k2,1,35,0,1,1,1,1,1,1,0,1,0,1,0,1,0,1,0,1,0
t03_and3_B_k2,1,36,0,1,0,1,1,1,1,0,1,0,1,0,1,0,1,0,1,0
t03_and3_B_k2,1,37,0,1,1,1,1,1,0,0,1,0,1,0,1,0,1,0,1,0
t03_and3_B_k2,1,38,0,1,1,1,1,1,0,0,1,0,1,0,1,0,1,0,1,0
t03_and3_B_k2,1,39,0,1,1,1,1,1,0,0,1,0,1,0,1,0,1,0,1,0
t03_and3_B_k2,1,40,0,1,1,1,1,1,1,0,1,0,1,0,1,0,1,0,1,0
t03_and3_B_k2,1,41,0,1,1,1,1,1,1,0,1,0,1,0,1,0,1,0,1,0
t03_and3_B_k2,1,42,0,1,1,1,1,1,1,0,1,0,1,0,1,0,1,0,1,0
t03_and3_B_k2,1,43,0,1,1,1,1,1,1,0,1,0,1,0,1,0,1,0,1,0
t03_and3_B_k2,1,44,0,1,1,1,1,1,1,0,1,0,1,0,1,0,1,0,1,0
t03_and3_B_k2,1,45,0,1,1,1,1,1,1,0,1,0,1,0,1,0,1,0,1,0
t03_and3_B_k2,1,46,0,1,1,1,1,1,1,0,1,0,1,0,1,0,1,0,1,0
t03_and3_B_k2,1,47,0,1,0,1,1,1,1,0,1,0,1,0,1,0,1,0,1,0
t03_and3_B_k2,1,48,0,1,1,1,1,1,0,0,1,0,1,0,1,0,1,0,1,0
t03_and3_B_k2,1,49,0,1,1,1,1,1,1,0,1,0,1,0,1,0,1,0,1,0
t03_and3_B_k2,1,50,0,1,1,1,1,1,1,0,1,0,1,0,1,0,1,0,1,0
t03_and3_B_k2,1,51,0,1,1,1,1,1,1,0,1,0,1,0,1,0,1,0,1,0
t03_and3_B_k2,1,52,0,1,1,1,1,1,1,0,1,0,1,0,1,0,1,0,1,0
t03_and3_B_k2,1,53,0,1,1,1,1,1,1,0,1,0,1,0,1,0,1,0,1,0
t03_and3_B_k2,1,54,0,1,1,1,1,1,1,0,1,0,1,0,1,0,1,0,1,0
t03_and3_B_k2,1,55,0,1,1,1,1,1,1,0,1,0,1,0,1,0,1,0,1,0
t03_and3_B_k2,1,56,0,1,1,1,1,1,1,0,1,0,1,0,1,0,1,0,1,0
t03_and3_B_k2,1,57,0,1,1,1,1,1,1,0,1,0,1,0,1,0,1,0,1,0
t03_and3_B_k2,1,58,0,1,0,1,1,1,1,0,1,0,1,0,1,0,1,0,1,0
t03_and3_B_k2,1,59,0,1,1,1,1,1,0,0,1,0,1,0,1,0,1,0,1,0
t03_and3_B_k2,1,60,0,1,1,1,1,1,0,0,1,0,1,0,1,0,1,0,1,0
t03_and3_B_k2,1,61,0,1,1,1,1,1,0,0,1,0,1,0,1,0,1,0,1,0
t03_and3_B_k2,1,62,0,1,1,1,1,1,1,0,1,0,1,0,1,0,1,0,1,0
t03_and3_B_k2,1,63,0,1,1,1,1,1,1,0,1,0,1,0,1,0,0,0,1,0
t03_and3_B_k2,1,64,0,1,1,1,1,1,1,0,1,0,1,0,1,0,0,0,1,0
t03_and3_B_k2,1,65,0,1,1,1,1,1,1,0,1,0,1,0,1,0,0,0,1,0
t03_and3_B_k2,1,66,0,1,0,1,1,1,1,0,1,0,1,0,1,0,1,0,1,0
t03_and3_B_k2,1,67,0,1,0,1,1,1,1,0,1,0,1,0,1,0,1,0,1,0
t03_and3_B_k2,1,68,0,1,0,1,1,1,1,0,1,0,1,0,1,0,1,0,1,0
t03_and3_B_k2,1,69,0,1,0,1,1,1,1,0,1,0,1,0,1,0,1,0,1,0
t03_and3_B_k2,1,70,0,1,0,1,1,1,1,0,1,0,1,0,1,0,1,0,1,0
t03_and3_B_k2,1,71,0,1,0,1,1,1,1,0,1,0,1,0,1,0,1,0,1,0
t03_and3_B_k2,1,72,0,1,1,1,1,1,0,0,1,0,1,0,1,0,1,0,1,0
t03_and3_B_k2,1,73,0,1,1,1,1,1,1,0,1,0,1,0,1,0,1,0,1,0
t03_and3_B_k2,1,74,0,1,1,1,1,1,1,0,1,0,1,0,1,0,0,0,1,0
t03_and3_B_k2,1,75,0,1,1,1,1,1,1,0,1,0,1,0,1,0,1,0,1,0
t03_and3_B_k2,1,76,0,1,1,1,1,1,1,0,1,0,1,0,1,0,1,0,1,0
t03_and3_B_k2,1,77,0,1,0,1,1,1,1,0,1,0,1,0,1,0,1,0,1,0
t03_and3_B_k2,1,78,0,1,1,1,1,1,1,0,1,0,1,0,1,0,1,0,1,0
t03_and3_B_k2,1,79,0,1,1,1,1,1,1,0,1,0,1,0,1,0,1,0,1,0
t03_and3_B_k2,1,80,0,1,1,1,1,1,1,0,1,0,1,0,1,0,1,0,1,0
t03_and3_B_k2,1,81,0,1,1,1,1,1,0,0,1,0,1,0,1,0,1,0,1,0
t03_and3_B_k2,1,82,0,1,1,1,1,1,0,0,1,0,1,0,1,0,1,0,1,0
t03_and3_B_k2,1,83,0,1,1,1,1,1,0,0,1,0,1,0,1,0,1,0,1,0
t03_and3_B_k2,1,84,0,1,1,1,1,1,1,0,1,0,1,0,1,0,1,0,1,0
t03_and3_B_k2,1,85,0,1,1,1,1,1,1,0,1,0,1,0,1,0,0,0,1,0
t03_and3_B_k2,1,86,0,1,1,1,1,1,1,0,1,0,1,0,1,0,1,0,1,0
t03_and3_B_k2,1,87,0,1,1,1,1,1,1,0,1,0,1,0,1,0,1,0,1,0
t03_and3_B_k2,1,88,0,1,0,1,1,1,1,0,1,0,1,0,1,0,1,0,1,0
t03_and3_B_k2,1,89,0,1,1,1,1,1,1,0,1,0,1,0,1,0,1,0,1,0
t03_and3_B_k2,1,90,0,1,1,1,1,1,1,0,1,0,1,0,1,0,1,0,1,0
t03_and3_B_k2,1,91,0,1,1,1,1,1,1,0,1,0,1,0,1,0,1,0,1,0
t03_and3_B_k2,1,92,0,1,1,1,1,1,1,0,1,0,1,0,1,0,1,0,1,0
t03_and3_B_k2,1,93,0,1,1,1,1,1,1,0,1,0,1,0,1,0,1,0,1,0
t03_and3_B_k2,1,94,0,1,1,1,1,1,1,0,1,0,1,0,1,0,1,0,1,0
t03_and3_B_k2,1,95,0,1,1,1,1,1,1,0,1,0,1,0,1,0,1,0,1,0
t03_and3_B_k2,1,96,0,1,1,1,1,1,1,0,1,0,1,0,1,0,0,0,1,0
t03_and3_B_k2,1,97,0,1,1,1,1,1,1,0,1,0,1,0,1,0,1,0,1,0
t03_and3_B_k2,1,98,0,1,1,1,1,1,1,0,1,0,1,0,1,0,1,0,1,0
t03_and3_B_k2,1,99,0,1,0,1,1,1,1,0,1,0,1,0,1,0,1,0,1,0
t03_and3_B_k2,1,100,0,1,0,1,1,1,1,0,1,0,1,0,1,0,1,0,1,0
t03_and3_B_k2,1,101,0,1,1,1,1,1,1,0,1,0,1,0,1,0,1,0,1,0
t03_and3_B_k2,1,102,0,1,1,1,1,1,1,0,1,0,1,0,1,0,1,0,1,0
t03_and3_B_k2,1,103,0,1,1,1,1,1,1,0,1,0,1,0,1,0,1,0,1,0
t03_and3_B_k2,1,104,0,1,1,1,1,1,1,0,1,0,1,0,1,0,1,0,1,0
t03_and3_B_k2,1,105,0,1,1,1,1,1,1,0,1,0,1,0,1,0,1,0,1,0
t03_and3_B_k2,1,106,0,1,1,1,1,1,1,0,1,0,1,0,1,0,1,0,1,0
t03_and3_B_k2,1,107,0,1,1,1,1,1,1,0,1,0,1,0,1,0,0,0,1,0
t03_and3_B_k2,1,108,0,1,1,1,1,1,1,0,1,0,1,0,1,0,0,0,1,0
t03_and3_B_k2,1,109,0,1,1,1,1,1,1,0,1,0,1,0,1,0,0,0,1,0
t03_and3_B_k2,1,110,0,1,0,1,1,1,1,0,1,0,1,0,1,0,1,0,1,0
t03_and3_B_k2,1,111,0,1,1,1,1,1,1,0,1,0,1,0,1,0,1,0,1,0
t03_and3_B_k2,1,112,0,1,1,1,1,1,1,0,1,0,1,0,1,0,1,0,1,0
t03_and3_B_k2,1,113,0,1,1,1,1,1,1,0,1,0,1,0,1,0,1,0,1,0
t03_and3_B_k2,1,114,0,1,1,1,1,1,1,0,1,0,1,0,1,0,1,0,1,0
t03_and3_B_k2,1,115,0,1,1,1,1,1,1,0,1,0,1,0,1,0,1,0,1,0
t03_and3_B_k2,1,116,0,1,1,1,1,1,1,0,1,0,1,0,1,0,1,0,1,0
t03_and3_B_k2,1,117,0,1,1,1,1,1,1,0,1,0,1,0,1,0,1,0,1,0
t03_and3_B_k2,1,118,0,1,1,1,1,1,1,0,1,0,1,0,1,0,1,0,1,0
t03_and3_B_k2,1,119,0,1,1,1,1,1,1,0,1,0,1,0,1,0,1,0,1,0
t03_and3_B_k2,1,120,0,1,1,1,1,1,1,0,1,0,1,0,1,0,1,0,1,0
t03_and3_B_k3,2,0,0,1,1,0,1,0,1,0,1,0,1,0,1,0,1,0,1,0
t03_and3_B_k3,2,1,0,1,1,0,1,0,1,0,1,0,1,0,1,0,1,0,1,0
t03_and3_B_k3,2,2,0,1,1,0,1,0,1,0,1,0,1,0,1,0,1,0,1,0
t03_and3_B_k3,2,3,0,1,1,0,1,0,1,0,1,0,1,0,1,0,1,0,1,0
t03_and3_B_k3,2,4,0,1,1,0,1,0,1,0,1,0,1,0,1,0,1,0,1,0
t03_and3_B_k3,2,5,1,1,0,0,1,0,1,0,1,0,1,0,1,0,1,0,1,0
t03_and3_B_k3,2,6,1,1,0,0,0,0,1,0,1,0,1,0,1,0,1,0,1,0
t03_and3_B_k3,2,7,0,1,1,1,1,1,1,0,1,0,1,0,1,0,1,0,1,0
t03_and3_B_k3,2,8,0,1,1,1,1,1,1,0,1,0,0,0,1,0,1,0,1,0
t03_and3_B_k3,2,9,0,1,1,1,1,1,1,0,1,0,0,0,1,0,1,0,1,0
t03_and3_B_k3,2,10,0,1,1,1,1,1,1,0,1,0,1,0,1,0,1,0,1,0
t03_and3_B_k3,2,11,0,1,1,1,1,1,1,0,1,0,1,0,1,0,1,0,1,0
t03_and3_B_k3,2,12,0,1,1,1,1,1,1,0,1,0,1,0,1,0,1,0,1,0
t03_and3_B_k3,2,13,0,1,1,1,1,1,1,0,1,0,1,0,1,0,1,0,1,0
t03_and3_B_k3,2,14,0,1,1,1,1,1,1,0,1,0,1,0,1,0,1,0,1,0
t03_and3_B_k3,2,15,0,1,1,1,1,1,1,0,1,0,1,0,1,0,1,0,1,0
t03_and3_B_k3,2,16,1,1,0,1,1,1,1,0,1,0,1,0,1,0,1,0,1,0
t03_and3_B_k3,2,17,0,1,1,1,0,0,1,0,1,0,1,0,1,0,1,0,1,0
t03_and3_B_k3,2,18,0,1,1,1,0,0,1,0,1,0,1,0,1,0,1,0,1,0
t03_and3_B_k3,2,19,0,1,1,1,0,0,1,0,1,0,0,0,1,0,1,0,1,0
t03_and3_B_k3,2,20,0,1,1,1,0,0,1,0,1,0,0,0,1,0,1,0,1,0
t03_and3_B_k3,2,21,0,1,1,1,0,0,1,0,1,0,1,0,1,0,1,0,1,0
t03_and3_B_k3,2,22,0,1,1,1,0,0,1,0,1,0,1,0,1,0,1,0,1,0
t03_and3_B_k3,2,23,0,1,1,1,0,0,1,0,1,0,1,0,1,0,1,0,1,0
t03_and3_B_k3,2,24,0,1,1,1,0,0,1,0,1,0,1,0,1,0,1,0,1,0
t03_and3_B_k3,2,25,0,1,0,1,0,0,1,0,1,0,1,0,1,0,1,0,1,0
t03_and3_B_k3,2,26,0,1,0,1,0,0,1,0,1,0,1,0,1,0,1,0,1,0
t03_and3_B_k3,2,27,0,1,0,1,0,0,1,0,1,0,1,0,1,0,1,0,1,0
t03_and3_B_k3,2,28,0,1,0,1,0,0,1,0,1,0,1,0,1,0,1,0,1,0
t03_and3_B_k3,2,29,0,1,1,1,0,0,1,0,1,0,1,0,1,0,1,0,1,0
t03_and3_B_k3,2,30,0,1,1,1,0,0,1,0,1,0,1,0,1,0,1,0,1,0
t03_and3_B_k3,2,31,0,1,1,1,0,0,1,0,1,0,0,0,1,0,1,0,1,0
t03_and3_B_k3,2,32,0,1,1,1,0,0,1,0,1,0,1,0,1,0,1,0,1,0
t03_and3_B_k3,2,33,0,1,1,1,0,0,1,0,1,0,1,0,1,0,1,0,1,0
t03_and3_B_k3,2,34,0,1,1,1,0,0,1,0,1,0,1,0,1,0,1,0,1,0
t03_and3_B_k3,2,35,0,1,1,1,0,0,1,0,1,0,1,0,1,0,1,0,1,0
t03_and3_B_k3,2,36,0,1,0,1,0,0,1,0,1,0,1,0,1,0,1,0,1,0
t03_and3_B_k3,2,37,0,1,1,1,0,0,0,0,1,0,1,0,1,0,1,0,1,0
t03_and3_B_k3,2,38,0,1,1,1,0,0,0,0,1,0,1,0,1,0,1,0,1,0
t03_and3_B_k3,2,39,0,1,1,1,0,0,0,0,1,0,1,0,1,0,1,0,1,0
t03_and3_B_k3,2,40,0,1,1,1,0,0,1,0,1,0,1,0,1,0,1,0,1,0
t03_and3_B_k3,2,41,0,1,1,1,0,0,1,0,1,0,1,0,1,0,1,0,1,0
t03_and3_B_k3,2,42,0,1,1,1,0,0,1,0,1,0,1,0,1,0,1,0,1,0
t03_and3_B_k3,2,43,0,1,1,1,0,0,1,0,1,0,1,0,1,0,1,0,1,0
t03_and3_B_k3,2,44,0,1,1,1,0,0,1,0,1,0,1,0,1,0,1,0,1,0
t03_and3_B_k3,2,45,0,1,1,1,0,0,1,0,1,0,1,0,1,0,1,0,1,0
t03_and3_B_k3,2,46,0,1,1,1,0,0,1,0,1,0,1,0,1,0,1,0,1,0
t03_and3_B_k3,2,47,0,1,0,1,0,0,1,0,1,0,1,0,1,0,1,0,1,0
t03_and3_B_k3,2,48,0,1,1,1,0,0,0,0,1,0,1,0,1,0,1,0,1,0
t03_and3_B_k3,2,49,0,1,1,1,0,0,1,0,1,0,1,0,1,0,1,0,1,0
t03_and3_B_k3,2,50,0,1,1,1,0,0,1,0,1,0,1,0,1,0,1,0,1,0
t03_and3_B_k3,2,51,0,1,1,1,0,0,1,0,1,0,1,0,1,0,1,0,1,0
t03_and3_B_k3,2,52,0,1,1,1,0,0,1,0,1,0,1,0,1,0,1,0,1,0
t03_and3_B_k3,2,53,0,1,1,1,0,0,1,0,1,0,1,0,1,0,1,0,1,0
t03_and3_B_k3,2,54,0,1,1,1,0,0,1,0,1,0,1,0,1,0,1,0,1,0
t03_and3_B_k3,2,55,0,1,1,1,0,0,1,0,1,0,1,0,1,0,1,0,1,0
t03_and3_B_k3,2,56,0,1,1,1,0,0,1,0,1,0,1,0,1,0,1,0,1,0
t03_and3_B_k3,2,57,0,1,1,1,0,0,1,0,1,0,1,0,1,0,1,0,1,0
t03_and3_B_k3,2,58,0,1,0,1,0,0,1,0,1,0,1,0,1,0,1,0,1,0
t03_and3_B_k3,2,59,0,1,1,1,0,0,0,0,1,0,1,0,1,0,1,0,1,0
t03_and3_B_k3,2,60,0,1,1,1,0,0,0,0,1,0,1,0,1,0,1,0,1,0
t03_and3_B_k3,2,61,0,1,1,1,0,0,0,0,1,0,1,0,1,0,1,0,1,0
t03_and3_B_k3,2,62,0,1,1,1,0,0,1,0,1,0,1,0,1,0,1,0,1,0
t03_and3_B_k3,2,63,0,1,1,1,0,0,1,0,1,0,1,0,1,0,0,0,1,0
t03_and3_B_k3,2,64,0,1,1,1,0,0,1,0,1,0,1,0,1,0,0,0,1,0
t03_and3_B_k3,2,65,0,1,1,1,0,0,1,0,1,0,1,0,1,0,0,0,1,0
t03_and3_B_k3,2,66,0,1,0,1,0,0,1,0,1,0,1,0,1,0,1,0,1,0
t03_and3_B_k3,2,67,0,1,0,1,0,0,1,0,1,0,1,0,1,0,1,0,1,0
t03_and3_B_k3,2,68,0,1,0,1,0,0,1,0,1,0,1,0,1,0,1,0,1,0
t03_and3_B_k3,2,69,0,1,0,1,0,0,1,0,1,0,1,0,1,0,1,0,1,0
t03_and3_B_k3,2,70,0,1,0,1,0,0,1,0,1,0,1,0,1,0,1,0,1,0
t03_and3_B_k3,2,71,0,1,0,1,0,0,1,0,1,0,1,0,1,0,1,0,1,0
t03_and3_B_k3,2,72,0,1,1,1,0,0,0,0,1,0,1,0,1,0,1,0,1,0
t03_and3_B_k3,2,73,0,1,1,1,0,0,1,0,1,0,1,0,1,0,1,0,1,0
t03_and3_B_k3,2,74,0,1,1,1,0,0,1,0,1,0,1,0,1,0,0,0,1,0
t03_and3_B_k3,2,75,0,1,1,1,0,0,1,0,1,0,1,0,1,0,1,0,1,0
t03_and3_B_k3,2,76,0,1,1,1,0,0,1,0,1,0,1,0,1,0,1,0,1,0
t03_and3_B_k3,2,77,0,1,0,1,0,0,1,0,1,0,1,0,1,0,1,0,1,0
t03_and3_B_k3,2,78,0,1,1,1,0,0,1,0,1,0,1,0,1,0,1,0,1,0
t03_and3_B_k3,2,79,0,1,1,1,0,0,1,0,1,0,1,0,1,0,1,0,1,0
t03_and3_B_k3,2,80,0,1,1,1,0,0,1,0,1,0,1,0,1,0,1,0,1,0
t03_and3_B_k3,2,81,0,1,1,1,0,0,0,0,1,0,1,0,1,0,1,0,1,0
t03_and3_B_k3,2,82,0,1,1,1,0,0,0,0,1,0,1,0,1,0,1,0,1,0
t03_and3_B_k3,2,83,0,1,1,1,0,0,0,0,1,0,1,0,1,0,1,0,1,0
t03_and3_B_k3,2,84,0,1,1,1,0,0,1,0,1,0,1,0,1,0,1,0,1,0
t03_and3_B_k3,2,85,0,1,1,1,0,0,1,0,1,0,1,0,1,0,0,0,1,0
t03_and3_B_k3,2,86,0,1,1,1,0,0,1,0,1,0,1,0,1,0,1,0,1,0
t03_and3_B_k3,2,87,0,1,1,1,0,0,1,0,1,0,1,0,1,0,1,0,1,0
t03_and3_B_k3,2,88,0,1,0,1,0,0,1,0,1,0,1,0,1,0,1,0,1,0
t03_and3_B_k3,2,89,0,1,1,1,0,0,1,0,1,0,1,0,1,0,1,0,1,0
t03_and3_B_k3,2,90,0,1,1,1,0,0,1,0,1,0,1,0,1,0,1,0,1,0
t03_and3_B_k3,2,91,0,1,1,1,0,0,1,0,1,0,1,0,1,0,1,0,1,0
t03_and3_B_k3,2,92,0,1,1,1,0,0,1,0,1,0,1,0,1,0,1,0,1,0
t03_and3_B_k3,2,93,0,1,1,1,0,0,1,0,1,0,1,0,1,0,1,0,1,0
t03_and3_B_k3,2,94,0,1,1,1,0,0,1,0,1,0,1,0,1,0,1,0,1,0
t03_and3_B_k3,2,95,0,1,1,1,0,0,1,0,1,0,1,0,1,0,1,0,1,0
t03_and3_B_k3,2,96,0,1,1,1,0,0,1,0,1,0,1,0,1,0,0,0,1,0
t03_and3_B_k3,2,97,0,1,1,1,0,0,1,0,1,0,1,0,1,0,1,0,1,0
t03_and3_B_k3,2,98,0,1,1,1,0,0,1,0,1,0,1,0,1,0,1,0,1,0
t03_and3_B_k3,2,99,0,1,0,1,0,0,1,0,1,0,1,0,1,0,1,0,1,0
t03_and3_B_k3,2,100,0,1,0,1,0,0,1,0,1,0,1,0,1,0,1,0,1,0
t03_and3_B_k3,2,101,0,1,1,1,0,0,1,0,1,0,1,0,1,0,1,0,1,0
t03_and3_B_k3,2,102,0,1,1,1,0,0,1,0,1,0,1,0,1,0,1,0,1,0
t03_and3_B_k3,2,103,0,1,1,1,0,0,1,0,1,0,1,0,1,0,1,0,1,0
t03_and3_B_k3,2,104,0,1,1,1,0,0,1,0,1,0,1,0,1,0,1,0,1,0
t03_and3_B_k3,2,105,0,1,1,1,0,0,1,0,1,0,1,0,1,0,1,0,1,0
t03_and3_B_k3,2,106,0,1,1,1,0,0,1,0,1,0,1,0,1,0,1,0,1,0
t03_and3_B_k3,2,107,0,1,1,1,0,0,1,0,1,0,1,0,1,0,0,0,1,0
t03_and3_B_k3,2,108,0,1,1,1,0,0,1,0,1,0,1,0,1,0,0,0,1,0
t03_and3_B_k3,2,109,0,1,1,1,0,0,1,0,1,0,1,0,1,0,0,0,1,0
t03_and3_B_k3,2,110,0,1,0,1,0,0,1,0,1,0,1,0,1,0,1,0,1,0
t03_and3_B_k3,2,111,0,1,1,1,0,0,1,0,1,0,1,0,1,0,1,0,1,0
t03_and3_B_k3,2,112,0,1,1,1,0,0,1,0,1,0,1,0,1,0,1,0,1,0
t03_and3_B_k3,2,113,0,1,1,1,0,0,1,0,1,0,1,0,1,0,1,0,1,0
t03_and3_B_k3,2,114,0,1,1,1,0,0,1,0,1,0,1,0,1,0,1,0,1,0
t03_and3_B_k3,2,115,0,1,1,1,0,0,1,0,1,0,1,0,1,0,1,0,1,0
t03_and3_B_k3,2,116,0,1,1,1,0,0,1,0,1,0,1,0,1,0,1,0,1,0
t03_and3_B_k3,2,117,0,1,1,1,0,0,1,0,1,0,1,0,1,0,1,0,1,0
t03_and3_B_k3,2,118,0,1,1,1,0,0,1,0,1,0,1,0,1,0,1,0,1,0
t03_and3_B_k3,2,119,0,1,1,1,0,0,1,0,1,0,1,0,1,0,1,0,1,0
t03_and3_B_k3,2,120,0,1,1,1,0,0,1,0,1,0,1,0,1,0,1,0,1,0
t03_and3_B_k4,3,0,0,1,1,0,1,0,1,0,1,0,1,0,1,0,1,0,1,0
t03_and3_B_k4,3,1,0,1,1,0,1,0,1,0,1,0,1,0,1,0,1,0,1,0
t03_and3_B_k4,3,2,0,1,1,0,1,0,1,0,1,0,1,0,1,0,1,0,1,0
t03_and3_B_k4,3,3,0,1,1,0,1,0,1,0,1,0,1,0,1,0,1,0,1,0
t03_and3_B_k4,3,4,0,1,1,0,1,0,1,0,1,0,1,0,1,0,1,0,1,0
t03_and3_B_k4,3,5,1,1,0,0,1,0,1,0,1,0,1,0,1,0,1,0,1,0
t03_and3_B_k4,3,6,1,1,0,0,0,0,1,0,1,0,1,0,1,0,1,0,1,0
t03_and3_B_k4,3,7,0,1,1,1,1,1,1,0,1,0,1,0,1,0,1,0,1,0
t03_and3_B_k4,3,8,0,1,1,1,1,1,1,0,1,0,0,0,1,0,1,0,1,0
t03_and3_B_k4,3,9,0,1,1,1,1,1,1,0,1,0,0,0,1,0,1,0,1,0
t03_and3_B_k4,3,10,0,1,1,1,1,1,1,0,1,0,1,0,1,0,1,0,1,0
t03_and3_B_k4,3,11,0,1,1,1,1,1,1,0,1,0,1,0,1,0,1,0,1,0
t03_and3_B_k4,3,12,0,1,1,1,1,1,1,0,1,0,1,0,1,0,1,0,1,0
t03_and3_B_k4,3,13,0,1,1,1,1,1,1,0,1,0,1,0,1,0,1,0,1,0
t03_and3_B_k4,3,14,0,1,1,1,1,1,1,0,1,0,1,0,1,0,1,0,1,0
t03_and3_B_k4,3,15,0,1,1,1,1,1,1,0,1,0,1,0,1,0,1,0,1,0
t03_and3_B_k4,3,16,1,1,0,1,1,1,1,0,1,0,1,0,1,0,1,0,1,0
t03_and3_B_k4,3,17,0,1,1,1,0,0,1,0,1,0,1,0,1,0,1,0,1,0
t03_and3_B_k4,3,18,0,1,1,1,0,0,1,0,1,0,1,0,1,0,1,0,1,0
t03_and3_B_k4,3,19,0,1,1,1,0,0,1,0,1,0,0,0,1,0,1,0,1,0
t03_and3_B_k4,3,20,0,1,1,1,0,0,1,0,1,0,0,0,1,0,1,0,1,0
t03_and3_B_k4,3,21,0,1,1,1,0,0,1,0,1,0,1,0,1,0,1,0,1,0
t03_and3_B_k4,3,22,0,1,1,1,0,0,1,0,1,0,1,0,1,0,1,0,1,0
t03_and3_B_k4,3,23,0,1,1,1,0,0,1,0,1,0,1,0,1,0,1,0,1,0
t03_and3_B_k4,3,24,0,1,1,1,0,0,1,0,1,0,1,0,1,0,1,0,1,0
t03_and3_B_k4,3,25,1,1,0,1,0,0,1,0,1,0,1,0,1,0,1,0,1,0
t03_and3_B_k4,3,26,0,1,0,1,0,0,1,0,1,0,1,0,1,0,1,0,1,0
t03_and3_B_k4,3,27,0,1,0,1,0,0,1,0,1,0,1,0,1,0,1,0,1,0
t03_and3_B_k4,3,28,0,1,0,1,0,0,1,0,1,0,1,0,1,0,1,0,1,0
t03_and3_B_k4,3,29,0,1,1,1,0,0,1,0,1,0,1,0,1,0,1,0,1,0
t03_and3_B_k4,3,30,0,1,1,1,0,0,1,0,1,0,1,0,1,0,1,0,1,0
t03_and3_B_k4,3,31,0,1,1,1,0,0,1,0,1,0,0,0,1,0,1,0,1,0
t03_and3_B_k4,3,32,0,1,1,1,0,0,1,0,1,0,1,0,1,0,1,0,1,0
t03_and3_B_k4,3,33,0,1,1,1,0,0,1,0,1,0,1,0,1,0,1,0,1,0
t03_and3_B_k4,3,34,0,1,1,1,0,0,1,0,1,0,1,0,1,0,1,0,1,0
t03_and3_B_k4,3,35,0,1,1,1,0,0,1,0,1,0,1,0,1,0,1,0,1,0
t03_and3_B_k4,3,36,0,1,0,1,0,0,1,0,1,0,1,0,1,0,1,0,1,0
t03_and3_B_k4,3,37,0,1,1,1,0,0,0,0,1,0,1,0,1,0,1,0,1,0
t03_and3_B_k4,3,38,0,1,1,1,0,0,0,0,1,0,1,0,1,0,1,0,1,0
t03_and3_B_k4,3,39,0,1,1,1,0,0,0,0,1,0,1,0,1,0,1,0,1,0
t03_and3_B_k4,3,40,0,1,1,1,0,0,1,0,1,0,1,0,1,0,1,0,1,0
t03_and3_B_k4,3,41,0,1,1,1,0,0,1,0,1,0,1,0,1,0,1,0,1,0
t03_and3_B_k4,3,42,0,1,1,1,0,0,1,0,1,0,1,0,1,0,1,0,1,0
t03_and3_B_k4,3,43,0,1,1,1,0,0,1,0,1,0,1,0,1,0,1,0,1,0
t03_and3_B_k4,3,44,0,1,1,1,0,0,1,0,1,0,1,0,1,0,1,0,1,0
t03_and3_B_k4,3,45,0,1,1,1,0,0,1,0,1,0,1,0,1,0,1,0,1,0
t03_and3_B_k4,3,46,0,1,1,1,0,0,1,0,1,0,1,0,1,0,1,0,1,0
t03_and3_B_k4,3,47,0,1,0,1,0,0,1,0,1,0,1,0,1,0,1,0,1,0
t03_and3_B_k4,3,48,0,1,1,1,0,0,0,0,1,0,1,0,1,0,1,0,1,0
t03_and3_B_k4,3,49,0,1,1,1,0,0,1,0,1,0,1,0,1,0,1,0,1,0
t03_and3_B_k4,3,50,0,1,1,1,0,0,1,0,1,0,1,0,1,0,1,0,1,0
t03_and3_B_k4,3,51,0,1,1,1,0,0,1,0,1,0,1,0,1,0,1,0,1,0
t03_and3_B_k4,3,52,0,1,1,1,0,0,1,0,1,0,1,0,1,0,1,0,1,0
t03_and3_B_k4,3,53,0,1,1,1,0,0,1,0,1,0,1,0,1,0,1,0,1,0
t03_and3_B_k4,3,54,0,1,1,1,0,0,1,0,1,0,1,0,1,0,1,0,1,0
t03_and3_B_k4,3,55,0,1,1,1,0,0,1,0,1,0,1,0,1,0,1,0,1,0
t03_and3_B_k4,3,56,0,1,1,1,0,0,1,0,1,0,1,0,1,0,1,0,1,0
t03_and3_B_k4,3,57,0,1,1,1,0,0,1,0,1,0,1,0,1,0,1,0,1,0
t03_and3_B_k4,3,58,0,1,0,1,0,0,1,0,1,0,1,0,1,0,1,0,1,0
t03_and3_B_k4,3,59,0,1,1,1,0,0,0,0,1,0,1,0,1,0,1,0,1,0
t03_and3_B_k4,3,60,0,1,1,1,0,0,0,0,1,0,1,0,1,0,1,0,1,0
t03_and3_B_k4,3,61,0,1,1,1,0,0,0,0,1,0,1,0,1,0,1,0,1,0
t03_and3_B_k4,3,62,0,1,1,1,0,0,1,0,1,0,1,0,1,0,1,0,1,0
t03_and3_B_k4,3,63,0,1,1,1,0,0,1,0,1,0,1,0,1,0,0,0,1,0
t03_and3_B_k4,3,64,0,1,1,1,0,0,1,0,1,0,1,0,1,0,0,0,1,0
t03_and3_B_k4,3,65,0,1,1,1,0,0,1,0,1,0,1,0,1,0,0,0,1,0
t03_and3_B_k4,3,66,0,1,0,1,0,0,1,0,1,0,1,0,1,0,1,0,1,0
t03_and3_B_k4,3,67,0,1,0,1,0,0,1,0,1,0,1,0,1,0,1,0,1,0
t03_and3_B_k4,3,68,0,1,0,1,0,0,1,0,1,0,1,0,1,0,1,0,1,0
t03_and3_B_k4,3,69,0,1,0,1,0,0,1,0,1,0,1,0,1,0,1,0,1,0
t03_and3_B_k4,3,70,0,1,0,1,0,0,1,0,1,0,1,0,1,0,1,0,1,0
t03_and3_B_k4,3,71,0,1,0,1,0,0,1,0,1,0,1,0,1,0,1,0,1,0
t03_and3_B_k4,3,72,0,1,1,1,0,0,0,0,1,0,1,0,1,0,1,0,1,0
t03_and3_B_k4,3,73,0,1,1,1,0,0,1,0,1,0,1,0,1,0,1,0,1,0
t03_and3_B_k4,3,74,0,1,1,1,0,0,1,0,1,0,1,0,1,0,0,0,1,0
t03_and3_B_k4,3,75,0,1,1,1,0,0,1,0,1,0,1,0,1,0,1,0,1,0
t03_and3_B_k4,3,76,0,1,1,1,0,0,1,0,1,0,1,0,1,0,1,0,1,0
t03_and3_B_k4,3,77,0,1,0,1,0,0,1,0,1,0,1,0,1,0,1,0,1,0
t03_and3_B_k4,3,78,0,1,1,1,0,0,1,0,1,0,1,0,1,0,1,0,1,0
t03_and3_B_k4,3,79,0,1,1,1,0,0,1,0,1,0,1,0,1,0,1,0,1,0
t03_and3_B_k4,3,80,0,1,1,1,0,0,1,0,1,0,1,0,1,0,1,0,1,0
t03_and3_B_k4,3,81,0,1,1,1,0,0,0,0,1,0,1,0,1,0,1,0,1,0
t03_and3_B_k4,3,82,0,1,1,1,0,0,0,0,1,0,1,0,1,0,1,0,1,0
t03_and3_B_k4,3,83,0,1,1,1,0,0,0,0,1,0,1,0,1,0,1,0,1,0
t03_and3_B_k4,3,84,0,1,1,1,0,0,1,0,1,0,1,0,1,0,1,0,1,0
t03_and3_B_k4,3,85,0,1,1,1,0,0,1,0,1,0,1,0,1,0,0,0,1,0
t03_and3_B_k4,3,86,0,1,1,1,0,0,1,0,1,0,1,0,1,0,1,0,1,0
t03_and3_B_k4,3,87,0,1,1,1,0,0,1,0,1,0,1,0,1,0,1,0,1,0
t03_and3_B_k4,3,88,0,1,0,1,0,0,1,0,1,0,1,0,1,0,1,0,1,0
t03_and3_B_k4,3,89,0,1,1,1,0,0,1,0,1,0,1,0,1,0,1,0,1,0
t03_and3_B_k4,3,90,0,1,1,1,0,0,1,0,1,0,1,0,1,0,1,0,1,0
t03_and3_B_k4,3,91,0,1,1,1,0,0,1,0,1,0,1,0,1,0,1,0,1,0
t03_and3_B_k4,3,92,0,1,1,1,0,0,1,0,1,0,1,0,1,0,1,0,1,0
t03_and3_B_k4,3,93,0,1,1,1,0,0,1,0,1,0,1,0,1,0,1,0,1,0
t03_and3_B_k4,3,94,0,1,1,1,0,0,1,0,1,0,1,0,1,0,1,0,1,0
t03_and3_B_k4,3,95,0,1,1,1,0,0,1,0,1,0,1,0,1,0,1,0,1,0
t03_and3_B_k4,3,96,0,1,1,1,0,0,1,0,1,0,1,0,1,0,0,0,1,0
t03_and3_B_k4,3,97,0,1,1,1,0,0,1,0,1,0,1,0,1,0,1,0,1,0
t03_and3_B_k4,3,98,0,1,1,1,0,0,1,0,1,0,1,0,1,0,1,0,1,0
t03_and3_B_k4,3,99,0,1,0,1,0,0,1,0,1,0,1,0,1,0,1,0,1,0
t03_and3_B_k4,3,100,0,1,0,1,0,0,1,0,1,0,1,0,1,0,1,0,1,0
t03_and3_B_k4,3,101,0,1,1,1,0,0,1,0,1,0,1,0,1,0,1,0,1,0
t03_and3_B_k4,3,102,0,1,1,1,0,0,1,0,1,0,1,0,1,0,1,0,1,0
t03_and3_B_k4,3,103,0,1,1,1,0,0,1,0,1,0,1,0,1,0,1,0,1,0
t03_and3_B_k4,3,104,0,1,1,1,0,0,1,0,1,0,1,0,1,0,1,0,1,0
t03_and3_B_k4,3,105,0,1,1,1,0,0,1,0,1,0,1,0,1,0,1,0,1,0
t03_and3_B_k4,3,106,0,1,1,1,0,0,1,0,1,0,1,0,1,0,1,0,1,0
t03_and3_B_k4,3,107,0,1,1,1,0,0,1,0,1,0,1,0,1,0,0,0,1,0
t03_and3_B_k4,3,108,0,1,1,1,0,0,1,0,1,0,1,0,1,0,0,0,1,0
t03_and3_B_k4,3,109,0,1,1,1,0,0,1,0,1,0,1,0,1,0,0,0,1,0
t03_and3_B_k4,3,110,0,1,0,1,0,0,1,0,1,0,1,0,1,0,1,0,1,0
t03_and3_B_k4,3,111,0,1,1,1,0,0,1,0,1,0,1,0,1,0,1,0,1,0
t03_and3_B_k4,3,112,0,1,1,1,0,0,1,0,1,0,1,0,1,0,1,0,1,0
t03_and3_B_k4,3,113,0,1,1,1,0,0,1,0,1,0,1,0,1,0,1,0,1,0
t03_and3_B_k4,3,114,0,1,1,1,0,0,1,0,1,0,1,0,1,0,1,0,1,0
t03_and3_B_k4,3,115,0,1,1,1,0,0,1,0,1,0,1,0,1,0,1,0,1,0
t03_and3_B_k4,3,116,0,1,1,1,0,0,1,0,1,0,1,0,1,0,1,0,1,0
t03_and3_B_k4,3,117,0,1,1,1,0,0,1,0,1,0,1,0,1,0,1,0,1,0
t03_and3_B_k4,3,118,0,1,1,1,0,0,1,0,1,0,1,0,1,0,1,0,1,0
t03_and3_B_k4,3,119,0,1,1,1,0,0,1,0,1,0,1,0,1,0,1,0,1,0
t03_and3_B_k4,3,120,0,1,1,1,0,0,1,0,1,0,1,0,1,0,1,0,1,0
t03_and3_B_k5,4,0,0,1,1,0,1,0,1,0,1,0,1,0,1,0,1,0,1,0
t03_and3_B_k5,4,1,0,1,1,0,1,0,1,0,1,0,1,0,1,0,1,0,1,0
t03_and3_B_k5,4,2,0,1,1,0,1,0,1,0,1,0,1,0,1,0,1,0,1,0
t03_and3_B_k5,4,3,0,1,1,0,1,0,1,0,1,0,1,0,1,0,1,0,1,0
t03_and3_B_k5,4,4,0,1,1,0,1,0,1,0,1,0,1,0,1,0,1,0,1,0
t03_and3_B_k5,4,5,1,1,0,0,1,0,1,0,1,0,1,0,1,0,1,0,1,0
t03_and3_B_k5,4,6,1,1,0,0,0,0,1,0,1,0,1,0,1,0,1,0,1,0
t03_and3_B_k5,4,7,0,1,1,1,1,1,1,0,1,0,1,0,1,0,1,0,1,0
t03_and3_B_k5,4,8,0,1,1,1,1,1,1,0,1,0,0,0,1,0,1,0,1,0
t03_and3_B_k5,4,9,0,1,1,1,1,1,1,0,1,0,0,0,1,0,1,0,1,0
t03_and3_B_k5,4,10,0,1,1,1,1,1,1,0,1,0,1,0,1,0,1,0,1,0
t03_and3_B_k5,4,11,0,1,1,1,1,1,1,0,1,0,1,0,1,0,1,0,1,0
t03_and3_B_k5,4,12,0,1,1,1,1,1,1,0,1,0,1,0,1,0,1,0,1,0
t03_and3_B_k5,4,13,0,1,1,1,1,1,1,0,1,0,1,0,1,0,1,0,1,0
t03_and3_B_k5,4,14,0,1,1,1,1,1,1,0,1,0,1,0,1,0,1,0,1,0
t03_and3_B_k5,4,15,0,1,1,1,1,1,1,0,1,0,1,0,1,0,1,0,1,0
t03_and3_B_k5,4,16,1,1,0,1,1,1,1,0,1,0,1,0,1,0,1,0,1,0
t03_and3_B_k5,4,17,0,1,1,1,0,0,1,0,1,0,1,0,1,0,1,0,1,0
t03_and3_B_k5,4,18,0,1,1,1,0,0,1,0,1,0,1,0,1,0,1,0,1,0
t03_and3_B_k5,4,19,0,1,1,1,0,0,1,0,1,0,0,0,1,0,1,0,1,0
t03_and3_B_k5,4,20,0,1,1,1,0,0,1,0,1,0,0,0,1,0,1,0,1,0
t03_and3_B_k5,4,21,0,1,1,1,0,0,1,0,1,0,1,0,1,0,1,0,1,0
t03_and3_B_k5,4,22,0,1,1,1,0,0,1,0,1,0,1,0,1,0,1,0,1,0
t03_and3_B_k5,4,23,0,1,1,1,0,0,1,0,1,0,1,0,1,0,1,0,1,0
t03_and3_B_k5,4,24,0,1,1,1,0,0,1,0,1,0,1,0,1,0,1,0,1,0
t03_and3_B_k5,4,25,1,1,0,1,0,0,1,0,1,0,1,0,1,0,1,0,1,0
t03_and3_B_k5,4,26,1,1,0,1,0,0,1,0,1,0,1,0,1,0,1,0,1,0
t03_and3_B_k5,4,27,0,1,0,1,0,0,1,0,1,0,1,0,1,0,1,0,1,0
t03_and3_B_k5,4,28,0,1,0,1,0,0,1,0,1,0,1,0,1,0,1,0,1,0
t03_and3_B_k5,4,29,0,1,1,1,0,0,1,0,1,0,1,0,1,0,1,0,1,0
t03_and3_B_k5,4,30,0,1,1,1,0,0,1,0,1,0,1,0,1,0,1,0,1,0
t03_and3_B_k5,4,31,0,1,1,1,0,0,1,0,1,0,0,0,1,0,1,0,1,0
t03_and3_B_k5,4,32,0,1,1,1,0,0,1,0,1,0,1,0,1,0,1,0,1,0
t03_and3_B_k5,4,33,0,1,1,1,0,0,1,0,1,0,1,0,1,0,1,0,1,0
t03_and3_B_k5,4,34,0,1,1,1,0,0,1,0,1,0,1,0,1,0,1,0,1,0
t03_and3_B_k5,4,35,0,1,1,1,0,0,1,0,1,0,1,0,1,0,1,0,1,0
t03_and3_B_k5,4,36,0,1,0,1,0,0,1,0,1,0,1,0,1,0,1,0,1,0
t03_and3_B_k5,4,37,0,1,1,1,0,0,0,0,1,0,1,0,1,0,1,0,1,0
t03_and3_B_k5,4,38,0,1,1,1,0,0,0,0,1,0,1,0,1,0,1,0,1,0
t03_and3_B_k5,4,39,0,1,1,1,0,0,0,0,1,0,1,0,1,0,1,0,1,0
t03_and3_B_k5,4,40,0,1,1,1,0,0,1,0,1,0,1,0,1,0,1,0,1,0
t03_and3_B_k5,4,41,0,1,1,1,0,0,1,0,1,0,1,0,1,0,1,0,1,0
t03_and3_B_k5,4,42,0,1,1,1,0,0,1,0,1,0,1,0,1,0,1,0,1,0
t03_and3_B_k5,4,43,0,1,1,1,0,0,1,0,1,0,1,0,1,0,1,0,1,0
t03_and3_B_k5,4,44,0,1,1,1,0,0,1,0,1,0,1,0,1,0,1,0,1,0
t03_and3_B_k5,4,45,0,1,1,1,0,0,1,0,1,0,1,0,1,0,1,0,1,0
t03_and3_B_k5,4,46,0,1,1,1,0,0,1,0,1,0,1,0,1,0,1,0,1,0
t03_and3_B_k5,4,47,0,1,0,1,0,0,1,0,1,0,1,0,1,0,1,0,1,0
t03_and3_B_k5,4,48,0,1,1,1,0,0,0,0,1,0,1,0,1,0,1,0,1,0
t03_and3_B_k5,4,49,0,1,1,1,0,0,1,0,1,0,1,0,1,0,1,0,1,0
t03_and3_B_k5,4,50,0,1,1,1,0,0,1,0,1,0,1,0,1,0,1,0,1,0
t03_and3_B_k5,4,51,0,1,1,1,0,0,1,0,1,0,1,0,1,0,1,0,1,0
t03_and3_B_k5,4,52,0,1,1,1,0,0,1,0,1,0,1,0,1,0,1,0,1,0
t03_and3_B_k5,4,53,0,1,1,1,0,0,1,0,1,0,1,0,1,0,1,0,1,0
t03_and3_B_k5,4,54,0,1,1,1,0,0,1,0,1,0,1,0,1,0,1,0,1,0
t03_and3_B_k5,4,55,0,1,1,1,0,0,1,0,1,0,1,0,1,0,1,0,1,0
t03_and3_B_k5,4,56,0,1,1,1,0,0,1,0,1,0,1,0,1,0,1,0,1,0
t03_and3_B_k5,4,57,0,1,1,1,0,0,1,0,1,0,1,0,1,0,1,0,1,0
t03_and3_B_k5,4,58,0,1,0,1,0,0,1,0,1,0,1,0,1,0,1,0,1,0
t03_and3_B_k5,4,59,0,1,1,1,0,0,0,0,1,0,1,0,1,0,1,0,1,0
t03_and3_B_k5,4,60,0,1,1,1,0,0,0,0,1,0,1,0,1,0,1,0,1,0
t03_and3_B_k5,4,61,0,1,1,1,0,0,0,0,1,0,1,0,1,0,1,0,1,0
t03_and3_B_k5,4,62,0,1,1,1,0,0,1,0,1,0,1,0,1,0,1,0,1,0
t03_and3_B_k5,4,63,0,1,1,1,0,0,1,0,1,0,1,0,1,0,0,0,1,0
t03_and3_B_k5,4,64,0,1,1,1,0,0,1,0,1,0,1,0,1,0,0,0,1,0
t03_and3_B_k5,4,65,0,1,1,1,0,0,1,0,1,0,1,0,1,0,0,0,1,0
t03_and3_B_k5,4,66,0,1,0,1,0,0,1,0,1,0,1,0,1,0,1,0,1,0
t03_and3_B_k5,4,67,0,1,0,1,0,0,1,0,1,0,1,0,1,0,1,0,1,0
t03_and3_B_k5,4,68,0,1,0,1,0,0,1,0,1,0,1,0,1,0,1,0,1,0
t03_and3_B_k5,4,69,0,1,0,1,0,0,1,0,1,0,1,0,1,0,1,0,1,0
t03_and3_B_k5,4,70,0,1,0,1,0,0,1,0,1,0,1,0,1,0,1,0,1,0
t03_and3_B_k5,4,71,0,1,0,1,0,0,1,0,1,0,1,0,1,0,1,0,1,0
t03_and3_B_k5,4,72,0,1,1,1,0,0,0,0,1,0,1,0,1,0,1,0,1,0
t03_and3_B_k5,4,73,0,1,1,1,0,0,1,0,1,0,1,0,1,0,1,0,1,0
t03_and3_B_k5,4,74,0,1,1,1,0,0,1,0,1,0,1,0,1,0,0,0,1,0
t03_and3_B_k5,4,75,0,1,1,1,0,0,1,0,1,0,1,0,1,0,1,0,1,0
t03_and3_B_k5,4,76,0,1,1,1,0,0,1,0,1,0,1,0,1,0,1,0,1,0
t03_and3_B_k5,4,77,0,1,0,1,0,0,1,0,1,0,1,0,1,0,1,0,1,0
t03_and3_B_k5,4,78,0,1,1,1,0,0,1,0,1,0,1,0,1,0,1,0,1,0
t03_and3_B_k5,4,79,0,1,1,1,0,0,1,0,1,0,1,0,1,0,1,0,1,0
t03_and3_B_k5,4,80,0,1,1,1,0,0,1,0,1,0,1,0,1,0,1,0,1,0
t03_and3_B_k5,4,81,0,1,1,1,0,0,0,0,1,0,1,0,1,0,1,0,1,0
t03_and3_B_k5,4,82,0,1,1,1,0,0,0,0,1,0,1,0,1,0,1,0,1,0
t03_and3_B_k5,4,83,0,1,1,1,0,0,0,0,1,0,1,0,1,0,1,0,1,0
t03_and3_B_k5,4,84,0,1,1,1,0,0,1,0,1,0,1,0,1,0,1,0,1,0
t03_and3_B_k5,4,85,0,1,1,1,0,0,1,0,1,0,1,0,1,0,0,0,1,0
t03_and3_B_k5,4,86,0,1,1,1,0,0,1,0,1,0,1,0,1,0,1,0,1,0
t03_and3_B_k5,4,87,0,1,1,1,0,0,1,0,1,0,1,0,1,0,1,0,1,0
t03_and3_B_k5,4,88,0,1,0,1,0,0,1,0,1,0,1,0,1,0,1,0,1,0
t03_and3_B_k5,4,89,0,1,1,1,0,0,1,0,1,0,1,0,1,0,1,0,1,0
t03_and3_B_k5,4,90,0,1,1,1,0,0,1,0,1,0,1,0,1,0,1,0,1,0
t03_and3_B_k5,4,91,0,1,1,1,0,0,1,0,1,0,1,0,1,0,1,0,1,0
t03_and3_B_k5,4,92,0,1,1,1,0,0,1,0,1,0,1,0,1,0,1,0,1,0
t03_and3_B_k5,4,93,0,1,1,1,0,0,1,0,1,0,1,0,1,0,1,0,1,0
t03_and3_B_k5,4,94,0,1,1,1,0,0,1,0,1,0,1,0,1,0,1,0,1,0
t03_and3_B_k5,4,95,0,1,1,1,0,0,1,0,1,0,1,0,1,0,1,0,1,0
t03_and3_B_k5,4,96,0,1,1,1,0,0,1,0,1,0,1,0,1,0,0,0,1,0
t03_and3_B_k5,4,97,0,1,1,1,0,0,1,0,1,0,1,0,1,0,1,0,1,0
t03_and3_B_k5,4,98,0,1,1,1,0,0,1,0,1,0,1,0,1,0,1,0,1,0
t03_and3_B_k5,4,99,0,1,0,1,0,0,1,0,1,0,1,0,1,0,1,0,1,0
t03_and3_B_k5,4,100,0,1,0,1,0,0,1,0,1,0,1,0,1,0,1,0,1,0
t03_and3_B_k5,4,101,0,1,1,1,0,0,1,0,1,0,1,0,1,0,1,0,1,0
t03_and3_B_k5,4,102,0,1,1,1,0,0,1,0,1,0,1,0,1,0,1,0,1,0
t03_and3_B_k5,4,103,0,1,1,1,0,0,1,0,1,0,1,0,1,0,1,0,1,0
t03_and3_B_k5,4,104,0,1,1,1,0,0,1,0,1,0,1,0,1,0,1,0,1,0
t03_and3_B_k5,4,105,0,1,1,1,0,0,1,0,1,0,1,0,1,0,1,0,1,0
t03_and3_B_k5,4,106,0,1,1,1,0,0,1,0,1,0,1,0,1,0,1,0,1,0
t03_and3_B_k5,4,107,0,1,1,1,0,0,1,0,1,0,1,0,1,0,0,0,1,0
t03_and3_B_k5,4,108,0,1,1,1,0,0,1,0,1,0,1,0,1,0,0,0,1,0
t03_and3_B_k5,4,109,0,1,1,1,0,0,1,0,1,0,1,0,1,0,0,0,1,0
t03_and3_B_k5,4,110,0,1,0,1,0,0,1,0,1,0,1,0,1,0,1,0,1,0
t03_and3_B_k5,4,111,0,1,1,1,0,0,1,0,1,0,1,0,1,0,1,0,1,0
t03_and3_B_k5,4,112,0,1,1,1,0,0,1,0,1,0,1,0,1,0,1,0,1,0
t03_and3_B_k5,4,113,0,1,1,1,0,0,1,0,1,0,1,0,1,0,1,0,1,0
t03_and3_B_k5,4,114,0,1,1,1,0,0,1,0,1,0,1,0,1,0,1,0,1,0
t03_and3_B_k5,4,115,0,1,1,1,0,0,1,0,1,0,1,0,1,0,1,0,1,0
t03_and3_B_k5,4,116,0,1,1,1,0,0,1,0,1,0,1,0,1,0,1,0,1,0
t03_and3_B_k5,4,117,0,1,1,1,0,0,1,0,1,0,1,0,1,0,1,0,1,0
t03_and3_B_k5,4,118,0,1,1,1,0,0,1,0,1,0,1,0,1,0,1,0,1,0
t03_and3_B_k5,4,119,0,1,1,1,0,0,1,0,1,0,1,0,1,0,1,0,1,0
t03_and3_B_k5,4,120,0,1,1,1,0,0,1,0,1,0,1,0,1,0,1,0,1,0
t03_slot_0_A_k1,5,0,0,1,1,0,1,0,1,0,1,0,1,0,1,0,1,0,1,0
t03_slot_0_A_k1,5,1,0,1,1,0,1,0,1,0,1,0,1,0,1,0,1,0,1,0
t03_slot_0_A_k1,5,2,0,1,1,0,1,0,1,0,1,0,1,0,1,0,1,0,1,0
t03_slot_0_A_k1,5,3,0,1,1,0,1,0,1,0,1,0,1,0,1,0,1,0,1,0
t03_slot_0_A_k1,5,4,0,1,1,0,1,0,1,0,1,0,1,0,1,0,1,0,1,0
t03_slot_0_A_k1,5,5,0,1,0,0,1,0,1,0,1,0,1,0,1,0,1,0,1,0
t03_slot_0_A_k1,5,6,0,1,0,0,1,0,1,0,1,0,1,0,1,0,1,0,1,0
t03_slot_0_A_k1,5,7,0,1,1,0,1,0,1,0,1,0,1,0,1,0,1,0,1,0
t03_slot_0_A_k1,5,8,0,1,1,0,1,0,1,0,1,0,0,0,1,0,1,0,1,0
t03_slot_0_A_k1,5,9,0,1,1,0,1,0,1,0,1,0,0,0,1,0,1,0,1,0
t03_slot_0_A_k1,5,10,0,1,1,0,1,0,1,0,1,0,1,0,1,0,1,0,1,0
t03_slot_0_A_k1,5,11,0,1,1,0,1,0,1,0,1,0,1,0,1,0,1,0,1,0
t03_slot_0_A_k1,5,12,0,1,1,0,1,0,1,0,1,0,1,0,1,0,1,0,1,0
t03_slot_0_A_k1,5,13,0,1,1,0,1,0,1,0,1,0,1,0,1,0,1,0,1,0
t03_slot_0_A_k1,5,14,0,1,1,0,1,0,1,0,1,0,1,0,1,0,1,0,1,0
t03_slot_0_A_k1,5,15,0,1,1,0,1,0,1,0,1,0,1,0,1,0,1,0,1,0
t03_slot_0_A_k1,5,16,0,1,0,0,1,0,1,0,1,0,1,0,1,0,1,0,1,0
t03_slot_0_A_k1,5,17,0,1,1,0,1,0,1,0,1,0,1,0,1,0,1,0,1,0
t03_slot_0_A_k1,5,18,0,1,1,0,1,0,1,0,1,0,1,0,1,0,1,0,1,0
t03_slot_0_A_k1,5,19,0,1,1,0,1,0,1,0,1,0,0,0,1,0,1,0,1,0
t03_slot_0_A_k1,5,20,0,1,1,0,1,0,1,0,1,0,0,0,1,0,1,0,1,0
t03_slot_0_A_k1,5,21,0,1,1,0,1,0,1,0,1,0,1,0,1,0,1,0,1,0
t03_slot_0_A_k1,5,22,0,1,1,0,1,0,1,0,1,0,1,0,1,0,1,0,1,0
t03_slot_0_A_k1,5,23,0,1,1,0,1,0,1,0,1,0,1,0,1,0,1,0,1,0
t03_slot_0_A_k1,5,24,0,1,1,0,1,0,1,0,1,0,1,0,1,0,1,0,1,0
t03_slot_0_A_k1,5,25,0,1,0,0,1,0,1,0,1,0,1,0,1,0,1,0,1,0
t03_slot_0_A_k1,5,26,0,1,0,0,1,0,1,0,1,0,1,0,1,0,1,0,1,0
t03_slot_0_A_k1,5,27,0,1,0,0,1,0,1,0,1,0,1,0,1,0,1,0,1,0
t03_slot_0_A_k1,5,28,0,1,0,0,1,0,1,0,1,0,1,0,1,0,1,0,1,0
t03_slot_0_A_k1,5,29,0,1,1,0,1,0,1,0,1,0,1,0,1,0,1,0,1,0
t03_slot_0_A_k1,5,30,0,1,1,0,1,0,1,0,1,0,1,0,1,0,1,0,1,0
t03_slot_0_A_k1,5,31,0,1,1,0,1,0,1,0,1,0,0,0,1,0,1,0,1,0
t03_slot_0_A_k1,5,32,0,1,1,0,1,0,1,0,1,0,1,0,1,0,1,0,1,0
t03_slot_0_A_k1,5,33,0,1,1,0,1,0,1,0,1,0,1,0,1,0,1,0,1,0
t03_slot_0_A_k1,5,34,0,1,1,0,1,0,1,0,1,0,1,0,1,0,1,0,1,0
t03_slot_0_A_k1,5,35,0,1,1,0,1,0,1,0,1,0,1,0,1,0,1,0,1,0
t03_slot_0_A_k1,5,36,0,1,0,0,1,0,1,0,1,0,1,0,1,0,1,0,1,0
t03_slot_0_A_k1,5,37,1,1,1,0,1,0,0,0,1,0,1,0,1,0,1,0,1,0
t03_slot_0_A_k1,5,38,0,1,1,0,1,0,0,0,0,0,1,0,1,0,1,0,1,0
t03_slot_0_A_k1,5,39,0,1,1,0,1,0,0,0,0,0,1,0,1,0,1,0,1,0
t03_slot_0_A_k1,5,40,0,1,1,0,1,0,1,0,0,0,1,0,1,0,1,0,1,0
t03_slot_0_A_k1,5,41,0,1,1,0,1,0,1,0,0,0,1,0,1,0,1,0,1,0
t03_slot_0_A_k1,5,42,0,1,1,0,1,0,1,0,0,0,1,0,1,0,1,0,1,0
t03_slot_0_A_k1,5,43,0,1,1,0,1,0,1,0,0,0,1,0,1,0,1,0,1,0
t03_slot_0_A_k1,5,44,0,1,1,0,1,0,1,0,0,0,1,0,1,0,1,0,1,0
t03_slot_0_A_k1,5,45,0,1,1,0,1,0,1,0,0,0,1,0,1,0,1,0,1,0
t03_slot_0_A_k1,5,46,0,1,1,0,1,0,1,0,0,0,1,0,1,0,1,0,1,0
t03_slot_0_A_k1,5,47,0,1,0,0,1,0,1,0,0,0,1,0,1,0,1,0,1,0
t03_slot_0_A_k1,5,48,0,1,1,0,1,0,0,0,0,0,1,0,1,0,1,0,1,0
t03_slot_0_A_k1,5,49,0,1,1,0,1,0,1,0,0,0,1,0,1,0,1,0,1,0
t03_slot_0_A_k1,5,50,0,1,1,0,1,0,1,0,0,0,1,0,1,0,1,0,1,0
t03_slot_0_A_k1,5,51,0,1,1,0,1,0,1,0,0,0,1,0,1,0,1,0,1,0
t03_slot_0_A_k1,5,52,0,1,1,0,1,0,1,0,0,0,1,0,1,0,1,0,1,0
t03_slot_0_A_k1,5,53,0,1,1,0,1,0,1,0,0,0,1,0,1,0,1,0,1,0
t03_slot_0_A_k1,5,54,0,1,1,0,1,0,1,0,0,0,1,0,1,0,1,0,1,0
t03_slot_0_A_k1,5,55,0,1,1,0,1,0,1,0,0,0,1,0,1,0,1,0,1,0
t03_slot_0_A_k1,5,56,0,1,1,0,1,0,1,0,0,0,1,0,1,0,1,0,1,0
t03_slot_0_A_k1,5,57,0,1,1,0,1,0,1,0,0,0,1,0,1,0,1,0,1,0
t03_slot_0_A_k1,5,58,0,1,0,0,1,0,1,0,0,0,1,0,1,0,1,0,1,0
t03_slot_0_A_k1,5,59,0,1,1,0,1,0,0,0,0,0,1,0,1,0,1,0,1,0
t03_slot_0_A_k1,5,60,0,1,1,0,1,0,0,0,0,0,1,0,1,0,1,0,1,0
t03_slot_0_A_k1,5,61,0,1,1,0,1,0,0,0,0,0,1,0,1,0,1,0,1,0
t03_slot_0_A_k1,5,62,0,1,1,0,1,0,1,0,0,0,1,0,1,0,1,0,1,0
t03_slot_0_A_k1,5,63,0,1,1,0,1,0,1,0,0,0,1,0,1,0,0,0,1,0
t03_slot_0_A_k1,5,64,0,1,1,0,1,0,1,0,0,0,1,0,1,0,0,0,1,0
t03_slot_0_A_k1,5,65,0,1,1,0,1,0,1,0,0,0,1,0,1,0,0,0,1,0
t03_slot_0_A_k1,5,66,0,1,0,0,1,0,1,0,0,0,1,0,1,0,1,0,1,0
t03_slot_0_A_k1,5,67,0,1,0,0,1,0,1,0,0,0,1,0,1,0,1,0,1,0
t03_slot_0_A_k1,5,68,0,1,0,0,1,0,1,0,0,0,1,0,1,0,1,0,1,0
t03_slot_0_A_k1,5,69,0,1,0,0,1,0,1,0,0,0,1,0,1,0,1,0,1,0
t03_slot_0_A_k1,5,70,0,1,0,0,1,0,1,0,0,0,1,0,1,0,1,0,1,0
t03_slot_0_A_k1,5,71,0,1,0,0,1,0,1,0,0,0,1,0,1,0,1,0,1,0
t03_slot_0_A_k1,5,72,0,1,1,0,1,0,0,0,0,0,1,0,1,0,1,0,1,0
t03_slot_0_A_k1,5,73,0,1,1,0,1,0,1,0,0,0,1,0,1,0,1,0,1,0
t03_slot_0_A_k1,5,74,0,1,1,0,1,0,1,0,0,0,1,0,1,0,0,0,1,0
t03_slot_0_A_k1,5,75,0,1,1,0,1,0,1,0,0,0,1,0,1,0,1,0,1,0
t03_slot_0_A_k1,5,76,0,1,1,0,1,0,1,0,0,0,1,0,1,0,1,0,1,0
t03_slot_0_A_k1,5,77,0,1,0,0,1,0,1,0,0,0,1,0,1,0,1,0,1,0
t03_slot_0_A_k1,5,78,0,1,1,0,1,0,1,0,0,0,1,0,1,0,1,0,1,0
t03_slot_0_A_k1,5,79,0,1,1,0,1,0,1,0,0,0,1,0,1,0,1,0,1,0
t03_slot_0_A_k1,5,80,0,1,1,0,1,0,1,0,0,0,1,0,1,0,1,0,1,0
t03_slot_0_A_k1,5,81,0,1,1,0,1,0,0,0,0,0,1,0,1,0,1,0,1,0
t03_slot_0_A_k1,5,82,0,1,1,0,1,0,0,0,0,0,1,0,1,0,1,0,1,0
t03_slot_0_A_k1,5,83,0,1,1,0,1,0,0,0,0,0,1,0,1,0,1,0,1,0
t03_slot_0_A_k1,5,84,0,1,1,0,1,0,1,0,0,0,1,0,1,0,1,0,1,0
t03_slot_0_A_k1,5,85,0,1,1,0,1,0,1,0,0,0,1,0,1,0,0,0,1,0
t03_slot_0_A_k1,5,86,0,1,1,0,1,0,1,0,0,0,1,0,1,0,1,0,1,0
t03_slot_0_A_k1,5,87,0,1,1,0,1,0,1,0,0,0,1,0,1,0,1,0,1,0
t03_slot_0_A_k1,5,88,0,1,0,0,1,0,1,0,0,0,1,0,1,0,1,0,1,0
t03_slot_0_A_k1,5,89,0,1,1,0,1,0,1,0,0,0,1,0,1,0,1,0,1,0
t03_slot_0_A_k1,5,90,0,1,1,0,1,0,1,0,0,0,1,0,1,0,1,0,1,0
t03_slot_0_A_k1,5,91,0,1,1,0,1,0,1,0,0,0,1,0,1,0,1,0,1,0
t03_slot_0_A_k1,5,92,0,1,1,0,1,0,1,0,0,0,1,0,1,0,1,0,1,0
t03_slot_0_A_k1,5,93,0,1,1,0,1,0,1,0,0,0,1,0,1,0,1,0,1,0
t03_slot_0_A_k1,5,94,0,1,1,0,1,0,1,0,0,0,1,0,1,0,1,0,1,0
t03_slot_0_A_k1,5,95,0,1,1,0,1,0,1,0,0,0,1,0,1,0,1,0,1,0
t03_slot_0_A_k1,5,96,0,1,1,0,1,0,1,0,0,0,1,0,1,0,0,0,1,0
t03_slot_0_A_k1,5,97,0,1,1,0,1,0,1,0,0,0,1,0,1,0,1,0,1,0
t03_slot_0_A_k1,5,98,0,1,1,0,1,0,1,0,0,0,1,0,1,0,1,0,1,0
t03_slot_0_A_k1,5,99,0,1,0,0,1,0,1,0,0,0,1,0,1,0,1,0,1,0
t03_slot_0_A_k1,5,100,0,1,0,0,1,0,1,0,0,0,1,0,1,0,1,0,1,0
t03_slot_0_A_k1,5,101,0,1,1,0,1,0,1,0,0,0,1,0,1,0,1,0,1,0
t03_slot_0_A_k1,5,102,0,1,1,0,1,0,1,0,0,0,1,0,1,0,1,0,1,0
t03_slot_0_A_k1,5,103,0,1,1,0,1,0,1,0,0,0,1,0,1,0,1,0,1,0
t03_slot_0_A_k1,5,104,0,1,1,0,1,0,1,0,0,0,1,0,1,0,1,0,1,0
t03_slot_0_A_k1,5,105,0,1,1,0,1,0,1,0,0,0,1,0,1,0,1,0,1,0
t03_slot_0_A_k1,5,106,0,1,1,0,1,0,1,0,0,0,1,0,1,0,1,0,1,0
t03_slot_0_A_k1,5,107,0,1,1,0,1,0,1,0,0,0,1,0,1,0,0,0,1,0
t03_slot_0_A_k1,5,108,0,1,1,0,1,0,1,0,0,0,1,0,1,0,0,0,1,0
t03_slot_0_A_k1,5,109,0,1,1,0,1,0,1,0,0,0,1,0,1,0,0,0,1,0
t03_slot_0_A_k1,5,110,0,1,0,0,1,0,1,0,0,0,1,0,1,0,1,0,1,0
t03_slot_0_A_k1,5,111,0,1,1,0,1,0,1,0,0,0,1,0,1,0,1,0,1,0
t03_slot_0_A_k1,5,112,0,1,1,0,1,0,1,0,0,0,1,0,1,0,1,0,1,0
t03_slot_0_A_k1,5,113,0,1,1,0,1,0,1,0,0,0,1,0,1,0,1,0,1,0
t03_slot_0_A_k1,5,114,0,1,1,0,1,0,1,0,0,0,1,0,1,0,1,0,1,0
t03_slot_0_A_k1,5,115,0,1,1,0,1,0,1,0,0,0,1,0,1,0,1,0,1,0
t03_slot_0_A_k1,5,116,0,1,1,0,1,0,1,0,0,0,1,0,1,0,1,0,1,0
t03_slot_0_A_k1,5,117,0,1,1,0,1,0,1,0,0,0,1,0,1,0,1,0,1,0
t03_slot_0_A_k1,5,118,0,1,1,0,1,0,1,0,0,0,1,0,1,0,1,0,1,0
t03_slot_0_A_k1,5,119,0,1,1,0,1,0,1,0,0,0,1,0,1,0,1,0,1,0
t03_slot_0_A_k1,5,120,0,1,1,0,1,0,1,0,0,0,1,0,1,0,1,0,1,0
t03_slot_0_A_k2,6,0,0,1,1,0,1,0,1,0,1,0,1,0,1,0,1,0,1,0
t03_slot_0_A_k2,6,1,0,1,1,0,1,0,1,0,1,0,1,0,1,0,1,0,1,0
t03_slot_0_A_k2,6,2,0,1,1,0,1,0,1,0,1,0,1,0,1,0,1,0,1,0
t03_slot_0_A_k2,6,3,0,1,1,0,1,0,1,0,1,0,1,0,1,0,1,0,1,0
t03_slot_0_A_k2,6,4,0,1,1,0,1,0,1,0,1,0,1,0,1,0,1,0,1,0
t03_slot_0_A_k2,6,5,0,1,0,0,1,0,1,0,1,0,1,0,1,0,1,0,1,0
t03_slot_0_A_k2,6,6,0,1,0,0,1,0,1,0,1,0,1,0,1,0,1,0,1,0
t03_slot_0_A_k2,6,7,0,1,1,0,1,0,1,0,1,0,1,0,1,0,1,0,1,0
t03_slot_0_A_k2,6,8,0,1,1,0,1,0,1,0,1,0,0,0,1,0,1,0,1,0
t03_slot_0_A_k2,6,9,0,1,1,0,1,0,1,0,1,0,0,0,1,0,1,0,1,0
t03_slot_0_A_k2,6,10,0,1,1,0,1,0,1,0,1,0,1,0,1,0,1,0,1,0
t03_slot_0_A_k2,6,11,0,1,1,0,1,0,1,0,1,0,1,0,1,0,1,0,1,0
t03_slot_0_A_k2,6,12,0,1,1,0,1,0,1,0,1,0,1,0,1,0,1,0,1,0
t03_slot_0_A_k2,6,13,0,1,1,0,1,0,1,0,1,0,1,0,1,0,1,0,1,0
t03_slot_0_A_k2,6,14,0,1,1,0,1,0,1,0,1,0,1,0,1,0,1,0,1,0
t03_slot_0_A_k2,6,15,0,1,1,0,1,0,1,0,1,0,1,0,1,0,1,0,1,0
t03_slot_0_A_k2,6,16,0,1,0,0,1,0,1,0,1,0,1,0,1,0,1,0,1,0
t03_slot_0_A_k2,6,17,0,1,1,0,1,0,1,0,1,0,1,0,1,0,1,0,1,0
t03_slot_0_A_k2,6,18,0,1,1,0,1,0,1,0,1,0,1,0,1,0,1,0,1,0
t03_slot_0_A_k2,6,19,0,1,1,0,1,0,1,0,1,0,0,0,1,0,1,0,1,0
t03_slot_0_A_k2,6,20,0,1,1,0,1,0,1,0,1,0,0,0,1,0,1,0,1,0
t03_slot_0_A_k2,6,21,0,1,1,0,1,0,1,0,1,0,1,0,1,0,1,0,1,0
t03_slot_0_A_k2,6,22,0,1,1,0,1,0,1,0,1,0,1,0,1,0,1,0,1,0
t03_slot_0_A_k2,6,23,0,1,1,0,1,0,1,0,1,0,1,0,1,0,1,0,1,0
t03_slot_0_A_k2,6,24,0,1,1,0,1,0,1,0,1,0,1,0,1,0,1,0,1,0
t03_slot_0_A_k2,6,25,0,1,0,0,1,0,1,0,1,0,1,0,1,0,1,0,1,0
t03_slot_0_A_k2,6,26,0,1,0,0,1,0,1,0,1,0,1,0,1,0,1,0,1,0
t03_slot_0_A_k2,6,27,0,1,0,0,1,0,1,0,1,0,1,0,1,0,1,0,1,0
t03_slot_0_A_k2,6,28,0,1,0,0,1,0,1,0,1,0,1,0,1,0,1,0,1,0
t03_slot_0_A_k2,6,29,0,1,1,0,1,0,1,0,1,0,1,0,1,0,1,0,1,0
t03_slot_0_A_k2,6,30,0,1,1,0,1,0,1,0,1,0,1,0,1,0,1,0,1,0
t03_slot_0_A_k2,6,31,0,1,1,0,1,0,1,0,1,0,0,0,1,0,1,0,1,0
t03_slot_0_A_k2,6,32,0,1,1,0,1,0,1,0,1,0,1,0,1,0,1,0,1,0
t03_slot_0_A_k2,6,33,0,1,1,0,1,0,1,0,1,0,1,0,1,0,1,0,1,0
t03_slot_0_A_k2,6,34,0,1,1,0,1,0,1,0,1,0,1,0,1,0,1,0,1,0
t03_slot_0_A_k2,6,35,0,1,1,0,1,0,1,0,1,0,1,0,1,0,1,0,1,0
t03_slot_0_A_k2,6,36,0,1,0,0,1,0,1,0,1,0,1,0,1,0,1,0,1,0
t03_slot_0_A_k2,6,37,1,1,1,0,1,0,0,0,1,0,1,0,1,0,1,0,1,0
t03_slot_0_A_k2,6,38,1,1,1,0,1,0,0,0,0,0,1,0,1,0,1,0,1,0
t03_slot_0_A_k2,6,39,0,1,1,0,1,0,0,1,1,1,1,0,1,0,1,0,1,0
t03_slot_0_A_k2,6,40,0,1,1,0,1,0,1,1,1,1,1,0,1,0,1,0,1,0
t03_slot_0_A_k2,6,41,0,1,1,0,1,0,1,1,1,1,1,0,1,0,1,0,1,0
t03_slot_0_A_k2,6,42,0,1,1,0,1,0,1,1,1,1,1,0,1,0,1,0,1,0
t03_slot_0_A_k2,6,43,0,1,1,0,1,0,1,1,1,1,1,0,1,0,1,0,1,0
t03_slot_0_A_k2,6,44,0,1,1,0,1,0,1,1,1,1,1,0,1,0,1,0,1,0
t03_slot_0_A_k2,6,45,0,1,1,0,1,0,1,1,1,1,1,0,1,0,1,0,1,0
t03_slot_0_A_k2,6,46,0,1,1,0,1,0,1,1,1,1,1,0,1,0,1,0,1,0
t03_slot_0_A_k2,6,47,0,1,0,0,1,0,1,1,1,1,1,0,1,0,1,0,1,0
t03_slot_0_A_k2,6,48,0,1,1,0,1,0,0,1,1,1,1,0,1,0,1,0,1,0
t03_slot_0_A_k2,6,49,0,1,1,0,1,0,1,1,1,1,1,0,1,0,1,0,1,0
t03_slot_0_A_k2,6,50,0,1,1,0,1,0,1,1,1,1,1,0,1,0,1,0,1,0
t03_slot_0_A_k2,6,51,0,1,1,0,1,0,1,1,1,1,1,0,1,0,1,0,1,0
t03_slot_0_A_k2,6,52,0,1,1,0,1,0,1,1,1,1,1,0,1,0,1,0,1,0
t03_slot_0_A_k2,6,53,0,1,1,0,1,0,1,1,1,1,1,0,1,0,1,0,1,0
t03_slot_0_A_k2,6,54,0,1,1,0,1,0,1,1,1,1,1,0,1,0,1,0,1,0
t03_slot_0_A_k2,6,55,0,1,1,0,1,0,1,1,1,1,1,0,1,0,1,0,1,0
t03_slot_0_A_k2,6,56,0,1,1,0,1,0,1,1,1,1,1,0,1,0,1,0,1,0
t03_slot_0_A_k2,6,57,0,1,1,0,1,0,1,1,1,1,1,0,1,0,1,0,1,0
t03_slot_0_A_k2,6,58,0,1,0,0,1,0,1,1,1,1,1,0,1,0,1,0,1,0
t03_slot_0_A_k2,6,59,0,1,1,0,1,0,0,1,1,1,1,0,1,0,1,0,1,0
t03_slot_0_A_k2,6,60,0,1,1,0,1,0,0,1,1,1,1,0,1,0,1,0,1,0
t03_slot_0_A_k2,6,61,0,1,1,0,1,0,0,1,1,1,1,0,1,0,1,0,1,0
t03_slot_0_A_k2,6,62,0,1,1,0,1,0,1,1,1,1,1,0,1,0,1,0,1,0
t03_slot_0_A_k2,6,63,0,1,1,0,1,0,1,1,1,1,1,0,1,0,0,0,1,0
t03_slot_0_A_k2,6,64,0,1,1,0,1,0,1,1,1,1,1,0,1,0,0,0,1,0
t03_slot_0_A_k2,6,65,0,1,1,0,1,0,1,1,1,1,1,0,1,0,0,0,1,0
t03_slot_0_A_k2,6,66,0,1,0,0,1,0,1,1,1,1,1,0,1,0,1,0,1,0
t03_slot_0_A_k2,6,67,0,1,0,0,1,0,1,1,1,1,1,0,1,0,1,0,1,0
t03_slot_0_A_k2,6,68,0,1,0,0,1,0,1,1,1,1,1,0,1,0,1,0,1,0
t03_slot_0_A_k2,6,69,0,1,0,0,1,0,1,1,1,1,1,0,1,0,1,0,1,0
t03_slot_0_A_k2,6,70,0,1,0,0,1,0,1,1,1,1,1,0,1,0,1,0,1,0
t03_slot_0_A_k2,6,71,0,1,0,0,1,0,1,1,1,1,1,0,1,0,1,0,1,0
t03_slot_0_A_k2,6,72,0,1,1,0,1,0,0,1,1,1,1,0,1,0,1,0,1,0
t03_slot_0_A_k2,6,73,0,1,1,0,1,0,1,1,1,1,1,0,1,0,1,0,1,0
t03_slot_0_A_k2,6,74,0,1,1,0,1,0,1,1,1,1,1,0,1,0,0,0,1,0
t03_slot_0_A_k2,6,75,0,1,1,0,1,0,1,1,1,1,1,0,1,0,1,0,1,0
t03_slot_0_A_k2,6,76,0,1,1,0,1,0,1,1,1,1,1,0,1,0,1,0,1,0
t03_slot_0_A_k2,6,77,0,1,0,0,1,0,1,1,1,1,1,0,1,0,1,0,1,0
t03_slot_0_A_k2,6,78,0,1,1,0,1,0,1,1,1,1,1,0,1,0,1,0,1,0
t03_slot_0_A_k2,6,79,0,1,1,0,1,0,1,1,1,1,1,0,1,0,1,0,1,0
t03_slot_0_A_k2,6,80,0,1,1,0,1,0,1,1,1,1,1,0,1,0,1,0,1,0
t03_slot_0_A_k2,6,81,0,1,1,0,1,0,0,1,1,1,1,0,1,0,1,0,1,0
t03_slot_0_A_k2,6,82,0,1,1,0,1,0,0,1,1,1,1,0,1,0,1,0,1,0
t03_slot_0_A_k2,6,83,0,1,1,0,1,0,0,1,1,1,1,0,1,0,1,0,1,0
t03_slot_0_A_k2,6,84,0,1,1,0,1,0,1,1,1,1,1,0,1,0,1,0,1,0
t03_slot_0_A_k2,6,85,0,1,1,0,1,0,1,1,1,1,1,0,1,0,0,0,1,0
t03_slot_0_A_k2,6,86,0,1,1,0,1,0,1,1,1,1,1,0,1,0,1,0,1,0
t03_slot_0_A_k2,6,87,0,1,1,0,1,0,1,1,1,1,1,0,1,0,1,0,1,0
t03_slot_0_A_k2,6,88,0,1,0,0,1,0,1,1,1,1,1,0,1,0,1,0,1,0
t03_slot_0_A_k2,6,89,0,1,1,0,1,0,1,1,1,1,1,0,1,0,1,0,1,0
t03_slot_0_A_k2,6,90,0,1,1,0,1,0,1,1,1,1,1,0,1,0,1,0,1,0
t03_slot_0_A_k2,6,91,0,1,1,0,1,0,1,1,1,1,1,0,1,0,1,0,1,0
t03_slot_0_A_k2,6,92,0,1,1,0,1,0,1,1,1,1,1,0,1,0,1,0,1,0
t03_slot_0_A_k2,6,93,0,1,1,0,1,0,1,1,1,1,1,0,1,0,1,0,1,0
t03_slot_0_A_k2,6,94,0,1,1,0,1,0,1,1,1,1,1,0,1,0,1,0,1,0
t03_slot_0_A_k2,6,95,0,1,1,0,1,0,1,1,1,1,1,0,1,0,1,0,1,0
t03_slot_0_A_k2,6,96,0,1,1,0,1,0,1,1,1,1,1,0,1,0,0,0,1,0
t03_slot_0_A_k2,6,97,0,1,1,0,1,0,1,1,1,1,1,0,1,0,1,0,1,0
t03_slot_0_A_k2,6,98,0,1,1,0,1,0,1,1,1,1,1,0,1,0,1,0,1,0
t03_slot_0_A_k2,6,99,0,1,0,0,1,0,1,1,1,1,1,0,1,0,1,0,1,0
t03_slot_0_A_k2,6,100,0,1,0,0,1,0,1,1,1,1,1,0,1,0,1,0,1,0
t03_slot_0_A_k2,6,101,0,1,1,0,1,0,1,1,1,1,1,0,1,0,1,0,1,0
t03_slot_0_A_k2,6,102,0,1,1,0,1,0,1,1,1,1,1,0,1,0,1,0,1,0
t03_slot_0_A_k2,6,103,0,1,1,0,1,0,1,1,1,1,1,0,1,0,1,0,1,0
t03_slot_0_A_k2,6,104,0,1,1,0,1,0,1,1,1,1,1,0,1,0,1,0,1,0
t03_slot_0_A_k2,6,105,0,1,1,0,1,0,1,1,1,1,1,0,1,0,1,0,1,0
t03_slot_0_A_k2,6,106,0,1,1,0,1,0,1,1,1,1,1,0,1,0,1,0,1,0
t03_slot_0_A_k2,6,107,0,1,1,0,1,0,1,1,1,1,1,0,1,0,0,0,1,0
t03_slot_0_A_k2,6,108,0,1,1,0,1,0,1,1,1,1,1,0,1,0,0,0,1,0
t03_slot_0_A_k2,6,109,0,1,1,0,1,0,1,1,1,1,1,0,1,0,0,0,1,0
t03_slot_0_A_k2,6,110,0,1,0,0,1,0,1,1,1,1,1,0,1,0,1,0,1,0
t03_slot_0_A_k2,6,111,0,1,1,0,1,0,1,1,1,1,1,0,1,0,1,0,1,0
t03_slot_0_A_k2,6,112,0,1,1,0,1,0,1,1,1,1,1,0,1,0,1,0,1,0
t03_slot_0_A_k2,6,113,0,1,1,0,1,0,1,1,1,1,1,0,1,0,1,0,1,0
t03_slot_0_A_k2,6,114,0,1,1,0,1,0,1,1,1,1,1,0,1,0,1,0,1,0
t03_slot_0_A_k2,6,115,0,1,1,0,1,0,1,1,1,1,1,0,1,0,1,0,1,0
t03_slot_0_A_k2,6,116,0,1,1,0,1,0,1,1,1,1,1,0,1,0,1,0,1,0
t03_slot_0_A_k2,6,117,0,1,1,0,1,0,1,1,1,1,1,0,1,0,1,0,1,0
t03_slot_0_A_k2,6,118,0,1,1,0,1,0,1,1,1,1,1,0,1,0,1,0,1,0
t03_slot_0_A_k2,6,119,0,1,1,0,1,0,1,1,1,1,1,0,1,0,1,0,1,0
t03_slot_0_A_k2,6,120,0,1,1,0,1,0,1,1,1,1,1,0,1,0,1,0,1,0
t03_slot_0_A_k3,7,0,0,1,1,0,1,0,1,0,1,0,1,0,1,0,1,0,1,0
t03_slot_0_A_k3,7,1,0,1,1,0,1,0,1,0,1,0,1,0,1,0,1,0,1,0
t03_slot_0_A_k3,7,2,0,1,1,0,1,0,1,0,1,0,1,0,1,0,1,0,1,0
t03_slot_0_A_k3,7,3,0,1,1,0,1,0,1,0,1,0,1,0,1,0,1,0,1,0
t03_slot_0_A_k3,7,4,0,1,1,0,1,0,1,0,1,0,1,0,1,0,1,0,1,0
t03_slot_0_A_k3,7,5,0,1,0,0,1,0,1,0,1,0,1,0,1,0,1,0,1,0
t03_slot_0_A_k3,7,6,0,1,0,0,1,0,1,0,1,0,1,0,1,0,1,0,1,0
t03_slot_0_A_k3,7,7,0,1,1,0,1,0,1,0,1,0,1,0,1,0,1,0,1,0
t03_slot_0_A_k3,7,8,0,1,1,0,1,0,1,0,1,0,0,0,1,0,1,0,1,0
t03_slot_0_A_k3,7,9,0,1,1,0,1,0,1,0,1,0,0,0,1,0,1,0,1,0
t03_slot_0_A_k3,7,10,0,1,1,0,1,0,1,0,1,0,1,0,1,0,1,0,1,0
t03_slot_0_A_k3,7,11,0,1,1,0,1,0,1,0,1,0,1,0,1,0,1,0,1,0
t03_slot_0_A_k3,7,12,0,1,1,0,1,0,1,0,1,0,1,0,1,0,1,0,1,0
t03_slot_0_A_k3,7,13,0,1,1,0,1,0,1,0,1,0,1,0,1,0,1,0,1,0
t03_slot_0_A_k3,7,14,0,1,1,0,1,0,1,0,1,0,1,0,1,0,1,0,1,0
t03_slot_0_A_k3,7,15,0,1,1,0,1,0,1,0,1,0,1,0,1,0,1,0,1,0
t03_slot_0_A_k3,7,16,0,1,0,0,1,0,1,0,1,0,1,0,1,0,1,0,1,0
t03_slot_0_A_k3,7,17,0,1,1,0,1,0,1,0,1,0,1,0,1,0,1,0,1,0
t03_slot_0_A_k3,7,18,0,1,1,0,1,0,1,0,1,0,1,0,1,0,1,0,1,0
t03_slot_0_A_k3,7,19,0,1,1,0,1,0,1,0,1,0,0,0,1,0,1,0,1,0
t03_slot_0_A_k3,7,20,0,1,1,0,1,0,1,0,1,0,0,0,1,0,1,0,1,0
t03_slot_0_A_k3,7,21,0,1,1,0,1,0,1,0,1,0,1,0,1,0,1,0,1,0
t03_slot_0_A_k3,7,22,0,1,1,0,1,0,1,0,1,0,1,0,1,0,1,0,1,0
t03_slot_0_A_k3,7,23,0,1,1,0,1,0,1,0,1,0,1,0,1,0,1,0,1,0
t03_slot_0_A_k3,7,24,0,1,1,0,1,0,1,0,1,0,1,0,1,0,1,0,1,0
t03_slot_0_A_k3,7,25,0,1,0,0,1,0,1,0,1,0,1,0,1,0,1,0,1,0
t03_slot_0_A_k3,7,26,0,1,0,0,1,0,1,0,1,0,1,0,1,0,1,0,1,0
t03_slot_0_A_k3,7,27,0,1,0,0,1,0,1,0,1,0,1,0,1,0,1,0,1,0
t03_slot_0_A_k3,7,28,0,1,0,0,1,0,1,0,1,0,1,0,1,0,1,0,1,0
t03_slot_0_A_k3,7,29,0,1,1,0,1,0,1,0,1,0,1,0,1,0,1,0,1,0
t03_slot_0_A_k3,7,30,0,1,1,0,1,0,1,0,1,0,1,0,1,0,1,0,1,0
t03_slot_0_A_k3,7,31,0,1,1,0,1,0,1,0,1,0,0,0,1,0,1,0,1,0
t03_slot_0_A_k3,7,32,0,1,1,0,1,0,1,0,1,0,1,0,1,0,1,0,1,0
t03_slot_0_A_k3,7,33,0,1,1,0,1,0,1,0,1,0,1,0,1,0,1,0,1,0
t03_slot_0_A_k3,7,34,0,1,1,0,1,0,1,0,1,0,1,0,1,0,1,0,1,0
t03_slot_0_A_k3,7,35,0,1,1,0,1,0,1,0,1,0,1,0,1,0,1,0,1,0
t03_slot_0_A_k3,7,36,0,1,0,0,1,0,1,0,1,0,1,0,1,0,1,0,1,0
t03_slot_0_A_k3,7,37,1,1,1,0,1,0,0,0,1,0,1,0,1,0,1,0,1,0
t03_slot_0_A_k3,7,38,1,1,1,0,1,0,0,0,0,0,1,0,1,0,1,0,1,0
t03_slot_0_A_k3,7,39,1,1,1,0,1,0,0,1,1,1,1,0,1,0,1,0,1,0
t03_slot_0_A_k3,7,40,0,1,1,0,1,0,1,1,0,0,1,0,1,0,1,0,1,0
t03_slot_0_A_k3,7,41,0,1,1,0,1,0,1,1,0,0,1,0,1,0,1,0,1,0
t03_slot_0_A_k3,7,42,0,1,1,0,1,0,1,1,0,0,1,0,1,0,1,0,1,0
t03_slot_0_A_k3,7,43,0,1,1,0,1,0,1,1,0,0,1,0,1,0,1,0,1,0
t03_slot_0_A_k3,7,44,0,1,1,0,1,0,1,1,0,0,1,0,1,0,1,0,1,0
t03_slot_0_A_k3,7,45,0,1,1,0,1,0,1,1,0,0,1,0,1,0,1,0,1,0
t03_slot_0_A_k3,7,46,0,1,1,0,1,0,1,1,0,0,1,0,1,0,1,0,1,0
t03_slot_0_A_k3,7,47,0,1,0,0,1,0,1,1,0,0,1,0,1,0,1,0,1,0
t03_slot_0_A_k3,7,48,0,1,1,0,1,0,0,1,0,0,1,0,1,0,1,0,1,0
t03_slot_0_A_k3,7,49,0,1,1,0,1,0,1,1,0,0,1,0,1,0,1,0,1,0
t03_slot_0_A_k3,7,50,0,1,1,0,1,0,1,1,0,0,1,0,1,0,1,0,1,0
t03_slot_0_A_k3,7,51,0,1,1,0,1,0,1,1,0,0,1,0,1,0,1,0,1,0
t03_slot_0_A_k3,7,52,0,1,1,0,1,0,1,1,0,0,1,0,1,0,1,0,1,0
t03_slot_0_A_k3,7,53,0,1,1,0,1,0,1,1,0,0,1,0,1,0,1,0,1,0
t03_slot_0_A_k3,7,54,0,1,1,0,1,0,1,1,0,0,1,0,1,0,1,0,1,0
t03_slot_0_A_k3,7,55,0,1,1,0,1,0,1,1,0,0,1,0,1,0,1,0,1,0
t03_slot_0_A_k3,7,56,0,1,1,0,1,0,1,1,0,0,1,0,1,0,1,0,1,0
t03_slot_0_A_k3,7,57,0,1,1,0,1,0,1,1,0,0,1,0,1,0,1,0,1,0
t03_slot_0_A_k3,7,58,0,1,0,0,1,0,1,1,0,0,1,0,1,0,1,0,1,0
t03_slot_0_A_k3,7,59,0,1,1,0,1,0,0,1,0,0,1,0,1,0,1,0,1,0
t03_slot_0_A_k3,7,60,0,1,1,0,1,0,0,1,0,0,1,0,1,0,1,0,1,0
t03_slot_0_A_k3,7,61,0,1,1,0,1,0,0,1,0,0,1,0,1,0,1,0,1,0
t03_slot_0_A_k3,7,62,0,1,1,0,1,0,1,1,0,0,1,0,1,0,1,0,1,0
t03_slot_0_A_k3,7,63,0,1,1,0,1,0,1,1,0,0,1,0,1,0,0,0,1,0
t03_slot_0_A_k3,7,64,0,1,1,0,1,0,1,1,0,0,1,0,1,0,0,0,1,0
t03_slot_0_A_k3,7,65,0,1,1,0,1,0,1,1,0,0,1,0,1,0,0,0,1,0
t03_slot_0_A_k3,7,66,0,1,0,0,1,0,1,1,0,0,1,0,1,0,1,0,1,0
t03_slot_0_A_k3,7,67,0,1,0,0,1,0,1,1,0,0,1,0,1,0,1,0,1,0
t03_slot_0_A_k3,7,68,0,1,0,0,1,0,1,1,0,0,1,0,1,0,1,0,1,0
t03_slot_0_A_k3,7,69,0,1,0,0,1,0,1,1,0,0,1,0,1,0,1,0,1,0
t03_slot_0_A_k3,7,70,0,1,0,0,1,0,1,1,0,0,1,0,1,0,1,0,1,0
t03_slot_0_A_k3,7,71,0,1,0,0,1,0,1,1,0,0,1,0,1,0,1,0,1,0
t03_slot_0_A_k3,7,72,0,1,1,0,1,0,0,1,0,0,1,0,1,0,1,0,1,0
t03_slot_0_A_k3,7,73,0,1,1,0,1,0,1,1,0,0,1,0,1,0,1,0,1,0
t03_slot_0_A_k3,7,74,0,1,1,0,1,0,1,1,0,0,1,0,1,0,0,0,1,0
t03_slot_0_A_k3,7,75,0,1,1,0,1,0,1,1,0,0,1,0,1,0,1,0,1,0
t03_slot_0_A_k3,7,76,0,1,1,0,1,0,1,1,0,0,1,0,1,0,1,0,1,0
t03_slot_0_A_k3,7,77,0,1,0,0,1,0,1,1,0,0,1,0,1,0,1,0,1,0
t03_slot_0_A_k3,7,78,0,1,1,0,1,0,1,1,0,0,1,0,1,0,1,0,1,0
t03_slot_0_A_k3,7,79,0,1,1,0,1,0,1,1,0,0,1,0,1,0,1,0,1,0
t03_slot_0_A_k3,7,80,0,1,1,0,1,0,1,1,0,0,1,0,1,0,1,0,1,0
t03_slot_0_A_k3,7,81,0,1,1,0,1,0,0,1,0,0,1,0,1,0,1,0,1,0
t03_slot_0_A_k3,7,82,0,1,1,0,1,0,0,1,0,0,1,0,1,0,1,0,1,0
t03_slot_0_A_k3,7,83,0,1,1,0,1,0,0,1,0,0,1,0,1,0,1,0,1,0
t03_slot_0_A_k3,7,84,0,1,1,0,1,0,1,1,0,0,1,0,1,0,1,0,1,0
t03_slot_0_A_k3,7,85,0,1,1,0,1,0,1,1,0,0,1,0,1,0,0,0,1,0
t03_slot_0_A_k3,7,86,0,1,1,0,1,0,1,1,0,0,1,0,1,0,1,0,1,0
t03_slot_0_A_k3,7,87,0,1,1,0,1,0,1,1,0,0,1,0,1,0,1,0,1,0
t03_slot_0_A_k3,7,88,0,1,0,0,1,0,1,1,0,0,1,0,1,0,1,0,1,0
t03_slot_0_A_k3,7,89,0,1,1,0,1,0,1,1,0,0,1,0,1,0,1,0,1,0
t03_slot_0_A_k3,7,90,0,1,1,0,1,0,1,1,0,0,1,0,1,0,1,0,1,0
t03_slot_0_A_k3,7,91,0,1,1,0,1,0,1,1,0,0,1,0,1,0,1,0,1,0
t03_slot_0_A_k3,7,92,0,1,1,0,1,0,1,1,0,0,1,0,1,0,1,0,1,0
t03_slot_0_A_k3,7,93,0,1,1,0,1,0,1,1,0,0,1,0,1,0,1,0,1,0
t03_slot_0_A_k3,7,94,0,1,1,0,1,0,1,1,0,0,1,0,1,0,1,0,1,0
t03_slot_0_A_k3,7,95,0,1,1,0,1,0,1,1,0,0,1,0,1,0,1,0,1,0
t03_slot_0_A_k3,7,96,0,1,1,0,1,0,1,1,0,0,1,0,1,0,0,0,1,0
t03_slot_0_A_k3,7,97,0,1,1,0,1,0,1,1,0,0,1,0,1,0,1,0,1,0
t03_slot_0_A_k3,7,98,0,1,1,0,1,0,1,1,0,0,1,0,1,0,1,0,1,0
t03_slot_0_A_k3,7,99,0,1,0,0,1,0,1,1,0,0,1,0,1,0,1,0,1,0
t03_slot_0_A_k3,7,100,0,1,0,0,1,0,1,1,0,0,1,0,1,0,1,0,1,0
t03_slot_0_A_k3,7,101,0,1,1,0,1,0,1,1,0,0,1,0,1,0,1,0,1,0
t03_slot_0_A_k3,7,102,0,1,1,0,1,0,1,1,0,0,1,0,1,0,1,0,1,0
t03_slot_0_A_k3,7,103,0,1,1,0,1,0,1,1,0,0,1,0,1,0,1,0,1,0
t03_slot_0_A_k3,7,104,0,1,1,0,1,0,1,1,0,0,1,0,1,0,1,0,1,0
t03_slot_0_A_k3,7,105,0,1,1,0,1,0,1,1,0,0,1,0,1,0,1,0,1,0
t03_slot_0_A_k3,7,106,0,1,1,0,1,0,1,1,0,0,1,0,1,0,1,0,1,0
t03_slot_0_A_k3,7,107,0,1,1,0,1,0,1,1,0,0,1,0,1,0,0,0,1,0
t03_slot_0_A_k3,7,108,0,1,1,0,1,0,1,1,0,0,1,0,1,0,0,0,1,0
t03_slot_0_A_k3,7,109,0,1,1,0,1,0,1,1,0,0,1,0,1,0,0,0,1,0
t03_slot_0_A_k3,7,110,0,1,0,0,1,0,1,1,0,0,1,0,1,0,1,0,1,0
t03_slot_0_A_k3,7,111,0,1,1,0,1,0,1,1,0,0,1,0,1,0,1,0,1,0
t03_slot_0_A_k3,7,112,0,1,1,0,1,0,1,1,0,0,1,0,1,0,1,0,1,0
t03_slot_0_A_k3,7,113,0,1,1,0,1,0,1,1,0,0,1,0,1,0,1,0,1,0
t03_slot_0_A_k3,7,114,0,1,1,0,1,0,1,1,0,0,1,0,1,0,1,0,1,0
t03_slot_0_A_k3,7,115,0,1,1,0,1,0,1,1,0,0,1,0,1,0,1,0,1,0
t03_slot_0_A_k3,7,116,0,1,1,0,1,0,1,1,0,0,1,0,1,0,1,0,1,0
t03_slot_0_A_k3,7,117,0,1,1,0,1,0,1,1,0,0,1,0,1,0,1,0,1,0
t03_slot_0_A_k3,7,118,0,1,1,0,1,0,1,1,0,0,1,0,1,0,1,0,1,0
t03_slot_0_A_k3,7,119,0,1,1,0,1,0,1,1,0,0,1,0,1,0,1,0,1,0
t03_slot_0_A_k3,7,120,0,1,1,0,1,0,1,1,0,0,1,0,1,0,1,0,1,0
t03_slot_0_A_k4,8,0,0,1,1,0,1,0,1,0,1,0,1,0,1,0,1,0,1,0
t03_slot_0_A_k4,8,1,0,1,1,0,1,0,1,0,1,0,1,0,1,0,1,0,1,0
t03_slot_0_A_k4,8,2,0,1,1,0,1,0,1,0,1,0,1,0,1,0,1,0,1,0
t03_slot_0_A_k4,8,3,0,1,1,0,1,0,1,0,1,0,1,0,1,0,1,0,1,0
t03_slot_0_A_k4,8,4,0,1,1,0,1,0,1,0,1,0,1,0,1,0,1,0,1,0
t03_slot_0_A_k4,8,5,0,1,0,0,1,0,1,0,1,0,1,0,1,0,1,0,1,0
t03_slot_0_A_k4,8,6,0,1,0,0,1,0,1,0,1,0,1,0,1,0,1,0,1,0
t03_slot_0_A_k4,8,7,0,1,1,0,1,0,1,0,1,0,1,0,1,0,1,0,1,0
t03_slot_0_A_k4,8,8,0,1,1,0,1,0,1,0,1,0,0,0,1,0,1,0,1,0
t03_slot_0_A_k4,8,9,0,1,1,0,1,0,1,0,1,0,0,0,1,0,1,0,1,0
t03_slot_0_A_k4,8,10,0,1,1,0,1,0,1,0,1,0,1,0,1,0,1,0,1,0
t03_slot_0_A_k4,8,11,0,1,1,0,1,0,1,0,1,0,1,0,1,0,1,0,1,0
t03_slot_0_A_k4,8,12,0,1,1,0,1,0,1,0,1,0,1,0,1,0,1,0,1,0
t03_slot_0_A_k4,8,13,0,1,1,0,1,0,1,0,1,0,1,0,1,0,1,0,1,0
t03_slot_0_A_k4,8,14,0,1,1,0,1,0,1,0,1,0,1,0,1,0,1,0,1,0
t03_slot_0_A_k4,8,15,0,1,1,0,1,0,1,0,1,0,1,0,1,0,1,0,1,0
t03_slot_0_A_k4,8,16,0,1,0,0,1,0,1,0,1,0,1,0,1,0,1,0,1,0
t03_slot_0_A_k4,8,17,0,1,1,0,1,0,1,0,1,0,1,0,1,0,1,0,1,0
t03_slot_0_A_k4,8,18,0,1,1,0,1,0,1,0,1,0,1,0,1,0,1,0,1,0
t03_slot_0_A_k4,8,19,0,1,1,0,1,0,1,0,1,0,0,0,1,0,1,0,1,0
t03_slot_0_A_k4,8,20,0,1,1,0,1,0,1,0,1,0,0,0,1,0,1,0,1,0
t03_slot_0_A_k4,8,21,0,1,1,0,1,0,1,0,1,0,1,0,1,0,1,0,1,0
t03_slot_0_A_k4,8,22,0,1,1,0,1,0,1,0,1,0,1,0,1,0,1,0,1,0
t03_slot_0_A_k4,8,23,0,1,1,0,1,0,1,0,1,0,1,0,1,0,1,0,1,0
t03_slot_0_A_k4,8,24,0,1,1,0,1,0,1,0,1,0,1,0,1,0,1,0,1,0
t03_slot_0_A_k4,8,25,0,1,0,0,1,0,1,0,1,0,1,0,1,0,1,0,1,0
t03_slot_0_A_k4,8,26,0,1,0,0,1,0,1,0,1,0,1,0,1,0,1,0,1,0
t03_slot_0_A_k4,8,27,0,1,0,0,1,0,1,0,1,0,1,0,1,0,1,0,1,0
t03_slot_0_A_k4,8,28,0,1,0,0,1,0,1,0,1,0,1,0,1,0,1,0,1,0
t03_slot_0_A_k4,8,29,0,1,1,0,1,0,1,0,1,0,1,0,1,0,1,0,1,0
t03_slot_0_A_k4,8,30,0,1,1,0,1,0,1,0,1,0,1,0,1,0,1,0,1,0
t03_slot_0_A_k4,8,31,0,1,1,0,1,0,1,0,1,0,0,0,1,0,1,0,1,0
t03_slot_0_A_k4,8,32,0,1,1,0,1,0,1,0,1,0,1,0,1,0,1,0,1,0
t03_slot_0_A_k4,8,33,0,1,1,0,1,0,1,0,1,0,1,0,1,0,1,0,1,0
t03_slot_0_A_k4,8,34,0,1,1,0,1,0,1,0,1,0,1,0,1,0,1,0,1,0
t03_slot_0_A_k4,8,35,0,1,1,0,1,0,1,0,1,0,1,0,1,0,1,0,1,0
t03_slot_0_A_k4,8,36,0,1,0,0,1,0,1,0,1,0,1,0,1,0,1,0,1,0
t03_slot_0_A_k4,8,37,1,1,1,0,1,0,0,0,1,0,1,0,1,0,1,0,1,0
t03_slot_0_A_k4,8,38,1,1,1,0,1,0,0,0,0,0,1,0,1,0,1,0,1,0
t03_slot_0_A_k4,8,39,1,1,1,0,1,0,0,1,1,1,1,0,1,0,1,0,1,0
t03_slot_0_A_k4,8,40,0,1,1,0,1,0,1,1,0,0,1,0,1,0,1,0,1,0
t03_slot_0_A_k4,8,41,0,1,1,0,1,0,1,1,0,0,1,0,1,0,1,0,1,0
t03_slot_0_A_k4,8,42,0,1,1,0,1,0,1,1,0,0,1,0,1,0,1,0,1,0
t03_slot_0_A_k4,8,43,0,1,1,0,1,0,1,1,0,0,1,0,1,0,1,0,1,0
t03_slot_0_A_k4,8,44,0,1,1,0,1,0,1,1,0,0,1,0,1,0,1,0,1,0
t03_slot_0_A_k4,8,45,0,1,1,0,1,0,1,1,0,0,1,0,1,0,1,0,1,0
t03_slot_0_A_k4,8,46,0,1,1,0,1,0,1,1,0,0,1,0,1,0,1,0,1,0
t03_slot_0_A_k4,8,47,0,1,0,0,1,0,1,1,0,0,1,0,1,0,1,0,1,0
t03_slot_0_A_k4,8,48,1,1,1,0,1,0,0,1,0,0,1,0,1,0,1,0,1,0
t03_slot_0_A_k4,8,49,0,1,1,0,1,0,1,1,0,0,1,0,1,0,1,0,1,0
t03_slot_0_A_k4,8,50,0,1,1,0,1,0,1,1,0,0,1,0,1,0,1,0,1,0
t03_slot_0_A_k4,8,51,0,1,1,0,1,0,1,1,0,0,1,0,1,0,1,0,1,0
t03_slot_0_A_k4,8,52,0,1,1,0,1,0,1,1,0,0,1,0,1,0,1,0,1,0
t03_slot_0_A_k4,8,53,0,1,1,0,1,0,1,1,0,0,1,0,1,0,1,0,1,0
t03_slot_0_A_k4,8,54,0,1,1,0,1,0,1,1,0,0,1,0,1,0,1,0,1,0
t03_slot_0_A_k4,8,55,0,1,1,0,1,0,1,1,0,0,1,0,1,0,1,0,1,0
t03_slot_0_A_k4,8,56,0,1,1,0,1,0,1,1,0,0,1,0,1,0,1,0,1,0
t03_slot_0_A_k4,8,57,0,1,1,0,1,0,1,1,0,0,1,0,1,0,1,0,1,0
t03_slot_0_A_k4,8,58,0,1,0,0,1,0,1,1,0,0,1,0,1,0,1,0,1,0
t03_slot_0_A_k4,8,59,0,1,1,0,1,0,0,1,0,0,1,0,1,0,1,0,1,0
t03_slot_0_A_k4,8,60,0,1,1,0,1,0,0,1,0,0,1,0,1,0,1,0,1,0
t03_slot_0_A_k4,8,61,0,1,1,0,1,0,0,1,0,0,1,0,1,0,1,0,1,0
t03_slot_0_A_k4,8,62,0,1,1,0,1,0,1,1,0,0,1,0,1,0,1,0,1,0
t03_slot_0_A_k4,8,63,0,1,1,0,1,0,1,1,0,0,1,0,1,0,0,0,1,0
t03_slot_0_A_k4,8,64,0,1,1,0,1,0,1,1,0,0,1,0,1,0,0,0,1,0
t03_slot_0_A_k4,8,65,0,1,1,0,1,0,1,1,0,0,1,0,1,0,0,0,1,0
t03_slot_0_A_k4,8,66,0,1,0,0,1,0,1,1,0,0,1,0,1,0,1,0,1,0
t03_slot_0_A_k4,8,67,0,1,0,0,1,0,1,1,0,0,1,0,1,0,1,0,1,0
t03_slot_0_A_k4,8,68,0,1,0,0,1,0,1,1,0,0,1,0,1,0,1,0,1,0
t03_slot_0_A_k4,8,69,0,1,0,0,1,0,1,1,0,0,1,0,1,0,1,0,1,0
t03_slot_0_A_k4,8,70,0,1,0,0,1,0,1,1,0,0,1,0,1,0,1,0,1,0
t03_slot_0_A_k4,8,71,0,1,0,0,1,0,1,1,0,0,1,0,1,0,1,0,1,0
t03_slot_0_A_k4,8,72,0,1,1,0,1,0,0,1,0,0,1,0,1,0,1,0,1,0
t03_slot_0_A_k4,8,73,0,1,1,0,1,0,1,1,0,0,1,0,1,0,1,0,1,0
t03_slot_0_A_k4,8,74,0,1,1,0,1,0,1,1,0,0,1,0,1,0,0,0,1,0
t03_slot_0_A_k4,8,75,0,1,1,0,1,0,1,1,0,0,1,0,1,0,1,0,1,0
t03_slot_0_A_k4,8,76,0,1,1,0,1,0,1,1,0,0,1,0,1,0,1,0,1,0
t03_slot_0_A_k4,8,77,0,1,0,0,1,0,1,1,0,0,1,0,1,0,1,0,1,0
t03_slot_0_A_k4,8,78,0,1,1,0,1,0,1,1,0,0,1,0,1,0,1,0,1,0
t03_slot_0_A_k4,8,79,0,1,1,0,1,0,1,1,0,0,1,0,1,0,1,0,1,0
t03_slot_0_A_k4,8,80,0,1,1,0,1,0,1,1,0,0,1,0,1,0,1,0,1,0
t03_slot_0_A_k4,8,81,0,1,1,0,1,0,0,1,0,0,1,0,1,0,1,0,1,0
t03_slot_0_A_k4,8,82,0,1,1,0,1,0,0,1,0,0,1,0,1,0,1,0,1,0
t03_slot_0_A_k4,8,83,0,1,1,0,1,0,0,1,0,0,1,0,1,0,1,0,1,0
t03_slot_0_A_k4,8,84,0,1,1,0,1,0,1,1,0,0,1,0,1,0,1,0,1,0
t03_slot_0_A_k4,8,85,0,1,1,0,1,0,1,1,0,0,1,0,1,0,0,0,1,0
t03_slot_0_A_k4,8,86,0,1,1,0,1,0,1,1,0,0,1,0,1,0,1,0,1,0
t03_slot_0_A_k4,8,87,0,1,1,0,1,0,1,1,0,0,1,0,1,0,1,0,1,0
t03_slot_0_A_k4,8,88,0,1,0,0,1,0,1,1,0,0,1,0,1,0,1,0,1,0
t03_slot_0_A_k4,8,89,0,1,1,0,1,0,1,1,0,0,1,0,1,0,1,0,1,0
t03_slot_0_A_k4,8,90,0,1,1,0,1,0,1,1,0,0,1,0,1,0,1,0,1,0
t03_slot_0_A_k4,8,91,0,1,1,0,1,0,1,1,0,0,1,0,1,0,1,0,1,0
t03_slot_0_A_k4,8,92,0,1,1,0,1,0,1,1,0,0,1,0,1,0,1,0,1,0
t03_slot_0_A_k4,8,93,0,1,1,0,1,0,1,1,0,0,1,0,1,0,1,0,1,0
t03_slot_0_A_k4,8,94,0,1,1,0,1,0,1,1,0,0,1,0,1,0,1,0,1,0
t03_slot_0_A_k4,8,95,0,1,1,0,1,0,1,1,0,0,1,0,1,0,1,0,1,0
t03_slot_0_A_k4,8,96,0,1,1,0,1,0,1,1,0,0,1,0,1,0,0,0,1,0
t03_slot_0_A_k4,8,97,0,1,1,0,1,0,1,1,0,0,1,0,1,0,1,0,1,0
t03_slot_0_A_k4,8,98,0,1,1,0,1,0,1,1,0,0,1,0,1,0,1,0,1,0
t03_slot_0_A_k4,8,99,0,1,0,0,1,0,1,1,0,0,1,0,1,0,1,0,1,0
t03_slot_0_A_k4,8,100,0,1,0,0,1,0,1,1,0,0,1,0,1,0,1,0,1,0
t03_slot_0_A_k4,8,101,0,1,1,0,1,0,1,1,0,0,1,0,1,0,1,0,1,0
t03_slot_0_A_k4,8,102,0,1,1,0,1,0,1,1,0,0,1,0,1,0,1,0,1,0
t03_slot_0_A_k4,8,103,0,1,1,0,1,0,1,1,0,0,1,0,1,0,1,0,1,0
t03_slot_0_A_k4,8,104,0,1,1,0,1,0,1,1,0,0,1,0,1,0,1,0,1,0
t03_slot_0_A_k4,8,105,0,1,1,0,1,0,1,1,0,0,1,0,1,0,1,0,1,0
t03_slot_0_A_k4,8,106,0,1,1,0,1,0,1,1,0,0,1,0,1,0,1,0,1,0
t03_slot_0_A_k4,8,107,0,1,1,0,1,0,1,1,0,0,1,0,1,0,0,0,1,0
t03_slot_0_A_k4,8,108,0,1,1,0,1,0,1,1,0,0,1,0,1,0,0,0,1,0
t03_slot_0_A_k4,8,109,0,1,1,0,1,0,1,1,0,0,1,0,1,0,0,0,1,0
t03_slot_0_A_k4,8,110,0,1,0,0,1,0,1,1,0,0,1,0,1,0,1,0,1,0
t03_slot_0_A_k4,8,111,0,1,1,0,1,0,1,1,0,0,1,0,1,0,1,0,1,0
t03_slot_0_A_k4,8,112,0,1,1,0,1,0,1,1,0,0,1,0,1,0,1,0,1,0
t03_slot_0_A_k4,8,113,0,1,1,0,1,0,1,1,0,0,1,0,1,0,1,0,1,0
t03_slot_0_A_k4,8,114,0,1,1,0,1,0,1,1,0,0,1,0,1,0,1,0,1,0
t03_slot_0_A_k4,8,115,0,1,1,0,1,0,1,1,0,0,1,0,1,0,1,0,1,0
t03_slot_0_A_k4,8,116,0,1,1,0,1,0,1,1,0,0,1,0,1,0,1,0,1,0
t03_slot_0_A_k4,8,117,0,1,1,0,1,0,1,1,0,0,1,0,1,0,1,0,1,0
t03_slot_0_A_k4,8,118,0,1,1,0,1,0,1,1,0,0,1,0,1,0,1,0,1,0
t03_slot_0_A_k4,8,119,0,1,1,0,1,0,1,1,0,0,1,0,1,0,1,0,1,0
t03_slot_0_A_k4,8,120,0,1,1,0,1,0,1,1,0,0,1,0,1,0,1,0,1,0
t03_slot_0_A_k5,9,0,0,1,1,0,1,0,1,0,1,0,1,0,1,0,1,0,1,0
t03_slot_0_A_k5,9,1,0,1,1,0,1,0,1,0,1,0,1,0,1,0,1,0,1,0
t03_slot_0_A_k5,9,2,0,1,1,0,1,0,1,0,1,0,1,0,1,0,1,0,1,0
t03_slot_0_A_k5,9,3,0,1,1,0,1,0,1,0,1,0,1,0,1,0,1,0,1,0
t03_slot_0_A_k5,9,4,0,1,1,0,1,0,1,0,1,0,1,0,1,0,1,0,1,0
t03_slot_0_A_k5,9,5,0,1,0,0,1,0,1,0,1,0,1,0,1,0,1,0,1,0
t03_slot_0_A_k5,9,6,0,1,0,0,1,0,1,0,1,0,1,0,1,0,1,0,1,0
t03_slot_0_A_k5,9,7,0,1,1,0,1,0,1,0,1,0,1,0,1,0,1,0,1,0
t03_slot_0_A_k5,9,8,0,1,1,0,1,0,1,0,1,0,0,0,1,0,1,0,1,0
t03_slot_0_A_k5,9,9,0,1,1,0,1,0,1,0,1,0,0,0,1,0,1,0,1,0
t03_slot_0_A_k5,9,10,0,1,1,0,1,0,1,0,1,0,1,0,1,0,1,0,1,0
t03_slot_0_A_k5,9,11,0,1,1,0,1,0,1,0,1,0,1,0,1,0,1,0,1,0
t03_slot_0_A_k5,9,12,0,1,1,0,1,0,1,0,1,0,1,0,1,0,1,0,1,0
t03_slot_0_A_k5,9,13,0,1,1,0,1,0,1,0,1,0,1,0,1,0,1,0,1,0
t03_slot_0_A_k5,9,14,0,1,1,0,1,0,1,0,1,0,1,0,1,0,1,0,1,0
t03_slot_0_A_k5,9,15,0,1,1,0,1,0,1,0,1,0,1,0,1,0,1,0,1,0
t03_slot_0_A_k5,9,16,0,1,0,0,1,0,1,0,1,0,1,0,1,0,1,0,1,0
t03_slot_0_A_k5,9,17,0,1,1,0,1,0,1,0,1,0,1,0,1,0,1,0,1,0
t03_slot_0_A_k5,9,18,0,1,1,0,1,0,1,0,1,0,1,0,1,0,1,0,1,0
t03_slot_0_A_k5,9,19,0,1,1,0,1,0,1,0,1,0,0,0,1,0,1,0,1,0
t03_slot_0_A_k5,9,20,0,1,1,0,1,0,1,0,1,0,0,0,1,0,1,0,1,0
t03_slot_0_A_k5,9,21,0,1,1,0,1,0,1,0,1,0,1,0,1,0,1,0,1,0
t03_slot_0_A_k5,9,22,0,1,1,0,1,0,1,0,1,0,1,0,1,0,1,0,1,0
t03_slot_0_A_k5,9,23,0,1,1,0,1,0,1,0,1,0,1,0,1,0,1,0,1,0
t03_slot_0_A_k5,9,24,0,1,1,0,1,0,1,0,1,0,1,0,1,0,1,0,1,0
t03_slot_0_A_k5,9,25,0,1,0,0,1,0,1,0,1,0,1,0,1,0,1,0,1,0
t03_slot_0_A_k5,9,26,0,1,0,0,1,0,1,0,1,0,1,0,1,0,1,0,1,0
t03_slot_0_A_k5,9,27,0,1,0,0,1,0,1,0,1,0,1,0,1,0,1,0,1,0
t03_slot_0_A_k5,9,28,0,1,0,0,1,0,1,0,1,0,1,0,1,0,1,0,1,0
t03_slot_0_A_k5,9,29,0,1,1,0,1,0,1,0,1,0,1,0,1,0,1,0,1,0
t03_slot_0_A_k5,9,30,0,1,1,0,1,0,1,0,1,0,1,0,1,0,1,0,1,0
t03_slot_0_A_k5,9,31,0,1,1,0,1,0,1,0,1,0,0,0,1,0,1,0,1,0
t03_slot_0_A_k5,9,32,0,1,1,0,1,0,1,0,1,0,1,0,1,0,1,0,1,0
t03_slot_0_A_k5,9,33,0,1,1,0,1,0,1,0,1,0,1,0,1,0,1,0,1,0
t03_slot_0_A_k5,9,34,0,1,1,0,1,0,1,0,1,0,1,0,1,0,1,0,1,0
t03_slot_0_A_k5,9,35,0,1,1,0,1,0,1,0,1,0,1,0,1,0,1,0,1,0
t03_slot_0_A_k5,9,36,0,1,0,0,1,0,1,0,1,0,1,0,1,0,1,0,1,0
t03_slot_0_A_k5,9,37,1,1,1,0,1,0,0,0,1,0,1,0,1,0,1,0,1,0
t03_slot_0_A_k5,9,38,1,1,1,0,1,0,0,0,0,0,1,0,1,0,1,0,1,0
t03_slot_0_A_k5,9,39,1,1,1,0,1,0,0,1,1,1,1,0,1,0,1,0,1,0
t03_slot_0_A_k5,9,40,0,1,1,0,1,0,1,1,0,0,1,0,1,0,1,0,1,0
t03_slot_0_A_k5,9,41,0,1,1,0,1,0,1,1,0,0,1,0,1,0,1,0,1,0
t03_slot_0_A_k5,9,42,0,1,1,0,1,0,1,1,0,0,1,0,1,0,1,0,1,0
t03_slot_0_A_k5,9,43,0,1,1,0,1,0,1,1,0,0,1,0,1,0,1,0,1,0
t03_slot_0_A_k5,9,44,0,1,1,0,1,0,1,1,0,0,1,0,1,0,1,0,1,0
t03_slot_0_A_k5,9,45,0,1,1,0,1,0,1,1,0,0,1,0,1,0,1,0,1,0
t03_slot_0_A_k5,9,46,0,1,1,0,1,0,1,1,0,0,1,0,1,0,1,0,1,0
t03_slot_0_A_k5,9,47,0,1,0,0,1,0,1,1,0,0,1,0,1,0,1,0,1,0
t03_slot_0_A_k5,9,48,1,1,1,0,1,0,0,1,0,0,1,0,1,0,1,0,1,0
t03_slot_0_A_k5,9,49,0,1,1,0,1,0,1,1,0,0,1,0,1,0,1,0,1,0
t03_slot_0_A_k5,9,50,0,1,1,0,1,0,1,1,0,0,1,0,1,0,1,0,1,0
t03_slot_0_A_k5,9,51,0,1,1,0,1,0,1,1,0,0,1,0,1,0,1,0,1,0
t03_slot_0_A_k5,9,52,0,1,1,0,1,0,1,1,0,0,1,0,1,0,1,0,1,0
t03_slot_0_A_k5,9,53,0,1,1,0,1,0,1,1,0,0,1,0,1,0,1,0,1,0
t03_slot_0_A_k5,9,54,0,1,1,0,1,0,1,1,0,0,1,0,1,0,1,0,1,0
t03_slot_0_A_k5,9,55,0,1,1,0,1,0,1,1,0,0,1,0,1,0,1,0,1,0
t03_slot_0_A_k5,9,56,0,1,1,0,1,0,1,1,0,0,1,0,1,0,1,0,1,0
t03_slot_0_A_k5,9,57,0,1,1,0,1,0,1,1,0,0,1,0,1,0,1,0,1,0
t03_slot_0_A_k5,9,58,0,1,0,0,1,0,1,1,0,0,1,0,1,0,1,0,1,0
t03_slot_0_A_k5,9,59,1,1,1,0,1,0,0,1,0,0,1,0,1,0,1,0,1,0
t03_slot_0_A_k5,9,60,0,1,1,0,1,0,0,1,0,0,1,0,1,0,1,0,1,0
t03_slot_0_A_k5,9,61,0,1,1,0,1,0,0,1,0,0,1,0,1,0,1,0,1,0
t03_slot_0_A_k5,9,62,0,1,1,0,1,0,1,1,0,0,1,0,1,0,1,0,1,0
t03_slot_0_A_k5,9,63,0,1,1,0,1,0,1,1,0,0,1,0,1,0,0,0,1,0
t03_slot_0_A_k5,9,64,0,1,1,0,1,0,1,1,0,0,1,0,1,0,0,0,1,0
t03_slot_0_A_k5,9,65,0,1,1,0,1,0,1,1,0,0,1,0,1,0,0,0,1,0
t03_slot_0_A_k5,9,66,0,1,0,0,1,0,1,1,0,0,1,0,1,0,1,0,1,0
t03_slot_0_A_k5,9,67,0,1,0,0,1,0,1,1,0,0,1,0,1,0,1,0,1,0
t03_slot_0_A_k5,9,68,0,1,0,0,1,0,1,1,0,0,1,0,1,0,1,0,1,0
t03_slot_0_A_k5,9,69,0,1,0,0,1,0,1,1,0,0,1,0,1,0,1,0,1,0
t03_slot_0_A_k5,9,70,0,1,0,0,1,0,1,1,0,0,1,0,1,0,1,0,1,0
t03_slot_0_A_k5,9,71,0,1,0,0,1,0,1,1,0,0,1,0,1,0,1,0,1,0
t03_slot_0_A_k5,9,72,0,1,1,0,1,0,0,1,0,0,1,0,1,0,1,0,1,0
t03_slot_0_A_k5,9,73,0,1,1,0,1,0,1,1,0,0,1,0,1,0,1,0,1,0
t03_slot_0_A_k5,9,74,0,1,1,0,1,0,1,1,0,0,1,0,1,0,0,0,1,0
t03_slot_0_A_k5,9,75,0,1,1,0,1,0,1,1,0,0,1,0,1,0,1,0,1,0
t03_slot_0_A_k5,9,76,0,1,1,0,1,0,1,1,0,0,1,0,1,0,1,0,1,0
t03_slot_0_A_k5,9,77,0,1,0,0,1,0,1,1,0,0,1,0,1,0,1,0,1,0
t03_slot_0_A_k5,9,78,0,1,1,0,1,0,1,1,0,0,1,0,1,0,1,0,1,0
t03_slot_0_A_k5,9,79,0,1,1,0,1,0,1,1,0,0,1,0,1,0,1,0,1,0
t03_slot_0_A_k5,9,80,0,1,1,0,1,0,1,1,0,0,1,0,1,0,1,0,1,0
t03_slot_0_A_k5,9,81,0,1,1,0,1,0,0,1,0,0,1,0,1,0,1,0,1,0
t03_slot_0_A_k5,9,82,0,1,1,0,1,0,0,1,0,0,1,0,1,0,1,0,1,0
t03_slot_0_A_k5,9,83,0,1,1,0,1,0,0,1,0,0,1,0,1,0,1,0,1,0
t03_slot_0_A_k5,9,84,0,1,1,0,1,0,1,1,0,0,1,0,1,0,1,0,1,0
t03_slot_0_A_k5,9,85,0,1,1,0,1,0,1,1,0,0,1,0,1,0,0,0,1,0
t03_slot_0_A_k5,9,86,0,1,1,0,1,0,1,1,0,0,1,0,1,0,1,0,1,0
t03_slot_0_A_k5,9,87,0,1,1,0,1,0,1,1,0,0,1,0,1,0,1,0,1,0
t03_slot_0_A_k5,9,88,0,1,0,0,1,0,1,1,0,0,1,0,1,0,1,0,1,0
t03_slot_0_A_k5,9,89,0,1,1,0,1,0,1,1,0,0,1,0,1,0,1,0,1,0
t03_slot_0_A_k5,9,90,0,1,1,0,1,0,1,1,0,0,1,0,1,0,1,0,1,0
t03_slot_0_A_k5,9,91,0,1,1,0,1,0,1,1,0,0,1,0,1,0,1,0,1,0
t03_slot_0_A_k5,9,92,0,1,1,0,1,0,1,1,0,0,1,0,1,0,1,0,1,0
t03_slot_0_A_k5,9,93,0,1,1,0,1,0,1,1,0,0,1,0,1,0,1,0,1,0
t03_slot_0_A_k5,9,94,0,1,1,0,1,0,1,1,0,0,1,0,1,0,1,0,1,0
t03_slot_0_A_k5,9,95,0,1,1,0,1,0,1,1,0,0,1,0,1,0,1,0,1,0
t03_slot_0_A_k5,9,96,0,1,1,0,1,0,1,1,0,0,1,0,1,0,0,0,1,0
t03_slot_0_A_k5,9,97,0,1,1,0,1,0,1,1,0,0,1,0,1,0,1,0,1,0
t03_slot_0_A_k5,9,98,0,1,1,0,1,0,1,1,0,0,1,0,1,0,1,0,1,0
t03_slot_0_A_k5,9,99,0,1,0,0,1,0,1,1,0,0,1,0,1,0,1,0,1,0
t03_slot_0_A_k5,9,100,0,1,0,0,1,0,1,1,0,0,1,0,1,0,1,0,1,0
t03_slot_0_A_k5,9,101,0,1,1,0,1,0,1,1,0,0,1,0,1,0,1,0,1,0
t03_slot_0_A_k5,9,102,0,1,1,0,1,0,1,1,0,0,1,0,1,0,1,0,1,0
t03_slot_0_A_k5,9,103,0,1,1,0,1,0,1,1,0,0,1,0,1,0,1,0,1,0
t03_slot_0_A_k5,9,104,0,1,1,0,1,0,1,1,0,0,1,0,1,0,1,0,1,0
t03_slot_0_A_k5,9,105,0,1,1,0,1,0,1,1,0,0,1,0,1,0,1,0,1,0
t03_slot_0_A_k5,9,106,0,1,1,0,1,0,1,1,0,0,1,0,1,0,1,0,1,0
t03_slot_0_A_k5,9,107,0,1,1,0,1,0,1,1,0,0,1,0,1,0,0,0,1,0
t03_slot_0_A_k5,9,108,0,1,1,0,1,0,1,1,0,0,1,0,1,0,0,0,1,0
t03_slot_0_A_k5,9,109,0,1,1,0,1,0,1,1,0,0,1,0,1,0,0,0,1,0
t03_slot_0_A_k5,9,110,0,1,0,0,1,0,1,1,0,0,1,0,1,0,1,0,1,0
t03_slot_0_A_k5,9,111,0,1,1,0,1,0,1,1,0,0,1,0,1,0,1,0,1,0
t03_slot_0_A_k5,9,112,0,1,1,0,1,0,1,1,0,0,1,0,1,0,1,0,1,0
t03_slot_0_A_k5,9,113,0,1,1,0,1,0,1,1,0,0,1,0,1,0,1,0,1,0
t03_slot_0_A_k5,9,114,0,1,1,0,1,0,1,1,0,0,1,0,1,0,1,0,1,0
t03_slot_0_A_k5,9,115,0,1,1,0,1,0,1,1,0,0,1,0,1,0,1,0,1,0
t03_slot_0_A_k5,9,116,0,1,1,0,1,0,1,1,0,0,1,0,1,0,1,0,1,0
t03_slot_0_A_k5,9,117,0,1,1,0,1,0,1,1,0,0,1,0,1,0,1,0,1,0
t03_slot_0_A_k5,9,118,0,1,1,0,1,0,1,1,0,0,1,0,1,0,1,0,1,0
t03_slot_0_A_k5,9,119,0,1,1,0,1,0,1,1,0,0,1,0,1,0,1,0,1,0
t03_slot_0_A_k5,9,120,0,1,1,0,1,0,1,1,0,0,1,0,1,0,1,0,1,0
t03_slot_1_B_k1,10,0,0,1,1,0,1,0,1,0,1,0,1,0,1,0,1,0,1,0
t03_slot_1_B_k1,10,1,0,1,1,0,1,0,1,0,1,0,1,0,1,0,1,0,1,0
t03_slot_1_B_k1,10,2,0,1,1,0,1,0,1,0,1,0,1,0,1,0,1,0,1,0
t03_slot_1_B_k1,10,3,0,1,1,0,1,0,1,0,1,0,1,0,1,0,1,0,1,0
t03_slot_1_B_k1,10,4,0,1,1,0,1,0,1,0,1,0,1,0,1,0,1,0,1,0
t03_slot_1_B_k1,10,5,0,1,0,0,1,0,1,0,1,0,1,0,1,0,1,0,1,0
t03_slot_1_B_k1,10,6,0,1,0,0,1,0,1,0,1,0,1,0,1,0,1,0,1,0
t03_slot_1_B_k1,10,7,0,1,1,0,1,0,1,0,1,0,1,0,1,0,1,0,1,0
t03_slot_1_B_k1,10,8,1,1,1,0,1,0,1,0,1,0,0,0,1,0,1,0,1,0
t03_slot_1_B_k1,10,9,0,1,1,0,1,0,1,0,1,0,0,0,0,0,1,0,1,0
t03_slot_1_B_k1,10,10,0,1,1,0,1,0,1,0,1,0,1,0,0,0,1,0,1,0
t03_slot_1_B_k1,10,11,0,1,1,0,1,0,1,0,1,0,1,0,0,0,1,0,1,0
t03_slot_1_B_k1,10,12,0,1,1,0,1,0,1,0,1,0,1,0,0,0,1,0,1,0
t03_slot_1_B_k1,10,13,0,1,1,0,1,0,1,0,1,0,1,0,0,0,1,0,1,0
t03_slot_1_B_k1,10,14,0,1,1,0,1,0,1,0,1,0,1,0,0,0,1,0,1,0
t03_slot_1_B_k1,10,15,0,1,1,0,1,0,1,0,1,0,1,0,0,0,1,0,1,0
t03_slot_1_B_k1,10,16,0,1,0,0,1,0,1,0,1,0,1,0,0,0,1,0,1,0
t03_slot_1_B_k1,10,17,0,1,1,0,1,0,1,0,1,0,1,0,0,0,1,0,1,0
t03_slot_1_B_k1,10,18,0,1,1,0,1,0,1,0,1,0,1,0,0,0,1,0,1,0
t03_slot_1_B_k1,10,19,0,1,1,0,1,0,1,0,1,0,0,0,0,0,1,0,1,0
t03_slot_1_B_k1,10,20,0,1,1,0,1,0,1,0,1,0,0,0,0,0,1,0,1,0
t03_slot_1_B_k1,10,21,0,1,1,0,1,0,1,0,1,0,1,0,0,0,1,0,1,0
t03_slot_1_B_k1,10,22,0,1,1,0,1,0,1,0,1,0,1,0,0,0,1,0,1,0
t03_slot_1_B_k1,10,23,0,1,1,0,1,0,1,0,1,0,1,0,0,0,1,0,1,0
t03_slot_1_B_k1,10,24,0,1,1,0,1,0,1,0,1,0,1,0,0,0,1,0,1,0
t03_slot_1_B_k1,10,25,0,1,0,0,1,0,1,0,1,0,1,0,0,0,1,0,1,0
t03_slot_1_B_k1,10,26,0,1,0,0,1,0,1,0,1,0,1,0,0,0,1,0,1,0
t03_slot_1_B_k1,10,27,0,1,0,0,1,0,1,0,1,0,1,0,0,0,1,0,1,0
t03_slot_1_B_k1,10,28,0,1,0,0,1,0,1,0,1,0,1,0,0,0,1,0,1,0
t03_slot_1_B_k1,10,29,0,1,1,0,1,0,1,0,1,0,1,0,0,0,1,0,1,0
t03_slot_1_B_k1,10,30,0,1,1,0,1,0,1,0,1,0,1,0,0,0,1,0,1,0
t03_slot_1_B_k1,10,31,0,1,1,0,1,0,1,0,1,0,0,0,0,0,1,0,1,0
t03_slot_1_B_k1,10,32,0,1,1,0,1,0,1,0,1,0,1,0,0,0,1,0,1,0
t03_slot_1_B_k1,10,33,0,1,1,0,1,0,1,0,1,0,1,0,0,0,1,0,1,0
t03_slot_1_B_k1,10,34,0,1,1,0,1,0,1,0,1,0,1,0,0,0,1,0,1,0
t03_slot_1_B_k1,10,35,0,1,1,0,1,0,1,0,1,0,1,0,0,0,1,0,1,0
t03_slot_1_B_k1,10,36,0,1,0,0,1,0,1,0,1,0,1,0,0,0,1,0,1,0
t03_slot_1_B_k1,10,37,0,1,1,0,1,0,0,0,1,0,1,0,0,0,1,0,1,0
t03_slot_1_B_k1,10,38,0,1,1,0,1,0,0,0,1,0,1,0,0,0,1,0,1,0
t03_slot_1_B_k1,10,39,0,1,1,0,1,0,0,0,1,0,1,0,0,0,1,0,1,0
t03_slot_1_B_k1,10,40,0,1,1,0,1,0,1,0,1,0,1,0,0,0,1,0,1,0
t03_slot_1_B_k1,10,41,0,1,1,0,1,0,1,0,1,0,1,0,0,0,1,0,1,0
t03_slot_1_B_k1,10,42,0,1,1,0,1,0,1,0,1,0,1,0,0,0,1,0,1,0
t03_slot_1_B_k1,10,43,0,1,1,0,1,0,1,0,1,0,1,0,0,0,1,0,1,0
t03_slot_1_B_k1,10,44,0,1,1,0,1,0,1,0,1,0,1,0,0,0,1,0,1,0
t03_slot_1_B_k1,10,45,0,1,1,0,1,0,1,0,1,0,1,0,0,0,1,0,1,0
t03_slot_1_B_k1,10,46,0,1,1,0,1,0,1,0,1,0,1,0,0,0,1,0,1,0
t03_slot_1_B_k1,10,47,0,1,0,0,1,0,1,0,1,0,1,0,0,0,1,0,1,0
t03_slot_1_B_k1,10,48,0,1,1,0,1,0,0,0,1,0,1,0,0,0,1,0,1,0
t03_slot_1_B_k1,10,49,0,1,1,0,1,0,1,0,1,0,1,0,0,0,1,0,1,0
t03_slot_1_B_k1,10,50,0,1,1,0,1,0,1,0,1,0,1,0,0,0,1,0,1,0
t03_slot_1_B_k1,10,51,0,1,1,0,1,0,1,0,1,0,1,0,0,0,1,0,1,0
t03_slot_1_B_k1,10,52,0,1,1,0,1,0,1,0,1,0,1,0,0,0,1,0,1,0
t03_slot_1_B_k1,10,53,0,1,1,0,1,0,1,0,1,0,1,0,0,0,1,0,1,0
t03_slot_1_B_k1,10,54,0,1,1,0,1,0,1,0,1,0,1,0,0,0,1,0,1,0
t03_slot_1_B_k1,10,55,0,1,1,0,1,0,1,0,1,0,1,0,0,0,1,0,1,0
t03_slot_1_B_k1,10,56,0,1,1,0,1,0,1,0,1,0,1,0,0,0,1,0,1,0
t03_slot_1_B_k1,10,57,0,1,1,0,1,0,1,0,1,0,1,0,0,0,1,0,1,0
t03_slot_1_B_k1,10,58,0,1,0,0,1,0,1,0,1,0,1,0,0,0,1,0,1,0
t03_slot_1_B_k1,10,59,0,1,1,0,1,0,0,0,1,0,1,0,0,0,1,0,1,0
t03_slot_1_B_k1,10,60,0,1,1,0,1,0,0,0,1,0,1,0,0,0,1,0,1,0
t03_slot_1_B_k1,10,61,0,1,1,0,1,0,0,0,1,0,1,0,0,0,1,0,1,0
t03_slot_1_B_k1,10,62,0,1,1,0,1,0,1,0,1,0,1,0,0,0,1,0,1,0
t03_slot_1_B_k1,10,63,0,1,1,0,1,0,1,0,1,0,1,0,0,0,0,0,1,0
t03_slot_1_B_k1,10,64,0,1,1,0,1,0,1,0,1,0,1,0,0,0,0,0,1,0
t03_slot_1_B_k1,10,65,0,1,1,0,1,0,1,0,1,0,1,0,0,0,0,0,1,0
t03_slot_1_B_k1,10,66,0,1,0,0,1,0,1,0,1,0,1,0,0,0,1,0,1,0
t03_slot_1_B_k1,10,67,0,1,0,0,1,0,1,0,1,0,1,0,0,0,1,0,1,0
t03_slot_1_B_k1,10,68,0,1,0,0,1,0,1,0,1,0,1,0,0,0,1,0,1,0
t03_slot_1_B_k1,10,69,0,1,0,0,1,0,1,0,1,0,1,0,0,0,1,0,1,0
t03_slot_1_B_k1,10,70,0,1,0,0,1,0,1,0,1,0,1,0,0,0,1,0,1,0
t03_slot_1_B_k1,10,71,0,1,0,0,1,0,1,0,1,0,1,0,0,0,1,0,1,0
t03_slot_1_B_k1,10,72,0,1,1,0,1,0,0,0,1,0,1,0,0,0,1,0,1,0
t03_slot_1_B_k1,10,73,0,1,1,0,1,0,1,0,1,0,1,0,0,0,1,0,1,0
t03_slot_1_B_k1,10,74,0,1,1,0,1,0,1,0,1,0,1,0,0,0,0,0,1,0
t03_slot_1_B_k1,10,75,0,1,1,0,1,0,1,0,1,0,1,0,0,0,1,0,1,0
t03_slot_1_B_k1,10,76,0,1,1,0,1,0,1,0,1,0,1,0,0,0,1,0,1,0
t03_slot_1_B_k1,10,77,0,1,0,0,1,0,1,0,1,0,1,0,0,0,1,0,1,0
t03_slot_1_B_k1,10,78,0,1,1,0,1,0,1,0,1,0,1,0,0,0,1,0,1,0
t03_slot_1_B_k1,10,79,0,1,1,0,1,0,1,0,1,0,1,0,0,0,1,0,1,0
t03_slot_1_B_k1,10,80,0,1,1,0,1,0,1,0,1,0,1,0,0,0,1,0,1,0
t03_slot_1_B_k1,10,81,0,1,1,0,1,0,0,0,1,0,1,0,0,0,1,0,1,0
t03_slot_1_B_k1,10,82,0,1,1,0,1,0,0,0,1,0,1,0,0,0,1,0,1,0
t03_slot_1_B_k1,10,83,0,1,1,0,1,0,0,0,1,0,1,0,0,0,1,0,1,0
t03_slot_1_B_k1,10,84,0,1,1,0,1,0,1,0,1,0,1,0,0,0,1,0,1,0
t03_slot_1_B_k1,10,85,0,1,1,0,1,0,1,0,1,0,1,0,0,0,0,0,1,0
t03_slot_1_B_k1,10,86,0,1,1,0,1,0,1,0,1,0,1,0,0,0,1,0,1,0
t03_slot_1_B_k1,10,87,0,1,1,0,1,0,1,0,1,0,1,0,0,0,1,0,1,0
t03_slot_1_B_k1,10,88,0,1,0,0,1,0,1,0,1,0,1,0,0,0,1,0,1,0
t03_slot_1_B_k1,10,89,0,1,1,0,1,0,1,0,1,0,1,0,0,0,1,0,1,0
t03_slot_1_B_k1,10,90,0,1,1,0,1,0,1,0,1,0,1,0,0,0,1,0,1,0
t03_slot_1_B_k1,10,91,0,1,1,0,1,0,1,0,1,0,1,0,0,0,1,0,1,0
t03_slot_1_B_k1,10,92,0,1,1,0,1,0,1,0,1,0,1,0,0,0,1,0,1,0
t03_slot_1_B_k1,10,93,0,1,1,0,1,0,1,0,1,0,1,0,0,0,1,0,1,0
t03_slot_1_B_k1,10,94,0,1,1,0,1,0,1,0,1,0,1,0,0,0,1,0,1,0
t03_slot_1_B_k1,10,95,0,1,1,0,1,0,1,0,1,0,1,0,0,0,1,0,1,0
t03_slot_1_B_k1,10,96,0,1,1,0,1,0,1,0,1,0,1,0,0,0,0,0,1,0
t03_slot_1_B_k1,10,97,0,1,1,0,1,0,1,0,1,0,1,0,0,0,1,0,1,0
t03_slot_1_B_k1,10,98,0,1,1,0,1,0,1,0,1,0,1,0,0,0,1,0,1,0
t03_slot_1_B_k1,10,99,0,1,0,0,1,0,1,0,1,0,1,0,0,0,1,0,1,0
t03_slot_1_B_k1,10,100,0,1,0,0,1,0,1,0,1,0,1,0,0,0,1,0,1,0
t03_slot_1_B_k1,10,101,0,1,1,0,1,0,1,0,1,0,1,0,0,0,1,0,1,0
t03_slot_1_B_k1,10,102,0,1,1,0,1,0,1,0,1,0,1,0,0,0,1,0,1,0
t03_slot_1_B_k1,10,103,0,1,1,0,1,0,1,0,1,0,1,0,0,0,1,0,1,0
t03_slot_1_B_k1,10,104,0,1,1,0,1,0,1,0,1,0,1,0,0,0,1,0,1,0
t03_slot_1_B_k1,10,105,0,1,1,0,1,0,1,0,1,0,1,0,0,0,1,0,1,0
t03_slot_1_B_k1,10,106,0,1,1,0,1,0,1,0,1,0,1,0,0,0,1,0,1,0
t03_slot_1_B_k1,10,107,0,1,1,0,1,0,1,0,1,0,1,0,0,0,0,0,1,0
t03_slot_1_B_k1,10,108,0,1,1,0,1,0,1,0,1,0,1,0,0,0,0,0,1,0
t03_slot_1_B_k1,10,109,0,1,1,0,1,0,1,0,1,0,1,0,0,0,0,0,1,0
t03_slot_1_B_k1,10,110,0,1,0,0,1,0,1,0,1,0,1,0,0,0,1,0,1,0
t03_slot_1_B_k1,10,111,0,1,1,0,1,0,1,0,1,0,1,0,0,0,1,0,1,0
t03_slot_1_B_k1,10,112,0,1,1,0,1,0,1,0,1,0,1,0,0,0,1,0,1,0
t03_slot_1_B_k1,10,113,0,1,1,0,1,0,1,0,1,0,1,0,0,0,1,0,1,0
t03_slot_1_B_k1,10,114,0,1,1,0,1,0,1,0,1,0,1,0,0,0,1,0,1,0
t03_slot_1_B_k1,10,115,0,1,1,0,1,0,1,0,1,0,1,0,0,0,1,0,1,0
t03_slot_1_B_k1,10,116,0,1,1,0,1,0,1,0,1,0,1,0,0,0,1,0,1,0
t03_slot_1_B_k1,10,117,0,1,1,0,1,0,1,0,1,0,1,0,0,0,1,0,1,0
t03_slot_1_B_k1,10,118,0,1,1,0,1,0,1,0,1,0,1,0,0,0,1,0,1,0
t03_slot_1_B_k1,10,119,0,1,1,0,1,0,1,0,1,0,1,0,0,0,1,0,1,0
t03_slot_1_B_k1,10,120,0,1,1,0,1,0,1,0,1,0,1,0,0,0,1,0,1,0
t03_slot_1_B_k2,11,0,0,1,1,0,1,0,1,0,1,0,1,0,1,0,1,0,1,0
t03_slot_1_B_k2,11,1,0,1,1,0,1,0,1,0,1,0,1,0,1,0,1,0,1,0
t03_slot_1_B_k2,11,2,0,1,1,0,1,0,1,0,1,0,1,0,1,0,1,0,1,0
t03_slot_1_B_k2,11,3,0,1,1,0,1,0,1,0,1,0,1,0,1,0,1,0,1,0
t03_slot_1_B_k2,11,4,0,1,1,0,1,0,1,0,1,0,1,0,1,0,1,0,1,0
t03_slot_1_B_k2,11,5,0,1,0,0,1,0,1,0,1,0,1,0,1,0,1,0,1,0
t03_slot_1_B_k2,11,6,0,1,0,0,1,0,1,0,1,0,1,0,1,0,1,0,1,0
t03_slot_1_B_k2,11,7,0,1,1,0,1,0,1,0,1,0,1,0,1,0,1,0,1,0
t03_slot_1_B_k2,11,8,1,1,1,0,1,0,1,0,1,0,0,0,1,0,1,0,1,0
t03_slot_1_B_k2,11,9,1,1,1,0,1,0,1,0,1,0,0,0,0,0,1,0,1,0
t03_slot_1_B_k2,11,10,0,1,1,0,1,0,1,0,1,0,1,1,1,1,1,0,1,0
t03_slot_1_B_k2,11,11,0,1,1,0,1,0,1,0,1,0,1,1,1,1,1,0,1,0
t03_slot_1_B_k2,11,12,0,1,1,0,1,0,1,0,1,0,1,1,1,1,1,0,1,0
t03_slot_1_B_k2,11,13,0,1,1,0,1,0,1,0,1,0,1,1,1,1,1,0,1,0
t03_slot_1_B_k2,11,14,0,1,1,0,1,0,1,0,1,0,1,1,1,1,1,0,1,0
t03_slot_1_B_k2,11,15,0,1,1,0,1,0,1,0,1,0,1,1,1,1,1,0,1,0
t03_slot_1_B_k2,11,16,0,1,0,0,1,0,1,0,1,0,1,1,1,1,1,0,1,0
t03_slot_1_B_k2,11,17,0,1,1,0,1,0,1,0,1,0,1,1,1,1,1,0,1,0
t03_slot_1_B_k2,11,18,0,1,1,0,1,0,1,0,1,0,1,1,1,1,1,0,1,0
t03_slot_1_B_k2,11,19,0,1,1,0,1,0,1,0,1,0,0,1,1,1,1,0,1,0
t03_slot_1_B_k2,11,20,0,1,1,0,1,0,1,0,1,0,0,1,1,1,1,0,1,0
t03_slot_1_B_k2,11,21,0,1,1,0,1,0,1,0,1,0,1,1,1,1,1,0,1,0
t03_slot_1_B_k2,11,22,0,1,1,0,1,0,1,0,1,0,1,1,1,1,1,0,1,0
t03_slot_1_B_k2,11,23,0,1,1,0,1,0,1,0,1,0,1,1,1,1,1,0,1,0
t03_slot_1_B_k2,11,24,0,1,1,0,1,0,1,0,1,0,1,1,1,1,1,0,1,0
t03_slot_1_B_k2,11,25,0,1,0,0,1,0,1,0,1,0,1,1,1,1,1,0,1,0
t03_slot_1_B_k2,11,26,0,1,0,0,1,0,1,0,1,0,1,1,1,1,1,0,1,0
t03_slot_1_B_k2,11,27,0,1,0,0,1,0,1,0,1,0,1,1,1,1,1,0,1,0
t03_slot_1_B_k2,11,28,0,1,0,0,1,0,1,0,1,0,1,1,1,1,1,0,1,0
t03_slot_1_B_k2,11,29,0,1,1,0,1,0,1,0,1,0,1,1,1,1,1,0,1,0
t03_slot_1_B_k2,11,30,0,1,1,0,1,0,1,0,1,0,1,1,1,1,1,0,1,0
t03_slot_1_B_k2,11,31,0,1,1,0,1,0,1,0,1,0,0,1,1,1,1,0,1,0
t03_slot_1_B_k2,11,32,0,1,1,0,1,0,1,0,1,0,1,1,1,1,1,0,1,0
t03_slot_1_B_k2,11,33,0,1,1,0,1,0,1,0,1,0,1,1,1,1,1,0,1,0
t03_slot_1_B_k2,11,34,0,1,1,0,1,0,1,0,1,0,1,1,1,1,1,0,1,0
t03_slot_1_B_k2,11,35,0,1,1,0,1,0,1,0,1,0,1,1,1,1,1,0,1,0
t03_slot_1_B_k2,11,36,0,1,0,0,1,0,1,0,1,0,1,1,1,1,1,0,1,0
t03_slot_1_B_k2,11,37,0,1,1,0,1,0,0,0,1,0,1,1,1,1,1,0,1,0
t03_slot_1_B_k2,11,38,0,1,1,0,1,0,0,0,1,0,1,1,1,1,1,0,1,0
t03_slot_1_B_k2,11,39,0,1,1,0,1,0,0,0,1,0,1,1,1,1,1,0,1,0
t03_slot_1_B_k2,11,40,0,1,1,0,1,0,1,0,1,0,1,1,1,1,1,0,1,0
t03_slot_1_B_k2,11,41,0,1,1,0,1,0,1,0,1,0,1,1,1,1,1,0,1,0
t03_slot_1_B_k2,11,42,0,1,1,0,1,0,1,0,1,0,1,1,1,1,1,0,1,0
t03_slot_1_B_k2,11,43,0,1,1,0,1,0,1,0,1,0,1,1,1,1,1,0,1,0
t03_slot_1_B_k2,11,44,0,1,1,0,1,0,1,0,1,0,1,1,1,1,1,0,1,0
t03_slot_1_B_k2,11,45,0,1,1,0,1,0,1,0,1,0,1,1,1,1,1,0,1,0
t03_slot_1_B_k2,11,46,0,1,1,0,1,0,1,0,1,0,1,1,1,1,1,0,1,0
t03_slot_1_B_k2,11,47,0,1,0,0,1,0,1,0,1,0,1,1,1,1,1,0,1,0
t03_slot_1_B_k2,11,48,0,1,1,0,1,0,0,0,1,0,1,1,1,1,1,0,1,0
t03_slot_1_B_k2,11,49,0,1,1,0,1,0,1,0,1,0,1,1,1,1,1,0,1,0
t03_slot_1_B_k2,11,50,0,1,1,0,1,0,1,0,1,0,1,1,1,1,1,0,1,0
t03_slot_1_B_k2,11,51,0,1,1,0,1,0,1,0,1,0,1,1,1,1,1,0,1,0
t03_slot_1_B_k2,11,52,0,1,1,0,1,0,1,0,1,0,1,1,1,1,1,0,1,0
t03_slot_1_B_k2,11,53,0,1,1,0,1,0,1,0,1,0,1,1,1,1,1,0,1,0
t03_slot_1_B_k2,11,54,0,1,1,0,1,0,1,0,1,0,1,1,1,1,1,0,1,0
t03_slot_1_B_k2,11,55,0,1,1,0,1,0,1,0,1,0,1,1,1,1,1,0,1,0
t03_slot_1_B_k2,11,56,0,1,1,0,1,0,1,0,1,0,1,1,1,1,1,0,1,0
t03_slot_1_B_k2,11,57,0,1,1,0,1,0,1,0,1,0,1,1,1,1,1,0,1,0
t03_slot_1_B_k2,11,58,0,1,0,0,1,0,1,0,1,0,1,1,1,1,1,0,1,0
t03_slot_1_B_k2,11,59,0,1,1,0,1,0,0,0,1,0,1,1,1,1,1,0,1,0
t03_slot_1_B_k2,11,60,0,1,1,0,1,0,0,0,1,0,1,1,1,1,1,0,1,0
t03_slot_1_B_k2,11,61,0,1,1,0,1,0,0,0,1,0,1,1,1,1,1,0,1,0
t03_slot_1_B_k2,11,62,0,1,1,0,1,0,1,0,1,0,1,1,1,1,1,0,1,0
t03_slot_1_B_k2,11,63,0,1,1,0,1,0,1,0,1,0,1,1,1,1,0,0,1,0
t03_slot_1_B_k2,11,64,0,1,1,0,1,0,1,0,1,0,1,1,1,1,0,0,1,0
t03_slot_1_B_k2,11,65,0,1,1,0,1,0,1,0,1,0,1,1,1,1,0,0,1,0
t03_slot_1_B_k2,11,66,0,1,0,0,1,0,1,0,1,0,1,1,1,1,1,0,1,0
t03_slot_1_B_k2,11,67,0,1,0,0,1,0,1,0,1,0,1,1,1,1,1,0,1,0
t03_slot_1_B_k2,11,68,0,1,0,0,1,0,1,0,1,0,1,1,1,1,1,0,1,0
t03_slot_1_B_k2,11,69,0,1,0,0,1,0,1,0,1,0,1,1,1,1,1,0,1,0
t03_slot_1_B_k2,11,70,0,1,0,0,1,0,1,0,1,0,1,1,1,1,1,0,1,0
t03_slot_1_B_k2,11,71,0,1,0,0,1,0,1,0,1,0,1,1,1,1,1,0,1,0
t03_slot_1_B_k2,11,72,0,1,1,0,1,0,0,0,1,0,1,1,1,1,1,0,1,0
t03_slot_1_B_k2,11,73,0,1,1,0,1,0,1,0,1,0,1,1,1,1,1,0,1,0
t03_slot_1_B_k2,11,74,0,1,1,0,1,0,1,0,1,0,1,1,1,1,0,0,1,0
t03_slot_1_B_k2,11,75,0,1,1,0,1,0,1,0,1,0,1,1,1,1,1,0,1,0
t03_slot_1_B_k2,11,76,0,1,1,0,1,0,1,0,1,0,1,1,1,1,1,0,1,0
t03_slot_1_B_k2,11,77,0,1,0,0,1,0,1,0,1,0,1,1,1,1,1,0,1,0
t03_slot_1_B_k2,11,78,0,1,1,0,1,0,1,0,1,0,1,1,1,1,1,0,1,0
t03_slot_1_B_k2,11,79,0,1,1,0,1,0,1,0,1,0,1,1,1,1,1,0,1,0
t03_slot_1_B_k2,11,80,0,1,1,0,1,0,1,0,1,0,1,1,1,1,1,0,1,0
t03_slot_1_B_k2,11,81,0,1,1,0,1,0,0,0,1,0,1,1,1,1,1,0,1,0
t03_slot_1_B_k2,11,82,0,1,1,0,1,0,0,0,1,0,1,1,1,1,1,0,1,0
t03_slot_1_B_k2,11,83,0,1,1,0,1,0,0,0,1,0,1,1,1,1,1,0,1,0
t03_slot_1_B_k2,11,84,0,1,1,0,1,0,1,0,1,0,1,1,1,1,1,0,1,0
t03_slot_1_B_k2,11,85,0,1,1,0,1,0,1,0,1,0,1,1,1,1,0,0,1,0
t03_slot_1_B_k2,11,86,0,1,1,0,1,0,1,0,1,0,1,1,1,1,1,0,1,0
t03_slot_1_B_k2,11,87,0,1,1,0,1,0,1,0,1,0,1,1,1,1,1,0,1,0
t03_slot_1_B_k2,11,88,0,1,0,0,1,0,1,0,1,0,1,1,1,1,1,0,1,0
t03_slot_1_B_k2,11,89,0,1,1,0,1,0,1,0,1,0,1,1,1,1,1,0,1,0
t03_slot_1_B_k2,11,90,0,1,1,0,1,0,1,0,1,0,1,1,1,1,1,0,1,0
t03_slot_1_B_k2,11,91,0,1,1,0,1,0,1,0,1,0,1,1,1,1,1,0,1,0
t03_slot_1_B_k2,11,92,0,1,1,0,1,0,1,0,1,0,1,1,1,1,1,0,1,0
t03_slot_1_B_k2,11,93,0,1,1,0,1,0,1,0,1,0,1,1,1,1,1,0,1,0
t03_slot_1_B_k2,11,94,0,1,1,0,1,0,1,0,1,0,1,1,1,1,1,0,1,0
t03_slot_1_B_k2,11,95,0,1,1,0,1,0,1,0,1,0,1,1,1,1,1,0,1,0
t03_slot_1_B_k2,11,96,0,1,1,0,1,0,1,0,1,0,1,1,1,1,0,0,1,0
t03_slot_1_B_k2,11,97,0,1,1,0,1,0,1,0,1,0,1,1,1,1,1,0,1,0
t03_slot_1_B_k2,11,98,0,1,1,0,1,0,1,0,1,0,1,1,1,1,1,0,1,0
t03_slot_1_B_k2,11,99,0,1,0,0,1,0,1,0,1,0,1,1,1,1,1,0,1,0
t03_slot_1_B_k2,11,100,0,1,0,0,1,0,1,0,1,0,1,1,1,1,1,0,1,0
t03_slot_1_B_k2,11,101,0,1,1,0,1,0,1,0,1,0,1,1,1,1,1,0,1,0
t03_slot_1_B_k2,11,102,0,1,1,0,1,0,1,0,1,0,1,1,1,1,1,0,1,0
t03_slot_1_B_k2,11,103,0,1,1,0,1,0,1,0,1,0,1,1,1,1,1,0,1,0
t03_slot_1_B_k2,11,104,0,1,1,0,1,0,1,0,1,0,1,1,1,1,1,0,1,0
t03_slot_1_B_k2,11,105,0,1,1,0,1,0,1,0,1,0,1,1,1,1,1,0,1,0
t03_slot_1_B_k2,11,106,0,1,1,0,1,0,1,0,1,0,1,1,1,1,1,0,1,0
t03_slot_1_B_k2,11,107,0,1,1,0,1,0,1,0,1,0,1,1,1,1,0,0,1,0
t03_slot_1_B_k2,11,108,0,1,1,0,1,0,1,0,1,0,1,1,1,1,0,0,1,0
t03_slot_1_B_k2,11,109,0,1,1,0,1,0,1,0,1,0,1,1,1,1,0,0,1,0
t03_slot_1_B_k2,11,110,0,1,0,0,1,0,1,0,1,0,1,1,1,1,1,0,1,0
t03_slot_1_B_k2,11,111,0,1,1,0,1,0,1,0,1,0,1,1,1,1,1,0,1,0
t03_slot_1_B_k2,11,112,0,1,1,0,1,0,1,0,1,0,1,1,1,1,1,0,1,0
t03_slot_1_B_k2,11,113,0,1,1,0,1,0,1,0,1,0,1,1,1,1,1,0,1,0
t03_slot_1_B_k2,11,114,0,1,1,0,1,0,1,0,1,0,1,1,1,1,1,0,1,0
t03_slot_1_B_k2,11,115,0,1,1,0,1,0,1,0,1,0,1,1,1,1,1,0,1,0
t03_slot_1_B_k2,11,116,0,1,1,0,1,0,1,0,1,0,1,1,1,1,1,0,1,0
t03_slot_1_B_k2,11,117,0,1,1,0,1,0,1,0,1,0,1,1,1,1,1,0,1,0
t03_slot_1_B_k2,11,118,0,1,1,0,1,0,1,0,1,0,1,1,1,1,1,0,1,0
t03_slot_1_B_k2,11,119,0,1,1,0,1,0,1,0,1,0,1,1,1,1,1,0,1,0
t03_slot_1_B_k2,11,120,0,1,1,0,1,0,1,0,1,0,1,1,1,1,1,0,1,0
t03_slot_1_B_k3,12,0,0,1,1,0,1,0,1,0,1,0,1,0,1,0,1,0,1,0
t03_slot_1_B_k3,12,1,0,1,1,0,1,0,1,0,1,0,1,0,1,0,1,0,1,0
t03_slot_1_B_k3,12,2,0,1,1,0,1,0,1,0,1,0,1,0,1,0,1,0,1,0
t03_slot_1_B_k3,12,3,0,1,1,0,1,0,1,0,1,0,1,0,1,0,1,0,1,0
t03_slot_1_B_k3,12,4,0,1,1,0,1,0,1,0,1,0,1,0,1,0,1,0,1,0
t03_slot_1_B_k3,12,5,0,1,0,0,1,0,1,0,1,0,1,0,1,0,1,0,1,0
t03_slot_1_B_k3,12,6,0,1,0,0,1,0,1,0,1,0,1,0,1,0,1,0,1,0
t03_slot_1_B_k3,12,7,0,1,1,0,1,0,1,0,1,0,1,0,1,0,1,0,1,0
t03_slot_1_B_k3,12,8,1,1,1,0,1,0,1,0,1,0,0,0,1,0,1,0,1,0
t03_slot_1_B_k3,12,9,1,1,1,0,1,0,1,0,1,0,0,0,0,0,1,0,1,0
t03_slot_1_B_k3,12,10,0,1,1,0,1,0,1,0,1,0,1,1,1,1,1,0,1,0
t03_slot_1_B_k3,12,11,0,1,1,0,1,0,1,0,1,0,1,1,1,1,1,0,1,0
t03_slot_1_B_k3,12,12,0,1,1,0,1,0,1,0,1,0,1,1,1,1,1,0,1,0
t03_slot_1_B_k3,12,13,0,1,1,0,1,0,1,0,1,0,1,1,1,1,1,0,1,0
t03_slot_1_B_k3,12,14,0,1,1,0,1,0,1,0,1,0,1,1,1,1,1,0,1,0
t03_slot_1_B_k3,12,15,0,1,1,0,1,0,1,0,1,0,1,1,1,1,1,0,1,0
t03_slot_1_B_k3,12,16,0,1,0,0,1,0,1,0,1,0,1,1,1,1,1,0,1,0
t03_slot_1_B_k3,12,17,0,1,1,0,1,0,1,0,1,0,1,1,1,1,1,0,1,0
t03_slot_1_B_k3,12,18,0,1,1,0,1,0,1,0,1,0,1,1,1,1,1,0,1,0
t03_slot_1_B_k3,12,19,1,1,1,0,1,0,1,0,1,0,0,1,1,1,1,0,1,0
t03_slot_1_B_k3,12,20,0,1,1,0,1,0,1,0,1,0,0,1,0,0,1,0,1,0
t03_slot_1_B_k3,12,21,0,1,1,0,1,0,1,0,1,0,1,1,0,0,1,0,1,0
t03_slot_1_B_k3,12,22,0,1,1,0,1,0,1,0,1,0,1,1,0,0,1,0,1,0
t03_slot_1_B_k3,12,23,0,1,1,0,1,0,1,0,1,0,1,1,0,0,1,0,1,0
t03_slot_1_B_k3,12,24,0,1,1,0,1,0,1,0,1,0,1,1,0,0,1,0,1,0
t03_slot_1_B_k3,12,25,0,1,0,0,1,0,1,0,1,0,1,1,0,0,1,0,1,0
t03_slot_1_B_k3,12,26,0,1,0,0,1,0,1,0,1,0,1,1,0,0,1,0,1,0
t03_slot_1_B_k3,12,27,0,1,0,0,1,0,1,0,1,0,1,1,0,0,1,0,1,0
t03_slot_1_B_k3,12,28,0,1,0,0,1,0,1,0,1,0,1,1,0,0,1,0,1,0
t03_slot_1_B_k3,12,29,0,1,1,0,1,0,1,0,1,0,1,1,0,0,1,0,1,0
t03_slot_1_B_k3,12,30,0,1,1,0,1,0,1,0,1,0,1,1,0,0,1,0,1,0
t03_slot_1_B_k3,12,31,0,1,1,0,1,0,1,0,1,0,0,1,0,0,1,0,1,0
t03_slot_1_B_k3,12,32,0,1,1,0,1,0,1,0,1,0,1,1,0,0,1,0,1,0
t03_slot_1_B_k3,12,33,0,1,1,0,1,0,1,0,1,0,1,1,0,0,1,0,1,0
t03_slot_1_B_k3,12,34,0,1,1,0,1,0,1,0,1,0,1,1,0,0,1,0,1,0
t03_slot_1_B_k3,12,35,0,1,1,0,1,0,1,0,1,0,1,1,0,0,1,0,1,0
t03_slot_1_B_k3,12,36,0,1,0,0,1,0,1,0,1,0,1,1,0,0,1,0,1,0
t03_slot_1_B_k3,12,37,0,1,1,0,1,0,0,0,1,0,1,1,0,0,1,0,1,0
t03_slot_1_B_k3,12,38,0,1,1,0,1,0,0,0,1,0,1,1,0,0,1,0,1,0
t03_slot_1_B_k3,12,39,0,1,1,0,1,0,0,0,1,0,1,1,0,0,1,0,1,0
t03_slot_1_B_k3,12,40,0,1,1,0,1,0,1,0,1,0,1,1,0,0,1,0,1,0
t03_slot_1_B_k3,12,41,0,1,1,0,1,0,1,0,1,0,1,1,0,0,1,0,1,0
t03_slot_1_B_k3,12,42,0,1,1,0,1,0,1,0,1,0,1,1,0,0,1,0,1,0
t03_slot_1_B_k3,12,43,0,1,1,0,1,0,1,0,1,0,1,1,0,0,1,0,1,0
t03_slot_1_B_k3,12,44,0,1,1,0,1,0,1,0,1,0,1,1,0,0,1,0,1,0
t03_slot_1_B_k3,12,45,0,1,1,0,1,0,1,0,1,0,1,1,0,0,1,0,1,0
t03_slot_1_B_k3,12,46,0,1,1,0,1,0,1,0,1,0,1,1,0,0,1,0,1,0
t03_slot_1_B_k3,12,47,0,1,0,0,1,0,1,0,1,0,1,1,0,0,1,0,1,0
t03_slot_1_B_k3,12,48,0,1,1,0,1,0,0,0,1,0,1,1,0,0,1,0,1,0
t03_slot_1_B_k3,12,49,0,1,1,0,1,0,1,0,1,0,1,1,0,0,1,0,1,0
t03_slot_1_B_k3,12,50,0,1,1,0,1,0,1,0,1,0,1,1,0,0,1,0,1,0
t03_slot_1_B_k3,12,51,0,1,1,0,1,0,1,0,1,0,1,1,0,0,1,0,1,0
t03_slot_1_B_k3,12,52,0,1,1,0,1,0,1,0,1,0,1,1,0,0,1,0,1,0
t03_slot_1_B_k3,12,53,0,1,1,0,1,0,1,0,1,0,1,1,0,0,1,0,1,0
t03_slot_1_B_k3,12,54,0,1,1,0,1,0,1,0,1,0,1,1,0,0,1,0,1,0
t03_slot_1_B_k3,12,55,0,1,1,0,1,0,1,0,1,0,1,1,0,0,1,0,1,0
t03_slot_1_B_k3,12,56,0,1,1,0,1,0,1,0,1,0,1,1,0,0,1,0,1,0
t03_slot_1_B_k3,12,57,0,1,1,0,1,0,1,0,1,0,1,1,0,0,1,0,1,0
t03_slot_1_B_k3,12,58,0,1,0,0,1,0,1,0,1,0,1,1,0,0,1,0,1,0
t03_slot_1_B_k3,12,59,0,1,1,0,1,0,0,0,1,0,1,1,0,0,1,0,1,0
t03_slot_1_B_k3,12,60,0,1,1,0,1,0,0,0,1,0,1,1,0,0,1,0,1,0
t03_slot_1_B_k3,12,61,0,1,1,0,1,0,0,0,1,0,1,1,0,0,1,0,1,0
t03_slot_1_B_k3,12,62,0,1,1,0,1,0,1,0,1,0,1,1,0,0,1,0,1,0
t03_slot_1_B_k3,12,63,0,1,1,0,1,0,1,0,1,0,1,1,0,0,0,0,1,0
t03_slot_1_B_k3,12,64,0,1,1,0,1,0,1,0,1,0,1,1,0,0,0,0,1,0
t03_slot_1_B_k3,12,65,0,1,1,0,1,0,1,0,1,0,1,1,0,0,0,0,1,0
t03_slot_1_B_k3,12,66,0,1,0,0,1,0,1,0,1,0,1,1,0,0,1,0,1,0
t03_slot_1_B_k3,12,67,0,1,0,0,1,0,1,0,1,0,1,1,0,0,1,0,1,0
t03_slot_1_B_k3,12,68,0,1,0,0,1,0,1,0,1,0,1,1,0,0,1,0,1,0
t03_slot_1_B_k3,12,69,0,1,0,0,1,0,1,0,1,0,1,1,0,0,1,0,1,0
t03_slot_1_B_k3,12,70,0,1,0,0,1,0,1,0,1,0,1,1,0,0,1,0,1,0
t03_slot_1_B_k3,12,71,0,1,0,0,1,0,1,0,1,0,1,1,0,0,1,0,1,0
t03_slot_1_B_k3,12,72,0,1,1,0,1,0,0,0,1,0,1,1,0,0,1,0,1,0
t03_slot_1_B_k3,12,73,0,1,1,0,1,0,1,0,1,0,1,1,0,0,1,0,1,0
t03_slot_1_B_k3,12,74,0,1,1,0,1,0,1,0,1,0,1,1,0,0,0,0,1,0
t03_slot_1_B_k3,12,75,0,1,1,0,1,0,1,0,1,0,1,1,0,0,1,0,1,0
t03_slot_1_B_k3,12,76,0,1,1,0,1,0,1,0,1,0,1,1,0,0,1,0,1,0
t03_slot_1_B_k3,12,77,0,1,0,0,1,0,1,0,1,0,1,1,0,0,1,0,1,0
t03_slot_1_B_k3,12,78,0,1,1,0,1,0,1,0,1,0,1,1,0,0,1,0,1,0
t03_slot_1_B_k3,12,79,0,1,1,0,1,0,1,0,1,0,1,1,0,0,1,0,1,0
t03_slot_1_B_k3,12,80,0,1,1,0,1,0,1,0,1,0,1,1,0,0,1,0,1,0
t03_slot_1_B_k3,12,81,0,1,1,0,1,0,0,0,1,0,1,1,0,0,1,0,1,0
t03_slot_1_B_k3,12,82,0,1,1,0,1,0,0,0,1,0,1,1,0,0,1,0,1,0
t03_slot_1_B_k3,12,83,0,1,1,0,1,0,0,0,1,0,1,1,0,0,1,0,1,0
t03_slot_1_B_k3,12,84,0,1,1,0,1,0,1,0,1,0,1,1,0,0,1,0,1,0
t03_slot_1_B_k3,12,85,0,1,1,0,1,0,1,0,1,0,1,1,0,0,0,0,1,0
t03_slot_1_B_k3,12,86,0,1,1,0,1,0,1,0,1,0,1,1,0,0,1,0,1,0
t03_slot_1_B_k3,12,87,0,1,1,0,1,0,1,0,1,0,1,1,0,0,1,0,1,0
t03_slot_1_B_k3,12,88,0,1,0,0,1,0,1,0,1,0,1,1,0,0,1,0,1,0
t03_slot_1_B_k3,12,89,0,1,1,0,1,0,1,0,1,0,1,1,0,0,1,0,1,0
t03_slot_1_B_k3,12,90,0,1,1,0,1,0,1,0,1,0,1,1,0,0,1,0,1,0
t03_slot_1_B_k3,12,91,0,1,1,0,1,0,1,0,1,0,1,1,0,0,1,0,1,0
t03_slot_1_B_k3,12,92,0,1,1,0,1,0,1,0,1,0,1,1,0,0,1,0,1,0
t03_slot_1_B_k3,12,93,0,1,1,0,1,0,1,0,1,0,1,1,0,0,1,0,1,0
t03_slot_1_B_k3,12,94,0,1,1,0,1,0,1,0,1,0,1,1,0,0,1,0,1,0
t03_slot_1_B_k3,12,95,0,1,1,0,1,0,1,0,1,0,1,1,0,0,1,0,1,0
t03_slot_1_B_k3,12,96,0,1,1,0,1,0,1,0,1,0,1,1,0,0,0,0,1,0
t03_slot_1_B_k3,12,97,0,1,1,0,1,0,1,0,1,0,1,1,0,0,1,0,1,0
t03_slot_1_B_k3,12,98,0,1,1,0,1,0,1,0,1,0,1,1,0,0,1,0,1,0
t03_slot_1_B_k3,12,99,0,1,0,0,1,0,1,0,1,0,1,1,0,0,1,0,1,0
t03_slot_1_B_k3,12,100,0,1,0,0,1,0,1,0,1,0,1,1,0,0,1,0,1,0
t03_slot_1_B_k3,12,101,0,1,1,0,1,0,1,0,1,0,1,1,0,0,1,0,1,0
t03_slot_1_B_k3,12,102,0,1,1,0,1,0,1,0,1,0,1,1,0,0,1,0,1,0
t03_slot_1_B_k3,12,103,0,1,1,0,1,0,1,0,1,0,1,1,0,0,1,0,1,0
t03_slot_1_B_k3,12,104,0,1,1,0,1,0,1,0,1,0,1,1,0,0,1,0,1,0
t03_slot_1_B_k3,12,105,0,1,1,0,1,0,1,0,1,0,1,1,0,0,1,0,1,0
t03_slot_1_B_k3,12,106,0,1,1,0,1,0,1,0,1,0,1,1,0,0,1,0,1,0
t03_slot_1_B_k3,12,107,0,1,1,0,1,0,1,0,1,0,1,1,0,0,0,0,1,0
t03_slot_1_B_k3,12,108,0,1,1,0,1,0,1,0,1,0,1,1,0,0,0,0,1,0
t03_slot_1_B_k3,12,109,0,1,1,0,1,0,1,0,1,0,1,1,0,0,0,0,1,0
t03_slot_1_B_k3,12,110,0,1,0,0,1,0,1,0,1,0,1,1,0,0,1,0,1,0
t03_slot_1_B_k3,12,111,0,1,1,0,1,0,1,0,1,0,1,1,0,0,1,0,1,0
t03_slot_1_B_k3,12,112,0,1,1,0,1,0,1,0,1,0,1,1,0,0,1,0,1,0
t03_slot_1_B_k3,12,113,0,1,1,0,1,0,1,0,1,0,1,1,0,0,1,0,1,0
t03_slot_1_B_k3,12,114,0,1,1,0,1,0,1,0,1,0,1,1,0,0,1,0,1,0
t03_slot_1_B_k3,12,115,0,1,1,0,1,0,1,0,1,0,1,1,0,0,1,0,1,0
t03_slot_1_B_k3,12,116,0,1,1,0,1,0,1,0,1,0,1,1,0,0,1,0,1,0
t03_slot_1_B_k3,12,117,0,1,1,0,1,0,1,0,1,0,1,1,0,0,1,0,1,0
t03_slot_1_B_k3,12,118,0,1,1,0,1,0,1,0,1,0,1,1,0,0,1,0,1,0
t03_slot_1_B_k3,12,119,0,1,1,0,1,0,1,0,1,0,1,1,0,0,1,0,1,0
t03_slot_1_B_k3,12,120,0,1,1,0,1,0,1,0,1,0,1,1,0,0,1,0,1,0
t03_slot_1_B_k4,13,0,0,1,1,0,1,0,1,0,1,0,1,0,1,0,1,0,1,0
t03_slot_1_B_k4,13,1,0,1,1,0,1,0,1,0,1,0,1,0,1,0,1,0,1,0
t03_slot_1_B_k4,13,2,0,1,1,0,1,0,1,0,1,0,1,0,1,0,1,0,1,0
t03_slot_1_B_k4,13,3,0,1,1,0,1,0,1,0,1,0,1,0,1,0,1,0,1,0
t03_slot_1_B_k4,13,4,0,1,1,0,1,0,1,0,1,0,1,0,1,0,1,0,1,0
t03_slot_1_B_k4,13,5,0,1,0,0,1,0,1,0,1,0,1,0,1,0,1,0,1,0
t03_slot_1_B_k4,13,6,0,1,0,0,1,0,1,0,1,0,1,0,1,0,1,0,1,0
t03_slot_1_B_k4,13,7,0,1,1,0,1,0,1,0,1,0,1,0,1,0,1,0,1,0
t03_slot_1_B_k4,13,8,1,1,1,0,1,0,1,0,1,0,0,0,1,0,1,0,1,0
t03_slot_1_B_k4,13,9,1,1,1,0,1,0,1,0,1,0,0,0,0,0,1,0,1,0
t03_slot_1_B_k4,13,10,0,1,1,0,1,0,1,0,1,0,1,1,1,1,1,0,1,0
t03_slot_1_B_k4,13,11,0,1,1,0,1,0,1,0,1,0,1,1,1,1,1,0,1,0
t03_slot_1_B_k4,13,12,0,1,1,0,1,0,1,0,1,0,1,1,1,1,1,0,1,0
t03_slot_1_B_k4,13,13,0,1,1,0,1,0,1,0,1,0,1,1,1,1,1,0,1,0
t03_slot_1_B_k4,13,14,0,1,1,0,1,0,1,0,1,0,1,1,1,1,1,0,1,0
t03_slot_1_B_k4,13,15,0,1,1,0,1,0,1,0,1,0,1,1,1,1,1,0,1,0
t03_slot_1_B_k4,13,16,0,1,0,0,1,0,1,0,1,0,1,1,1,1,1,0,1,0
t03_slot_1_B_k4,13,17,0,1,1,0,1,0,1,0,1,0,1,1,1,1,1,0,1,0
t03_slot_1_B_k4,13,18,0,1,1,0,1,0,1,0,1,0,1,1,1,1,1,0,1,0
t03_slot_1_B_k4,13,19,1,1,1,0,1,0,1,0,1,0,0,1,1,1,1,0,1,0
t03_slot_1_B_k4,13,20,1,1,1,0,1,0,1,0,1,0,0,1,0,0,1,0,1,0
t03_slot_1_B_k4,13,21,0,1,1,0,1,0,1,0,1,0,1,1,0,0,1,0,1,0
t03_slot_1_B_k4,13,22,0,1,1,0,1,0,1,0,1,0,1,1,0,0,1,0,1,0
t03_slot_1_B_k4,13,23,0,1,1,0,1,0,1,0,1,0,1,1,0,0,1,0,1,0
t03_slot_1_B_k4,13,24,0,1,1,0,1,0,1,0,1,0,1,1,0,0,1,0,1,0
t03_slot_1_B_k4,13,25,0,1,0,0,1,0,1,0,1,0,1,1,0,0,1,0,1,0
t03_slot_1_B_k4,13,26,0,1,0,0,1,0,1,0,1,0,1,1,0,0,1,0,1,0
t03_slot_1_B_k4,13,27,0,1,0,0,1,0,1,0,1,0,1,1,0,0,1,0,1,0
t03_slot_1_B_k4,13,28,0,1,0,0,1,0,1,0,1,0,1,1,0,0,1,0,1,0
t03_slot_1_B_k4,13,29,0,1,1,0,1,0,1,0,1,0,1,1,0,0,1,0,1,0
t03_slot_1_B_k4,13,30,0,1,1,0,1,0,1,0,1,0,1,1,0,0,1,0,1,0
t03_slot_1_B_k4,13,31,0,1,1,0,1,0,1,0,1,0,0,1,0,0,1,0,1,0
t03_slot_1_B_k4,13,32,0,1,1,0,1,0,1,0,1,0,1,1,0,0,1,0,1,0
t03_slot_1_B_k4,13,33,0,1,1,0,1,0,1,0,1,0,1,1,0,0,1,0,1,0
t03_slot_1_B_k4,13,34,0,1,1,0,1,0,1,0,1,0,1,1,0,0,1,0,1,0
t03_slot_1_B_k4,13,35,0,1,1,0,1,0,1,0,1,0,1,1,0,0,1,0,1,0
t03_slot_1_B_k4,13,36,0,1,0,0,1,0,1,0,1,0,1,1,0,0,1,0,1,0
t03_slot_1_B_k4,13,37,0,1,1,0,1,0,0,0,1,0,1,1,0,0,1,0,1,0
t03_slot_1_B_k4,13,38,0,1,1,0,1,0,0,0,1,0,1,1,0,0,1,0,1,0
t03_slot_1_B_k4,13,39,0,1,1,0,1,0,0,0,1,0,1,1,0,0,1,0,1,0
t03_slot_1_B_k4,13,40,0,1,1,0,1,0,1,0,1,0,1,1,0,0,1,0,1,0
t03_slot_1_B_k4,13,41,0,1,1,0,1,0,1,0,1,0,1,1,0,0,1,0,1,0
t03_slot_1_B_k4,13,42,0,1,1,0,1,0,1,0,1,0,1,1,0,0,1,0,1,0
t03_slot_1_B_k4,13,43,0,1,1,0,1,0,1,0,1,0,1,1,0,0,1,0,1,0
t03_slot_1_B_k4,13,44,0,1,1,0,1,0,1,0,1,0,1,1,0,0,1,0,1,0
t03_slot_1_B_k4,13,45,0,1,1,0,1,0,1,0,1,0,1,1,0,0,1,0,1,0
t03_slot_1_B_k4,13,46,0,1,1,0,1,0,1,0,1,0,1,1,0,0,1,0,1,0
t03_slot_1_B_k4,13,47,0,1,0,0,1,0,1,0,1,0,1,1,0,0,1,0,1,0
t03_slot_1_B_k4,13,48,0,1,1,0,1,0,0,0,1,0,1,1,0,0,1,0,1,0
t03_slot_1_B_k4,13,49,0,1,1,0,1,0,1,0,1,0,1,1,0,0,1,0,1,0
t03_slot_1_B_k4,13,50,0,1,1,0,1,0,1,0,1,0,1,1,0,0,1,0,1,0
t03_slot_1_B_k4,13,51,0,1,1,0,1,0,1,0,1,0,1,1,0,0,1,0,1,0
t03_slot_1_B_k4,13,52,0,1,1,0,1,0,1,0,1,0,1,1,0,0,1,0,1,0
t03_slot_1_B_k4,13,53,0,1,1,0,1,0,1,0,1,0,1,1,0,0,1,0,1,0
t03_slot_1_B_k4,13,54,0,1,1,0,1,0,1,0,1,0,1,1,0,0,1,0,1,0
t03_slot_1_B_k4,13,55,0,1,1,0,1,0,1,0,1,0,1,1,0,0,1,0,1,0
t03_slot_1_B_k4,13,56,0,1,1,0,1,0,1,0,1,0,1,1,0,0,1,0,1,0
t03_slot_1_B_k4,13,57,0,1,1,0,1,0,1,0,1,0,1,1,0,0,1,0,1,0
t03_slot_1_B_k4,13,58,0,1,0,0,1,0,1,0,1,0,1,1,0,0,1,0,1,0
t03_slot_1_B_k4,13,59,0,1,1,0,1,0,0,0,1,0,1,1,0,0,1,0,1,0
t03_slot_1_B_k4,13,60,0,1,1,0,1,0,0,0,1,0,1,1,0,0,1,0,1,0
t03_slot_1_B_k4,13,61,0,1,1,0,1,0,0,0,1,0,1,1,0,0,1,0,1,0
t03_slot_1_B_k4,13,62,0,1,1,0,1,0,1,0,1,0,1,1,0,0,1,0,1,0
t03_slot_1_B_k4,13,63,0,1,1,0,1,0,1,0,1,0,1,1,0,0,0,0,1,0
t03_slot_1_B_k4,13,64,0,1,1,0,1,0,1,0,1,0,1,1,0,0,0,0,1,0
t03_slot_1_B_k4,13,65,0,1,1,0,1,0,1,0,1,0,1,1,0,0,0,0,1,0
t03_slot_1_B_k4,13,66,0,1,0,0,1,0,1,0,1,0,1,1,0,0,1,0,1,0
t03_slot_1_B_k4,13,67,0,1,0,0,1,0,1,0,1,0,1,1,0,0,1,0,1,0
t03_slot_1_B_k4,13,68,0,1,0,0,1,0,1,0,1,0,1,1,0,0,1,0,1,0
t03_slot_1_B_k4,13,69,0,1,0,0,1,0,1,0,1,0,1,1,0,0,1,0,1,0
t03_slot_1_B_k4,13,70,0,1,0,0,1,0,1,0,1,0,1,1,0,0,1,0,1,0
t03_slot_1_B_k4,13,71,0,1,0,0,1,0,1,0,1,0,1,1,0,0,1,0,1,0
t03_slot_1_B_k4,13,72,0,1,1,0,1,0,0,0,1,0,1,1,0,0,1,0,1,0
t03_slot_1_B_k4,13,73,0,1,1,0,1,0,1,0,1,0,1,1,0,0,1,0,1,0
t03_slot_1_B_k4,13,74,0,1,1,0,1,0,1,0,1,0,1,1,0,0,0,0,1,0
t03_slot_1_B_k4,13,75,0,1,1,0,1,0,1,0,1,0,1,1,0,0,1,0,1,0
t03_slot_1_B_k4,13,76,0,1,1,0,1,0,1,0,1,0,1,1,0,0,1,0,1,0
t03_slot_1_B_k4,13,77,0,1,0,0,1,0,1,0,1,0,1,1,0,0,1,0,1,0
t03_slot_1_B_k4,13,78,0,1,1,0,1,0,1,0,1,0,1,1,0,0,1,0,1,0
t03_slot_1_B_k4,13,79,0,1,1,0,1,0,1,0,1,0,1,1,0,0,1,0,1,0
t03_slot_1_B_k4,13,80,0,1,1,0,1,0,1,0,1,0,1,1,0,0,1,0,1,0
t03_slot_1_B_k4,13,81,0,1,1,0,1,0,0,0,1,0,1,1,0,0,1,0,1,0
t03_slot_1_B_k4,13,82,0,1,1,0,1,0,0,0,1,0,1,1,0,0,1,0,1,0
t03_slot_1_B_k4,13,83,0,1,1,0,1,0,0,0,1,0,1,1,0,0,1,0,1,0
t03_slot_1_B_k4,13,84,0,1,1,0,1,0,1,0,1,0,1,1,0,0,1,0,1,0
t03_slot_1_B_k4,13,85,0,1,1,0,1,0,1,0,1,0,1,1,0,0,0,0,1,0
t03_slot_1_B_k4,13,86,0,1,1,0,1,0,1,0,1,0,1,1,0,0,1,0,1,0
t03_slot_1_B_k4,13,87,0,1,1,0,1,0,1,0,1,0,1,1,0,0,1,0,1,0
t03_slot_1_B_k4,13,88,0,1,0,0,1,0,1,0,1,0,1,1,0,0,1,0,1,0
t03_slot_1_B_k4,13,89,0,1,1,0,1,0,1,0,1,0,1,1,0,0,1,0,1,0
t03_slot_1_B_k4,13,90,0,1,1,0,1,0,1,0,1,0,1,1,0,0,1,0,1,0
t03_slot_1_B_k4,13,91,0,1,1,0,1,0,1,0,1,0,1,1,0,0,1,0,1,0
t03_slot_1_B_k4,13,92,0,1,1,0,1,0,1,0,1,0,1,1,0,0,1,0,1,0
t03_slot_1_B_k4,13,93,0,1,1,0,1,0,1,0,1,0,1,1,0,0,1,0,1,0
t03_slot_1_B_k4,13,94,0,1,1,0,1,0,1,0,1,0,1,1,0,0,1,0,1,0
t03_slot_1_B_k4,13,95,0,1,1,0,1,0,1,0,1,0,1,1,0,0,1,0,1,0
t03_slot_1_B_k4,13,96,0,1,1,0,1,0,1,0,1,0,1,1,0,0,0,0,1,0
t03_slot_1_B_k4,13,97,0,1,1,0,1,0,1,0,1,0,1,1,0,0,1,0,1,0
t03_slot_1_B_k4,13,98,0,1,1,0,1,0,1,0,1,0,1,1,0,0,1,0,1,0
t03_slot_1_B_k4,13,99,0,1,0,0,1,0,1,0,1,0,1,1,0,0,1,0,1,0
t03_slot_1_B_k4,13,100,0,1,0,0,1,0,1,0,1,0,1,1,0,0,1,0,1,0
t03_slot_1_B_k4,13,101,0,1,1,0,1,0,1,0,1,0,1,1,0,0,1,0,1,0
t03_slot_1_B_k4,13,102,0,1,1,0,1,0,1,0,1,0,1,1,0,0,1,0,1,0
t03_slot_1_B_k4,13,103,0,1,1,0,1,0,1,0,1,0,1,1,0,0,1,0,1,0
t03_slot_1_B_k4,13,104,0,1,1,0,1,0,1,0,1,0,1,1,0,0,1,0,1,0
t03_slot_1_B_k4,13,105,0,1,1,0,1,0,1,0,1,0,1,1,0,0,1,0,1,0
t03_slot_1_B_k4,13,106,0,1,1,0,1,0,1,0,1,0,1,1,0,0,1,0,1,0
t03_slot_1_B_k4,13,107,0,1,1,0,1,0,1,0,1,0,1,1,0,0,0,0,1,0
t03_slot_1_B_k4,13,108,0,1,1,0,1,0,1,0,1,0,1,1,0,0,0,0,1,0
t03_slot_1_B_k4,13,109,0,1,1,0,1,0,1,0,1,0,1,1,0,0,0,0,1,0
t03_slot_1_B_k4,13,110,0,1,0,0,1,0,1,0,1,0,1,1,0,0,1,0,1,0
t03_slot_1_B_k4,13,111,0,1,1,0,1,0,1,0,1,0,1,1,0,0,1,0,1,0
t03_slot_1_B_k4,13,112,0,1,1,0,1,0,1,0,1,0,1,1,0,0,1,0,1,0
t03_slot_1_B_k4,13,113,0,1,1,0,1,0,1,0,1,0,1,1,0,0,1,0,1,0
t03_slot_1_B_k4,13,114,0,1,1,0,1,0,1,0,1,0,1,1,0,0,1,0,1,0
t03_slot_1_B_k4,13,115,0,1,1,0,1,0,1,0,1,0,1,1,0,0,1,0,1,0
t03_slot_1_B_k4,13,116,0,1,1,0,1,0,1,0,1,0,1,1,0,0,1,0,1,0
t03_slot_1_B_k4,13,117,0,1,1,0,1,0,1,0,1,0,1,1,0,0,1,0,1,0
t03_slot_1_B_k4,13,118,0,1,1,0,1,0,1,0,1,0,1,1,0,0,1,0,1,0
t03_slot_1_B_k4,13,119,0,1,1,0,1,0,1,0,1,0,1,1,0,0,1,0,1,0
t03_slot_1_B_k4,13,120,0,1,1,0,1,0,1,0,1,0,1,1,0,0,1,0,1,0
t03_slot_1_B_k5,14,0,0,1,1,0,1,0,1,0,1,0,1,0,1,0,1,0,1,0
t03_slot_1_B_k5,14,1,0,1,1,0,1,0,1,0,1,0,1,0,1,0,1,0,1,0
t03_slot_1_B_k5,14,2,0,1,1,0,1,0,1,0,1,0,1,0,1,0,1,0,1,0
t03_slot_1_B_k5,14,3,0,1,1,0,1,0,1,0,1,0,1,0,1,0,1,0,1,0
t03_slot_1_B_k5,14,4,0,1,1,0,1,0,1,0,1,0,1,0,1,0,1,0,1,0
t03_slot_1_B_k5,14,5,0,1,0,0,1,0,1,0,1,0,1,0,1,0,1,0,1,0
t03_slot_1_B_k5,14,6,0,1,0,0,1,0,1,0,1,0,1,0,1,0,1,0,1,0
t03_slot_1_B_k5,14,7,0,1,1,0,1,0,1,0,1,0,1,0,1,0,1,0,1,0
t03_slot_1_B_k5,14,8,1,1,1,0,1,0,1,0,1,0,0,0,1,0,1,0,1,0
t03_slot_1_B_k5,14,9,1,1,1,0,1,0,1,0,1,0,0,0,0,0,1,0,1,0
t03_slot_1_B_k5,14,10,0,1,1,0,1,0,1,0,1,0,1,1,1,1,1,0,1,0
t03_slot_1_B_k5,14,11,0,1,1,0,1,0,1,0,1,0,1,1,1,1,1,0,1,0
t03_slot_1_B_k5,14,12,0,1,1,0,1,0,1,0,1,0,1,1,1,1,1,0,1,0
t03_slot_1_B_k5,14,13,0,1,1,0,1,0,1,0,1,0,1,1,1,1,1,0,1,0
t03_slot_1_B_k5,14,14,0,1,1,0,1,0,1,0,1,0,1,1,1,1,1,0,1,0
t03_slot_1_B_k5,14,15,0,1,1,0,1,0,1,0,1,0,1,1,1,1,1,0,1,0
t03_slot_1_B_k5,14,16,0,1,0,0,1,0,1,0,1,0,1,1,1,1,1,0,1,0
t03_slot_1_B_k5,14,17,0,1,1,0,1,0,1,0,1,0,1,1,1,1,1,0,1,0
t03_slot_1_B_k5,14,18,0,1,1,0,1,0,1,0,1,0,1,1,1,1,1,0,1,0
t03_slot_1_B_k5,14,19,1,1,1,0,1,0,1,0,1,0,0,1,1,1,1,0,1,0
t03_slot_1_B_k5,14,20,1,1,1,0,1,0,1,0,1,0,0,1,0,0,1,0,1,0
t03_slot_1_B_k5,14,21,0,1,1,0,1,0,1,0,1,0,1,1,0,0,1,0,1,0
t03_slot_1_B_k5,14,22,0,1,1,0,1,0,1,0,1,0,1,1,0,0,1,0,1,0
t03_slot_1_B_k5,14,23,0,1,1,0,1,0,1,0,1,0,1,1,0,0,1,0,1,0
t03_slot_1_B_k5,14,24,0,1,1,0,1,0,1,0,1,0,1,1,0,0,1,0,1,0
t03_slot_1_B_k5,14,25,0,1,0,0,1,0,1,0,1,0,1,1,0,0,1,0,1,0
t03_slot_1_B_k5,14,26,0,1,0,0,1,0,1,0,1,0,1,1,0,0,1,0,1,0
t03_slot_1_B_k5,14,27,0,1,0,0,1,0,1,0,1,0,1,1,0,0,1,0,1,0
t03_slot_1_B_k5,14,28,0,1,0,0,1,0,1,0,1,0,1,1,0,0,1,0,1,0
t03_slot_1_B_k5,14,29,0,1,1,0,1,0,1,0,1,0,1,1,0,0,1,0,1,0
t03_slot_1_B_k5,14,30,0,1,1,0,1,0,1,0,1,0,1,1,0,0,1,0,1,0
t03_slot_1_B_k5,14,31,1,1,1,0,1,0,1,0,1,0,0,1,0,0,1,0,1,0
t03_slot_1_B_k5,14,32,0,1,1,0,1,0,1,0,1,0,1,1,0,0,1,0,1,0
t03_slot_1_B_k5,14,33,0,1,1,0,1,0,1,0,1,0,1,1,0,0,1,0,1,0
t03_slot_1_B_k5,14,34,0,1,1,0,1,0,1,0,1,0,1,1,0,0,1,0,1,0
t03_slot_1_B_k5,14,35,0,1,1,0,1,0,1,0,1,0,1,1,0,0,1,0,1,0
t03_slot_1_B_k5,14,36,0,1,0,0,1,0,1,0,1,0,1,1,0,0,1,0,1,0
t03_slot_1_B_k5,14,37,0,1,1,0,1,0,0,0,1,0,1,1,0,0,1,0,1,0
t03_slot_1_B_k5,14,38,0,1,1,0,1,0,0,0,1,0,1,1,0,0,1,0,1,0
t03_slot_1_B_k5,14,39,0,1,1,0,1,0,0,0,1,0,1,1,0,0,1,0,1,0
t03_slot_1_B_k5,14,40,0,1,1,0,1,0,1,0,1,0,1,1,0,0,1,0,1,0
t03_slot_1_B_k5,14,41,0,1,1,0,1,0,1,0,1,0,1,1,0,0,1,0,1,0
t03_slot_1_B_k5,14,42,0,1,1,0,1,0,1,0,1,0,1,1,0,0,1,0,1,0
t03_slot_1_B_k5,14,43,0,1,1,0,1,0,1,0,1,0,1,1,0,0,1,0,1,0
t03_slot_1_B_k5,14,44,0,1,1,0,1,0,1,0,1,0,1,1,0,0,1,0,1,0
t03_slot_1_B_k5,14,45,0,1,1,0,1,0,1,0,1,0,1,1,0,0,1,0,1,0
t03_slot_1_B_k5,14,46,0,1,1,0,1,0,1,0,1,0,1,1,0,0,1,0,1,0
t03_slot_1_B_k5,14,47,0,1,0,0,1,0,1,0,1,0,1,1,0,0,1,0,1,0
t03_slot_1_B_k5,14,48,0,1,1,0,1,0,0,0,1,0,1,1,0,0,1,0,1,0
t03_slot_1_B_k5,14,49,0,1,1,0,1,0,1,0,1,0,1,1,0,0,1,0,1,0
t03_slot_1_B_k5,14,50,0,1,1,0,1,0,1,0,1,0,1,1,0,0,1,0,1,0
t03_slot_1_B_k5,14,51,0,1,1,0,1,0,1,0,1,0,1,1,0,0,1,0,1,0
t03_slot_1_B_k5,14,52,0,1,1,0,1,0,1,0,1,0,1,1,0,0,1,0,1,0
t03_slot_1_B_k5,14,53,0,1,1,0,1,0,1,0,1,0,1,1,0,0,1,0,1,0
t03_slot_1_B_k5,14,54,0,1,1,0,1,0,1,0,1,0,1,1,0,0,1,0,1,0
t03_slot_1_B_k5,14,55,0,1,1,0,1,0,1,0,1,0,1,1,0,0,1,0,1,0
t03_slot_1_B_k5,14,56,0,1,1,0,1,0,1,0,1,0,1,1,0,0,1,0,1,0
t03_slot_1_B_k5,14,57,0,1,1,0,1,0,1,0,1,0,1,1,0,0,1,0,1,0
t03_slot_1_B_k5,14,58,0,1,0,0,1,0,1,0,1,0,1,1,0,0,1,0,1,0
t03_slot_1_B_k5,14,59,0,1,1,0,1,0,0,0,1,0,1,1,0,0,1,0,1,0
t03_slot_1_B_k5,14,60,0,1,1,0,1,0,0,0,1,0,1,1,0,0,1,0,1,0
t03_slot_1_B_k5,14,61,0,1,1,0,1,0,0,0,1,0,1,1,0,0,1,0,1,0
t03_slot_1_B_k5,14,62,0,1,1,0,1,0,1,0,1,0,1,1,0,0,1,0,1,0
t03_slot_1_B_k5,14,63,0,1,1,0,1,0,1,0,1,0,1,1,0,0,0,0,1,0
t03_slot_1_B_k5,14,64,0,1,1,0,1,0,1,0,1,0,1,1,0,0,0,0,1,0
t03_slot_1_B_k5,14,65,0,1,1,0,1,0,1,0,1,0,1,1,0,0,0,0,1,0
t03_slot_1_B_k5,14,66,0,1,0,0,1,0,1,0,1,0,1,1,0,0,1,0,1,0
t03_slot_1_B_k5,14,67,0,1,0,0,1,0,1,0,1,0,1,1,0,0,1,0,1,0
t03_slot_1_B_k5,14,68,0,1,0,0,1,0,1,0,1,0,1,1,0,0,1,0,1,0
t03_slot_1_B_k5,14,69,0,1,0,0,1,0,1,0,1,0,1,1,0,0,1,0,1,0
t03_slot_1_B_k5,14,70,0,1,0,0,1,0,1,0,1,0,1,1,0,0,1,0,1,0
t03_slot_1_B_k5,14,71,0,1,0,0,1,0,1,0,1,0,1,1,0,0,1,0,1,0
t03_slot_1_B_k5,14,72,0,1,1,0,1,0,0,0,1,0,1,1,0,0,1,0,1,0
t03_slot_1_B_k5,14,73,0,1,1,0,1,0,1,0,1,0,1,1,0,0,1,0,1,0
t03_slot_1_B_k5,14,74,0,1,1,0,1,0,1,0,1,0,1,1,0,0,0,0,1,0
t03_slot_1_B_k5,14,75,0,1,1,0,1,0,1,0,1,0,1,1,0,0,1,0,1,0
t03_slot_1_B_k5,14,76,0,1,1,0,1,0,1,0,1,0,1,1,0,0,1,0,1,0
t03_slot_1_B_k5,14,77,0,1,0,0,1,0,1,0,1,0,1,1,0,0,1,0,1,0
t03_slot_1_B_k5,14,78,0,1,1,0,1,0,1,0,1,0,1,1,0,0,1,0,1,0
t03_slot_1_B_k5,14,79,0,1,1,0,1,0,1,0,1,0,1,1,0,0,1,0,1,0
t03_slot_1_B_k5,14,80,0,1,1,0,1,0,1,0,1,0,1,1,0,0,1,0,1,0
t03_slot_1_B_k5,14,81,0,1,1,0,1,0,0,0,1,0,1,1,0,0,1,0,1,0
t03_slot_1_B_k5,14,82,0,1,1,0,1,0,0,0,1,0,1,1,0,0,1,0,1,0
t03_slot_1_B_k5,14,83,0,1,1,0,1,0,0,0,1,0,1,1,0,0,1,0,1,0
t03_slot_1_B_k5,14,84,0,1,1,0,1,0,1,0,1,0,1,1,0,0,1,0,1,0
t03_slot_1_B_k5,14,85,0,1,1,0,1,0,1,0,1,0,1,1,0,0,0,0,1,0
t03_slot_1_B_k5,14,86,0,1,1,0,1,0,1,0,1,0,1,1,0,0,1,0,1,0
t03_slot_1_B_k5,14,87,0,1,1,0,1,0,1,0,1,0,1,1,0,0,1,0,1,0
t03_slot_1_B_k5,14,88,0,1,0,0,1,0,1,0,1,0,1,1,0,0,1,0,1,0
t03_slot_1_B_k5,14,89,0,1,1,0,1,0,1,0,1,0,1,1,0,0,1,0,1,0
t03_slot_1_B_k5,14,90,0,1,1,0,1,0,1,0,1,0,1,1,0,0,1,0,1,0
t03_slot_1_B_k5,14,91,0,1,1,0,1,0,1,0,1,0,1,1,0,0,1,0,1,0
t03_slot_1_B_k5,14,92,0,1,1,0,1,0,1,0,1,0,1,1,0,0,1,0,1,0
t03_slot_1_B_k5,14,93,0,1,1,0,1,0,1,0,1,0,1,1,0,0,1,0,1,0
t03_slot_1_B_k5,14,94,0,1,1,0,1,0,1,0,1,0,1,1,0,0,1,0,1,0
t03_slot_1_B_k5,14,95,0,1,1,0,1,0,1,0,1,0,1,1,0,0,1,0,1,0
t03_slot_1_B_k5,14,96,0,1,1,0,1,0,1,0,1,0,1,1,0,0,0,0,1,0
t03_slot_1_B_k5,14,97,0,1,1,0,1,0,1,0,1,0,1,1,0,0,1,0,1,0
t03_slot_1_B_k5,14,98,0,1,1,0,1,0,1,0,1,0,1,1,0,0,1,0,1,0
t03_slot_1_B_k5,14,99,0,1,0,0,1,0,1,0,1,0,1,1,0,0,1,0,1,0
t03_slot_1_B_k5,14,100,0,1,0,0,1,0,1,0,1,0,1,1,0,0,1,0,1,0
t03_slot_1_B_k5,14,101,0,1,1,0,1,0,1,0,1,0,1,1,0,0,1,0,1,0
t03_slot_1_B_k5,14,102,0,1,1,0,1,0,1,0,1,0,1,1,0,0,1,0,1,0
t03_slot_1_B_k5,14,103,0,1,1,0,1,0,1,0,1,0,1,1,0,0,1,0,1,0
t03_slot_1_B_k5,14,104,0,1,1,0,1,0,1,0,1,0,1,1,0,0,1,0,1,0
t03_slot_1_B_k5,14,105,0,1,1,0,1,0,1,0,1,0,1,1,0,0,1,0,1,0
t03_slot_1_B_k5,14,106,0,1,1,0,1,0,1,0,1,0,1,1,0,0,1,0,1,0
t03_slot_1_B_k5,14,107,0,1,1,0,1,0,1,0,1,0,1,1,0,0,0,0,1,0
t03_slot_1_B_k5,14,108,0,1,1,0,1,0,1,0,1,0,1,1,0,0,0,0,1,0
t03_slot_1_B_k5,14,109,0,1,1,0,1,0,1,0,1,0,1,1,0,0,0,0,1,0
t03_slot_1_B_k5,14,110,0,1,0,0,1,0,1,0,1,0,1,1,0,0,1,0,1,0
t03_slot_1_B_k5,14,111,0,1,1,0,1,0,1,0,1,0,1,1,0,0,1,0,1,0
t03_slot_1_B_k5,14,112,0,1,1,0,1,0,1,0,1,0,1,1,0,0,1,0,1,0
t03_slot_1_B_k5,14,113,0,1,1,0,1,0,1,0,1,0,1,1,0,0,1,0,1,0
t03_slot_1_B_k5,14,114,0,1,1,0,1,0,1,0,1,0,1,1,0,0,1,0,1,0
t03_slot_1_B_k5,14,115,0,1,1,0,1,0,1,0,1,0,1,1,0,0,1,0,1,0
t03_slot_1_B_k5,14,116,0,1,1,0,1,0,1,0,1,0,1,1,0,0,1,0,1,0
t03_slot_1_B_k5,14,117,0,1,1,0,1,0,1,0,1,0,1,1,0,0,1,0,1,0
t03_slot_1_B_k5,14,118,0,1,1,0,1,0,1,0,1,0,1,1,0,0,1,0,1,0
t03_slot_1_B_k5,14,119,0,1,1,0,1,0,1,0,1,0,1,1,0,0,1,0,1,0
t03_slot_1_B_k5,14,120,0,1,1,0,1,0,1,0,1,0,1,1,0,0,1,0,1,0
t03_slot_0_D_k1,15,0,0,1,1,0,1,0,1,0,1,0,1,0,1,0,1,0,1,0
t03_slot_0_D_k1,15,1,0,1,1,0,1,0,1,0,1,0,1,0,1,0,1,0,1,0
t03_slot_0_D_k1,15,2,0,1,1,0,1,0,1,0,1,0,1,0,1,0,1,0,1,0
t03_slot_0_D_k1,15,3,0,1,1,0,1,0,1,0,1,0,1,0,1,0,1,0,1,0
t03_slot_0_D_k1,15,4,0,1,1,0,1,0,1,0,1,0,1,0,1,0,1,0,1,0
t03_slot_0_D_k1,15,5,0,1,0,0,1,0,1,0,1,0,1,0,1,0,1,0,1,0
t03_slot_0_D_k1,15,6,0,1,0,0,1,0,1,0,1,0,1,0,1,0,1,0,1,0
t03_slot_0_D_k1,15,7,0,1,1,0,1,0,1,0,1,0,1,0,1,0,1,0,1,0
t03_slot_0_D_k1,15,8,0,1,1,0,1,0,1,0,1,0,0,0,1,0,1,0,1,0
t03_slot_0_D_k1,15,9,0,1,1,0,1,0,1,0,1,0,0,0,1,0,1,0,1,0
t03_slot_0_D_k1,15,10,0,1,1,0,1,0,1,0,1,0,1,0,1,0,1,0,1,0
t03_slot_0_D_k1,15,11,0,1,1,0,1,0,1,0,1,0,1,0,1,0,1,0,1,0
t03_slot_0_D_k1,15,12,0,1,1,0,1,0,1,0,1,0,1,0,1,0,1,0,1,0
t03_slot_0_D_k1,15,13,0,1,1,0,1,0,1,0,1,0,1,0,1,0,1,0,1,0
t03_slot_0_D_k1,15,14,0,1,1,0,1,0,1,0,1,0,1,0,1,0,1,0,1,0
t03_slot_0_D_k1,15,15,0,1,1,0,1,0,1,0,1,0,1,0,1,0,1,0,1,0
t03_slot_0_D_k1,15,16,0,1,0,0,1,0,1,0,1,0,1,0,1,0,1,0,1,0
t03_slot_0_D_k1,15,17,0,1,1,0,1,0,1,0,1,0,1,0,1,0,1,0,1,0
t03_slot_0_D_k1,15,18,0,1,1,0,1,0,1,0,1,0,1,0,1,0,1,0,1,0
t03_slot_0_D_k1,15,19,0,1,1,0,1,0,1,0,1,0,0,0,1,0,1,0,1,0
t03_slot_0_D_k1,15,20,0,1,1,0,1,0,1,0,1,0,0,0,1,0,1,0,1,0
t03_slot_0_D_k1,15,21,0,1,1,0,1,0,1,0,1,0,1,0,1,0,1,0,1,0
t03_slot_0_D_k1,15,22,0,1,1,0,1,0,1,0,1,0,1,0,1,0,1,0,1,0
t03_slot_0_D_k1,15,23,0,1,1,0,1,0,1,0,1,0,1,0,1,0,1,0,1,0
t03_slot_0_D_k1,15,24,0,1,1,0,1,0,1,0,1,0,1,0,1,0,1,0,1,0
t03_slot_0_D_k1,15,25,0,1,0,0,1,0,1,0,1,0,1,0,1,0,1,0,1,0
t03_slot_0_D_k1,15,26,0,1,0,0,1,0,1,0,1,0,1,0,1,0,1,0,1,0
t03_slot_0_D_k1,15,27,0,1,0,0,1,0,1,0,1,0,1,0,1,0,1,0,1,0
t03_slot_0_D_k1,15,28,0,1,0,0,1,0,1,0,1,0,1,0,1,0,1,0,1,0
t03_slot_0_D_k1,15,29,0,1,1,0,1,0,1,0,1,0,1,0,1,0,1,0,1,0
t03_slot_0_D_k1,15,30,0,1,1,0,1,0,1,0,1,0,1,0,1,0,1,0,1,0
t03_slot_0_D_k1,15,31,0,1,1,0,1,0,1,0,1,0,0,0,1,0,1,0,1,0
t03_slot_0_D_k1,15,32,0,1,1,0,1,0,1,0,1,0,1,0,1,0,1,0,1,0
t03_slot_0_D_k1,15,33,0,1,1,0,1,0,1,0,1,0,1,0,1,0,1,0,1,0
t03_slot_0_D_k1,15,34,0,1,1,0,1,0,1,0,1,0,1,0,1,0,1,0,1,0
t03_slot_0_D_k1,15,35,0,1,1,0,1,0,1,0,1,0,1,0,1,0,1,0,1,0
t03_slot_0_D_k1,15,36,0,1,0,0,1,0,1,0,1,0,1,0,1,0,1,0,1,0
t03_slot_0_D_k1,15,37,0,1,1,0,1,0,0,0,1,0,1,0,1,0,1,0,1,0
t03_slot_0_D_k1,15,38,0,1,1,0,1,0,0,0,1,0,1,0,1,0,1,0,1,0
t03_slot_0_D_k1,15,39,0,1,1,0,1,0,0,0,1,0,1,0,1,0,1,0,1,0
t03_slot_0_D_k1,15,40,0,1,1,0,1,0,1,0,1,0,1,0,1,0,1,0,1,0
t03_slot_0_D_k1,15,41,0,1,1,0,1,0,1,0,1,0,1,0,1,0,1,0,1,0
t03_slot_0_D_k1,15,42,0,1,1,0,1,0,1,0,1,0,1,0,1,0,1,0,1,0
t03_slot_0_D_k1,15,43,0,1,1,0,1,0,1,0,1,0,1,0,1,0,1,0,1,0
t03_slot_0_D_k1,15,44,0,1,1,0,1,0,1,0,1,0,1,0,1,0,1,0,1,0
t03_slot_0_D_k1,15,45,0,1,1,0,1,0,1,0,1,0,1,0,1,0,1,0,1,0
t03_slot_0_D_k1,15,46,0,1,1,0,1,0,1,0,1,0,1,0,1,0,1,0,1,0
t03_slot_0_D_k1,15,47,0,1,0,0,1,0,1,0,1,0,1,0,1,0,1,0,1,0
t03_slot_0_D_k1,15,48,0,1,1,0,1,0,0,0,1,0,1,0,1,0,1,0,1,0
t03_slot_0_D_k1,15,49,0,1,1,0,1,0,1,0,1,0,1,0,1,0,1,0,1,0
t03_slot_0_D_k1,15,50,0,1,1,0,1,0,1,0,1,0,1,0,1,0,1,0,1,0
t03_slot_0_D_k1,15,51,0,1,1,0,1,0,1,0,1,0,1,0,1,0,1,0,1,0
t03_slot_0_D_k1,15,52,0,1,1,0,1,0,1,0,1,0,1,0,1,0,1,0,1,0
t03_slot_0_D_k1,15,53,0,1,1,0,1,0,1,0,1,0,1,0,1,0,1,0,1,0
t03_slot_0_D_k1,15,54,0,1,1,0,1,0,1,0,1,0,1,0,1,0,1,0,1,0
t03_slot_0_D_k1,15,55,0,1,1,0,1,0,1,0,1,0,1,0,1,0,1,0,1,0
t03_slot_0_D_k1,15,56,0,1,1,0,1,0,1,0,1,0,1,0,1,0,1,0,1,0
t03_slot_0_D_k1,15,57,0,1,1,0,1,0,1,0,1,0,1,0,1,0,1,0,1,0
t03_slot_0_D_k1,15,58,0,1,0,0,1,0,1,0,1,0,1,0,1,0,1,0,1,0
t03_slot_0_D_k1,15,59,0,1,1,0,1,0,0,0,1,0,1,0,1,0,1,0,1,0
t03_slot_0_D_k1,15,60,0,1,1,0,1,0,0,0,1,0,1,0,1,0,1,0,1,0
t03_slot_0_D_k1,15,61,0,1,1,0,1,0,0,0,1,0,1,0,1,0,1,0,1,0
t03_slot_0_D_k1,15,62,0,1,1,0,1,0,1,0,1,0,1,0,1,0,1,0,1,0
t03_slot_0_D_k1,15,63,1,1,1,0,1,0,1,0,1,0,1,0,1,0,0,0,1,0
t03_slot_0_D_k1,15,64,0,1,1,0,1,0,1,0,1,0,1,0,1,0,0,0,0,0
t03_slot_0_D_k1,15,65,0,1,1,0,1,0,1,0,1,0,1,0,1,0,0,0,0,0
t03_slot_0_D_k1,15,66,0,1,0,0,1,0,1,0,1,0,1,0,1,0,1,0,0,0
t03_slot_0_D_k1,15,67,0,1,0,0,1,0,1,0,1,0,1,0,1,0,1,0,0,0
t03_slot_0_D_k1,15,68,0,1,0,0,1,0,1,0,1,0,1,0,1,0,1,0,0,0
t03_slot_0_D_k1,15,69,0,1,0,0,1,0,1,0,1,0,1,0,1,0,1,0,0,0
t03_slot_0_D_k1,15,70,0,1,0,0,1,0,1,0,1,0,1,0,1,0,1,0,0,0
t03_slot_0_D_k1,15,71,0,1,0,0,1,0,1,0,1,0,1,0,1,0,1,0,0,0
t03_slot_0_D_k1,15,72,0,1,1,0,1,0,0,0,1,0,1,0,1,0,1,0,0,0
t03_slot_0_D_k1,15,73,0,1,1,0,1,0,1,0,1,0,1,0,1,0,1,0,0,0
t03_slot_0_D_k1,15,74,0,1,1,0,1,0,1,0,1,0,1,0,1,0,0,0,0,0
t03_slot_0_D_k1,15,75,0,1,1,0,1,0,1,0,1,0,1,0,1,0,1,0,0,0
t03_slot_0_D_k1,15,76,0,1,1,0,1,0,1,0,1,0,1,0,1,0,1,0,0,0
t03_slot_0_D_k1,15,77,0,1,0,0,1,0,1,0,1,0,1,0,1,0,1,0,0,0
t03_slot_0_D_k1,15,78,0,1,1,0,1,0,1,0,1,0,1,0,1,0,1,0,0,0
t03_slot_0_D_k1,15,79,0,1,1,0,1,0,1,0,1,0,1,0,1,0,1,0,0,0
t03_slot_0_D_k1,15,80,0,1,1,0,1,0,1,0,1,0,1,0,1,0,1,0,0,0
t03_slot_0_D_k1,15,81,0,1,1,0,1,0,0,0,1,0,1,0,1,0,1,0,0,0
t03_slot_0_D_k1,15,82,0,1,1,0,1,0,0,0,1,0,1,0,1,0,1,0,0,0
t03_slot_0_D_k1,15,83,0,1,1,0,1,0,0,0,1,0,1,0,1,0,1,0,0,0
t03_slot_0_D_k1,15,84,0,1,1,0,1,0,1,0,1,0,1,0,1,0,1,0,0,0
t03_slot_0_D_k1,15,85,0,1,1,0,1,0,1,0,1,0,1,0,1,0,0,0,0,0
t03_slot_0_D_k1,15,86,0,1,1,0,1,0,1,0,1,0,1,0,1,0,1,0,0,0
t03_slot_0_D_k1,15,87,0,1,1,0,1,0,1,0,1,0,1,0,1,0,1,0,0,0
t03_slot_0_D_k1,15,88,0,1,0,0,1,0,1,0,1,0,1,0,1,0,1,0,0,0
t03_slot_0_D_k1,15,89,0,1,1,0,1,0,1,0,1,0,1,0,1,0,1,0,0,0
t03_slot_0_D_k1,15,90,0,1,1,0,1,0,1,0,1,0,1,0,1,0,1,0,0,0
t03_slot_0_D_k1,15,91,0,1,1,0,1,0,1,0,1,0,1,0,1,0,1,0,0,0
t03_slot_0_D_k1,15,92,0,1,1,0,1,0,1,0,1,0,1,0,1,0,1,0,0,0
t03_slot_0_D_k1,15,93,0,1,1,0,1,0,1,0,1,0,1,0,1,0,1,0,0,0
t03_slot_0_D_k1,15,94,0,1,1,0,1,0,1,0,1,0,1,0,1,0,1,0,0,0
t03_slot_0_D_k1,15,95,0,1,1,0,1,0,1,0,1,0,1,0,1,0,1,0,0,0
t03_slot_0_D_k1,15,96,0,1,1,0,1,0,1,0,1,0,1,0,1,0,0,0,0,0
t03_slot_0_D_k1,15,97,0,1,1,0,1,0,1,0,1,0,1,0,1,0,1,0,0,0
t03_slot_0_D_k1,15,98,0,1,1,0,1,0,1,0,1,0,1,0,1,0,1,0,0,0
t03_slot_0_D_k1,15,99,0,1,0,0,1,0,1,0,1,0,1,0,1,0,1,0,0,0
t03_slot_0_D_k1,15,100,0,1,0,0,1,0,1,0,1,0,1,0,1,0,1,0,0,0
t03_slot_0_D_k1,15,101,0,1,1,0,1,0,1,0,1,0,1,0,1,0,1,0,0,0
t03_slot_0_D_k1,15,102,0,1,1,0,1,0,1,0,1,0,1,0,1,0,1,0,0,0
t03_slot_0_D_k1,15,103,0,1,1,0,1,0,1,0,1,0,1,0,1,0,1,0,0,0
t03_slot_0_D_k1,15,104,0,1,1,0,1,0,1,0,1,0,1,0,1,0,1,0,0,0
t03_slot_0_D_k1,15,105,0,1,1,0,1,0,1,0,1,0,1,0,1,0,1,0,0,0
t03_slot_0_D_k1,15,106,0,1,1,0,1,0,1,0,1,0,1,0,1,0,1,0,0,0
t03_slot_0_D_k1,15,107,0,1,1,0,1,0,1,0,1,0,1,0,1,0,0,0,0,0
t03_slot_0_D_k1,15,108,0,1,1,0,1,0,1,0,1,0,1,0,1,0,0,0,0,0
t03_slot_0_D_k1,15,109,0,1,1,0,1,0,1,0,1,0,1,0,1,0,0,0,0,0
t03_slot_0_D_k1,15,110,0,1,0,0,1,0,1,0,1,0,1,0,1,0,1,0,0,0
t03_slot_0_D_k1,15,111,0,1,1,0,1,0,1,0,1,0,1,0,1,0,1,0,0,0
t03_slot_0_D_k1,15,112,0,1,1,0,1,0,1,0,1,0,1,0,1,0,1,0,0,0
t03_slot_0_D_k1,15,113,0,1,1,0,1,0,1,0,1,0,1,0,1,0,1,0,0,0
t03_slot_0_D_k1,15,114,0,1,1,0,1,0,1,0,1,0,1,0,1,0,1,0,0,0
t03_slot_0_D_k1,15,115,0,1,1,0,1,0,1,0,1,0,1,0,1,0,1,0,0,0
t03_slot_0_D_k1,15,116,0,1,1,0,1,0,1,0,1,0,1,0,1,0,1,0,0,0
t03_slot_0_D_k1,15,117,0,1,1,0,1,0,1,0,1,0,1,0,1,0,1,0,0,0
t03_slot_0_D_k1,15,118,0,1,1,0,1,0,1,0,1,0,1,0,1,0,1,0,0,0
t03_slot_0_D_k1,15,119,0,1,1,0,1,0,1,0,1,0,1,0,1,0,1,0,0,0
t03_slot_0_D_k1,15,120,0,1,1,0,1,0,1,0,1,0,1,0,1,0,1,0,0,0
t03_slot_0_D_k2,16,0,0,1,1,0,1,0,1,0,1,0,1,0,1,0,1,0,1,0
t03_slot_0_D_k2,16,1,0,1,1,0,1,0,1,0,1,0,1,0,1,0,1,0,1,0
t03_slot_0_D_k2,16,2,0,1,1,0,1,0,1,0,1,0,1,0,1,0,1,0,1,0
t03_slot_0_D_k2,16,3,0,1,1,0,1,0,1,0,1,0,1,0,1,0,1,0,1,0
t03_slot_0_D_k2,16,4,0,1,1,0,1,0,1,0,1,0,1,0,1,0,1,0,1,0
t03_slot_0_D_k2,16,5,0,1,0,0,1,0,1,0,1,0,1,0,1,0,1,0,1,0
t03_slot_0_D_k2,16,6,0,1,0,0,1,0,1,0,1,0,1,0,1,0,1,0,1,0
t03_slot_0_D_k2,16,7,0,1,1,0,1,0,1,0,1,0,1,0,1,0,1,0,1,0
t03_slot_0_D_k2,16,8,0,1,1,0,1,0,1,0,1,0,0,0,1,0,1,0,1,0
t03_slot_0_D_k2,16,9,0,1,1,0,1,0,1,0,1,0,0,0,1,0,1,0,1,0
t03_slot_0_D_k2,16,10,0,1,1,0,1,0,1,0,1,0,1,0,1,0,1,0,1,0
t03_slot_0_D_k2,16,11,0,1,1,0,1,0,1,0,1,0,1,0,1,0,1,0,1,0
t03_slot_0_D_k2,16,12,0,1,1,0,1,0,1,0,1,0,1,0,1,0,1,0,1,0
t03_slot_0_D_k2,16,13,0,1,1,0,1,0,1,0,1,0,1,0,1,0,1,0,1,0
t03_slot_0_D_k2,16,14,0,1,1,0,1,0,1,0,1,0,1,0,1,0,1,0,1,0
t03_slot_0_D_k2,16,15,0,1,1,0,1,0,1,0,1,0,1,0,1,0,1,0,1,0
t03_slot_0_D_k2,16,16,0,1,0,0,1,0,1,0,1,0,1,0,1,0,1,0,1,0
t03_slot_0_D_k2,16,17,0,1,1,0,1,0,1,0,1,0,1,0,1,0,1,0,1,0
t03_slot_0_D_k2,16,18,0,1,1,0,1,0,1,0,1,0,1,0,1,0,1,0,1,0
t03_slot_0_D_k2,16,19,0,1,1,0,1,0,1,0,1,0,0,0,1,0,1,0,1,0
t03_slot_0_D_k2,16,20,0,1,1,0,1,0,1,0,1,0,0,0,1,0,1,0,1,0
t03_slot_0_D_k2,16,21,0,1,1,0,1,0,1,0,1,0,1,0,1,0,1,0,1,0
t03_slot_0_D_k2,16,22,0,1,1,0,1,0,1,0,1,0,1,0,1,0,1,0,1,0
t03_slot_0_D_k2,16,23,0,1,1,0,1,0,1,0,1,0,1,0,1,0,1,0,1,0
t03_slot_0_D_k2,16,24,0,1,1,0,1,0,1,0,1,0,1,0,1,0,1,0,1,0
t03_slot_0_D_k2,16,25,0,1,0,0,1,0,1,0,1,0,1,0,1,0,1,0,1,0
t03_slot_0_D_k2,16,26,0,1,0,0,1,0,1,0,1,0,1,0,1,0,1,0,1,0
t03_slot_0_D_k2,16,27,0,1,0,0,1,0,1,0,1,0,1,0,1,0,1,0,1,0
t03_slot_0_D_k2,16,28,0,1,0,0,1,0,1,0,1,0,1,0,1,0,1,0,1,0
t03_slot_0_D_k2,16,29,0,1,1,0,1,0,1,0,1,0,1,0,1,0,1,0,1,0
t03_slot_0_D_k2,16,30,0,1,1,0,1,0,1,0,1,0,1,0,1,0,1,0,1,0
t03_slot_0_D_k2,16,31,0,1,1,0,1,0,1,0,1,0,0,0,1,0,1,0,1,0
t03_slot_0_D_k2,16,32,0,1,1,0,1,0,1,0,1,0,1,0,1,0,1,0,1,0
t03_slot_0_D_k2,16,33,0,1,1,0,1,0,1,0,1,0,1,0,1,0,1,0,1,0
t03_slot_0_D_k2,16,34,0,1,1,0,1,0,1,0,1,0,1,0,1,0,1,0,1,0
t03_slot_0_D_k2,16,35,0,1,1,0,1,0,1,0,1,0,1,0,1,0,1,0,1,0
t03_slot_0_D_k2,16,36,0,1,0,0,1,0,1,0,1,0,1,0,1,0,1,0,1,0
t03_slot_0_D_k2,16,37,0,1,1,0,1,0,0,0,1,0,1,0,1,0,1,0,1,0
t03_slot_0_D_k2,16,38,0,1,1,0,1,0,0,0,1,0,1,0,1,0,1,0,1,0
t03_slot_0_D_k2,16,39,0,1,1,0,1,0,0,0,1,0,1,0,1,0,1,0,1,0
t03_slot_0_D_k2,16,40,0,1,1,0,1,0,1,0,1,0,1,0,1,0,1,0,1,0
t03_slot_0_D_k2,16,41,0,1,1,0,1,0,1,0,1,0,1,0,1,0,1,0,1,0
t03_slot_0_D_k2,16,42,0,1,1,0,1,0,1,0,1,0,1,0,1,0,1,0,1,0
t03_slot_0_D_k2,16,43,0,1,1,0,1,0,1,0,1,0,1,0,1,0,1,0,1,0
t03_slot_0_D_k2,16,44,0,1,1,0,1,0,1,0,1,0,1,0,1,0,1,0,1,0
t03_slot_0_D_k2,16,45,0,1,1,0,1,0,1,0,1,0,1,0,1,0,1,0,1,0
t03_slot_0_D_k2,16,46,0,1,1,0,1,0,1,0,1,0,1,0,1,0,1,0,1,0
t03_slot_0_D_k2,16,47,0,1,0,0,1,0,1,0,1,0,1,0,1,0,1,0,1,0
t03_slot_0_D_k2,16,48,0,1,1,0,1,0,0,0,1,0,1,0,1,0,1,0,1,0
t03_slot_0_D_k2,16,49,0,1,1,0,1,0,1,0,1,0,1,0,1,0,1,0,1,0
t03_slot_0_D_k2,16,50,0,1,1,0,1,0,1,0,1,0,1,0,1,0,1,0,1,0
t03_slot_0_D_k2,16,51,0,1,1,0,1,0,1,0,1,0,1,0,1,0,1,0,1,0
t03_slot_0_D_k2,16,52,0,1,1,0,1,0,1,0,1,0,1,0,1,0,1,0,1,0
t03_slot_0_D_k2,16,53,0,1,1,0,1,0,1,0,1,0,1,0,1,0,1,0,1,0
t03_slot_0_D_k2,16,54,0,1,1,0,1,0,1,0,1,0,1,0,1,0,1,0,1,0
t03_slot_0_D_k2,16,55,0,1,1,0,1,0,1,0,1,0,1,0,1,0,1,0,1,0
t03_slot_0_D_k2,16,56,0,1,1,0,1,0,1,0,1,0,1,0,1,0,1,0,1,0
t03_slot_0_D_k2,16,57,0,1,1,0,1,0,1,0,1,0,1,0,1,0,1,0,1,0
t03_slot_0_D_k2,16,58,0,1,0,0,1,0,1,0,1,0,1,0,1,0,1,0,1,0
t03_slot_0_D_k2,16,59,0,1,1,0,1,0,0,0,1,0,1,0,1,0,1,0,1,0
t03_slot_0_D_k2,16,60,0,1,1,0,1,0,0,0,1,0,1,0,1,0,1,0,1,0
t03_slot_0_D_k2,16,61,0,1,1,0,1,0,0,0,1,0,1,0,1,0,1,0,1,0
t03_slot_0_D_k2,16,62,0,1,1,0,1,0,1,0,1,0,1,0,1,0,1,0,1,0
t03_slot_0_D_k2,16,63,1,1,1,0,1,0,1,0,1,0,1,0,1,0,0,0,1,0
t03_slot_0_D_k2,16,64,1,1,1,0,1,0,1,0,1,0,1,0,1,0,0,0,0,0
t03_slot_0_D_k2,16,65,0,1,1,0,1,0,1,0,1,0,1,0,1,0,0,1,1,1
t03_slot_0_D_k2,16,66,0,1,0,0,1,0,1,0,1,0,1,0,1,0,1,1,1,1
t03_slot_0_D_k2,16,67,0,1,0,0,1,0,1,0,1,0,1,0,1,0,1,1,1,1
t03_slot_0_D_k2,16,68,0,1,0,0,1,0,1,0,1,0,1,0,1,0,1,1,1,1
t03_slot_0_D_k2,16,69,0,1,0,0,1,0,1,0,1,0,1,0,1,0,1,1,1,1
t03_slot_0_D_k2,16,70,0,1,0,0,1,0,1,0,1,0,1,0,1,0,1,1,1,1
t03_slot_0_D_k2,16,71,0,1,0,0,1,0,1,0,1,0,1,0,1,0,1,1,1,1
t03_slot_0_D_k2,16,72,0,1,1,0,1,0,0,0,1,0,1,0,1,0,1,1,1,1
t03_slot_0_D_k2,16,73,0,1,1,0,1,0,1,0,1,0,1,0,1,0,1,1,1,1
t03_slot_0_D_k2,16,74,0,1,1,0,1,0,1,0,1,0,1,0,1,0,0,1,1,1
t03_slot_0_D_k2,16,75,0,1,1,0,1,0,1,0,1,0,1,0,1,0,1,1,1,1
t03_slot_0_D_k2,16,76,0,1,1,0,1,0,1,0,1,0,1,0,1,0,1,1,1,1
t03_slot_0_D_k2,16,77,0,1,0,0,1,0,1,0,1,0,1,0,1,0,1,1,1,1
t03_slot_0_D_k2,16,78,0,1,1,0,1,0,1,0,1,0,1,0,1,0,1,1,1,1
t03_slot_0_D_k2,16,79,0,1,1,0,1,0,1,0,1,0,1,0,1,0,1,1,1,1
t03_slot_0_D_k2,16,80,0,1,1,0,1,0,1,0,1,0,1,0,1,0,1,1,1,1
t03_slot_0_D_k2,16,81,0,1,1,0,1,0,0,0,1,0,1,0,1,0,1,1,1,1
t03_slot_0_D_k2,16,82,0,1,1,0,1,0,0,0,1,0,1,0,1,0,1,1,1,1
t03_slot_0_D_k2,16,83,0,1,1,0,1,0,0,0,1,0,1,0,1,0,1,1,1,1
t03_slot_0_D_k2,16,84,0,1,1,0,1,0,1,0,1,0,1,0,1,0,1,1,1,1
t03_slot_0_D_k2,16,85,0,1,1,0,1,0,1,0,1,0,1,0,1,0,0,1,1,1
t03_slot_0_D_k2,16,86,0,1,1,0,1,0,1,0,1,0,1,0,1,0,1,1,1,1
t03_slot_0_D_k2,16,87,0,1,1,0,1,0,1,0,1,0,1,0,1,0,1,1,1,1
t03_slot_0_D_k2,16,88,0,1,0,0,1,0,1,0,1,0,1,0,1,0,1,1,1,1
t03_slot_0_D_k2,16,89,0,1,1,0,1,0,1,0,1,0,1,0,1,0,1,1,1,1
t03_slot_0_D_k2,16,90,0,1,1,0,1,0,1,0,1,0,1,0,1,0,1,1,1,1
t03_slot_0_D_k2,16,91,0,1,1,0,1,0,1,0,1,0,1,0,1,0,1,1,1,1
t03_slot_0_D_k2,16,92,0,1,1,0,1,0,1,0,1,0,1,0,1,0,1,1,1,1
t03_slot_0_D_k2,16,93,0,1,1,0,1,0,1,0,1,0,1,0,1,0,1,1,1,1
t03_slot_0_D_k2,16,94,0,1,1,0,1,0,1,0,1,0,1,0,1,0,1,1,1,1
t03_slot_0_D_k2,16,95,0,1,1,0,1,0,1,0,1,0,1,0,1,0,1,1,1,1
t03_slot_0_D_k2,16,96,0,1,1,0,1,0,1,0,1,0,1,0,1,0,0,1,1,1
t03_slot_0_D_k2,16,97,0,1,1,0,1,0,1,0,1,0,1,0,1,0,1,1,1,1
t03_slot_0_D_k2,16,98,0,1,1,0,1,0,1,0,1,0,1,0,1,0,1,1,1,1
t03_slot_0_D_k2,16,99,0,1,0,0,1,0,1,0,1,0,1,0,1,0,1,1,1,1
t03_slot_0_D_k2,16,100,0,1,0,0,1,0,1,0,1,0,1,0,1,0,1,1,1,1
t03_slot_0_D_k2,16,101,0,1,1,0,1,0,1,0,1,0,1,0,1,0,1,1,1,1
t03_slot_0_D_k2,16,102,0,1,1,0,1,0,1,0,1,0,1,0,1,0,1,1,1,1
t03_slot_0_D_k2,16,103,0,1,1,0,1,0,1,0,1,0,1,0,1,0,1,1,1,1
t03_slot_0_D_k2,16,104,0,1,1,0,1,0,1,0,1,0,1,0,1,0,1,1,1,1
t03_slot_0_D_k2,16,105,0,1,1,0,1,0,1,0,1,0,1,0,1,0,1,1,1,1
t03_slot_0_D_k2,16,106,0,1,1,0,1,0,1,0,1,0,1,0,1,0,1,1,1,1
t03_slot_0_D_k2,16,107,0,1,1,0,1,0,1,0,1,0,1,0,1,0,0,1,1,1
t03_slot_0_D_k2,16,108,0,1,1,0,1,0,1,0,1,0,1,0,1,0,0,1,1,1
t03_slot_0_D_k2,16,109,0,1,1,0,1,0,1,0,1,0,1,0,1,0,0,1,1,1
t03_slot_0_D_k2,16,110,0,1,0,0,1,0,1,0,1,0,1,0,1,0,1,1,1,1
t03_slot_0_D_k2,16,111,0,1,1,0,1,0,1,0,1,0,1,0,1,0,1,1,1,1
t03_slot_0_D_k2,16,112,0,1,1,0,1,0,1,0,1,0,1,0,1,0,1,1,1,1
t03_slot_0_D_k2,16,113,0,1,1,0,1,0,1,0,1,0,1,0,1,0,1,1,1,1
t03_slot_0_D_k2,16,114,0,1,1,0,1,0,1,0,1,0,1,0,1,0,1,1,1,1
t03_slot_0_D_k2,16,115,0,1,1,0,1,0,1,0,1,0,1,0,1,0,1,1,1,1
t03_slot_0_D_k2,16,116,0,1,1,0,1,0,1,0,1,0,1,0,1,0,1,1,1,1
t03_slot_0_D_k2,16,117,0,1,1,0,1,0,1,0,1,0,1,0,1,0,1,1,1,1
t03_slot_0_D_k2,16,118,0,1,1,0,1,0,1,0,1,0,1,0,1,0,1,1,1,1
t03_slot_0_D_k2,16,119,0,1,1,0,1,0,1,0,1,0,1,0,1,0,1,1,1,1
t03_slot_0_D_k2,16,120,0,1,1,0,1,0,1,0,1,0,1,0,1,0,1,1,1,1
t03_slot_0_D_k3,17,0,0,1,1,0,1,0,1,0,1,0,1,0,1,0,1,0,1,0
t03_slot_0_D_k3,17,1,0,1,1,0,1,0,1,0,1,0,1,0,1,0,1,0,1,0
t03_slot_0_D_k3,17,2,0,1,1,0,1,0,1,0,1,0,1,0,1,0,1,0,1,0
t03_slot_0_D_k3,17,3,0,1,1,0,1,0,1,0,1,0,1,0,1,0,1,0,1,0
t03_slot_0_D_k3,17,4,0,1,1,0,1,0,1,0,1,0,1,0,1,0,1,0,1,0
t03_slot_0_D_k3,17,5,0,1,0,0,1,0,1,0,1,0,1,0,1,0,1,0,1,0
t03_slot_0_D_k3,17,6,0,1,0,0,1,0,1,0,1,0,1,0,1,0,1,0,1,0
t03_slot_0_D_k3,17,7,0,1,1,0,1,0,1,0,1,0,1,0,1,0,1,0,1,0
t03_slot_0_D_k3,17,8,0,1,1,0,1,0,1,0,1,0,0,0,1,0,1,0,1,0
t03_slot_0_D_k3,17,9,0,1,1,0,1,0,1,0,1,0,0,0,1,0,1,0,1,0
t03_slot_0_D_k3,17,10,0,1,1,0,1,0,1,0,1,0,1,0,1,0,1,0,1,0
t03_slot_0_D_k3,17,11,0,1,1,0,1,0,1,0,1,0,1,0,1,0,1,0,1,0
t03_slot_0_D_k3,17,12,0,1,1,0,1,0,1,0,1,0,1,0,1,0,1,0,1,0
t03_slot_0_D_k3,17,13,0,1,1,0,1,0,1,0,1,0,1,0,1,0,1,0,1,0
t03_slot_0_D_k3,17,14,0,1,1,0,1,0,1,0,1,0,1,0,1,0,1,0,1,0
t03_slot_0_D_k3,17,15,0,1,1,0,1,0,1,0,1,0,1,0,1,0,1,0,1,0
t03_slot_0_D_k3,17,16,0,1,0,0,1,0,1,0,1,0,1,0,1,0,1,0,1,0
t03_slot_0_D_k3,17,17,0,1,1,0,1,0,1,0,1,0,1,0,1,0,1,0,1,0
t03_slot_0_D_k3,17,18,0,1,1,0,1,0,1,0,1,0,1,0,1,0,1,0,1,0
t03_slot_0_D_k3,17,19,0,1,1,0,1,0,1,0,1,0,0,0,1,0,1,0,1,0
t03_slot_0_D_k3,17,20,0,1,1,0,1,0,1,0,1,0,0,0,1,0,1,0,1,0
t03_slot_0_D_k3,17,21,0,1,1,0,1,0,1,0,1,0,1,0,1,0,1,0,1,0
t03_slot_0_D_k3,17,22,0,1,1,0,1,0,1,0,1,0,1,0,1,0,1,0,1,0
t03_slot_0_D_k3,17,23,0,1,1,0,1,0,1,0,1,0,1,0,1,0,1,0,1,0
t03_slot_0_D_k3,17,24,0,1,1,0,1,0,1,0,1,0,1,0,1,0,1,0,1,0
t03_slot_0_D_k3,17,25,0,1,0,0,1,0,1,0,1,0,1,0,1,0,1,0,1,0
t03_slot_0_D_k3,17,26,0,1,0,0,1,0,1,0,1,0,1,0,1,0,1,0,1,0
t03_slot_0_D_k3,17,27,0,1,0,0,1,0,1,0,1,0,1,0,1,0,1,0,1,0
t03_slot_0_D_k3,17,28,0,1,0,0,1,0,1,0,1,0,1,0,1,0,1,0,1,0
t03_slot_0_D_k3,17,29,0,1,1,0,1,0,1,0,1,0,1,0,1,0,1,0,1,0
t03_slot_0_D_k3,17,30,0,1,1,0,1,0,1,0,1,0,1,0,1,0,1,0,1,0
t03_slot_0_D_k3,17,31,0,1,1,0,1,0,1,0,1,0,0,0,1,0,1,0,1,0
t03_slot_0_D_k3,17,32,0,1,1,0,1,0,1,0,1,0,1,0,1,0,1,0,1,0
t03_slot_0_D_k3,17,33,0,1,1,0,1,0,1,0,1,0,1,0,1,0,1,0,1,0
t03_slot_0_D_k3,17,34,0,1,1,0,1,0,1,0,1,0,1,0,1,0,1,0,1,0
t03_slot_0_D_k3,17,35,0,1,1,0,1,0,1,0,1,0,1,0,1,0,1,0,1,0
t03_slot_0_D_k3,17,36,0,1,0,0,1,0,1,0,1,0,1,0,1,0,1,0,1,0
t03_slot_0_D_k3,17,37,0,1,1,0,1,0,0,0,1,0,1,0,1,0,1,0,1,0
t03_slot_0_D_k3,17,38,0,1,1,0,1,0,0,0,1,0,1,0,1,0,1,0,1,0
t03_slot_0_D_k3,17,39,0,1,1,0,1,0,0,0,1,0,1,0,1,0,1,0,1,0
t03_slot_0_D_k3,17,40,0,1,1,0,1,0,1,0,1,0,1,0,1,0,1,0,1,0
t03_slot_0_D_k3,17,41,0,1,1,0,1,0,1,0,1,0,1,0,1,0,1,0,1,0
t03_slot_0_D_k3,17,42,0,1,1,0,1,0,1,0,1,0,1,0,1,0,1,0,1,0
t03_slot_0_D_k3,17,43,0,1,1,0,1,0,1,0,1,0,1,0,1,0,1,0,1,0
t03_slot_0_D_k3,17,44,0,1,1,0,1,0,1,0,1,0,1,0,1,0,1,0,1,0
t03_slot_0_D_k3,17,45,0,1,1,0,1,0,1,0,1,0,1,0,1,0,1,0,1,0
t03_slot_0_D_k3,17,46,0,1,1,0,1,0,1,0,1,0,1,0,1,0,1,0,1,0
t03_slot_0_D_k3,17,47,0,1,0,0,1,0,1,0,1,0,1,0,1,0,1,0,1,0
t03_slot_0_D_k3,17,48,0,1,1,0,1,0,0,0,1,0,1,0,1,0,1,0,1,0
t03_slot_0_D_k3,17,49,0,1,1,0,1,0,1,0,1,0,1,0,1,0,1,0,1,0
t03_slot_0_D_k3,17,50,0,1,1,0,1,0,1,0,1,0,1,0,1,0,1,0,1,0
t03_slot_0_D_k3,17,51,0,1,1,0,1,0,1,0,1,0,1,0,1,0,1,0,1,0
t03_slot_0_D_k3,17,52,0,1,1,0,1,0,1,0,1,0,1,0,1,0,1,0,1,0
t03_slot_0_D_k3,17,53,0,1,1,0,1,0,1,0,1,0,1,0,1,0,1,0,1,0
t03_slot_0_D_k3,17,54,0,1,1,0,1,0,1,0,1,0,1,0,1,0,1,0,1,0
t03_slot_0_D_k3,17,55,0,1,1,0,1,0,1,0,1,0,1,0,1,0,1,0,1,0
t03_slot_0_D_k3,17,56,0,1,1,0,1,0,1,0,1,0,1,0,1,0,1,0,1,0
t03_slot_0_D_k3,17,57,0,1,1,0,1,0,1,0,1,0,1,0,1,0,1,0,1,0
t03_slot_0_D_k3,17,58,0,1,0,0,1,0,1,0,1,0,1,0,1,0,1,0,1,0
t03_slot_0_D_k3,17,59,0,1,1,0,1,0,0,0,1,0,1,0,1,0,1,0,1,0
t03_slot_0_D_k3,17,60,0,1,1,0,1,0,0,0,1,0,1,0,1,0,1,0,1,0
t03_slot_0_D_k3,17,61,0,1,1,0,1,0,0,0,1,0,1,0,1,0,1,0,1,0
t03_slot_0_D_k3,17,62,0,1,1,0,1,0,1,0,1,0,1,0,1,0,1,0,1,0
t03_slot_0_D_k3,17,63,1,1,1,0,1,0,1,0,1,0,1,0,1,0,0,0,1,0
t03_slot_0_D_k3,17,64,1,1,1,0,1,0,1,0,1,0,1,0,1,0,0,0,0,0
t03_slot_0_D_k3,17,65,1,1,1,0,1,0,1,0,1,0,1,0,1,0,0,1,1,1
t03_slot_0_D_k3,17,66,0,1,0,0,1,0,1,0,1,0,1,0,1,0,1,1,0,0
t03_slot_0_D_k3,17,67,0,1,0,0,1,0,1,0,1,0,1,0,1,0,1,1,0,0
t03_slot_0_D_k3,17,68,0,1,0,0,1,0,1,0,1,0,1,0,1,0,1,1,0,0
t03_slot_0_D_k3,17,69,0,1,0,0,1,0,1,0,1,0,1,0,1,0,1,1,0,0
t03_slot_0_D_k3,17,70,0,1,0,0,1,0,1,0,1,0,1,0,1,0,1,1,0,0
t03_slot_0_D_k3,17,71,0,1,0,0,1,0,1,0,1,0,1,0,1,0,1,1,0,0
t03_slot_0_D_k3,17,72,0,1,1,0,1,0,0,0,1,0,1,0,1,0,1,1,0,0
t03_slot_0_D_k3,17,73,0,1,1,0,1,0,1,0,1,0,1,0,1,0,1,1,0,0
t03_slot_0_D_k3,17,74,0,1,1,0,1,0,1,0,1,0,1,0,1,0,0,1,0,0
t03_slot_0_D_k3,17,75,0,1,1,0,1,0,1,0,1,0,1,0,1,0,1,1,0,0
t03_slot_0_D_k3,17,76,0,1,1,0,1,0,1,0,1,0,1,0,1,0,1,1,0,0
t03_slot_0_D_k3,17,77,0,1,0,0,1,0,1,0,1,0,1,0,1,0,1,1,0,0
t03_slot_0_D_k3,17,78,0,1,1,0,1,0,1,0,1,0,1,0,1,0,1,1,0,0
t03_slot_0_D_k3,17,79,0,1,1,0,1,0,1,0,1,0,1,0,1,0,1,1,0,0
t03_slot_0_D_k3,17,80,0,1,1,0,1,0,1,0,1,0,1,0,1,0,1,1,0,0
t03_slot_0_D_k3,17,81,0,1,1,0,1,0,0,0,1,0,1,0,1,0,1,1,0,0
t03_slot_0_D_k3,17,82,0,1,1,0,1,0,0,0,1,0,1,0,1,0,1,1,0,0
t03_slot_0_D_k3,17,83,0,1,1,0,1,0,0,0,1,0,1,0,1,0,1,1,0,0
t03_slot_0_D_k3,17,84,0,1,1,0,1,0,1,0,1,0,1,0,1,0,1,1,0,0
t03_slot_0_D_k3,17,85,0,1,1,0,1,0,1,0,1,0,1,0,1,0,0,1,0,0
t03_slot_0_D_k3,17,86,0,1,1,0,1,0,1,0,1,0,1,0,1,0,1,1,0,0
t03_slot_0_D_k3,17,87,0,1,1,0,1,0,1,0,1,0,1,0,1,0,1,1,0,0
t03_slot_0_D_k3,17,88,0,1,0,0,1,0,1,0,1,0,1,0,1,0,1,1,0,0
t03_slot_0_D_k3,17,89,0,1,1,0,1,0,1,0,1,0,1,0,1,0,1,1,0,0
t03_slot_0_D_k3,17,90,0,1,1,0,1,0,1,0,1,0,1,0,1,0,1,1,0,0
t03_slot_0_D_k3,17,91,0,1,1,0,1,0,1,0,1,0,1,0,1,0,1,1,0,0
t03_slot_0_D_k3,17,92,0,1,1,0,1,0,1,0,1,0,1,0,1,0,1,1,0,0
t03_slot_0_D_k3,17,93,0,1,1,0,1,0,1,0,1,0,1,0,1,0,1,1,0,0
t03_slot_0_D_k3,17,94,0,1,1,0,1,0,1,0,1,0,1,0,1,0,1,1,0,0
t03_slot_0_D_k3,17,95,0,1,1,0,1,0,1,0,1,0,1,0,1,0,1,1,0,0
t03_slot_0_D_k3,17,96,0,1,1,0,1,0,1,0,1,0,1,0,1,0,0,1,0,0
t03_slot_0_D_k3,17,97,0,1,1,0,1,0,1,0,1,0,1,0,1,0,1,1,0,0
t03_slot_0_D_k3,17,98,0,1,1,0,1,0,1,0,1,0,1,0,1,0,1,1,0,0
t03_slot_0_D_k3,17,99,0,1,0,0,1,0,1,0,1,0,1,0,1,0,1,1,0,0
t03_slot_0_D_k3,17,100,0,1,0,0,1,0,1,0,1,0,1,0,1,0,1,1,0,0
t03_slot_0_D_k3,17,101,0,1,1,0,1,0,1,0,1,0,1,0,1,0,1,1,0,0
t03_slot_0_D_k3,17,102,0,1,1,0,1,0,1,0,1,0,1,0,1,0,1,1,0,0
t03_slot_0_D_k3,17,103,0,1,1,0,1,0,1,0,1,0,1,0,1,0,1,1,0,0
t03_slot_0_D_k3,17,104,0,1,1,0,1,0,1,0,1,0,1,0,1,0,1,1,0,0
t03_slot_0_D_k3,17,105,0,1,1,0,1,0,1,0,1,0,1,0,1,0,1,1,0,0
t03_slot_0_D_k3,17,106,0,1,1,0,1,0,1,0,1,0,1,0,1,0,1,1,0,0
t03_slot_0_D_k3,17,107,0,1,1,0,1,0,1,0,1,0,1,0,1,0,0,1,0,0
t03_slot_0_D_k3,17,108,0,1,1,0,1,0,1,0,1,0,1,0,1,0,0,1,0,0
t03_slot_0_D_k3,17,109,0,1,1,0,1,0,1,0,1,0,1,0,1,0,0,1,0,0
t03_slot_0_D_k3,17,110,0,1,0,0,1,0,1,0,1,0,1,0,1,0,1,1,0,0
t03_slot_0_D_k3,17,111,0,1,1,0,1,0,1,0,1,0,1,0,1,0,1,1,0,0
t03_slot_0_D_k3,17,112,0,1,1,0,1,0,1,0,1,0,1,0,1,0,1,1,0,0
t03_slot_0_D_k3,17,113,0,1,1,0,1,0,1,0,1,0,1,0,1,0,1,1,0,0
t03_slot_0_D_k3,17,114,0,1,1,0,1,0,1,0,1,0,1,0,1,0,1,1,0,0
t03_slot_0_D_k3,17,115,0,1,1,0,1,0,1,0,1,0,1,0,1,0,1,1,0,0
t03_slot_0_D_k3,17,116,0,1,1,0,1,0,1,0,1,0,1,0,1,0,1,1,0,0
t03_slot_0_D_k3,17,117,0,1,1,0,1,0,1,0,1,0,1,0,1,0,1,1,0,0
t03_slot_0_D_k3,17,118,0,1,1,0,1,0,1,0,1,0,1,0,1,0,1,1,0,0
t03_slot_0_D_k3,17,119,0,1,1,0,1,0,1,0,1,0,1,0,1,0,1,1,0,0
t03_slot_0_D_k3,17,120,0,1,1,0,1,0,1,0,1,0,1,0,1,0,1,1,0,0
t03_slot_0_D_k4,18,0,0,1,1,0,1,0,1,0,1,0,1,0,1,0,1,0,1,0
t03_slot_0_D_k4,18,1,0,1,1,0,1,0,1,0,1,0,1,0,1,0,1,0,1,0
t03_slot_0_D_k4,18,2,0,1,1,0,1,0,1,0,1,0,1,0,1,0,1,0,1,0
t03_slot_0_D_k4,18,3,0,1,1,0,1,0,1,0,1,0,1,0,1,0,1,0,1,0
t03_slot_0_D_k4,18,4,0,1,1,0,1,0,1,0,1,0,1,0,1,0,1,0,1,0
t03_slot_0_D_k4,18,5,0,1,0,0,1,0,1,0,1,0,1,0,1,0,1,0,1,0
t03_slot_0_D_k4,18,6,0,1,0,0,1,0,1,0,1,0,1,0,1,0,1,0,1,0
t03_slot_0_D_k4,18,7,0,1,1,0,1,0,1,0,1,0,1,0,1,0,1,0,1,0
t03_slot_0_D_k4,18,8,0,1,1,0,1,0,1,0,1,0,0,0,1,0,1,0,1,0
t03_slot_0_D_k4,18,9,0,1,1,0,1,0,1,0,1,0,0,0,1,0,1,0,1,0
t03_slot_0_D_k4,18,10,0,1,1,0,1,0,1,0,1,0,1,0,1,0,1,0,1,0
t03_slot_0_D_k4,18,11,0,1,1,0,1,0,1,0,1,0,1,0,1,0,1,0,1,0
t03_slot_0_D_k4,18,12,0,1,1,0,1,0,1,0,1,0,1,0,1,0,1,0,1,0
t03_slot_0_D_k4,18,13,0,1,1,0,1,0,1,0,1,0,1,0,1,0,1,0,1,0
t03_slot_0_D_k4,18,14,0,1,1,0,1,0,1,0,1,0,1,0,1,0,1,0,1,0
t03_slot_0_D_k4,18,15,0,1,1,0,1,0,1,0,1,0,1,0,1,0,1,0,1,0
t03_slot_0_D_k4,18,16,0,1,0,0,1,0,1,0,1,0,1,0,1,0,1,0,1,0
t03_slot_0_D_k4,18,17,0,1,1,0,1,0,1,0,1,0,1,0,1,0,1,0,1,0
t03_slot_0_D_k4,18,18,0,1,1,0,1,0,1,0,1,0,1,0,1,0,1,0,1,0
t03_slot_0_D_k4,18,19,0,1,1,0,1,0,1,0,1,0,0,0,1,0,1,0,1,0
t03_slot_0_D_k4,18,20,0,1,1,0,1,0,1,0,1,0,0,0,1,0,1,0,1,0
t03_slot_0_D_k4,18,21,0,1,1,0,1,0,1,0,1,0,1,0,1,0,1,0,1,0
t03_slot_0_D_k4,18,22,0,1,1,0,1,0,1,0,1,0,1,0,1,0,1,0,1,0
t03_slot_0_D_k4,18,23,0,1,1,0,1,0,1,0,1,0,1,0,1,0,1,0,1,0
t03_slot_0_D_k4,18,24,0,1,1,0,1,0,1,0,1,0,1,0,1,0,1,0,1,0
t03_slot_0_D_k4,18,25,0,1,0,0,1,0,1,0,1,0,1,0,1,0,1,0,1,0
t03_slot_0_D_k4,18,26,0,1,0,0,1,0,1,0,1,0,1,0,1,0,1,0,1,0
t03_slot_0_D_k4,18,27,0,1,0,0,1,0,1,0,1,0,1,0,1,0,1,0,1,0
t03_slot_0_D_k4,18,28,0,1,0,0,1,0,1,0,1,0,1,0,1,0,1,0,1,0
t03_slot_0_D_k4,18,29,0,1,1,0,1,0,1,0,1,0,1,0,1,0,1,0,1,0
t03_slot_0_D_k4,18,30,0,1,1,0,1,0,1,0,1,0,1,0,1,0,1,0,1,0
t03_slot_0_D_k4,18,31,0,1,1,0,1,0,1,0,1,0,0,0,1,0,1,0,1,0
t03_slot_0_D_k4,18,32,0,1,1,0,1,0,1,0,1,0,1,0,1,0,1,0,1,0
t03_slot_0_D_k4,18,33,0,1,1,0,1,0,1,0,1,0,1,0,1,0,1,0,1,0
t03_slot_0_D_k4,18,34,0,1,1,0,1,0,1,0,1,0,1,0,1,0,1,0,1,0
t03_slot_0_D_k4,18,35,0,1,1,0,1,0,1,0,1,0,1,0,1,0,1,0,1,0
t03_slot_0_D_k4,18,36,0,1,0,0,1,0,1,0,1,0,1,0,1,0,1,0,1,0
t03_slot_0_D_k4,18,37,0,1,1,0,1,0,0,0,1,0,1,0,1,0,1,0,1,0
t03_slot_0_D_k4,18,38,0,1,1,0,1,0,0,0,1,0,1,0,1,0,1,0,1,0
t03_slot_0_D_k4,18,39,0,1,1,0,1,0,0,0,1,0,1,0,1,0,1,0,1,0
t03_slot_0_D_k4,18,40,0,1,1,0,1,0,1,0,1,0,1,0,1,0,1,0,1,0
t03_slot_0_D_k4,18,41,0,1,1,0,1,0,1,0,1,0,1,0,1,0,1,0,1,0
t03_slot_0_D_k4,18,42,0,1,1,0,1,0,1,0,1,0,1,0,1,0,1,0,1,0
t03_slot_0_D_k4,18,43,0,1,1,0,1,0,1,0,1,0,1,0,1,0,1,0,1,0
t03_slot_0_D_k4,18,44,0,1,1,0,1,0,1,0,1,0,1,0,1,0,1,0,1,0
t03_slot_0_D_k4,18,45,0,1,1,0,1,0,1,0,1,0,1,0,1,0,1,0,1,0
t03_slot_0_D_k4,18,46,0,1,1,0,1,0,1,0,1,0,1,0,1,0,1,0,1,0
t03_slot_0_D_k4,18,47,0,1,0,0,1,0,1,0,1,0,1,0,1,0,1,0,1,0
t03_slot_0_D_k4,18,48,0,1,1,0,1,0,0,0,1,0,1,0,1,0,1,0,1,0
t03_slot_0_D_k4,18,49,0,1,1,0,1,0,1,0,1,0,1,0,1,0,1,0,1,0
t03_slot_0_D_k4,18,50,0,1,1,0,1,0,1,0,1,0,1,0,1,0,1,0,1,0
t03_slot_0_D_k4,18,51,0,1,1,0,1,0,1,0,1,0,1,0,1,0,1,0,1,0
t03_slot_0_D_k4,18,52,0,1,1,0,1,0,1,0,1,0,1,0,1,0,1,0,1,0
t03_slot_0_D_k4,18,53,0,1,1,0,1,0,1,0,1,0,1,0,1,0,1,0,1,0
t03_slot_0_D_k4,18,54,0,1,1,0,1,0,1,0,1,0,1,0,1,0,1,0,1,0
t03_slot_0_D_k4,18,55,0,1,1,0,1,0,1,0,1,0,1,0,1,0,1,0,1,0
t03_slot_0_D_k4,18,56,0,1,1,0,1,0,1,0,1,0,1,0,1,0,1,0,1,0
t03_slot_0_D_k4,18,57,0,1,1,0,1,0,1,0,1,0,1,0,1,0,1,0,1,0
t03_slot_0_D_k4,18,58,0,1,0,0,1,0,1,0,1,0,1,0,1,0,1,0,1,0
t03_slot_0_D_k4,18,59,0,1,1,0,1,0,0,0,1,0,1,0,1,0,1,0,1,0
t03_slot_0_D_k4,18,60,0,1,1,0,1,0,0,0,1,0,1,0,1,0,1,0,1,0
t03_slot_0_D_k4,18,61,0,1,1,0,1,0,0,0,1,0,1,0,1,0,1,0,1,0
t03_slot_0_D_k4,18,62,0,1,1,0,1,0,1,0,1,0,1,0,1,0,1,0,1,0
t03_slot_0_D_k4,18,63,1,1,1,0,1,0,1,0,1,0,1,0,1,0,0,0,1,0
t03_slot_0_D_k4,18,64,1,1,1,0,1,0,1,0,1,0,1,0,1,0,0,0,0,0
t03_slot_0_D_k4,18,65,1,1,1,0,1,0,1,0,1,0,1,0,1,0,0,1,1,1
t03_slot_0_D_k4,18,66,0,1,0,0,1,0,1,0,1,0,1,0,1,0,1,1,0,0
t03_slot_0_D_k4,18,67,0,1,0,0,1,0,1,0,1,0,1,0,1,0,1,1,0,0
t03_slot_0_D_k4,18,68,0,1,0,0,1,0,1,0,1,0,1,0,1,0,1,1,0,0
t03_slot_0_D_k4,18,69,0,1,0,0,1,0,1,0,1,0,1,0,1,0,1,1,0,0
t03_slot_0_D_k4,18,70,0,1,0,0,1,0,1,0,1,0,1,0,1,0,1,1,0,0
t03_slot_0_D_k4,18,71,0,1,0,0,1,0,1,0,1,0,1,0,1,0,1,1,0,0
t03_slot_0_D_k4,18,72,0,1,1,0,1,0,0,0,1,0,1,0,1,0,1,1,0,0
t03_slot_0_D_k4,18,73,0,1,1,0,1,0,1,0,1,0,1,0,1,0,1,1,0,0
t03_slot_0_D_k4,18,74,1,1,1,0,1,0,1,0,1,0,1,0,1,0,0,1,0,0
t03_slot_0_D_k4,18,75,0,1,1,0,1,0,1,0,1,0,1,0,1,0,1,1,0,0
t03_slot_0_D_k4,18,76,0,1,1,0,1,0,1,0,1,0,1,0,1,0,1,1,0,0
t03_slot_0_D_k4,18,77,0,1,0,0,1,0,1,0,1,0,1,0,1,0,1,1,0,0
t03_slot_0_D_k4,18,78,0,1,1,0,1,0,1,0,1,0,1,0,1,0,1,1,0,0
t03_slot_0_D_k4,18,79,0,1,1,0,1,0,1,0,1,0,1,0,1,0,1,1,0,0
t03_slot_0_D_k4,18,80,0,1,1,0,1,0,1,0,1,0,1,0,1,0,1,1,0,0
t03_slot_0_D_k4,18,81,0,1,1,0,1,0,0,0,1,0,1,0,1,0,1,1,0,0
t03_slot_0_D_k4,18,82,0,1,1,0,1,0,0,0,1,0,1,0,1,0,1,1,0,0
t03_slot_0_D_k4,18,83,0,1,1,0,1,0,0,0,1,0,1,0,1,0,1,1,0,0
t03_slot_0_D_k4,18,84,0,1,1,0,1,0,1,0,1,0,1,0,1,0,1,1,0,0
t03_slot_0_D_k4,18,85,0,1,1,0,1,0,1,0,1,0,1,0,1,0,0,1,0,0
t03_slot_0_D_k4,18,86,0,1,1,0,1,0,1,0,1,0,1,0,1,0,1,1,0,0
t03_slot_0_D_k4,18,87,0,1,1,0,1,0,1,0,1,0,1,0,1,0,1,1,0,0
t03_slot_0_D_k4,18,88,0,1,0,0,1,0,1,0,1,0,1,0,1,0,1,1,0,0
t03_slot_0_D_k4,18,89,0,1,1,0,1,0,1,0,1,0,1,0,1,0,1,1,0,0
t03_slot_0_D_k4,18,90,0,1,1,0,1,0,1,0,1,0,1,0,1,0,1,1,0,0
t03_slot_0_D_k4,18,91,0,1,1,0,1,0,1,0,1,0,1,0,1,0,1,1,0,0
t03_slot_0_D_k4,18,92,0,1,1,0,1,0,1,0,1,0,1,0,1,0,1,1,0,0
t03_slot_0_D_k4,18,93,0,1,1,0,1,0,1,0,1,0,1,0,1,0,1,1,0,0
t03_slot_0_D_k4,18,94,0,1,1,0,1,0,1,0,1,0,1,0,1,0,1,1,0,0
t03_slot_0_D_k4,18,95,0,1,1,0,1,0,1,0,1,0,1,0,1,0,1,1,0,0
t03_slot_0_D_k4,18,96,0,1,1,0,1,0,1,0,1,0,1,0,1,0,0,1,0,0
t03_slot_0_D_k4,18,97,0,1,1,0,1,0,1,0,1,0,1,0,1,0,1,1,0,0
t03_slot_0_D_k4,18,98,0,1,1,0,1,0,1,0,1,0,1,0,1,0,1,1,0,0
t03_slot_0_D_k4,18,99,0,1,0,0,1,0,1,0,1,0,1,0,1,0,1,1,0,0
t03_slot_0_D_k4,18,100,0,1,0,0,1,0,1,0,1,0,1,0,1,0,1,1,0,0
t03_slot_0_D_k4,18,101,0,1,1,0,1,0,1,0,1,0,1,0,1,0,1,1,0,0
t03_slot_0_D_k4,18,102,0,1,1,0,1,0,1,0,1,0,1,0,1,0,1,1,0,0
t03_slot_0_D_k4,18,103,0,1,1,0,1,0,1,0,1,0,1,0,1,0,1,1,0,0
t03_slot_0_D_k4,18,104,0,1,1,0,1,0,1,0,1,0,1,0,1,0,1,1,0,0
t03_slot_0_D_k4,18,105,0,1,1,0,1,0,1,0,1,0,1,0,1,0,1,1,0,0
t03_slot_0_D_k4,18,106,0,1,1,0,1,0,1,0,1,0,1,0,1,0,1,1,0,0
t03_slot_0_D_k4,18,107,0,1,1,0,1,0,1,0,1,0,1,0,1,0,0,1,0,0
t03_slot_0_D_k4,18,108,0,1,1,0,1,0,1,0,1,0,1,0,1,0,0,1,0,0
t03_slot_0_D_k4,18,109,0,1,1,0,1,0,1,0,1,0,1,0,1,0,0,1,0,0
t03_slot_0_D_k4,18,110,0,1,0,0,1,0,1,0,1,0,1,0,1,0,1,1,0,0
t03_slot_0_D_k4,18,111,0,1,1,0,1,0,1,0,1,0,1,0,1,0,1,1,0,0
t03_slot_0_D_k4,18,112,0,1,1,0,1,0,1,0,1,0,1,0,1,0,1,1,0,0
t03_slot_0_D_k4,18,113,0,1,1,0,1,0,1,0,1,0,1,0,1,0,1,1,0,0
t03_slot_0_D_k4,18,114,0,1,1,0,1,0,1,0,1,0,1,0,1,0,1,1,0,0
t03_slot_0_D_k4,18,115,0,1,1,0,1,0,1,0,1,0,1,0,1,0,1,1,0,0
t03_slot_0_D_k4,18,116,0,1,1,0,1,0,1,0,1,0,1,0,1,0,1,1,0,0
t03_slot_0_D_k4,18,117,0,1,1,0,1,0,1,0,1,0,1,0,1,0,1,1,0,0
t03_slot_0_D_k4,18,118,0,1,1,0,1,0,1,0,1,0,1,0,1,0,1,1,0,0
t03_slot_0_D_k4,18,119,0,1,1,0,1,0,1,0,1,0,1,0,1,0,1,1,0,0
t03_slot_0_D_k4,18,120,0,1,1,0,1,0,1,0,1,0,1,0,1,0,1,1,0,0
t03_slot_0_D_k5,19,0,0,1,1,0,1,0,1,0,1,0,1,0,1,0,1,0,1,0
t03_slot_0_D_k5,19,1,0,1,1,0,1,0,1,0,1,0,1,0,1,0,1,0,1,0
t03_slot_0_D_k5,19,2,0,1,1,0,1,0,1,0,1,0,1,0,1,0,1,0,1,0
t03_slot_0_D_k5,19,3,0,1,1,0,1,0,1,0,1,0,1,0,1,0,1,0,1,0
t03_slot_0_D_k5,19,4,0,1,1,0,1,0,1,0,1,0,1,0,1,0,1,0,1,0
t03_slot_0_D_k5,19,5,0,1,0,0,1,0,1,0,1,0,1,0,1,0,1,0,1,0
t03_slot_0_D_k5,19,6,0,1,0,0,1,0,1,0,1,0,1,0,1,0,1,0,1,0
t03_slot_0_D_k5,19,7,0,1,1,0,1,0,1,0,1,0,1,0,1,0,1,0,1,0
t03_slot_0_D_k5,19,8,0,1,1,0,1,0,1,0,1,0,0,0,1,0,1,0,1,0
t03_slot_0_D_k5,19,9,0,1,1,0,1,0,1,0,1,0,0,0,1,0,1,0,1,0
t03_slot_0_D_k5,19,10,0,1,1,0,1,0,1,0,1,0,1,0,1,0,1,0,1,0
t03_slot_0_D_k5,19,11,0,1,1,0,1,0,1,0,1,0,1,0,1,0,1,0,1,0
t03_slot_0_D_k5,19,12,0,1,1,0,1,0,1,0,1,0,1,0,1,0,1,0,1,0
t03_slot_0_D_k5,19,13,0,1,1,0,1,0,1,0,1,0,1,0,1,0,1,0,1,0
t03_slot_0_D_k5,19,14,0,1,1,0,1,0,1,0,1,0,1,0,1,0,1,0,1,0
t03_slot_0_D_k5,19,15,0,1,1,0,1,0,1,0,1,0,1,0,1,0,1,0,1,0
t03_slot_0_D_k5,19,16,0,1,0,0,1,0,1,0,1,0,1,0,1,0,1,0,1,0
t03_slot_0_D_k5,19,17,0,1,1,0,1,0,1,0,1,0,1,0,1,0,1,0,1,0
t03_slot_0_D_k5,19,18,0,1,1,0,1,0,1,0,1,0,1,0,1,0,1,0,1,0
t03_slot_0_D_k5,19,19,0,1,1,0,1,0,1,0,1,0,0,0,1,0,1,0,1,0
t03_slot_0_D_k5,19,20,0,1,1,0,1,0,1,0,1,0,0,0,1,0,1,0,1,0
t03_slot_0_D_k5,19,21,0,1,1,0,1,0,1,0,1,0,1,0,1,0,1,0,1,0
t03_slot_0_D_k5,19,22,0,1,1,0,1,0,1,0,1,0,1,0,1,0,1,0,1,0
t03_slot_0_D_k5,19,23,0,1,1,0,1,0,1,0,1,0,1,0,1,0,1,0,1,0
t03_slot_0_D_k5,19,24,0,1,1,0,1,0,1,0,1,0,1,0,1,0,1,0,1,0
t03_slot_0_D_k5,19,25,0,1,0,0,1,0,1,0,1,0,1,0,1,0,1,0,1,0
t03_slot_0_D_k5,19,26,0,1,0,0,1,0,1,0,1,0,1,0,1,0,1,0,1,0
t03_slot_0_D_k5,19,27,0,1,0,0,1,0,1,0,1,0,1,0,1,0,1,0,1,0
t03_slot_0_D_k5,19,28,0,1,0,0,1,0,1,0,1,0,1,0,1,0,1,0,1,0
t03_slot_0_D_k5,19,29,0,1,1,0,1,0,1,0,1,0,1,0,1,0,1,0,1,0
t03_slot_0_D_k5,19,30,0,1,1,0,1,0,1,0,1,0,1,0,1,0,1,0,1,0
t03_slot_0_D_k5,19,31,0,1,1,0,1,0,1,0,1,0,0,0,1,0,1,0,1,0
t03_slot_0_D_k5,19,32,0,1,1,0,1,0,1,0,1,0,1,0,1,0,1,0,1,0
t03_slot_0_D_k5,19,33,0,1,1,0,1,0,1,0,1,0,1,0,1,0,1,0,1,0
t03_slot_0_D_k5,19,34,0,1,1,0,1,0,1,0,1,0,1,0,1,0,1,0,1,0
t03_slot_0_D_k5,19,35,0,1,1,0,1,0,1,0,1,0,1,0,1,0,1,0,1,0
t03_slot_0_D_k5,19,36,0,1,0,0,1,0,1,0,1,0,1,0,1,0,1,0,1,0
t03_slot_0_D_k5,19,37,0,1,1,0,1,0,0,0,1,0,1,0,1,0,1,0,1,0
t03_slot_0_D_k5,19,38,0,1,1,0,1,0,0,0,1,0,1,0,1,0,1,0,1,0
t03_slot_0_D_k5,19,39,0,1,1,0,1,0,0,0,1,0,1,0,1,0,1,0,1,0
t03_slot_0_D_k5,19,40,0,1,1,0,1,0,1,0,1,0,1,0,1,0,1,0,1,0
t03_slot_0_D_k5,19,41,0,1,1,0,1,0,1,0,1,0,1,0,1,0,1,0,1,0
t03_slot_0_D_k5,19,42,0,1,1,0,1,0,1,0,1,0,1,0,1,0,1,0,1,0
t03_slot_0_D_k5,19,43,0,1,1,0,1,0,1,0,1,0,1,0,1,0,1,0,1,0
t03_slot_0_D_k5,19,44,0,1,1,0,1,0,1,0,1,0,1,0,1,0,1,0,1,0
t03_slot_0_D_k5,19,45,0,1,1,0,1,0,1,0,1,0,1,0,1,0,1,0,1,0
t03_slot_0_D_k5,19,46,0,1,1,0,1,0,1,0,1,0,1,0,1,0,1,0,1,0
t03_slot_0_D_k5,19,47,0,1,0,0,1,0,1,0,1,0,1,0,1,0,1,0,1,0
t03_slot_0_D_k5,19,48,0,1,1,0,1,0,0,0,1,0,1,0,1,0,1,0,1,0
t03_slot_0_D_k5,19,49,0,1,1,0,1,0,1,0,1,0,1,0,1,0,1,0,1,0
t03_slot_0_D_k5,19,50,0,1,1,0,1,0,1,0,1,0,1,0,1,0,1,0,1,0
t03_slot_0_D_k5,19,51,0,1,1,0,1,0,1,0,1,0,1,0,1,0,1,0,1,0
t03_slot_0_D_k5,19,52,0,1,1,0,1,0,1,0,1,0,1,0,1,0,1,0,1,0
t03_slot_0_D_k5,19,53,0,1,1,0,1,0,1,0,1,0,1,0,1,0,1,0,1,0
t03_slot_0_D_k5,19,54,0,1,1,0,1,0,1,0,1,0,1,0,1,0,1,0,1,0
t03_slot_0_D_k5,19,55,0,1,1,0,1,0,1,0,1,0,1,0,1,0,1,0,1,0
t03_slot_0_D_k5,19,56,0,1,1,0,1,0,1,0,1,0,1,0,1,0,1,0,1,0
t03_slot_0_D_k5,19,57,0,1,1,0,1,0,1,0,1,0,1,0,1,0,1,0,1,0
t03_slot_0_D_k5,19,58,0,1,0,0,1,0,1,0,1,0,1,0,1,0,1,0,1,0
t03_slot_0_D_k5,19,59,0,1,1,0,1,0,0,0,1,0,1,0,1,0,1,0,1,0
t03_slot_0_D_k5,19,60,0,1,1,0,1,0,0,0,1,0,1,0,1,0,1,0,1,0
t03_slot_0_D_k5,19,61,0,1,1,0,1,0,0,0,1,0,1,0,1,0,1,0,1,0
t03_slot_0_D_k5,19,62,0,1,1,0,1,0,1,0,1,0,1,0,1,0,1,0,1,0
t03_slot_0_D_k5,19,63,1,1,1,0,1,0,1,0,1,0,1,0,1,0,0,0,1,0
t03_slot_0_D_k5,19,64,1,1,1,0,1,0,1,0,1,0,1,0,1,0,0,0,0,0
t03_slot_0_D_k5,19,65,1,1,1,0,1,0,1,0,1,0,1,0,1,0,0,1,1,1
t03_slot_0_D_k5,19,66,0,1,0,0,1,0,1,0,1,0,1,0,1,0,1,1,0,0
t03_slot_0_D_k5,19,67,0,1,0,0,1,0,1,0,1,0,1,0,1,0,1,1,0,0
t03_slot_0_D_k5,19,68,0,1,0,0,1,0,1,0,1,0,1,0,1,0,1,1,0,0
t03_slot_0_D_k5,19,69,0,1,0,0,1,0,1,0,1,0,1,0,1,0,1,1,0,0
t03_slot_0_D_k5,19,70,0,1,0,0,1,0,1,0,1,0,1,0,1,0,1,1,0,0
t03_slot_0_D_k5,19,71,0,1,0,0,1,0,1,0,1,0,1,0,1,0,1,1,0,0
t03_slot_0_D_k5,19,72,0,1,1,0,1,0,0,0,1,0,1,0,1,0,1,1,0,0
t03_slot_0_D_k5,19,73,0,1,1,0,1,0,1,0,1,0,1,0,1,0,1,1,0,0
t03_slot_0_D_k5,19,74,1,1,1,0,1,0,1,0,1,0,1,0,1,0,0,1,0,0
t03_slot_0_D_k5,19,75,0,1,1,0,1,0,1,0,1,0,1,0,1,0,1,1,0,0
t03_slot_0_D_k5,19,76,0,1,1,0,1,0,1,0,1,0,1,0,1,0,1,1,0,0
t03_slot_0_D_k5,19,77,0,1,0,0,1,0,1,0,1,0,1,0,1,0,1,1,0,0
t03_slot_0_D_k5,19,78,0,1,1,0,1,0,1,0,1,0,1,0,1,0,1,1,0,0
t03_slot_0_D_k5,19,79,0,1,1,0,1,0,1,0,1,0,1,0,1,0,1,1,0,0
t03_slot_0_D_k5,19,80,0,1,1,0,1,0,1,0,1,0,1,0,1,0,1,1,0,0
t03_slot_0_D_k5,19,81,0,1,1,0,1,0,0,0,1,0,1,0,1,0,1,1,0,0
t03_slot_0_D_k5,19,82,0,1,1,0,1,0,0,0,1,0,1,0,1,0,1,1,0,0
t03_slot_0_D_k5,19,83,0,1,1,0,1,0,0,0,1,0,1,0,1,0,1,1,0,0
t03_slot_0_D_k5,19,84,0,1,1,0,1,0,1,0,1,0,1,0,1,0,1,1,0,0
t03_slot_0_D_k5,19,85,1,1,1,0,1,0,1,0,1,0,1,0,1,0,0,1,0,0
t03_slot_0_D_k5,19,86,0,1,1,0,1,0,1,0,1,0,1,0,1,0,1,1,0,0
t03_slot_0_D_k5,19,87,0,1,1,0,1,0,1,0,1,0,1,0,1,0,1,1,0,0
t03_slot_0_D_k5,19,88,0,1,0,0,1,0,1,0,1,0,1,0,1,0,1,1,0,0
t03_slot_0_D_k5,19,89,0,1,1,0,1,0,1,0,1,0,1,0,1,0,1,1,0,0
t03_slot_0_D_k5,19,90,0,1,1,0,1,0,1,0,1,0,1,0,1,0,1,1,0,0
t03_slot_0_D_k5,19,91,0,1,1,0,1,0,1,0,1,0,1,0,1,0,1,1,0,0
t03_slot_0_D_k5,19,92,0,1,1,0,1,0,1,0,1,0,1,0,1,0,1,1,0,0
t03_slot_0_D_k5,19,93,0,1,1,0,1,0,1,0,1,0,1,0,1,0,1,1,0,0
t03_slot_0_D_k5,19,94,0,1,1,0,1,0,1,0,1,0,1,0,1,0,1,1,0,0
t03_slot_0_D_k5,19,95,0,1,1,0,1,0,1,0,1,0,1,0,1,0,1,1,0,0
t03_slot_0_D_k5,19,96,0,1,1,0,1,0,1,0,1,0,1,0,1,0,0,1,0,0
t03_slot_0_D_k5,19,97,0,1,1,0,1,0,1,0,1,0,1,0,1,0,1,1,0,0
t03_slot_0_D_k5,19,98,0,1,1,0,1,0,1,0,1,0,1,0,1,0,1,1,0,0
t03_slot_0_D_k5,19,99,0,1,0,0,1,0,1,0,1,0,1,0,1,0,1,1,0,0
t03_slot_0_D_k5,19,100,0,1,0,0,1,0,1,0,1,0,1,0,1,0,1,1,0,0
t03_slot_0_D_k5,19,101,0,1,1,0,1,0,1,0,1,0,1,0,1,0,1,1,0,0
t03_slot_0_D_k5,19,102,0,1,1,0,1,0,1,0,1,0,1,0,1,0,1,1,0,0
t03_slot_0_D_k5,19,103,0,1,1,0,1,0,1,0,1,0,1,0,1,0,1,1,0,0
t03_slot_0_D_k5,19,104,0,1,1,0,1,0,1,0,1,0,1,0,1,0,1,1,0,0
t03_slot_0_D_k5,19,105,0,1,1,0,1,0,1,0,1,0,1,0,1,0,1,1,0,0
t03_slot_0_D_k5,19,106,0,1,1,0,1,0,1,0,1,0,1,0,1,0,1,1,0,0
t03_slot_0_D_k5,19,107,0,1,1,0,1,0,1,0,1,0,1,0,1,0,0,1,0,0
t03_slot_0_D_k5,19,108,0,1,1,0,1,0,1,0,1,0,1,0,1,0,0,1,0,0
t03_slot_0_D_k5,19,109,0,1,1,0,1,0,1,0,1,0,1,0,1,0,0,1,0,0
t03_slot_0_D_k5,19,110,0,1,0,0,1,0,1,0,1,0,1,0,1,0,1,1,0,0
t03_slot_0_D_k5,19,111,0,1,1,0,1,0,1,0,1,0,1,0,1,0,1,1,0,0
t03_slot_0_D_k5,19,112,0,1,1,0,1,0,1,0,1,0,1,0,1,0,1,1,0,0
t03_slot_0_D_k5,19,113,0,1,1,0,1,0,1,0,1,0,1,0,1,0,1,1,0,0
t03_slot_0_D_k5,19,114,0,1,1,0,1,0,1,0,1,0,1,0,1,0,1,1,0,0
t03_slot_0_D_k5,19,115,0,1,1,0,1,0,1,0,1,0,1,0,1,0,1,1,0,0
t03_slot_0_D_k5,19,116,0,1,1,0,1,0,1,0,1,0,1,0,1,0,1,1,0,0
t03_slot_0_D_k5,19,117,0,1,1,0,1,0,1,0,1,0,1,0,1,0,1,1,0,0
t03_slot_0_D_k5,19,118,0,1,1,0,1,0,1,0,1,0,1,0,1,0,1,1,0,0
t03_slot_0_D_k5,19,119,0,1,1,0,1,0,1,0,1,0,1,0,1,0,1,1,0,0
t03_slot_0_D_k5,19,120,0,1,1,0,1,0,1,0,1,0,1,0,1,0,1,1,0,0
