mode,cyc,Q,D,A_N,B,and4_A,and4_C,inv10_A,a32o_X,or3_A,or3_X,A3,inv10_Y,nor2_Y,nor2_B,o21a,inv7_A,and4_X
all0,0,0,0,0,0,0,0,0,0,0,0,0,1,0,1,0,1,0
all0,1,0,0,0,0,0,0,0,0,0,0,0,1,0,1,0,1,0
all0,2,0,0,0,0,0,0,0,0,0,0,0,1,0,1,0,1,0
all0,3,0,0,0,0,0,0,0,0,0,0,0,1,0,1,0,1,0
all0,4,0,0,0,0,0,0,0,0,0,0,0,1,0,1,0,1,0
all0,5,0,0,0,0,0,0,0,0,0,0,0,1,0,1,0,1,0
all0,6,0,0,0,0,0,0,0,0,0,0,0,1,0,1,0,1,0
all0,7,0,0,0,0,0,0,0,0,0,0,0,1,0,1,0,1,0
all0,8,0,0,0,0,0,0,0,0,0,0,0,1,0,1,0,1,0
all0,9,0,0,0,0,0,0,0,0,0,0,0,1,0,1,0,1,0
all0,10,0,0,0,0,0,0,0,0,0,0,0,1,0,1,0,1,0
all0,11,0,0,0,0,0,0,0,0,0,0,0,1,0,1,0,1,0
all0,12,0,0,0,0,0,0,0,0,0,0,0,1,0,1,0,1,0
all0,13,0,0,0,0,0,0,0,0,0,0,0,1,0,1,0,1,0
all0,14,0,0,0,0,0,0,0,0,0,0,0,1,0,1,0,1,0
all0,15,0,0,0,0,0,0,0,0,0,0,0,1,0,1,0,1,0
all0,16,0,0,0,0,0,0,0,0,0,0,0,1,0,1,0,1,0
all0,17,0,0,0,0,0,0,0,0,0,0,0,1,0,1,0,1,0
all0,18,0,0,0,0,0,0,0,0,0,0,0,1,0,1,0,1,0
all0,19,0,0,0,0,0,0,0,0,0,0,0,1,0,1,0,1,0
all0,20,0,0,0,0,0,0,0,0,0,0,0,1,0,1,0,1,0
all0,21,0,0,0,0,0,0,0,0,0,0,0,1,0,1,0,1,0
all0,22,0,0,0,0,0,0,0,0,0,0,0,1,0,1,0,1,0
all0,23,0,0,0,0,0,0,0,0,0,0,0,1,0,1,0,1,0
all0,24,0,0,0,0,0,0,0,0,0,0,0,1,0,1,0,1,0
all0,25,0,0,0,0,0,0,0,0,0,0,0,1,0,1,0,1,0
all0,26,0,0,0,0,0,0,0,0,0,0,0,1,0,1,0,1,0
all0,27,0,0,0,0,0,0,0,0,0,0,0,1,0,1,0,1,0
all0,28,0,0,0,0,0,0,0,0,0,0,0,1,0,1,0,1,0
all0,29,0,0,0,0,0,0,0,0,0,0,0,1,0,1,0,1,0
all0,30,0,0,0,0,0,0,0,0,0,0,0,1,0,1,0,1,0
all0,31,0,0,0,0,0,0,0,0,0,0,0,1,0,1,0,1,0
all0,32,0,0,0,0,0,0,0,0,0,0,0,1,0,1,0,1,0
all0,33,0,0,0,0,0,0,0,0,0,0,0,1,0,1,0,1,0
all0,34,0,0,0,0,0,0,0,0,0,0,0,1,0,1,0,1,0
all0,35,0,0,0,0,0,0,0,0,0,0,0,1,0,1,0,1,0
all0,36,0,0,0,0,0,0,0,0,0,0,0,1,0,1,0,1,0
all0,37,0,0,0,0,0,0,0,0,0,0,0,1,0,1,0,1,0
all0,38,0,0,0,0,0,0,0,0,0,0,0,1,0,1,0,1,0
all0,39,0,0,0,0,0,0,0,0,0,0,0,1,0,1,0,1,0
all0,40,0,0,0,0,0,0,0,0,0,0,0,1,0,1,0,1,0
all0,41,0,0,0,0,0,0,0,0,0,0,0,1,0,1,0,1,0
all0,42,0,0,0,0,0,0,0,0,0,0,0,1,0,1,0,1,0
all0,43,0,0,0,0,0,0,0,0,0,0,0,1,0,1,0,1,0
all0,44,0,0,0,0,0,0,0,0,0,0,0,1,0,1,0,1,0
all0,45,0,0,0,0,0,0,0,0,0,0,0,1,0,1,0,1,0
all0,46,0,0,0,0,0,0,0,0,0,0,0,1,0,1,0,1,0
all0,47,0,0,0,0,0,0,0,0,0,0,0,1,0,1,0,1,0
all0,48,0,0,0,0,0,0,0,0,0,0,0,1,0,1,0,1,0
all0,49,0,0,0,0,0,0,0,0,0,0,0,1,0,1,0,1,0
all0,50,0,0,0,0,0,0,0,0,0,0,0,1,0,1,0,1,0
all0,51,0,0,0,0,0,0,0,0,0,0,0,1,0,1,0,1,0
all0,52,0,0,0,0,0,0,0,0,0,0,0,1,0,1,0,1,0
all0,53,0,0,0,0,0,0,0,0,0,0,0,1,0,1,0,1,0
all0,54,0,0,0,0,0,0,0,0,0,0,0,1,0,1,0,1,0
all0,55,0,0,0,0,0,0,0,0,0,0,0,1,0,1,0,1,0
all0,56,0,0,0,0,0,0,0,0,0,0,0,1,0,1,0,1,0
all0,57,0,0,0,0,0,0,0,0,0,0,0,1,0,1,0,1,0
all0,58,0,0,0,0,0,0,0,0,0,0,0,1,0,1,0,1,0
all0,59,0,0,0,0,0,0,0,0,0,0,0,1,0,1,0,1,0
all0,60,0,0,0,0,0,0,0,0,0,0,0,1,0,1,0,1,0
all0,61,0,0,0,0,0,0,0,0,0,0,0,1,0,1,0,1,0
all0,62,0,0,0,0,0,0,0,0,0,0,0,1,0,1,0,1,0
all0,63,0,0,0,0,0,0,0,0,0,0,0,1,0,1,0,1,0
all0,64,0,0,0,0,0,0,0,0,0,0,0,1,0,1,0,1,0
all0,65,0,0,0,0,0,0,0,0,0,0,0,1,0,1,0,1,0
all0,66,0,0,0,0,0,0,0,0,0,0,0,1,0,1,0,1,0
all0,67,0,0,0,0,0,0,0,0,0,0,0,1,0,1,0,1,0
all0,68,0,0,0,0,0,0,0,0,0,0,0,1,0,1,0,1,0
all0,69,0,0,0,0,0,0,0,0,0,0,0,1,0,1,0,1,0
all0,70,0,0,0,0,0,0,0,0,0,0,0,1,0,1,0,1,0
all0,71,0,0,0,0,0,0,0,0,0,0,0,1,0,1,0,1,0
all0,72,0,0,0,0,0,0,0,0,0,0,0,1,0,1,0,1,0
all0,73,0,0,0,0,0,0,0,0,0,0,0,1,0,1,0,1,0
all0,74,0,0,0,0,0,0,0,0,0,0,0,1,0,1,0,1,0
all0,75,0,0,0,0,0,0,0,0,0,0,0,1,0,1,0,1,0
all0,76,0,0,0,0,0,0,0,0,0,0,0,1,0,1,0,1,0
all0,77,0,0,0,0,0,0,0,0,0,0,0,1,0,1,0,1,0
all0,78,0,0,0,0,0,0,0,0,0,0,0,1,0,1,0,1,0
all0,79,0,0,0,0,0,0,0,0,0,0,0,1,0,1,0,1,0
all0,80,0,0,0,0,0,0,0,0,0,0,0,1,0,1,0,1,0
all0,81,0,0,0,0,0,0,0,0,0,0,0,1,0,1,0,1,0
all0,82,0,0,0,0,0,0,0,0,0,0,0,1,0,1,0,1,0
all0,83,0,0,0,0,0,0,0,0,0,0,0,1,0,1,0,1,0
all0,84,0,0,0,0,0,0,0,0,0,0,0,1,0,1,0,1,0
all0,85,0,0,0,0,0,0,0,0,0,0,0,1,0,1,0,1,0
all0,86,0,0,0,0,0,0,0,0,0,0,0,1,0,1,0,1,0
all0,87,0,0,0,0,0,0,0,0,0,0,0,1,0,1,0,1,0
all0,88,0,0,0,0,0,0,0,0,0,0,0,1,0,1,0,1,0
all0,89,0,0,0,0,0,0,0,0,0,0,0,1,0,1,0,1,0
all0,90,0,0,0,0,0,0,0,0,0,0,0,1,0,1,0,1,0
all0,91,0,0,0,0,0,0,0,0,0,0,0,1,0,1,0,1,0
all0,92,0,0,0,0,0,0,0,0,0,0,0,1,0,1,0,1,0
all0,93,0,0,0,0,0,0,0,0,0,0,0,1,0,1,0,1,0
all0,94,0,0,0,0,0,0,0,0,0,0,0,1,0,1,0,1,0
all0,95,0,0,0,0,0,0,0,0,0,0,0,1,0,1,0,1,0
all0,96,0,0,0,0,0,0,0,0,0,0,0,1,0,1,0,1,0
all0,97,0,0,0,0,0,0,0,0,0,0,0,1,0,1,0,1,0
all0,98,0,0,0,0,0,0,0,0,0,0,0,1,0,1,0,1,0
all0,99,0,0,0,0,0,0,0,0,0,0,0,1,0,1,0,1,0
all0,100,0,0,0,0,0,0,0,0,0,0,0,1,0,1,0,1,0
all0,101,0,0,0,0,0,0,0,0,0,0,0,1,0,1,0,1,0
all0,102,0,0,0,0,0,0,0,0,0,0,0,1,0,1,0,1,0
all0,103,0,0,0,0,0,0,0,0,0,0,0,1,0,1,0,1,0
all0,104,0,0,0,0,0,0,0,0,0,0,0,1,0,1,0,1,0
all0,105,0,0,0,0,0,0,0,0,0,0,0,1,0,1,0,1,0
all0,106,0,0,0,0,0,0,0,0,0,0,0,1,0,1,0,1,0
all0,107,0,0,0,0,0,0,0,0,0,0,0,1,0,1,0,1,0
all0,108,0,0,0,0,0,0,0,0,0,0,0,1,0,1,0,1,0
all0,109,0,0,0,0,0,0,0,0,0,0,0,1,0,1,0,1,0
all0,110,0,0,0,0,0,0,0,0,0,0,0,1,0,1,0,1,0
all0,111,0,0,0,0,0,0,0,0,0,0,0,1,0,1,0,1,0
all0,112,0,0,0,0,0,0,0,0,0,0,0,1,0,1,0,1,0
all0,113,0,0,0,0,0,0,0,0,0,0,0,1,0,1,0,1,0
all0,114,0,0,0,0,0,0,0,0,0,0,0,1,0,1,0,1,0
all0,115,0,0,0,0,0,0,0,0,0,0,0,1,0,1,0,1,0
all0,116,0,0,0,0,0,0,0,0,0,0,0,1,0,1,0,1,0
all0,117,0,0,0,0,0,0,0,0,0,0,0,1,0,1,0,1,0
all0,118,0,0,0,0,0,0,0,0,0,0,0,1,0,1,0,1,0
all0,119,0,0,0,0,0,0,0,0,0,0,0,1,0,1,0,1,0
all0,120,0,0,0,0,0,0,0,0,0,0,0,1,0,1,0,1,0
"I2win_r01_off1,3_d2",0,0,0,0,0,0,0,0,0,0,0,0,1,0,1,0,1,0
"I2win_r01_off1,3_d2",1,0,0,0,0,0,0,0,0,0,0,0,1,1,0,0,1,0
"I2win_r01_off1,3_d2",2,0,0,0,0,0,0,0,0,1,1,1,1,1,0,0,1,0
"I2win_r01_off1,3_d2",3,0,0,0,0,0,0,1,1,1,1,1,0,0,0,0,1,0
"I2win_r01_off1,3_d2",4,0,0,0,0,1,0,0,1,0,0,0,1,0,1,0,1,0
"I2win_r01_off1,3_d2",5,0,0,0,0,1,0,0,1,0,0,0,1,0,1,0,1,0
"I2win_r01_off1,3_d2",6,0,0,0,0,1,0,0,1,0,0,0,1,0,1,0,1,0
"I2win_r01_off1,3_d2",7,0,0,0,0,1,0,0,1,0,0,0,1,0,1,0,1,0
"I2win_r01_off1,3_d2",8,0,0,0,0,1,0,0,1,0,0,0,1,0,1,0,1,0
"I2win_r01_off1,3_d2",9,0,0,0,0,1,0,0,1,0,0,0,1,0,1,0,1,0
"I2win_r01_off1,3_d2",10,0,0,0,0,1,0,0,1,0,0,0,1,0,1,0,1,0
"I2win_r01_off1,3_d2",11,0,0,0,0,1,0,0,1,0,0,0,1,0,1,0,1,0
"I2win_r01_off1,3_d2",12,0,0,0,0,1,0,0,1,0,0,0,1,1,0,0,1,0
"I2win_r01_off1,3_d2",13,0,0,0,0,1,0,0,1,1,1,0,1,1,0,0,1,0
"I2win_r01_off1,3_d2",14,0,1,0,1,1,0,1,0,1,1,0,0,0,0,0,1,0
"I2win_r01_off1,3_d2",15,1,1,0,1,0,0,0,0,0,0,0,1,0,1,0,1,0
"I2win_r01_off1,3_d2",16,1,1,0,1,0,0,0,0,0,0,0,1,0,1,0,1,0
"I2win_r01_off1,3_d2",17,1,1,0,1,0,0,0,0,0,0,0,1,0,1,0,1,0
"I2win_r01_off1,3_d2",18,1,1,0,1,0,0,0,0,0,0,0,1,0,1,0,1,0
"I2win_r01_off1,3_d2",19,1,1,0,1,0,0,0,0,0,0,0,1,0,1,0,1,0
"I2win_r01_off1,3_d2",20,1,1,0,1,0,0,0,0,0,0,0,1,0,1,0,1,0
"I2win_r01_off1,3_d2",21,1,1,0,1,0,0,0,0,0,0,0,1,0,1,0,1,0
"I2win_r01_off1,3_d2",22,1,1,0,1,0,0,0,0,0,0,0,1,0,1,0,1,0
"I2win_r01_off1,3_d2",23,1,1,0,1,0,0,0,0,0,0,0,1,1,0,0,1,0
"I2win_r01_off1,3_d2",24,1,1,0,1,0,0,0,0,1,1,1,1,1,0,0,1,0
"I2win_r01_off1,3_d2",25,1,1,0,1,0,0,1,1,1,1,1,0,0,0,0,1,0
"I2win_r01_off1,3_d2",26,1,1,0,1,1,0,0,1,0,0,0,1,0,1,0,1,0
"I2win_r01_off1,3_d2",27,1,1,0,1,1,0,0,1,0,0,0,1,0,1,0,1,0
"I2win_r01_off1,3_d2",28,1,1,0,1,1,0,0,1,0,0,0,1,0,1,0,1,0
"I2win_r01_off1,3_d2",29,1,1,0,1,1,0,0,1,0,0,0,1,0,1,0,1,0
"I2win_r01_off1,3_d2",30,1,1,0,1,1,0,0,1,0,0,0,1,0,1,0,1,0
"I2win_r01_off1,3_d2",31,1,1,0,1,1,0,0,1,0,0,0,1,0,1,0,1,0
"I2win_r01_off1,3_d2",32,1,1,0,1,1,0,0,1,0,0,0,1,0,1,0,1,0
"I2win_r01_off1,3_d2",33,1,1,0,1,1,0,0,1,0,0,0,1,0,1,0,1,0
"I2win_r01_off1,3_d2",34,1,1,0,1,1,0,0,1,0,0,0,1,1,0,0,1,0
"I2win_r01_off1,3_d2",35,1,1,0,1,1,0,0,1,1,1,0,1,1,0,0,1,0
"I2win_r01_off1,3_d2",36,1,0,1,1,1,0,1,0,1,1,0,0,0,0,1,1,0
"I2win_r01_off1,3_d2",37,0,0,0,0,0,0,0,0,0,1,0,1,0,1,1,1,0
"I2win_r01_off1,3_d2",38,0,0,0,0,0,0,0,0,0,1,0,1,0,1,1,1,0
"I2win_r01_off1,3_d2",39,0,0,0,0,0,0,0,0,0,1,0,1,0,1,1,1,0
"I2win_r01_off1,3_d2",40,0,0,0,0,0,0,0,0,0,1,0,1,0,1,1,1,0
"I2win_r01_off1,3_d2",41,0,0,0,0,0,0,0,0,0,1,0,1,0,1,1,1,0
"I2win_r01_off1,3_d2",42,0,0,0,0,0,0,0,0,0,1,0,1,0,1,1,1,0
"I2win_r01_off1,3_d2",43,0,0,0,0,0,0,0,0,0,1,0,1,0,1,1,1,0
"I2win_r01_off1,3_d2",44,0,0,0,0,0,0,0,0,0,1,0,1,0,1,1,1,0
"I2win_r01_off1,3_d2",45,0,0,0,0,0,0,0,0,0,1,0,1,1,0,1,1,0
"I2win_r01_off1,3_d2",46,0,0,0,0,0,0,0,0,1,1,1,1,1,0,1,1,0
"I2win_r01_off1,3_d2",47,0,0,0,0,0,0,1,1,1,1,1,0,0,0,1,1,0
"I2win_r01_off1,3_d2",48,0,0,0,0,1,0,0,1,0,1,0,1,0,1,1,1,0
"I2win_r01_off1,3_d2",49,0,0,0,0,1,0,0,1,0,1,0,1,0,1,1,1,0
"I2win_r01_off1,3_d2",50,0,0,0,0,1,0,0,1,0,1,0,1,0,1,1,1,0
"I2win_r01_off1,3_d2",51,0,0,0,0,1,0,0,1,0,1,0,1,0,1,1,1,0
"I2win_r01_off1,3_d2",52,0,0,0,0,1,0,0,1,0,1,0,1,0,1,1,1,0
"I2win_r01_off1,3_d2",53,0,0,0,0,1,0,0,1,0,1,0,1,0,1,1,1,0
"I2win_r01_off1,3_d2",54,0,0,0,0,1,0,0,1,0,1,0,1,0,1,1,1,0
"I2win_r01_off1,3_d2",55,0,0,0,0,1,0,0,1,0,1,0,1,0,1,1,1,0
"I2win_r01_off1,3_d2",56,0,0,0,0,1,0,0,1,0,1,0,1,1,0,1,1,0
"I2win_r01_off1,3_d2",57,0,0,0,0,1,0,0,1,1,1,0,1,1,0,1,1,0
"I2win_r01_off1,3_d2",58,0,1,0,1,1,0,1,0,1,1,0,0,0,0,1,1,0
"I2win_r01_off1,3_d2",59,1,1,0,1,0,0,0,0,0,1,0,1,0,1,1,1,0
"I2win_r01_off1,3_d2",60,1,1,0,1,0,0,0,0,0,1,0,1,0,1,1,1,0
"I2win_r01_off1,3_d2",61,1,1,0,1,0,0,0,0,0,1,0,1,0,1,1,1,0
"I2win_r01_off1,3_d2",62,1,1,0,1,0,0,0,0,0,1,0,1,0,1,1,1,0
"I2win_r01_off1,3_d2",63,1,1,0,1,0,0,0,0,0,1,0,1,0,1,1,1,0
"I2win_r01_off1,3_d2",64,1,1,0,1,0,0,0,0,0,1,0,1,0,1,1,1,0
"I2win_r01_off1,3_d2",65,1,1,0,1,0,0,0,0,0,1,0,1,0,1,1,1,0
"I2win_r01_off1,3_d2",66,1,1,0,1,0,0,0,0,0,1,0,1,0,1,1,1,0
"I2win_r01_off1,3_d2",67,1,1,0,1,0,0,0,0,0,1,0,1,1,0,1,1,0
"I2win_r01_off1,3_d2",68,1,1,0,1,0,0,0,0,1,1,1,1,1,0,1,1,0
"I2win_r01_off1,3_d2",69,1,1,0,1,0,0,1,1,1,1,1,0,0,0,1,1,0
"I2win_r01_off1,3_d2",70,1,1,0,1,1,0,0,1,0,1,0,1,0,1,1,1,0
"I2win_r01_off1,3_d2",71,1,1,0,1,1,0,0,1,0,1,0,1,0,1,1,1,0
"I2win_r01_off1,3_d2",72,1,1,0,1,1,0,0,1,0,1,0,1,0,1,1,1,0
"I2win_r01_off1,3_d2",73,1,1,0,1,1,0,0,1,0,1,0,1,0,1,1,1,0
"I2win_r01_off1,3_d2",74,1,1,0,1,1,0,0,1,0,1,0,1,0,1,1,1,0
"I2win_r01_off1,3_d2",75,1,1,0,1,1,0,0,1,0,1,0,1,0,1,1,1,0
"I2win_r01_off1,3_d2",76,1,1,0,1,1,0,0,1,0,1,0,1,0,1,1,1,0
"I2win_r01_off1,3_d2",77,1,1,0,1,1,0,0,1,0,1,0,1,0,1,1,1,0
"I2win_r01_off1,3_d2",78,1,1,0,1,1,0,0,1,0,1,0,1,1,0,1,1,0
"I2win_r01_off1,3_d2",79,1,1,0,1,1,0,0,1,1,1,0,1,1,0,1,1,0
"I2win_r01_off1,3_d2",80,1,0,1,1,1,0,1,0,1,1,0,0,0,0,0,1,0
"I2win_r01_off1,3_d2",81,0,0,0,0,0,1,0,0,0,0,0,1,0,1,0,1,0
"I2win_r01_off1,3_d2",82,0,0,0,0,0,1,0,0,0,0,0,1,0,1,0,1,0
"I2win_r01_off1,3_d2",83,0,0,0,0,0,1,0,0,0,0,0,1,0,1,0,1,0
"I2win_r01_off1,3_d2",84,0,0,0,0,0,1,0,0,0,0,0,1,0,1,0,1,0
"I2win_r01_off1,3_d2",85,0,0,0,0,0,1,0,0,0,0,0,1,0,1,0,1,0
"I2win_r01_off1,3_d2",86,0,0,0,0,0,1,0,0,0,0,0,1,0,1,0,1,0
"I2win_r01_off1,3_d2",87,0,0,0,0,0,1,0,0,0,0,0,1,0,1,0,1,0
"I2win_r01_off1,3_d2",88,0,0,0,0,0,1,0,0,0,0,0,1,0,1,0,1,0
"I2win_r01_off1,3_d2",89,0,0,0,0,0,1,0,0,0,0,0,1,1,0,0,1,0
"I2win_r01_off1,3_d2",90,0,0,0,0,0,1,0,0,1,1,1,1,1,0,0,1,0
"I2win_r01_off1,3_d2",91,0,0,0,0,0,1,1,1,1,1,1,0,0,0,0,1,0
"I2win_r01_off1,3_d2",92,0,0,0,0,1,1,0,1,0,0,0,1,0,1,0,1,0
"I2win_r01_off1,3_d2",93,0,0,0,0,1,1,0,1,0,0,0,1,0,1,0,1,0
"I2win_r01_off1,3_d2",94,0,0,0,0,1,1,0,1,0,0,0,1,0,1,0,1,0
"I2win_r01_off1,3_d2",95,0,0,0,0,1,1,0,1,0,0,0,1,0,1,0,1,0
"I2win_r01_off1,3_d2",96,0,0,0,0,1,1,0,1,0,0,0,1,0,1,0,1,0
"I2win_r01_off1,3_d2",97,0,0,0,0,1,1,0,1,0,0,0,1,0,1,0,1,0
"I2win_r01_off1,3_d2",98,0,0,0,0,1,1,0,1,0,0,0,1,0,1,0,1,0
"I2win_r01_off1,3_d2",99,0,0,0,0,1,1,0,1,0,0,0,1,0,1,0,1,0
"I2win_r01_off1,3_d2",100,0,0,0,0,1,1,0,1,0,0,0,1,1,0,0,1,0
"I2win_r01_off1,3_d2",101,0,0,0,0,1,1,0,1,1,1,0,1,1,0,0,1,0
"I2win_r01_off1,3_d2",102,0,1,0,1,1,1,1,0,1,1,0,0,0,0,0,1,0
"I2win_r01_off1,3_d2",103,1,1,0,1,0,1,0,0,0,0,0,1,0,1,0,1,0
"I2win_r01_off1,3_d2",104,1,1,0,1,0,1,0,0,0,0,0,1,0,1,0,1,0
"I2win_r01_off1,3_d2",105,1,1,0,1,0,1,0,0,0,0,0,1,0,1,0,1,0
"I2win_r01_off1,3_d2",106,1,1,0,1,0,1,0,0,0,0,0,1,0,1,0,1,0
"I2win_r01_off1,3_d2",107,1,1,0,1,0,1,0,0,0,0,0,1,0,1,0,1,0
"I2win_r01_off1,3_d2",108,1,1,0,1,0,1,0,0,0,0,0,1,0,1,0,1,0
"I2win_r01_off1,3_d2",109,1,1,0,1,0,1,0,0,0,0,0,1,0,1,0,1,0
"I2win_r01_off1,3_d2",110,1,1,0,1,0,1,0,0,0,0,0,1,0,1,0,1,0
"I2win_r01_off1,3_d2",111,1,1,0,1,0,1,0,0,0,0,0,1,1,0,0,1,0
"I2win_r01_off1,3_d2",112,1,1,0,1,0,1,0,0,1,1,1,1,1,0,0,1,0
"I2win_r01_off1,3_d2",113,1,1,0,1,0,1,1,1,1,1,1,0,0,0,0,1,0
"I2win_r01_off1,3_d2",114,1,1,0,1,1,1,0,1,0,0,0,1,0,1,0,1,1
"I2win_r01_off1,3_d2",115,1,1,0,1,1,1,0,1,0,0,0,1,0,1,0,1,1
"I2win_r01_off1,3_d2",116,1,1,0,1,1,1,0,1,0,0,0,1,0,1,0,1,1
"I2win_r01_off1,3_d2",117,1,1,0,1,1,1,0,1,0,0,0,1,0,1,0,1,1
"I2win_r01_off1,3_d2",118,1,1,0,1,1,1,0,1,0,0,0,1,0,1,0,1,1
"I2win_r01_off1,3_d2",119,1,1,0,1,1,1,0,1,0,0,0,1,0,1,0,1,1
"I2win_r01_off1,3_d2",120,1,1,0,1,1,1,0,1,0,0,0,1,0,1,0,1,1
"I2win_r02_off4,6_d2",0,0,0,0,0,0,0,0,0,0,0,0,1,0,1,0,1,0
"I2win_r02_off4,6_d2",1,0,0,0,0,0,0,0,0,0,0,0,1,0,1,0,1,0
"I2win_r02_off4,6_d2",2,0,0,0,0,0,0,0,0,0,0,0,1,0,1,0,1,0
"I2win_r02_off4,6_d2",3,0,0,0,0,0,0,0,0,0,0,0,1,0,1,0,1,0
"I2win_r02_off4,6_d2",4,0,0,0,0,0,0,0,0,0,0,0,1,1,0,0,1,0
"I2win_r02_off4,6_d2",5,0,0,0,0,0,0,0,0,1,1,1,1,1,0,0,1,0
"I2win_r02_off4,6_d2",6,0,0,0,0,0,0,1,1,1,1,1,0,0,0,0,1,0
"I2win_r02_off4,6_d2",7,0,0,0,0,1,0,0,1,0,0,0,1,0,1,0,1,0
"I2win_r02_off4,6_d2",8,0,0,0,0,1,0,0,1,0,0,0,1,0,1,0,1,0
"I2win_r02_off4,6_d2",9,0,0,0,0,1,0,0,1,0,0,0,1,0,1,0,1,0
"I2win_r02_off4,6_d2",10,0,0,0,0,1,0,0,1,0,0,0,1,0,1,0,1,0
"I2win_r02_off4,6_d2",11,0,0,0,0,1,0,0,1,0,0,0,1,0,1,0,1,0
"I2win_r02_off4,6_d2",12,0,0,0,0,1,0,0,1,0,0,0,1,0,1,0,1,0
"I2win_r02_off4,6_d2",13,0,0,0,0,1,0,0,1,0,0,0,1,0,1,0,1,0
"I2win_r02_off4,6_d2",14,0,0,0,0,1,0,0,1,0,0,0,1,0,1,0,1,0
"I2win_r02_off4,6_d2",15,0,0,0,0,1,0,0,1,0,0,0,1,1,0,0,1,0
"I2win_r02_off4,6_d2",16,0,0,0,0,1,0,0,1,1,1,0,1,1,0,0,1,0
"I2win_r02_off4,6_d2",17,0,1,0,1,1,0,1,0,1,1,0,0,0,0,0,1,0
"I2win_r02_off4,6_d2",18,1,1,0,1,0,0,0,0,0,0,0,1,0,1,0,1,0
"I2win_r02_off4,6_d2",19,1,1,0,1,0,0,0,0,0,0,0,1,0,1,0,1,0
"I2win_r02_off4,6_d2",20,1,1,0,1,0,0,0,0,0,0,0,1,0,1,0,1,0
"I2win_r02_off4,6_d2",21,1,1,0,1,0,0,0,0,0,0,0,1,0,1,0,1,0
"I2win_r02_off4,6_d2",22,1,1,0,1,0,0,0,0,0,0,0,1,0,1,0,1,0
"I2win_r02_off4,6_d2",23,1,1,0,1,0,0,0,0,0,0,0,1,0,1,0,1,0
"I2win_r02_off4,6_d2",24,1,1,0,1,0,0,0,0,0,0,0,1,0,1,0,1,0
"I2win_r02_off4,6_d2",25,1,1,0,1,0,0,0,0,0,0,0,1,0,1,0,1,0
"I2win_r02_off4,6_d2",26,1,1,0,1,0,0,0,0,0,0,0,1,1,0,0,1,0
"I2win_r02_off4,6_d2",27,1,1,0,1,0,0,0,0,1,1,1,1,1,0,0,1,0
"I2win_r02_off4,6_d2",28,1,1,0,1,0,0,1,1,1,1,1,0,0,0,0,1,0
"I2win_r02_off4,6_d2",29,1,1,0,1,1,0,0,1,0,0,0,1,0,1,0,1,0
"I2win_r02_off4,6_d2",30,1,1,0,1,1,0,0,1,0,0,0,1,0,1,0,1,0
"I2win_r02_off4,6_d2",31,1,1,0,1,1,0,0,1,0,0,0,1,0,1,0,1,0
"I2win_r02_off4,6_d2",32,1,1,0,1,1,0,0,1,0,0,0,1,0,1,0,1,0
"I2win_r02_off4,6_d2",33,1,1,0,1,1,0,0,1,0,0,0,1,0,1,0,1,0
"I2win_r02_off4,6_d2",34,1,1,0,1,1,0,0,1,0,0,0,1,0,1,0,1,0
"I2win_r02_off4,6_d2",35,1,1,0,1,1,0,0,1,0,0,0,1,0,1,0,1,0
"I2win_r02_off4,6_d2",36,1,1,0,1,1,0,0,1,0,0,0,1,0,1,0,1,0
"I2win_r02_off4,6_d2",37,1,1,0,1,1,0,0,1,0,0,0,1,1,0,0,1,0
"I2win_r02_off4,6_d2",38,1,1,0,1,1,0,0,1,1,1,0,1,1,0,0,1,0
"I2win_r02_off4,6_d2",39,1,0,1,1,1,0,1,0,1,1,0,0,0,0,1,1,0
"I2win_r02_off4,6_d2",40,0,0,0,0,0,0,0,0,0,1,0,1,0,1,1,1,0
"I2win_r02_off4,6_d2",41,0,0,0,0,0,0,0,0,0,1,0,1,0,1,1,1,0
"I2win_r02_off4,6_d2",42,0,0,0,0,0,0,0,0,0,1,0,1,0,1,1,1,0
"I2win_r02_off4,6_d2",43,0,0,0,0,0,0,0,0,0,1,0,1,0,1,1,1,0
"I2win_r02_off4,6_d2",44,0,0,0,0,0,0,0,0,0,1,0,1,0,1,1,1,0
"I2win_r02_off4,6_d2",45,0,0,0,0,0,0,0,0,0,1,0,1,0,1,1,1,0
"I2win_r02_off4,6_d2",46,0,0,0,0,0,0,0,0,0,1,0,1,0,1,1,1,0
"I2win_r02_off4,6_d2",47,0,0,0,0,0,0,0,0,0,1,0,1,0,1,1,1,0
"I2win_r02_off4,6_d2",48,0,0,0,0,0,0,0,0,0,1,0,1,1,0,1,1,0
"I2win_r02_off4,6_d2",49,0,0,0,0,0,0,0,0,1,1,1,1,1,0,1,1,0
"I2win_r02_off4,6_d2",50,0,0,0,0,0,0,1,1,1,1,1,0,0,0,1,1,0
"I2win_r02_off4,6_d2",51,0,0,0,0,1,0,0,1,0,1,0,1,0,1,1,1,0
"I2win_r02_off4,6_d2",52,0,0,0,0,1,0,0,1,0,1,0,1,0,1,1,1,0
"I2win_r02_off4,6_d2",53,0,0,0,0,1,0,0,1,0,1,0,1,0,1,1,1,0
"I2win_r02_off4,6_d2",54,0,0,0,0,1,0,0,1,0,1,0,1,0,1,1,1,0
"I2win_r02_off4,6_d2",55,0,0,0,0,1,0,0,1,0,1,0,1,0,1,1,1,0
"I2win_r02_off4,6_d2",56,0,0,0,0,1,0,0,1,0,1,0,1,0,1,1,1,0
"I2win_r02_off4,6_d2",57,0,0,0,0,1,0,0,1,0,1,0,1,0,1,1,1,0
"I2win_r02_off4,6_d2",58,0,0,0,0,1,0,0,1,0,1,0,1,0,1,1,1,0
"I2win_r02_off4,6_d2",59,0,0,0,0,1,0,0,1,0,1,0,1,1,0,1,1,0
"I2win_r02_off4,6_d2",60,0,0,0,0,1,0,0,1,1,1,0,1,1,0,1,1,0
"I2win_r02_off4,6_d2",61,0,1,0,1,1,0,1,0,1,1,0,0,0,0,1,1,0
"I2win_r02_off4,6_d2",62,1,1,0,1,0,0,0,0,0,1,0,1,0,1,1,1,0
"I2win_r02_off4,6_d2",63,1,1,0,1,0,0,0,0,0,1,0,1,0,1,1,1,0
"I2win_r02_off4,6_d2",64,1,1,0,1,0,0,0,0,0,1,0,1,0,1,1,1,0
"I2win_r02_off4,6_d2",65,1,1,0,1,0,0,0,0,0,1,0,1,0,1,1,1,0
"I2win_r02_off4,6_d2",66,1,1,0,1,0,0,0,0,0,1,0,1,0,1,1,1,0
"I2win_r02_off4,6_d2",67,1,1,0,1,0,0,0,0,0,1,0,1,0,1,1,1,0
"I2win_r02_off4,6_d2",68,1,1,0,1,0,0,0,0,0,1,0,1,0,1,1,1,0
"I2win_r02_off4,6_d2",69,1,1,0,1,0,0,0,0,0,1,0,1,0,1,1,1,0
"I2win_r02_off4,6_d2",70,1,1,0,1,0,0,0,0,0,1,0,1,1,0,1,1,0
"I2win_r02_off4,6_d2",71,1,1,0,1,0,0,0,0,1,1,1,1,1,0,1,1,0
"I2win_r02_off4,6_d2",72,1,1,0,1,0,0,1,1,1,1,1,0,0,0,1,1,0
"I2win_r02_off4,6_d2",73,1,1,0,1,1,0,0,1,0,1,0,1,0,1,1,1,0
"I2win_r02_off4,6_d2",74,1,1,0,1,1,0,0,1,0,1,0,1,0,1,1,1,0
"I2win_r02_off4,6_d2",75,1,1,0,1,1,0,0,1,0,1,0,1,0,1,1,1,0
"I2win_r02_off4,6_d2",76,1,1,0,1,1,0,0,1,0,1,0,1,0,1,1,1,0
"I2win_r02_off4,6_d2",77,1,1,0,1,1,0,0,1,0,1,0,1,0,1,1,1,0
"I2win_r02_off4,6_d2",78,1,1,0,1,1,0,0,1,0,1,0,1,0,1,1,1,0
"I2win_r02_off4,6_d2",79,1,1,0,1,1,0,0,1,0,1,0,1,0,1,1,1,0
"I2win_r02_off4,6_d2",80,1,1,0,1,1,0,0,1,0,1,0,1,0,1,1,1,0
"I2win_r02_off4,6_d2",81,1,1,0,1,1,0,0,1,0,1,0,1,1,0,1,1,0
"I2win_r02_off4,6_d2",82,1,1,0,1,1,0,0,1,1,1,0,1,1,0,1,1,0
"I2win_r02_off4,6_d2",83,1,0,1,1,1,0,1,0,1,1,0,0,0,0,0,1,0
"I2win_r02_off4,6_d2",84,0,0,0,0,0,1,0,0,0,0,0,1,0,1,0,1,0
"I2win_r02_off4,6_d2",85,0,0,0,0,0,1,0,0,0,0,0,1,0,1,0,1,0
"I2win_r02_off4,6_d2",86,0,0,0,0,0,1,0,0,0,0,0,1,0,1,0,1,0
"I2win_r02_off4,6_d2",87,0,0,0,0,0,1,0,0,0,0,0,1,0,1,0,1,0
"I2win_r02_off4,6_d2",88,0,0,0,0,0,1,0,0,0,0,0,1,0,1,0,1,0
"I2win_r02_off4,6_d2",89,0,0,0,0,0,1,0,0,0,0,0,1,0,1,0,1,0
"I2win_r02_off4,6_d2",90,0,0,0,0,0,1,0,0,0,0,0,1,0,1,0,1,0
"I2win_r02_off4,6_d2",91,0,0,0,0,0,1,0,0,0,0,0,1,0,1,0,1,0
"I2win_r02_off4,6_d2",92,0,0,0,0,0,1,0,0,0,0,0,1,1,0,0,1,0
"I2win_r02_off4,6_d2",93,0,0,0,0,0,1,0,0,1,1,1,1,1,0,0,1,0
"I2win_r02_off4,6_d2",94,0,0,0,0,0,1,1,1,1,1,1,0,0,0,0,1,0
"I2win_r02_off4,6_d2",95,0,0,0,0,1,1,0,1,0,0,0,1,0,1,0,1,0
"I2win_r02_off4,6_d2",96,0,0,0,0,1,1,0,1,0,0,0,1,0,1,0,1,0
"I2win_r02_off4,6_d2",97,0,0,0,0,1,1,0,1,0,0,0,1,0,1,0,1,0
"I2win_r02_off4,6_d2",98,0,0,0,0,1,1,0,1,0,0,0,1,0,1,0,1,0
"I2win_r02_off4,6_d2",99,0,0,0,0,1,1,0,1,0,0,0,1,0,1,0,1,0
"I2win_r02_off4,6_d2",100,0,0,0,0,1,1,0,1,0,0,0,1,0,1,0,1,0
"I2win_r02_off4,6_d2",101,0,0,0,0,1,1,0,1,0,0,0,1,0,1,0,1,0
"I2win_r02_off4,6_d2",102,0,0,0,0,1,1,0,1,0,0,0,1,0,1,0,1,0
"I2win_r02_off4,6_d2",103,0,0,0,0,1,1,0,1,0,0,0,1,1,0,0,1,0
"I2win_r02_off4,6_d2",104,0,0,0,0,1,1,0,1,1,1,0,1,1,0,0,1,0
"I2win_r02_off4,6_d2",105,0,1,0,1,1,1,1,0,1,1,0,0,0,0,0,1,0
"I2win_r02_off4,6_d2",106,1,1,0,1,0,1,0,0,0,0,0,1,0,1,0,1,0
"I2win_r02_off4,6_d2",107,1,1,0,1,0,1,0,0,0,0,0,1,0,1,0,1,0
"I2win_r02_off4,6_d2",108,1,1,0,1,0,1,0,0,0,0,0,1,0,1,0,1,0
"I2win_r02_off4,6_d2",109,1,1,0,1,0,1,0,0,0,0,0,1,0,1,0,1,0
"I2win_r02_off4,6_d2",110,1,1,0,1,0,1,0,0,0,0,0,1,0,1,0,1,0
"I2win_r02_off4,6_d2",111,1,1,0,1,0,1,0,0,0,0,0,1,0,1,0,1,0
"I2win_r02_off4,6_d2",112,1,1,0,1,0,1,0,0,0,0,0,1,0,1,0,1,0
"I2win_r02_off4,6_d2",113,1,1,0,1,0,1,0,0,0,0,0,1,0,1,0,1,0
"I2win_r02_off4,6_d2",114,1,1,0,1,0,1,0,0,0,0,0,1,1,0,0,1,0
"I2win_r02_off4,6_d2",115,1,1,0,1,0,1,0,0,1,1,1,1,1,0,0,1,0
"I2win_r02_off4,6_d2",116,1,1,0,1,0,1,1,1,1,1,1,0,0,0,0,1,0
"I2win_r02_off4,6_d2",117,1,1,0,1,1,1,0,1,0,0,0,1,0,1,0,1,1
"I2win_r02_off4,6_d2",118,1,1,0,1,1,1,0,1,0,0,0,1,0,1,0,1,1
"I2win_r02_off4,6_d2",119,1,1,0,1,1,1,0,1,0,0,0,1,0,1,0,1,1
"I2win_r02_off4,6_d2",120,1,1,0,1,1,1,0,1,0,0,0,1,0,1,0,1,1
"I2win_r03_off3,8_d5",0,0,0,0,0,0,0,0,0,0,0,0,1,0,1,0,1,0
"I2win_r03_off3,8_d5",1,0,0,0,0,0,0,0,0,0,0,0,1,0,1,0,1,0
"I2win_r03_off3,8_d5",2,0,0,0,0,0,0,0,0,0,0,0,1,0,1,0,1,0
"I2win_r03_off3,8_d5",3,0,0,0,0,0,0,0,0,0,0,0,1,1,0,0,1,0
"I2win_r03_off3,8_d5",4,0,0,0,0,0,0,0,0,1,1,1,1,1,0,0,1,0
"I2win_r03_off3,8_d5",5,0,0,0,0,0,0,0,0,1,1,1,1,1,0,0,1,0
"I2win_r03_off3,8_d5",6,0,0,0,0,0,0,0,0,1,1,1,1,1,0,0,1,0
"I2win_r03_off3,8_d5",7,0,0,0,0,0,0,0,0,1,1,1,1,1,0,0,1,0
"I2win_r03_off3,8_d5",8,0,0,0,0,0,0,1,1,1,1,1,0,0,0,0,1,0
"I2win_r03_off3,8_d5",9,0,0,0,0,1,0,0,1,0,0,0,1,0,1,0,1,0
"I2win_r03_off3,8_d5",10,0,0,0,0,1,0,0,1,0,0,0,1,0,1,0,1,0
"I2win_r03_off3,8_d5",11,0,0,0,0,1,0,0,1,0,0,0,1,0,1,0,1,0
"I2win_r03_off3,8_d5",12,0,0,0,0,1,0,0,1,0,0,0,1,0,1,0,1,0
"I2win_r03_off3,8_d5",13,0,0,0,0,1,0,0,1,0,0,0,1,0,1,0,1,0
"I2win_r03_off3,8_d5",14,0,0,0,0,1,0,0,1,0,0,0,1,1,0,0,1,0
"I2win_r03_off3,8_d5",15,0,0,0,0,1,0,0,1,1,1,0,1,1,0,0,1,0
"I2win_r03_off3,8_d5",16,0,0,0,0,1,0,0,1,1,1,0,1,1,0,0,1,0
"I2win_r03_off3,8_d5",17,0,0,0,0,1,0,0,1,1,1,0,1,1,0,0,1,0
"I2win_r03_off3,8_d5",18,0,0,0,0,1,0,0,1,1,1,0,1,1,0,0,1,0
"I2win_r03_off3,8_d5",19,0,1,0,1,1,0,1,0,1,1,0,0,0,0,0,1,0
"I2win_r03_off3,8_d5",20,1,1,0,1,0,0,0,0,0,0,0,1,0,1,0,1,0
"I2win_r03_off3,8_d5",21,1,1,0,1,0,0,0,0,0,0,0,1,0,1,0,1,0
"I2win_r03_off3,8_d5",22,1,1,0,1,0,0,0,0,0,0,0,1,0,1,0,1,0
"I2win_r03_off3,8_d5",23,1,1,0,1,0,0,0,0,0,0,0,1,0,1,0,1,0
"I2win_r03_off3,8_d5",24,1,1,0,1,0,0,0,0,0,0,0,1,0,1,0,1,0
"I2win_r03_off3,8_d5",25,1,1,0,1,0,0,0,0,0,0,0,1,1,0,0,1,0
"I2win_r03_off3,8_d5",26,1,1,0,1,0,0,0,0,1,1,1,1,1,0,0,1,0
"I2win_r03_off3,8_d5",27,1,1,0,1,0,0,0,0,1,1,1,1,1,0,0,1,0
"I2win_r03_off3,8_d5",28,1,1,0,1,0,0,0,0,1,1,1,1,1,0,0,1,0
"I2win_r03_off3,8_d5",29,1,1,0,1,0,0,0,0,1,1,1,1,1,0,0,1,0
"I2win_r03_off3,8_d5",30,1,1,0,1,0,0,1,1,1,1,1,0,0,0,0,1,0
"I2win_r03_off3,8_d5",31,1,1,0,1,1,0,0,1,0,0,0,1,0,1,0,1,0
"I2win_r03_off3,8_d5",32,1,1,0,1,1,0,0,1,0,0,0,1,0,1,0,1,0
"I2win_r03_off3,8_d5",33,1,1,0,1,1,0,0,1,0,0,0,1,0,1,0,1,0
"I2win_r03_off3,8_d5",34,1,1,0,1,1,0,0,1,0,0,0,1,0,1,0,1,0
"I2win_r03_off3,8_d5",35,1,1,0,1,1,0,0,1,0,0,0,1,0,1,0,1,0
"I2win_r03_off3,8_d5",36,1,1,0,1,1,0,0,1,0,0,0,1,1,0,0,1,0
"I2win_r03_off3,8_d5",37,1,1,0,1,1,0,0,1,1,1,0,1,1,0,0,1,0
"I2win_r03_off3,8_d5",38,1,1,0,1,1,0,0,1,1,1,0,1,1,0,0,1,0
"I2win_r03_off3,8_d5",39,1,1,0,1,1,0,0,1,1,1,0,1,1,0,0,1,0
"I2win_r03_off3,8_d5",40,1,1,0,1,1,0,0,1,1,1,0,1,1,0,0,1,0
"I2win_r03_off3,8_d5",41,1,0,1,1,1,0,1,0,1,1,0,0,0,0,1,1,0
"I2win_r03_off3,8_d5",42,0,0,0,0,0,0,0,0,0,1,0,1,0,1,1,1,0
"I2win_r03_off3,8_d5",43,0,0,0,0,0,0,0,0,0,1,0,1,0,1,1,1,0
"I2win_r03_off3,8_d5",44,0,0,0,0,0,0,0,0,0,1,0,1,0,1,1,1,0
"I2win_r03_off3,8_d5",45,0,0,0,0,0,0,0,0,0,1,0,1,0,1,1,1,0
"I2win_r03_off3,8_d5",46,0,0,0,0,0,0,0,0,0,1,0,1,0,1,1,1,0
"I2win_r03_off3,8_d5",47,0,0,0,0,0,0,0,0,0,1,0,1,1,0,1,1,0
"I2win_r03_off3,8_d5",48,0,0,0,0,0,0,0,0,1,1,1,1,1,0,1,1,0
"I2win_r03_off3,8_d5",49,0,0,0,0,0,0,0,0,1,1,1,1,1,0,1,1,0
"I2win_r03_off3,8_d5",50,0,0,0,0,0,0,0,0,1,1,1,1,1,0,1,1,0
"I2win_r03_off3,8_d5",51,0,0,0,0,0,0,0,0,1,1,1,1,1,0,1,1,0
"I2win_r03_off3,8_d5",52,0,0,0,0,0,0,1,1,1,1,1,0,0,0,1,1,0
"I2win_r03_off3,8_d5",53,0,0,0,0,1,0,0,1,0,1,0,1,0,1,1,1,0
"I2win_r03_off3,8_d5",54,0,0,0,0,1,0,0,1,0,1,0,1,0,1,1,1,0
"I2win_r03_off3,8_d5",55,0,0,0,0,1,0,0,1,0,1,0,1,0,1,1,1,0
"I2win_r03_off3,8_d5",56,0,0,0,0,1,0,0,1,0,1,0,1,0,1,1,1,0
"I2win_r03_off3,8_d5",57,0,0,0,0,1,0,0,1,0,1,0,1,0,1,1,1,0
"I2win_r03_off3,8_d5",58,0,0,0,0,1,0,0,1,0,1,0,1,1,0,1,1,0
"I2win_r03_off3,8_d5",59,0,0,0,0,1,0,0,1,1,1,0,1,1,0,1,1,0
"I2win_r03_off3,8_d5",60,0,0,0,0,1,0,0,1,1,1,0,1,1,0,1,1,0
"I2win_r03_off3,8_d5",61,0,0,0,0,1,0,0,1,1,1,0,1,1,0,1,1,0
"I2win_r03_off3,8_d5",62,0,0,0,0,1,0,0,1,1,1,0,1,1,0,1,1,0
"I2win_r03_off3,8_d5",63,0,1,0,1,1,0,1,0,1,1,0,0,0,0,1,1,0
"I2win_r03_off3,8_d5",64,1,1,0,1,0,0,0,0,0,1,0,1,0,1,1,1,0
"I2win_r03_off3,8_d5",65,1,1,0,1,0,0,0,0,0,1,0,1,0,1,1,1,0
"I2win_r03_off3,8_d5",66,1,1,0,1,0,0,0,0,0,1,0,1,0,1,1,1,0
"I2win_r03_off3,8_d5",67,1,1,0,1,0,0,0,0,0,1,0,1,0,1,1,1,0
"I2win_r03_off3,8_d5",68,1,1,0,1,0,0,0,0,0,1,0,1,0,1,1,1,0
"I2win_r03_off3,8_d5",69,1,1,0,1,0,0,0,0,0,1,0,1,1,0,1,1,0
"I2win_r03_off3,8_d5",70,1,1,0,1,0,0,0,0,1,1,1,1,1,0,1,1,0
"I2win_r03_off3,8_d5",71,1,1,0,1,0,0,0,0,1,1,1,1,1,0,1,1,0
"I2win_r03_off3,8_d5",72,1,1,0,1,0,0,0,0,1,1,1,1,1,0,1,1,0
"I2win_r03_off3,8_d5",73,1,1,0,1,0,0,0,0,1,1,1,1,1,0,1,1,0
"I2win_r03_off3,8_d5",74,1,1,0,1,0,0,1,1,1,1,1,0,0,0,1,1,0
"I2win_r03_off3,8_d5",75,1,1,0,1,1,0,0,1,0,1,0,1,0,1,1,1,0
"I2win_r03_off3,8_d5",76,1,1,0,1,1,0,0,1,0,1,0,1,0,1,1,1,0
"I2win_r03_off3,8_d5",77,1,1,0,1,1,0,0,1,0,1,0,1,0,1,1,1,0
"I2win_r03_off3,8_d5",78,1,1,0,1,1,0,0,1,0,1,0,1,0,1,1,1,0
"I2win_r03_off3,8_d5",79,1,1,0,1,1,0,0,1,0,1,0,1,0,1,1,1,0
"I2win_r03_off3,8_d5",80,1,1,0,1,1,0,0,1,0,1,0,1,1,0,1,1,0
"I2win_r03_off3,8_d5",81,1,1,0,1,1,0,0,1,1,1,0,1,1,0,1,1,0
"I2win_r03_off3,8_d5",82,1,1,0,1,1,0,0,1,1,1,0,1,1,0,1,1,0
"I2win_r03_off3,8_d5",83,1,1,0,1,1,0,0,1,1,1,0,1,1,0,1,1,0
"I2win_r03_off3,8_d5",84,1,1,0,1,1,0,0,1,1,1,0,1,1,0,1,1,0
"I2win_r03_off3,8_d5",85,1,0,1,1,1,0,1,0,1,1,0,0,0,0,0,1,0
"I2win_r03_off3,8_d5",86,0,0,0,0,0,1,0,0,0,0,0,1,0,1,0,1,0
"I2win_r03_off3,8_d5",87,0,0,0,0,0,1,0,0,0,0,0,1,0,1,0,1,0
"I2win_r03_off3,8_d5",88,0,0,0,0,0,1,0,0,0,0,0,1,0,1,0,1,0
"I2win_r03_off3,8_d5",89,0,0,0,0,0,1,0,0,0,0,0,1,0,1,0,1,0
"I2win_r03_off3,8_d5",90,0,0,0,0,0,1,0,0,0,0,0,1,0,1,0,1,0
"I2win_r03_off3,8_d5",91,0,0,0,0,0,1,0,0,0,0,0,1,1,0,0,1,0
"I2win_r03_off3,8_d5",92,0,0,0,0,0,1,0,0,1,1,1,1,1,0,0,1,0
"I2win_r03_off3,8_d5",93,0,0,0,0,0,1,0,0,1,1,1,1,1,0,0,1,0
"I2win_r03_off3,8_d5",94,0,0,0,0,0,1,0,0,1,1,1,1,1,0,0,1,0
"I2win_r03_off3,8_d5",95,0,0,0,0,0,1,0,0,1,1,1,1,1,0,0,1,0
"I2win_r03_off3,8_d5",96,0,0,0,0,0,1,1,1,1,1,1,0,0,0,0,1,0
"I2win_r03_off3,8_d5",97,0,0,0,0,1,1,0,1,0,0,0,1,0,1,0,1,0
"I2win_r03_off3,8_d5",98,0,0,0,0,1,1,0,1,0,0,0,1,0,1,0,1,0
"I2win_r03_off3,8_d5",99,0,0,0,0,1,1,0,1,0,0,0,1,0,1,0,1,0
"I2win_r03_off3,8_d5",100,0,0,0,0,1,1,0,1,0,0,0,1,0,1,0,1,0
"I2win_r03_off3,8_d5",101,0,0,0,0,1,1,0,1,0,0,0,1,0,1,0,1,0
"I2win_r03_off3,8_d5",102,0,0,0,0,1,1,0,1,0,0,0,1,1,0,0,1,0
"I2win_r03_off3,8_d5",103,0,0,0,0,1,1,0,1,1,1,0,1,1,0,0,1,0
"I2win_r03_off3,8_d5",104,0,0,0,0,1,1,0,1,1,1,0,1,1,0,0,1,0
"I2win_r03_off3,8_d5",105,0,0,0,0,1,1,0,1,1,1,0,1,1,0,0,1,0
"I2win_r03_off3,8_d5",106,0,0,0,0,1,1,0,1,1,1,0,1,1,0,0,1,0
"I2win_r03_off3,8_d5",107,0,1,0,1,1,1,1,0,1,1,0,0,0,0,0,1,0
"I2win_r03_off3,8_d5",108,1,1,0,1,0,1,0,0,0,0,0,1,0,1,0,1,0
"I2win_r03_off3,8_d5",109,1,1,0,1,0,1,0,0,0,0,0,1,0,1,0,1,0
"I2win_r03_off3,8_d5",110,1,1,0,1,0,1,0,0,0,0,0,1,0,1,0,1,0
"I2win_r03_off3,8_d5",111,1,1,0,1,0,1,0,0,0,0,0,1,0,1,0,1,0
"I2win_r03_off3,8_d5",112,1,1,0,1,0,1,0,0,0,0,0,1,0,1,0,1,0
"I2win_r03_off3,8_d5",113,1,1,0,1,0,1,0,0,0,0,0,1,1,0,0,1,0
"I2win_r03_off3,8_d5",114,1,1,0,1,0,1,0,0,1,1,1,1,1,0,0,1,0
"I2win_r03_off3,8_d5",115,1,1,0,1,0,1,0,0,1,1,1,1,1,0,0,1,0
"I2win_r03_off3,8_d5",116,1,1,0,1,0,1,0,0,1,1,1,1,1,0,0,1,0
"I2win_r03_off3,8_d5",117,1,1,0,1,0,1,0,0,1,1,1,1,1,0,0,1,0
"I2win_r03_off3,8_d5",118,1,1,0,1,0,1,1,1,1,1,1,0,0,0,0,1,0
"I2win_r03_off3,8_d5",119,1,1,0,1,1,1,0,1,0,0,0,1,0,1,0,1,1
"I2win_r03_off3,8_d5",120,1,1,0,1,1,1,0,1,0,0,0,1,0,1,0,1,1
"I2win_r04_off3,7_d4",0,0,0,0,0,0,0,0,0,0,0,0,1,0,1,0,1,0
"I2win_r04_off3,7_d4",1,0,0,0,0,0,0,0,0,0,0,0,1,0,1,0,1,0
"I2win_r04_off3,7_d4",2,0,0,0,0,0,0,0,0,0,0,0,1,0,1,0,1,0
"I2win_r04_off3,7_d4",3,0,0,0,0,0,0,0,0,0,0,0,1,1,0,0,1,0
"I2win_r04_off3,7_d4",4,0,0,0,0,0,0,0,0,1,1,1,1,1,0,0,1,0
"I2win_r04_off3,7_d4",5,0,0,0,0,0,0,0,0,1,1,1,1,1,0,0,1,0
"I2win_r04_off3,7_d4",6,0,0,0,0,0,0,0,0,1,1,1,1,1,0,0,1,0
"I2win_r04_off3,7_d4",7,0,0,0,0,0,0,1,1,1,1,1,0,0,0,0,1,0
"I2win_r04_off3,7_d4",8,0,0,0,0,1,0,0,1,0,0,0,1,0,1,0,1,0
"I2win_r04_off3,7_d4",9,0,0,0,0,1,0,0,1,0,0,0,1,0,1,0,1,0
"I2win_r04_off3,7_d4",10,0,0,0,0,1,0,0,1,0,0,0,1,0,1,0,1,0
"I2win_r04_off3,7_d4",11,0,0,0,0,1,0,0,1,0,0,0,1,0,1,0,1,0
"I2win_r04_off3,7_d4",12,0,0,0,0,1,0,0,1,0,0,0,1,0,1,0,1,0
"I2win_r04_off3,7_d4",13,0,0,0,0,1,0,0,1,0,0,0,1,0,1,0,1,0
"I2win_r04_off3,7_d4",14,0,0,0,0,1,0,0,1,0,0,0,1,1,0,0,1,0
"I2win_r04_off3,7_d4",15,0,0,0,0,1,0,0,1,1,1,0,1,1,0,0,1,0
"I2win_r04_off3,7_d4",16,0,0,0,0,1,0,0,1,1,1,0,1,1,0,0,1,0
"I2win_r04_off3,7_d4",17,0,0,0,0,1,0,0,1,1,1,0,1,1,0,0,1,0
"I2win_r04_off3,7_d4",18,0,1,0,1,1,0,1,0,1,1,0,0,0,0,0,1,0
"I2win_r04_off3,7_d4",19,1,1,0,1,0,0,0,0,0,0,0,1,0,1,0,1,0
"I2win_r04_off3,7_d4",20,1,1,0,1,0,0,0,0,0,0,0,1,0,1,0,1,0
"I2win_r04_off3,7_d4",21,1,1,0,1,0,0,0,0,0,0,0,1,0,1,0,1,0
"I2win_r04_off3,7_d4",22,1,1,0,1,0,0,0,0,0,0,0,1,0,1,0,1,0
"I2win_r04_off3,7_d4",23,1,1,0,1,0,0,0,0,0,0,0,1,0,1,0,1,0
"I2win_r04_off3,7_d4",24,1,1,0,1,0,0,0,0,0,0,0,1,0,1,0,1,0
"I2win_r04_off3,7_d4",25,1,1,0,1,0,0,0,0,0,0,0,1,1,0,0,1,0
"I2win_r04_off3,7_d4",26,1,1,0,1,0,0,0,0,1,1,1,1,1,0,0,1,0
"I2win_r04_off3,7_d4",27,1,1,0,1,0,0,0,0,1,1,1,1,1,0,0,1,0
"I2win_r04_off3,7_d4",28,1,1,0,1,0,0,0,0,1,1,1,1,1,0,0,1,0
"I2win_r04_off3,7_d4",29,1,1,0,1,0,0,1,1,1,1,1,0,0,0,0,1,0
"I2win_r04_off3,7_d4",30,1,1,0,1,1,0,0,1,0,0,0,1,0,1,0,1,0
"I2win_r04_off3,7_d4",31,1,1,0,1,1,0,0,1,0,0,0,1,0,1,0,1,0
"I2win_r04_off3,7_d4",32,1,1,0,1,1,0,0,1,0,0,0,1,0,1,0,1,0
"I2win_r04_off3,7_d4",33,1,1,0,1,1,0,0,1,0,0,0,1,0,1,0,1,0
"I2win_r04_off3,7_d4",34,1,1,0,1,1,0,0,1,0,0,0,1,0,1,0,1,0
"I2win_r04_off3,7_d4",35,1,1,0,1,1,0,0,1,0,0,0,1,0,1,0,1,0
"I2win_r04_off3,7_d4",36,1,1,0,1,1,0,0,1,0,0,0,1,1,0,0,1,0
"I2win_r04_off3,7_d4",37,1,1,0,1,1,0,0,1,1,1,0,1,1,0,0,1,0
"I2win_r04_off3,7_d4",38,1,1,0,1,1,0,0,1,1,1,0,1,1,0,0,1,0
"I2win_r04_off3,7_d4",39,1,1,0,1,1,0,0,1,1,1,0,1,1,0,0,1,0
"I2win_r04_off3,7_d4",40,1,0,1,1,1,0,1,0,1,1,0,0,0,0,1,1,0
"I2win_r04_off3,7_d4",41,0,0,0,0,0,0,0,0,0,1,0,1,0,1,1,1,0
"I2win_r04_off3,7_d4",42,0,0,0,0,0,0,0,0,0,1,0,1,0,1,1,1,0
"I2win_r04_off3,7_d4",43,0,0,0,0,0,0,0,0,0,1,0,1,0,1,1,1,0
"I2win_r04_off3,7_d4",44,0,0,0,0,0,0,0,0,0,1,0,1,0,1,1,1,0
"I2win_r04_off3,7_d4",45,0,0,0,0,0,0,0,0,0,1,0,1,0,1,1,1,0
"I2win_r04_off3,7_d4",46,0,0,0,0,0,0,0,0,0,1,0,1,0,1,1,1,0
"I2win_r04_off3,7_d4",47,0,0,0,0,0,0,0,0,0,1,0,1,1,0,1,1,0
"I2win_r04_off3,7_d4",48,0,0,0,0,0,0,0,0,1,1,1,1,1,0,1,1,0
"I2win_r04_off3,7_d4",49,0,0,0,0,0,0,0,0,1,1,1,1,1,0,1,1,0
"I2win_r04_off3,7_d4",50,0,0,0,0,0,0,0,0,1,1,1,1,1,0,1,1,0
"I2win_r04_off3,7_d4",51,0,0,0,0,0,0,1,1,1,1,1,0,0,0,1,1,0
"I2win_r04_off3,7_d4",52,0,0,0,0,1,0,0,1,0,1,0,1,0,1,1,1,0
"I2win_r04_off3,7_d4",53,0,0,0,0,1,0,0,1,0,1,0,1,0,1,1,1,0
"I2win_r04_off3,7_d4",54,0,0,0,0,1,0,0,1,0,1,0,1,0,1,1,1,0
"I2win_r04_off3,7_d4",55,0,0,0,0,1,0,0,1,0,1,0,1,0,1,1,1,0
"I2win_r04_off3,7_d4",56,0,0,0,0,1,0,0,1,0,1,0,1,0,1,1,1,0
"I2win_r04_off3,7_d4",57,0,0,0,0,1,0,0,1,0,1,0,1,0,1,1,1,0
"I2win_r04_off3,7_d4",58,0,0,0,0,1,0,0,1,0,1,0,1,1,0,1,1,0
"I2win_r04_off3,7_d4",59,0,0,0,0,1,0,0,1,1,1,0,1,1,0,1,1,0
"I2win_r04_off3,7_d4",60,0,0,0,0,1,0,0,1,1,1,0,1,1,0,1,1,0
"I2win_r04_off3,7_d4",61,0,0,0,0,1,0,0,1,1,1,0,1,1,0,1,1,0
"I2win_r04_off3,7_d4",62,0,1,0,1,1,0,1,0,1,1,0,0,0,0,1,1,0
"I2win_r04_off3,7_d4",63,1,1,0,1,0,0,0,0,0,1,0,1,0,1,1,1,0
"I2win_r04_off3,7_d4",64,1,1,0,1,0,0,0,0,0,1,0,1,0,1,1,1,0
"I2win_r04_off3,7_d4",65,1,1,0,1,0,0,0,0,0,1,0,1,0,1,1,1,0
"I2win_r04_off3,7_d4",66,1,1,0,1,0,0,0,0,0,1,0,1,0,1,1,1,0
"I2win_r04_off3,7_d4",67,1,1,0,1,0,0,0,0,0,1,0,1,0,1,1,1,0
"I2win_r04_off3,7_d4",68,1,1,0,1,0,0,0,0,0,1,0,1,0,1,1,1,0
"I2win_r04_off3,7_d4",69,1,1,0,1,0,0,0,0,0,1,0,1,1,0,1,1,0
"I2win_r04_off3,7_d4",70,1,1,0,1,0,0,0,0,1,1,1,1,1,0,1,1,0
"I2win_r04_off3,7_d4",71,1,1,0,1,0,0,0,0,1,1,1,1,1,0,1,1,0
"I2win_r04_off3,7_d4",72,1,1,0,1,0,0,0,0,1,1,1,1,1,0,1,1,0
"I2win_r04_off3,7_d4",73,1,1,0,1,0,0,1,1,1,1,1,0,0,0,1,1,0
"I2win_r04_off3,7_d4",74,1,1,0,1,1,0,0,1,0,1,0,1,0,1,1,1,0
"I2win_r04_off3,7_d4",75,1,1,0,1,1,0,0,1,0,1,0,1,0,1,1,1,0
"I2win_r04_off3,7_d4",76,1,1,0,1,1,0,0,1,0,1,0,1,0,1,1,1,0
"I2win_r04_off3,7_d4",77,1,1,0,1,1,0,0,1,0,1,0,1,0,1,1,1,0
"I2win_r04_off3,7_d4",78,1,1,0,1,1,0,0,1,0,1,0,1,0,1,1,1,0
"I2win_r04_off3,7_d4",79,1,1,0,1,1,0,0,1,0,1,0,1,0,1,1,1,0
"I2win_r04_off3,7_d4",80,1,1,0,1,1,0,0,1,0,1,0,1,1,0,1,1,0
"I2win_r04_off3,7_d4",81,1,1,0,1,1,0,0,1,1,1,0,1,1,0,1,1,0
"I2win_r04_off3,7_d4",82,1,1,0,1,1,0,0,1,1,1,0,1,1,0,1,1,0
"I2win_r04_off3,7_d4",83,1,1,0,1,1,0,0,1,1,1,0,1,1,0,1,1,0
"I2win_r04_off3,7_d4",84,1,0,1,1,1,0,1,0,1,1,0,0,0,0,0,1,0
"I2win_r04_off3,7_d4",85,0,0,0,0,0,1,0,0,0,0,0,1,0,1,0,1,0
"I2win_r04_off3,7_d4",86,0,0,0,0,0,1,0,0,0,0,0,1,0,1,0,1,0
"I2win_r04_off3,7_d4",87,0,0,0,0,0,1,0,0,0,0,0,1,0,1,0,1,0
"I2win_r04_off3,7_d4",88,0,0,0,0,0,1,0,0,0,0,0,1,0,1,0,1,0
"I2win_r04_off3,7_d4",89,0,0,0,0,0,1,0,0,0,0,0,1,0,1,0,1,0
"I2win_r04_off3,7_d4",90,0,0,0,0,0,1,0,0,0,0,0,1,0,1,0,1,0
"I2win_r04_off3,7_d4",91,0,0,0,0,0,1,0,0,0,0,0,1,1,0,0,1,0
"I2win_r04_off3,7_d4",92,0,0,0,0,0,1,0,0,1,1,1,1,1,0,0,1,0
"I2win_r04_off3,7_d4",93,0,0,0,0,0,1,0,0,1,1,1,1,1,0,0,1,0
"I2win_r04_off3,7_d4",94,0,0,0,0,0,1,0,0,1,1,1,1,1,0,0,1,0
"I2win_r04_off3,7_d4",95,0,0,0,0,0,1,1,1,1,1,1,0,0,0,0,1,0
"I2win_r04_off3,7_d4",96,0,0,0,0,1,1,0,1,0,0,0,1,0,1,0,1,0
"I2win_r04_off3,7_d4",97,0,0,0,0,1,1,0,1,0,0,0,1,0,1,0,1,0
"I2win_r04_off3,7_d4",98,0,0,0,0,1,1,0,1,0,0,0,1,0,1,0,1,0
"I2win_r04_off3,7_d4",99,0,0,0,0,1,1,0,1,0,0,0,1,0,1,0,1,0
"I2win_r04_off3,7_d4",100,0,0,0,0,1,1,0,1,0,0,0,1,0,1,0,1,0
"I2win_r04_off3,7_d4",101,0,0,0,0,1,1,0,1,0,0,0,1,0,1,0,1,0
"I2win_r04_off3,7_d4",102,0,0,0,0,1,1,0,1,0,0,0,1,1,0,0,1,0
"I2win_r04_off3,7_d4",103,0,0,0,0,1,1,0,1,1,1,0,1,1,0,0,1,0
"I2win_r04_off3,7_d4",104,0,0,0,0,1,1,0,1,1,1,0,1,1,0,0,1,0
"I2win_r04_off3,7_d4",105,0,0,0,0,1,1,0,1,1,1,0,1,1,0,0,1,0
"I2win_r04_off3,7_d4",106,0,1,0,1,1,1,1,0,1,1,0,0,0,0,0,1,0
"I2win_r04_off3,7_d4",107,1,1,0,1,0,1,0,0,0,0,0,1,0,1,0,1,0
"I2win_r04_off3,7_d4",108,1,1,0,1,0,1,0,0,0,0,0,1,0,1,0,1,0
"I2win_r04_off3,7_d4",109,1,1,0,1,0,1,0,0,0,0,0,1,0,1,0,1,0
"I2win_r04_off3,7_d4",110,1,1,0,1,0,1,0,0,0,0,0,1,0,1,0,1,0
"I2win_r04_off3,7_d4",111,1,1,0,1,0,1,0,0,0,0,0,1,0,1,0,1,0
"I2win_r04_off3,7_d4",112,1,1,0,1,0,1,0,0,0,0,0,1,0,1,0,1,0
"I2win_r04_off3,7_d4",113,1,1,0,1,0,1,0,0,0,0,0,1,1,0,0,1,0
"I2win_r04_off3,7_d4",114,1,1,0,1,0,1,0,0,1,1,1,1,1,0,0,1,0
"I2win_r04_off3,7_d4",115,1,1,0,1,0,1,0,0,1,1,1,1,1,0,0,1,0
"I2win_r04_off3,7_d4",116,1,1,0,1,0,1,0,0,1,1,1,1,1,0,0,1,0
"I2win_r04_off3,7_d4",117,1,1,0,1,0,1,1,1,1,1,1,0,0,0,0,1,0
"I2win_r04_off3,7_d4",118,1,1,0,1,1,1,0,1,0,0,0,1,0,1,0,1,1
"I2win_r04_off3,7_d4",119,1,1,0,1,1,1,0,1,0,0,0,1,0,1,0,1,1
"I2win_r04_off3,7_d4",120,1,1,0,1,1,1,0,1,0,0,0,1,0,1,0,1,1
"I2win_r05_off0,2_d2",0,0,0,0,0,0,0,0,0,0,0,0,1,1,0,0,1,0
"I2win_r05_off0,2_d2",1,0,0,0,0,0,0,0,0,1,1,1,1,1,0,0,1,0
"I2win_r05_off0,2_d2",2,0,0,0,0,0,0,1,1,1,1,1,0,0,0,0,1,0
"I2win_r05_off0,2_d2",3,0,0,0,0,1,0,0,1,0,0,0,1,0,1,0,1,0
"I2win_r05_off0,2_d2",4,0,0,0,0,1,0,0,1,0,0,0,1,0,1,0,1,0
"I2win_r05_off0,2_d2",5,0,0,0,0,1,0,0,1,0,0,0,1,0,1,0,1,0
"I2win_r05_off0,2_d2",6,0,0,0,0,1,0,0,1,0,0,0,1,0,1,0,1,0
"I2win_r05_off0,2_d2",7,0,0,0,0,1,0,0,1,0,0,0,1,0,1,0,1,0
"I2win_r05_off0,2_d2",8,0,0,0,0,1,0,0,1,0,0,0,1,0,1,0,1,0
"I2win_r05_off0,2_d2",9,0,0,0,0,1,0,0,1,0,0,0,1,0,1,0,1,0
"I2win_r05_off0,2_d2",10,0,0,0,0,1,0,0,1,0,0,0,1,0,1,0,1,0
"I2win_r05_off0,2_d2",11,0,0,0,0,1,0,0,1,0,0,0,1,1,0,0,1,0
"I2win_r05_off0,2_d2",12,0,0,0,0,1,0,0,1,1,1,0,1,1,0,0,1,0
"I2win_r05_off0,2_d2",13,0,1,0,1,1,0,1,0,1,1,0,0,0,0,0,1,0
"I2win_r05_off0,2_d2",14,1,1,0,1,0,0,0,0,0,0,0,1,0,1,0,1,0
"I2win_r05_off0,2_d2",15,1,1,0,1,0,0,0,0,0,0,0,1,0,1,0,1,0
"I2win_r05_off0,2_d2",16,1,1,0,1,0,0,0,0,0,0,0,1,0,1,0,1,0
"I2win_r05_off0,2_d2",17,1,1,0,1,0,0,0,0,0,0,0,1,0,1,0,1,0
"I2win_r05_off0,2_d2",18,1,1,0,1,0,0,0,0,0,0,0,1,0,1,0,1,0
"I2win_r05_off0,2_d2",19,1,1,0,1,0,0,0,0,0,0,0,1,0,1,0,1,0
"I2win_r05_off0,2_d2",20,1,1,0,1,0,0,0,0,0,0,0,1,0,1,0,1,0
"I2win_r05_off0,2_d2",21,1,1,0,1,0,0,0,0,0,0,0,1,0,1,0,1,0
"I2win_r05_off0,2_d2",22,1,1,0,1,0,0,0,0,0,0,0,1,1,0,0,1,0
"I2win_r05_off0,2_d2",23,1,1,0,1,0,0,0,0,1,1,1,1,1,0,0,1,0
"I2win_r05_off0,2_d2",24,1,1,0,1,0,0,1,1,1,1,1,0,0,0,0,1,0
"I2win_r05_off0,2_d2",25,1,1,0,1,1,0,0,1,0,0,0,1,0,1,0,1,0
"I2win_r05_off0,2_d2",26,1,1,0,1,1,0,0,1,0,0,0,1,0,1,0,1,0
"I2win_r05_off0,2_d2",27,1,1,0,1,1,0,0,1,0,0,0,1,0,1,0,1,0
"I2win_r05_off0,2_d2",28,1,1,0,1,1,0,0,1,0,0,0,1,0,1,0,1,0
"I2win_r05_off0,2_d2",29,1,1,0,1,1,0,0,1,0,0,0,1,0,1,0,1,0
"I2win_r05_off0,2_d2",30,1,1,0,1,1,0,0,1,0,0,0,1,0,1,0,1,0
"I2win_r05_off0,2_d2",31,1,1,0,1,1,0,0,1,0,0,0,1,0,1,0,1,0
"I2win_r05_off0,2_d2",32,1,1,0,1,1,0,0,1,0,0,0,1,0,1,0,1,0
"I2win_r05_off0,2_d2",33,1,1,0,1,1,0,0,1,0,0,0,1,1,0,0,1,0
"I2win_r05_off0,2_d2",34,1,1,0,1,1,0,0,1,1,1,0,1,1,0,0,1,0
"I2win_r05_off0,2_d2",35,1,0,1,1,1,0,1,0,1,1,0,0,0,0,1,1,0
"I2win_r05_off0,2_d2",36,0,0,0,0,0,0,0,0,0,1,0,1,0,1,1,1,0
"I2win_r05_off0,2_d2",37,0,0,0,0,0,0,0,0,0,1,0,1,0,1,1,1,0
"I2win_r05_off0,2_d2",38,0,0,0,0,0,0,0,0,0,1,0,1,0,1,1,1,0
"I2win_r05_off0,2_d2",39,0,0,0,0,0,0,0,0,0,1,0,1,0,1,1,1,0
"I2win_r05_off0,2_d2",40,0,0,0,0,0,0,0,0,0,1,0,1,0,1,1,1,0
"I2win_r05_off0,2_d2",41,0,0,0,0,0,0,0,0,0,1,0,1,0,1,1,1,0
"I2win_r05_off0,2_d2",42,0,0,0,0,0,0,0,0,0,1,0,1,0,1,1,1,0
"I2win_r05_off0,2_d2",43,0,0,0,0,0,0,0,0,0,1,0,1,0,1,1,1,0
"I2win_r05_off0,2_d2",44,0,0,0,0,0,0,0,0,0,1,0,1,1,0,1,1,0
"I2win_r05_off0,2_d2",45,0,0,0,0,0,0,0,0,1,1,1,1,1,0,1,1,0
"I2win_r05_off0,2_d2",46,0,0,0,0,0,0,1,1,1,1,1,0,0,0,1,1,0
"I2win_r05_off0,2_d2",47,0,0,0,0,1,0,0,1,0,1,0,1,0,1,1,1,0
"I2win_r05_off0,2_d2",48,0,0,0,0,1,0,0,1,0,1,0,1,0,1,1,1,0
"I2win_r05_off0,2_d2",49,0,0,0,0,1,0,0,1,0,1,0,1,0,1,1,1,0
"I2win_r05_off0,2_d2",50,0,0,0,0,1,0,0,1,0,1,0,1,0,1,1,1,0
"I2win_r05_off0,2_d2",51,0,0,0,0,1,0,0,1,0,1,0,1,0,1,1,1,0
"I2win_r05_off0,2_d2",52,0,0,0,0,1,0,0,1,0,1,0,1,0,1,1,1,0
"I2win_r05_off0,2_d2",53,0,0,0,0,1,0,0,1,0,1,0,1,0,1,1,1,0
"I2win_r05_off0,2_d2",54,0,0,0,0,1,0,0,1,0,1,0,1,0,1,1,1,0
"I2win_r05_off0,2_d2",55,0,0,0,0,1,0,0,1,0,1,0,1,1,0,1,1,0
"I2win_r05_off0,2_d2",56,0,0,0,0,1,0,0,1,1,1,0,1,1,0,1,1,0
"I2win_r05_off0,2_d2",57,0,1,0,1,1,0,1,0,1,1,0,0,0,0,1,1,0
"I2win_r05_off0,2_d2",58,1,1,0,1,0,0,0,0,0,1,0,1,0,1,1,1,0
"I2win_r05_off0,2_d2",59,1,1,0,1,0,0,0,0,0,1,0,1,0,1,1,1,0
"I2win_r05_off0,2_d2",60,1,1,0,1,0,0,0,0,0,1,0,1,0,1,1,1,0
"I2win_r05_off0,2_d2",61,1,1,0,1,0,0,0,0,0,1,0,1,0,1,1,1,0
"I2win_r05_off0,2_d2",62,1,1,0,1,0,0,0,0,0,1,0,1,0,1,1,1,0
"I2win_r05_off0,2_d2",63,1,1,0,1,0,0,0,0,0,1,0,1,0,1,1,1,0
"I2win_r05_off0,2_d2",64,1,1,0,1,0,0,0,0,0,1,0,1,0,1,1,1,0
"I2win_r05_off0,2_d2",65,1,1,0,1,0,0,0,0,0,1,0,1,0,1,1,1,0
"I2win_r05_off0,2_d2",66,1,1,0,1,0,0,0,0,0,1,0,1,1,0,1,1,0
"I2win_r05_off0,2_d2",67,1,1,0,1,0,0,0,0,1,1,1,1,1,0,1,1,0
"I2win_r05_off0,2_d2",68,1,1,0,1,0,0,1,1,1,1,1,0,0,0,1,1,0
"I2win_r05_off0,2_d2",69,1,1,0,1,1,0,0,1,0,1,0,1,0,1,1,1,0
"I2win_r05_off0,2_d2",70,1,1,0,1,1,0,0,1,0,1,0,1,0,1,1,1,0
"I2win_r05_off0,2_d2",71,1,1,0,1,1,0,0,1,0,1,0,1,0,1,1,1,0
"I2win_r05_off0,2_d2",72,1,1,0,1,1,0,0,1,0,1,0,1,0,1,1,1,0
"I2win_r05_off0,2_d2",73,1,1,0,1,1,0,0,1,0,1,0,1,0,1,1,1,0
"I2win_r05_off0,2_d2",74,1,1,0,1,1,0,0,1,0,1,0,1,0,1,1,1,0
"I2win_r05_off0,2_d2",75,1,1,0,1,1,0,0,1,0,1,0,1,0,1,1,1,0
"I2win_r05_off0,2_d2",76,1,1,0,1,1,0,0,1,0,1,0,1,0,1,1,1,0
"I2win_r05_off0,2_d2",77,1,1,0,1,1,0,0,1,0,1,0,1,1,0,1,1,0
"I2win_r05_off0,2_d2",78,1,1,0,1,1,0,0,1,1,1,0,1,1,0,1,1,0
"I2win_r05_off0,2_d2",79,1,0,1,1,1,0,1,0,1,1,0,0,0,0,0,1,0
"I2win_r05_off0,2_d2",80,0,0,0,0,0,1,0,0,0,0,0,1,0,1,0,1,0
"I2win_r05_off0,2_d2",81,0,0,0,0,0,1,0,0,0,0,0,1,0,1,0,1,0
"I2win_r05_off0,2_d2",82,0,0,0,0,0,1,0,0,0,0,0,1,0,1,0,1,0
"I2win_r05_off0,2_d2",83,0,0,0,0,0,1,0,0,0,0,0,1,0,1,0,1,0
"I2win_r05_off0,2_d2",84,0,0,0,0,0,1,0,0,0,0,0,1,0,1,0,1,0
"I2win_r05_off0,2_d2",85,0,0,0,0,0,1,0,0,0,0,0,1,0,1,0,1,0
"I2win_r05_off0,2_d2",86,0,0,0,0,0,1,0,0,0,0,0,1,0,1,0,1,0
"I2win_r05_off0,2_d2",87,0,0,0,0,0,1,0,0,0,0,0,1,0,1,0,1,0
"I2win_r05_off0,2_d2",88,0,0,0,0,0,1,0,0,0,0,0,1,1,0,0,1,0
"I2win_r05_off0,2_d2",89,0,0,0,0,0,1,0,0,1,1,1,1,1,0,0,1,0
"I2win_r05_off0,2_d2",90,0,0,0,0,0,1,1,1,1,1,1,0,0,0,0,1,0
"I2win_r05_off0,2_d2",91,0,0,0,0,1,1,0,1,0,0,0,1,0,1,0,1,0
"I2win_r05_off0,2_d2",92,0,0,0,0,1,1,0,1,0,0,0,1,0,1,0,1,0
"I2win_r05_off0,2_d2",93,0,0,0,0,1,1,0,1,0,0,0,1,0,1,0,1,0
"I2win_r05_off0,2_d2",94,0,0,0,0,1,1,0,1,0,0,0,1,0,1,0,1,0
"I2win_r05_off0,2_d2",95,0,0,0,0,1,1,0,1,0,0,0,1,0,1,0,1,0
"I2win_r05_off0,2_d2",96,0,0,0,0,1,1,0,1,0,0,0,1,0,1,0,1,0
"I2win_r05_off0,2_d2",97,0,0,0,0,1,1,0,1,0,0,0,1,0,1,0,1,0
"I2win_r05_off0,2_d2",98,0,0,0,0,1,1,0,1,0,0,0,1,0,1,0,1,0
"I2win_r05_off0,2_d2",99,0,0,0,0,1,1,0,1,0,0,0,1,1,0,0,1,0
"I2win_r05_off0,2_d2",100,0,0,0,0,1,1,0,1,1,1,0,1,1,0,0,1,0
"I2win_r05_off0,2_d2",101,0,1,0,1,1,1,1,0,1,1,0,0,0,0,0,1,0
"I2win_r05_off0,2_d2",102,1,1,0,1,0,1,0,0,0,0,0,1,0,1,0,1,0
"I2win_r05_off0,2_d2",103,1,1,0,1,0,1,0,0,0,0,0,1,0,1,0,1,0
"I2win_r05_off0,2_d2",104,1,1,0,1,0,1,0,0,0,0,0,1,0,1,0,1,0
"I2win_r05_off0,2_d2",105,1,1,0,1,0,1,0,0,0,0,0,1,0,1,0,1,0
"I2win_r05_off0,2_d2",106,1,1,0,1,0,1,0,0,0,0,0,1,0,1,0,1,0
"I2win_r05_off0,2_d2",107,1,1,0,1,0,1,0,0,0,0,0,1,0,1,0,1,0
"I2win_r05_off0,2_d2",108,1,1,0,1,0,1,0,0,0,0,0,1,0,1,0,1,0
"I2win_r05_off0,2_d2",109,1,1,0,1,0,1,0,0,0,0,0,1,0,1,0,1,0
"I2win_r05_off0,2_d2",110,1,1,0,1,0,1,0,0,0,0,0,1,1,0,0,1,0
"I2win_r05_off0,2_d2",111,1,1,0,1,0,1,0,0,1,1,1,1,1,0,0,1,0
"I2win_r05_off0,2_d2",112,1,1,0,1,0,1,1,1,1,1,1,0,0,0,0,1,0
"I2win_r05_off0,2_d2",113,1,1,0,1,1,1,0,1,0,0,0,1,0,1,0,1,1
"I2win_r05_off0,2_d2",114,1,1,0,1,1,1,0,1,0,0,0,1,0,1,0,1,1
"I2win_r05_off0,2_d2",115,1,1,0,1,1,1,0,1,0,0,0,1,0,1,0,1,1
"I2win_r05_off0,2_d2",116,1,1,0,1,1,1,0,1,0,0,0,1,0,1,0,1,1
"I2win_r05_off0,2_d2",117,1,1,0,1,1,1,0,1,0,0,0,1,0,1,0,1,1
"I2win_r05_off0,2_d2",118,1,1,0,1,1,1,0,1,0,0,0,1,0,1,0,1,1
"I2win_r05_off0,2_d2",119,1,1,0,1,1,1,0,1,0,0,0,1,0,1,0,1,1
"I2win_r05_off0,2_d2",120,1,1,0,1,1,1,0,1,0,0,0,1,0,1,0,1,1
"I2win_r06_off4,5_d1",0,0,0,0,0,0,0,0,0,0,0,0,1,0,1,0,1,0
"I2win_r06_off4,5_d1",1,0,0,0,0,0,0,0,0,0,0,0,1,0,1,0,1,0
"I2win_r06_off4,5_d1",2,0,0,0,0,0,0,0,0,0,0,0,1,0,1,0,1,0
"I2win_r06_off4,5_d1",3,0,0,0,0,0,0,0,0,0,0,0,1,0,1,0,1,0
"I2win_r06_off4,5_d1",4,0,0,0,0,0,0,0,0,0,0,0,1,1,0,0,1,0
"I2win_r06_off4,5_d1",5,0,0,0,0,0,0,1,1,1,1,1,0,0,0,0,1,0
"I2win_r06_off4,5_d1",6,0,0,0,0,1,0,0,1,0,0,0,1,0,1,0,1,0
"I2win_r06_off4,5_d1",7,0,0,0,0,1,0,0,1,0,0,0,1,0,1,0,1,0
"I2win_r06_off4,5_d1",8,0,0,0,0,1,0,0,1,0,0,0,1,0,1,0,1,0
"I2win_r06_off4,5_d1",9,0,0,0,0,1,0,0,1,0,0,0,1,0,1,0,1,0
"I2win_r06_off4,5_d1",10,0,0,0,0,1,0,0,1,0,0,0,1,0,1,0,1,0
"I2win_r06_off4,5_d1",11,0,0,0,0,1,0,0,1,0,0,0,1,0,1,0,1,0
"I2win_r06_off4,5_d1",12,0,0,0,0,1,0,0,1,0,0,0,1,0,1,0,1,0
"I2win_r06_off4,5_d1",13,0,0,0,0,1,0,0,1,0,0,0,1,0,1,0,1,0
"I2win_r06_off4,5_d1",14,0,0,0,0,1,0,0,1,0,0,0,1,0,1,0,1,0
"I2win_r06_off4,5_d1",15,0,0,0,0,1,0,0,1,0,0,0,1,1,0,0,1,0
"I2win_r06_off4,5_d1",16,0,1,0,1,1,0,1,0,1,1,0,0,0,0,0,1,0
"I2win_r06_off4,5_d1",17,1,1,0,1,0,0,0,0,0,0,0,1,0,1,0,1,0
"I2win_r06_off4,5_d1",18,1,1,0,1,0,0,0,0,0,0,0,1,0,1,0,1,0
"I2win_r06_off4,5_d1",19,1,1,0,1,0,0,0,0,0,0,0,1,0,1,0,1,0
"I2win_r06_off4,5_d1",20,1,1,0,1,0,0,0,0,0,0,0,1,0,1,0,1,0
"I2win_r06_off4,5_d1",21,1,1,0,1,0,0,0,0,0,0,0,1,0,1,0,1,0
"I2win_r06_off4,5_d1",22,1,1,0,1,0,0,0,0,0,0,0,1,0,1,0,1,0
"I2win_r06_off4,5_d1",23,1,1,0,1,0,0,0,0,0,0,0,1,0,1,0,1,0
"I2win_r06_off4,5_d1",24,1,1,0,1,0,0,0,0,0,0,0,1,0,1,0,1,0
"I2win_r06_off4,5_d1",25,1,1,0,1,0,0,0,0,0,0,0,1,0,1,0,1,0
"I2win_r06_off4,5_d1",26,1,1,0,1,0,0,0,0,0,0,0,1,1,0,0,1,0
"I2win_r06_off4,5_d1",27,1,1,0,1,0,0,1,1,1,1,1,0,0,0,0,1,0
"I2win_r06_off4,5_d1",28,1,1,0,1,1,0,0,1,0,0,0,1,0,1,0,1,0
"I2win_r06_off4,5_d1",29,1,1,0,1,1,0,0,1,0,0,0,1,0,1,0,1,0
"I2win_r06_off4,5_d1",30,1,1,0,1,1,0,0,1,0,0,0,1,0,1,0,1,0
"I2win_r06_off4,5_d1",31,1,1,0,1,1,0,0,1,0,0,0,1,0,1,0,1,0
"I2win_r06_off4,5_d1",32,1,1,0,1,1,0,0,1,0,0,0,1,0,1,0,1,0
"I2win_r06_off4,5_d1",33,1,1,0,1,1,0,0,1,0,0,0,1,0,1,0,1,0
"I2win_r06_off4,5_d1",34,1,1,0,1,1,0,0,1,0,0,0,1,0,1,0,1,0
"I2win_r06_off4,5_d1",35,1,1,0,1,1,0,0,1,0,0,0,1,0,1,0,1,0
"I2win_r06_off4,5_d1",36,1,1,0,1,1,0,0,1,0,0,0,1,0,1,0,1,0
"I2win_r06_off4,5_d1",37,1,1,0,1,1,0,0,1,0,0,0,1,1,0,0,1,0
"I2win_r06_off4,5_d1",38,1,0,1,1,1,0,1,0,1,1,0,0,0,0,1,1,0
"I2win_r06_off4,5_d1",39,0,0,0,0,0,0,0,0,0,1,0,1,0,1,1,1,0
"I2win_r06_off4,5_d1",40,0,0,0,0,0,0,0,0,0,1,0,1,0,1,1,1,0
"I2win_r06_off4,5_d1",41,0,0,0,0,0,0,0,0,0,1,0,1,0,1,1,1,0
"I2win_r06_off4,5_d1",42,0,0,0,0,0,0,0,0,0,1,0,1,0,1,1,1,0
"I2win_r06_off4,5_d1",43,0,0,0,0,0,0,0,0,0,1,0,1,0,1,1,1,0
"I2win_r06_off4,5_d1",44,0,0,0,0,0,0,0,0,0,1,0,1,0,1,1,1,0
"I2win_r06_off4,5_d1",45,0,0,0,0,0,0,0,0,0,1,0,1,0,1,1,1,0
"I2win_r06_off4,5_d1",46,0,0,0,0,0,0,0,0,0,1,0,1,0,1,1,1,0
"I2win_r06_off4,5_d1",47,0,0,0,0,0,0,0,0,0,1,0,1,0,1,1,1,0
"I2win_r06_off4,5_d1",48,0,0,0,0,0,0,0,0,0,1,0,1,1,0,1,1,0
"I2win_r06_off4,5_d1",49,0,0,0,0,0,0,1,1,1,1,1,0,0,0,1,1,0
"I2win_r06_off4,5_d1",50,0,0,0,0,1,0,0,1,0,1,0,1,0,1,1,1,0
"I2win_r06_off4,5_d1",51,0,0,0,0,1,0,0,1,0,1,0,1,0,1,1,1,0
"I2win_r06_off4,5_d1",52,0,0,0,0,1,0,0,1,0,1,0,1,0,1,1,1,0
"I2win_r06_off4,5_d1",53,0,0,0,0,1,0,0,1,0,1,0,1,0,1,1,1,0
"I2win_r06_off4,5_d1",54,0,0,0,0,1,0,0,1,0,1,0,1,0,1,1,1,0
"I2win_r06_off4,5_d1",55,0,0,0,0,1,0,0,1,0,1,0,1,0,1,1,1,0
"I2win_r06_off4,5_d1",56,0,0,0,0,1,0,0,1,0,1,0,1,0,1,1,1,0
"I2win_r06_off4,5_d1",57,0,0,0,0,1,0,0,1,0,1,0,1,0,1,1,1,0
"I2win_r06_off4,5_d1",58,0,0,0,0,1,0,0,1,0,1,0,1,0,1,1,1,0
"I2win_r06_off4,5_d1",59,0,0,0,0,1,0,0,1,0,1,0,1,1,0,1,1,0
"I2win_r06_off4,5_d1",60,0,1,0,1,1,0,1,0,1,1,0,0,0,0,1,1,0
"I2win_r06_off4,5_d1",61,1,1,0,1,0,0,0,0,0,1,0,1,0,1,1,1,0
"I2win_r06_off4,5_d1",62,1,1,0,1,0,0,0,0,0,1,0,1,0,1,1,1,0
"I2win_r06_off4,5_d1",63,1,1,0,1,0,0,0,0,0,1,0,1,0,1,1,1,0
"I2win_r06_off4,5_d1",64,1,1,0,1,0,0,0,0,0,1,0,1,0,1,1,1,0
"I2win_r06_off4,5_d1",65,1,1,0,1,0,0,0,0,0,1,0,1,0,1,1,1,0
"I2win_r06_off4,5_d1",66,1,1,0,1,0,0,0,0,0,1,0,1,0,1,1,1,0
"I2win_r06_off4,5_d1",67,1,1,0,1,0,0,0,0,0,1,0,1,0,1,1,1,0
"I2win_r06_off4,5_d1",68,1,1,0,1,0,0,0,0,0,1,0,1,0,1,1,1,0
"I2win_r06_off4,5_d1",69,1,1,0,1,0,0,0,0,0,1,0,1,0,1,1,1,0
"I2win_r06_off4,5_d1",70,1,1,0,1,0,0,0,0,0,1,0,1,1,0,1,1,0
"I2win_r06_off4,5_d1",71,1,1,0,1,0,0,1,1,1,1,1,0,0,0,1,1,0
"I2win_r06_off4,5_d1",72,1,1,0,1,1,0,0,1,0,1,0,1,0,1,1,1,0
"I2win_r06_off4,5_d1",73,1,1,0,1,1,0,0,1,0,1,0,1,0,1,1,1,0
"I2win_r06_off4,5_d1",74,1,1,0,1,1,0,0,1,0,1,0,1,0,1,1,1,0
"I2win_r06_off4,5_d1",75,1,1,0,1,1,0,0,1,0,1,0,1,0,1,1,1,0
"I2win_r06_off4,5_d1",76,1,1,0,1,1,0,0,1,0,1,0,1,0,1,1,1,0
"I2win_r06_off4,5_d1",77,1,1,0,1,1,0,0,1,0,1,0,1,0,1,1,1,0
"I2win_r06_off4,5_d1",78,1,1,0,1,1,0,0,1,0,1,0,1,0,1,1,1,0
"I2win_r06_off4,5_d1",79,1,1,0,1,1,0,0,1,0,1,0,1,0,1,1,1,0
"I2win_r06_off4,5_d1",80,1,1,0,1,1,0,0,1,0,1,0,1,0,1,1,1,0
"I2win_r06_off4,5_d1",81,1,1,0,1,1,0,0,1,0,1,0,1,1,0,1,1,0
"I2win_r06_off4,5_d1",82,1,0,1,1,1,0,1,0,1,1,0,0,0,0,0,1,0
"I2win_r06_off4,5_d1",83,0,0,0,0,0,1,0,0,0,0,0,1,0,1,0,1,0
"I2win_r06_off4,5_d1",84,0,0,0,0,0,1,0,0,0,0,0,1,0,1,0,1,0
"I2win_r06_off4,5_d1",85,0,0,0,0,0,1,0,0,0,0,0,1,0,1,0,1,0
"I2win_r06_off4,5_d1",86,0,0,0,0,0,1,0,0,0,0,0,1,0,1,0,1,0
"I2win_r06_off4,5_d1",87,0,0,0,0,0,1,0,0,0,0,0,1,0,1,0,1,0
"I2win_r06_off4,5_d1",88,0,0,0,0,0,1,0,0,0,0,0,1,0,1,0,1,0
"I2win_r06_off4,5_d1",89,0,0,0,0,0,1,0,0,0,0,0,1,0,1,0,1,0
"I2win_r06_off4,5_d1",90,0,0,0,0,0,1,0,0,0,0,0,1,0,1,0,1,0
"I2win_r06_off4,5_d1",91,0,0,0,0,0,1,0,0,0,0,0,1,0,1,0,1,0
"I2win_r06_off4,5_d1",92,0,0,0,0,0,1,0,0,0,0,0,1,1,0,0,1,0
"I2win_r06_off4,5_d1",93,0,0,0,0,0,1,1,1,1,1,1,0,0,0,0,1,0
"I2win_r06_off4,5_d1",94,0,0,0,0,1,1,0,1,0,0,0,1,0,1,0,1,0
"I2win_r06_off4,5_d1",95,0,0,0,0,1,1,0,1,0,0,0,1,0,1,0,1,0
"I2win_r06_off4,5_d1",96,0,0,0,0,1,1,0,1,0,0,0,1,0,1,0,1,0
"I2win_r06_off4,5_d1",97,0,0,0,0,1,1,0,1,0,0,0,1,0,1,0,1,0
"I2win_r06_off4,5_d1",98,0,0,0,0,1,1,0,1,0,0,0,1,0,1,0,1,0
"I2win_r06_off4,5_d1",99,0,0,0,0,1,1,0,1,0,0,0,1,0,1,0,1,0
"I2win_r06_off4,5_d1",100,0,0,0,0,1,1,0,1,0,0,0,1,0,1,0,1,0
"I2win_r06_off4,5_d1",101,0,0,0,0,1,1,0,1,0,0,0,1,0,1,0,1,0
"I2win_r06_off4,5_d1",102,0,0,0,0,1,1,0,1,0,0,0,1,0,1,0,1,0
"I2win_r06_off4,5_d1",103,0,0,0,0,1,1,0,1,0,0,0,1,1,0,0,1,0
"I2win_r06_off4,5_d1",104,0,1,0,1,1,1,1,0,1,1,0,0,0,0,0,1,0
"I2win_r06_off4,5_d1",105,1,1,0,1,0,1,0,0,0,0,0,1,0,1,0,1,0
"I2win_r06_off4,5_d1",106,1,1,0,1,0,1,0,0,0,0,0,1,0,1,0,1,0
"I2win_r06_off4,5_d1",107,1,1,0,1,0,1,0,0,0,0,0,1,0,1,0,1,0
"I2win_r06_off4,5_d1",108,1,1,0,1,0,1,0,0,0,0,0,1,0,1,0,1,0
"I2win_r06_off4,5_d1",109,1,1,0,1,0,1,0,0,0,0,0,1,0,1,0,1,0
"I2win_r06_off4,5_d1",110,1,1,0,1,0,1,0,0,0,0,0,1,0,1,0,1,0
"I2win_r06_off4,5_d1",111,1,1,0,1,0,1,0,0,0,0,0,1,0,1,0,1,0
"I2win_r06_off4,5_d1",112,1,1,0,1,0,1,0,0,0,0,0,1,0,1,0,1,0
"I2win_r06_off4,5_d1",113,1,1,0,1,0,1,0,0,0,0,0,1,0,1,0,1,0
"I2win_r06_off4,5_d1",114,1,1,0,1,0,1,0,0,0,0,0,1,1,0,0,1,0
"I2win_r06_off4,5_d1",115,1,1,0,1,0,1,1,1,1,1,1,0,0,0,0,1,0
"I2win_r06_off4,5_d1",116,1,1,0,1,1,1,0,1,0,0,0,1,0,1,0,1,1
"I2win_r06_off4,5_d1",117,1,1,0,1,1,1,0,1,0,0,0,1,0,1,0,1,1
"I2win_r06_off4,5_d1",118,1,1,0,1,1,1,0,1,0,0,0,1,0,1,0,1,1
"I2win_r06_off4,5_d1",119,1,1,0,1,1,1,0,1,0,0,0,1,0,1,0,1,1
"I2win_r06_off4,5_d1",120,1,1,0,1,1,1,0,1,0,0,0,1,0,1,0,1,1
"I2win_r07_off7,8_d1",0,0,0,0,0,0,0,0,0,0,0,0,1,0,1,0,1,0
"I2win_r07_off7,8_d1",1,0,0,0,0,0,0,0,0,0,0,0,1,0,1,0,1,0
"I2win_r07_off7,8_d1",2,0,0,0,0,0,0,0,0,0,0,0,1,0,1,0,1,0
"I2win_r07_off7,8_d1",3,0,0,0,0,0,0,0,0,0,0,0,1,0,1,0,1,0
"I2win_r07_off7,8_d1",4,0,0,0,0,0,0,0,0,0,0,0,1,0,1,0,1,0
"I2win_r07_off7,8_d1",5,0,0,0,0,0,0,0,0,0,0,0,1,0,1,0,1,0
"I2win_r07_off7,8_d1",6,0,0,0,0,0,0,0,0,0,0,0,1,0,1,0,1,0
"I2win_r07_off7,8_d1",7,0,0,0,0,0,0,0,0,0,0,0,1,1,0,0,1,0
"I2win_r07_off7,8_d1",8,0,0,0,0,0,0,1,1,1,1,1,0,0,0,0,1,0
"I2win_r07_off7,8_d1",9,0,0,0,0,1,0,0,1,0,0,0,1,0,1,0,1,0
"I2win_r07_off7,8_d1",10,0,0,0,0,1,0,0,1,0,0,0,1,0,1,0,1,0
"I2win_r07_off7,8_d1",11,0,0,0,0,1,0,0,1,0,0,0,1,0,1,0,1,0
"I2win_r07_off7,8_d1",12,0,0,0,0,1,0,0,1,0,0,0,1,0,1,0,1,0
"I2win_r07_off7,8_d1",13,0,0,0,0,1,0,0,1,0,0,0,1,0,1,0,1,0
"I2win_r07_off7,8_d1",14,0,0,0,0,1,0,0,1,0,0,0,1,0,1,0,1,0
"I2win_r07_off7,8_d1",15,0,0,0,0,1,0,0,1,0,0,0,1,0,1,0,1,0
"I2win_r07_off7,8_d1",16,0,0,0,0,1,0,0,1,0,0,0,1,0,1,0,1,0
"I2win_r07_off7,8_d1",17,0,0,0,0,1,0,0,1,0,0,0,1,0,1,0,1,0
"I2win_r07_off7,8_d1",18,0,0,0,0,1,0,0,1,0,0,0,1,1,0,0,1,0
"I2win_r07_off7,8_d1",19,0,1,0,1,1,0,1,0,1,1,0,0,0,0,0,1,0
"I2win_r07_off7,8_d1",20,1,1,0,1,0,0,0,0,0,0,0,1,0,1,0,1,0
"I2win_r07_off7,8_d1",21,1,1,0,1,0,0,0,0,0,0,0,1,0,1,0,1,0
"I2win_r07_off7,8_d1",22,1,1,0,1,0,0,0,0,0,0,0,1,0,1,0,1,0
"I2win_r07_off7,8_d1",23,1,1,0,1,0,0,0,0,0,0,0,1,0,1,0,1,0
"I2win_r07_off7,8_d1",24,1,1,0,1,0,0,0,0,0,0,0,1,0,1,0,1,0
"I2win_r07_off7,8_d1",25,1,1,0,1,0,0,0,0,0,0,0,1,0,1,0,1,0
"I2win_r07_off7,8_d1",26,1,1,0,1,0,0,0,0,0,0,0,1,0,1,0,1,0
"I2win_r07_off7,8_d1",27,1,1,0,1,0,0,0,0,0,0,0,1,0,1,0,1,0
"I2win_r07_off7,8_d1",28,1,1,0,1,0,0,0,0,0,0,0,1,0,1,0,1,0
"I2win_r07_off7,8_d1",29,1,1,0,1,0,0,0,0,0,0,0,1,1,0,0,1,0
"I2win_r07_off7,8_d1",30,1,1,0,1,0,0,1,1,1,1,1,0,0,0,0,1,0
"I2win_r07_off7,8_d1",31,1,1,0,1,1,0,0,1,0,0,0,1,0,1,0,1,0
"I2win_r07_off7,8_d1",32,1,1,0,1,1,0,0,1,0,0,0,1,0,1,0,1,0
"I2win_r07_off7,8_d1",33,1,1,0,1,1,0,0,1,0,0,0,1,0,1,0,1,0
"I2win_r07_off7,8_d1",34,1,1,0,1,1,0,0,1,0,0,0,1,0,1,0,1,0
"I2win_r07_off7,8_d1",35,1,1,0,1,1,0,0,1,0,0,0,1,0,1,0,1,0
"I2win_r07_off7,8_d1",36,1,1,0,1,1,0,0,1,0,0,0,1,0,1,0,1,0
"I2win_r07_off7,8_d1",37,1,1,0,1,1,0,0,1,0,0,0,1,0,1,0,1,0
"I2win_r07_off7,8_d1",38,1,1,0,1,1,0,0,1,0,0,0,1,0,1,0,1,0
"I2win_r07_off7,8_d1",39,1,1,0,1,1,0,0,1,0,0,0,1,0,1,0,1,0
"I2win_r07_off7,8_d1",40,1,1,0,1,1,0,0,1,0,0,0,1,1,0,0,1,0
"I2win_r07_off7,8_d1",41,1,0,1,1,1,0,1,0,1,1,0,0,0,0,1,1,0
"I2win_r07_off7,8_d1",42,0,0,0,0,0,0,0,0,0,1,0,1,0,1,1,1,0
"I2win_r07_off7,8_d1",43,0,0,0,0,0,0,0,0,0,1,0,1,0,1,1,1,0
"I2win_r07_off7,8_d1",44,0,0,0,0,0,0,0,0,0,1,0,1,0,1,1,1,0
"I2win_r07_off7,8_d1",45,0,0,0,0,0,0,0,0,0,1,0,1,0,1,1,1,0
"I2win_r07_off7,8_d1",46,0,0,0,0,0,0,0,0,0,1,0,1,0,1,1,1,0
"I2win_r07_off7,8_d1",47,0,0,0,0,0,0,0,0,0,1,0,1,0,1,1,1,0
"I2win_r07_off7,8_d1",48,0,0,0,0,0,0,0,0,0,1,0,1,0,1,1,1,0
"I2win_r07_off7,8_d1",49,0,0,0,0,0,0,0,0,0,1,0,1,0,1,1,1,0
"I2win_r07_off7,8_d1",50,0,0,0,0,0,0,0,0,0,1,0,1,0,1,1,1,0
"I2win_r07_off7,8_d1",51,0,0,0,0,0,0,0,0,0,1,0,1,1,0,1,1,0
"I2win_r07_off7,8_d1",52,0,0,0,0,0,0,1,1,1,1,1,0,0,0,1,1,0
"I2win_r07_off7,8_d1",53,0,0,0,0,1,0,0,1,0,1,0,1,0,1,1,1,0
"I2win_r07_off7,8_d1",54,0,0,0,0,1,0,0,1,0,1,0,1,0,1,1,1,0
"I2win_r07_off7,8_d1",55,0,0,0,0,1,0,0,1,0,1,0,1,0,1,1,1,0
"I2win_r07_off7,8_d1",56,0,0,0,0,1,0,0,1,0,1,0,1,0,1,1,1,0
"I2win_r07_off7,8_d1",57,0,0,0,0,1,0,0,1,0,1,0,1,0,1,1,1,0
"I2win_r07_off7,8_d1",58,0,0,0,0,1,0,0,1,0,1,0,1,0,1,1,1,0
"I2win_r07_off7,8_d1",59,0,0,0,0,1,0,0,1,0,1,0,1,0,1,1,1,0
"I2win_r07_off7,8_d1",60,0,0,0,0,1,0,0,1,0,1,0,1,0,1,1,1,0
"I2win_r07_off7,8_d1",61,0,0,0,0,1,0,0,1,0,1,0,1,0,1,1,1,0
"I2win_r07_off7,8_d1",62,0,0,0,0,1,0,0,1,0,1,0,1,1,0,1,1,0
"I2win_r07_off7,8_d1",63,0,1,0,1,1,0,1,0,1,1,0,0,0,0,1,1,0
"I2win_r07_off7,8_d1",64,1,1,0,1,0,0,0,0,0,1,0,1,0,1,1,1,0
"I2win_r07_off7,8_d1",65,1,1,0,1,0,0,0,0,0,1,0,1,0,1,1,1,0
"I2win_r07_off7,8_d1",66,1,1,0,1,0,0,0,0,0,1,0,1,0,1,1,1,0
"I2win_r07_off7,8_d1",67,1,1,0,1,0,0,0,0,0,1,0,1,0,1,1,1,0
"I2win_r07_off7,8_d1",68,1,1,0,1,0,0,0,0,0,1,0,1,0,1,1,1,0
"I2win_r07_off7,8_d1",69,1,1,0,1,0,0,0,0,0,1,0,1,0,1,1,1,0
"I2win_r07_off7,8_d1",70,1,1,0,1,0,0,0,0,0,1,0,1,0,1,1,1,0
"I2win_r07_off7,8_d1",71,1,1,0,1,0,0,0,0,0,1,0,1,0,1,1,1,0
"I2win_r07_off7,8_d1",72,1,1,0,1,0,0,0,0,0,1,0,1,0,1,1,1,0
"I2win_r07_off7,8_d1",73,1,1,0,1,0,0,0,0,0,1,0,1,1,0,1,1,0
"I2win_r07_off7,8_d1",74,1,1,0,1,0,0,1,1,1,1,1,0,0,0,1,1,0
"I2win_r07_off7,8_d1",75,1,1,0,1,1,0,0,1,0,1,0,1,0,1,1,1,0
"I2win_r07_off7,8_d1",76,1,1,0,1,1,0,0,1,0,1,0,1,0,1,1,1,0
"I2win_r07_off7,8_d1",77,1,1,0,1,1,0,0,1,0,1,0,1,0,1,1,1,0
"I2win_r07_off7,8_d1",78,1,1,0,1,1,0,0,1,0,1,0,1,0,1,1,1,0
"I2win_r07_off7,8_d1",79,1,1,0,1,1,0,0,1,0,1,0,1,0,1,1,1,0
"I2win_r07_off7,8_d1",80,1,1,0,1,1,0,0,1,0,1,0,1,0,1,1,1,0
"I2win_r07_off7,8_d1",81,1,1,0,1,1,0,0,1,0,1,0,1,0,1,1,1,0
"I2win_r07_off7,8_d1",82,1,1,0,1,1,0,0,1,0,1,0,1,0,1,1,1,0
"I2win_r07_off7,8_d1",83,1,1,0,1,1,0,0,1,0,1,0,1,0,1,1,1,0
"I2win_r07_off7,8_d1",84,1,1,0,1,1,0,0,1,0,1,0,1,1,0,1,1,0
"I2win_r07_off7,8_d1",85,1,0,1,1,1,0,1,0,1,1,0,0,0,0,0,1,0
"I2win_r07_off7,8_d1",86,0,0,0,0,0,1,0,0,0,0,0,1,0,1,0,1,0
"I2win_r07_off7,8_d1",87,0,0,0,0,0,1,0,0,0,0,0,1,0,1,0,1,0
"I2win_r07_off7,8_d1",88,0,0,0,0,0,1,0,0,0,0,0,1,0,1,0,1,0
"I2win_r07_off7,8_d1",89,0,0,0,0,0,1,0,0,0,0,0,1,0,1,0,1,0
"I2win_r07_off7,8_d1",90,0,0,0,0,0,1,0,0,0,0,0,1,0,1,0,1,0
"I2win_r07_off7,8_d1",91,0,0,0,0,0,1,0,0,0,0,0,1,0,1,0,1,0
"I2win_r07_off7,8_d1",92,0,0,0,0,0,1,0,0,0,0,0,1,0,1,0,1,0
"I2win_r07_off7,8_d1",93,0,0,0,0,0,1,0,0,0,0,0,1,0,1,0,1,0
"I2win_r07_off7,8_d1",94,0,0,0,0,0,1,0,0,0,0,0,1,0,1,0,1,0
"I2win_r07_off7,8_d1",95,0,0,0,0,0,1,0,0,0,0,0,1,1,0,0,1,0
"I2win_r07_off7,8_d1",96,0,0,0,0,0,1,1,1,1,1,1,0,0,0,0,1,0
"I2win_r07_off7,8_d1",97,0,0,0,0,1,1,0,1,0,0,0,1,0,1,0,1,0
"I2win_r07_off7,8_d1",98,0,0,0,0,1,1,0,1,0,0,0,1,0,1,0,1,0
"I2win_r07_off7,8_d1",99,0,0,0,0,1,1,0,1,0,0,0,1,0,1,0,1,0
"I2win_r07_off7,8_d1",100,0,0,0,0,1,1,0,1,0,0,0,1,0,1,0,1,0
"I2win_r07_off7,8_d1",101,0,0,0,0,1,1,0,1,0,0,0,1,0,1,0,1,0
"I2win_r07_off7,8_d1",102,0,0,0,0,1,1,0,1,0,0,0,1,0,1,0,1,0
"I2win_r07_off7,8_d1",103,0,0,0,0,1,1,0,1,0,0,0,1,0,1,0,1,0
"I2win_r07_off7,8_d1",104,0,0,0,0,1,1,0,1,0,0,0,1,0,1,0,1,0
"I2win_r07_off7,8_d1",105,0,0,0,0,1,1,0,1,0,0,0,1,0,1,0,1,0
"I2win_r07_off7,8_d1",106,0,0,0,0,1,1,0,1,0,0,0,1,1,0,0,1,0
"I2win_r07_off7,8_d1",107,0,1,0,1,1,1,1,0,1,1,0,0,0,0,0,1,0
"I2win_r07_off7,8_d1",108,1,1,0,1,0,1,0,0,0,0,0,1,0,1,0,1,0
"I2win_r07_off7,8_d1",109,1,1,0,1,0,1,0,0,0,0,0,1,0,1,0,1,0
"I2win_r07_off7,8_d1",110,1,1,0,1,0,1,0,0,0,0,0,1,0,1,0,1,0
"I2win_r07_off7,8_d1",111,1,1,0,1,0,1,0,0,0,0,0,1,0,1,0,1,0
"I2win_r07_off7,8_d1",112,1,1,0,1,0,1,0,0,0,0,0,1,0,1,0,1,0
"I2win_r07_off7,8_d1",113,1,1,0,1,0,1,0,0,0,0,0,1,0,1,0,1,0
"I2win_r07_off7,8_d1",114,1,1,0,1,0,1,0,0,0,0,0,1,0,1,0,1,0
"I2win_r07_off7,8_d1",115,1,1,0,1,0,1,0,0,0,0,0,1,0,1,0,1,0
"I2win_r07_off7,8_d1",116,1,1,0,1,0,1,0,0,0,0,0,1,0,1,0,1,0
"I2win_r07_off7,8_d1",117,1,1,0,1,0,1,0,0,0,0,0,1,1,0,0,1,0
"I2win_r07_off7,8_d1",118,1,1,0,1,0,1,1,1,1,1,1,0,0,0,0,1,0
"I2win_r07_off7,8_d1",119,1,1,0,1,1,1,0,1,0,0,0,1,0,1,0,1,1
"I2win_r07_off7,8_d1",120,1,1,0,1,1,1,0,1,0,0,0,1,0,1,0,1,1
"I2win_r08_off3,4_d1",0,0,0,0,0,0,0,0,0,0,0,0,1,0,1,0,1,0
"I2win_r08_off3,4_d1",1,0,0,0,0,0,0,0,0,0,0,0,1,0,1,0,1,0
"I2win_r08_off3,4_d1",2,0,0,0,0,0,0,0,0,0,0,0,1,0,1,0,1,0
"I2win_r08_off3,4_d1",3,0,0,0,0,0,0,0,0,0,0,0,1,1,0,0,1,0
"I2win_r08_off3,4_d1",4,0,0,0,0,0,0,1,1,1,1,1,0,0,0,0,1,0
"I2win_r08_off3,4_d1",5,0,0,0,0,1,0,0,1,0,0,0,1,0,1,0,1,0
"I2win_r08_off3,4_d1",6,0,0,0,0,1,0,0,1,0,0,0,1,0,1,0,1,0
"I2win_r08_off3,4_d1",7,0,0,0,0,1,0,0,1,0,0,0,1,0,1,0,1,0
"I2win_r08_off3,4_d1",8,0,0,0,0,1,0,0,1,0,0,0,1,0,1,0,1,0
"I2win_r08_off3,4_d1",9,0,0,0,0,1,0,0,1,0,0,0,1,0,1,0,1,0
"I2win_r08_off3,4_d1",10,0,0,0,0,1,0,0,1,0,0,0,1,0,1,0,1,0
"I2win_r08_off3,4_d1",11,0,0,0,0,1,0,0,1,0,0,0,1,0,1,0,1,0
"I2win_r08_off3,4_d1",12,0,0,0,0,1,0,0,1,0,0,0,1,0,1,0,1,0
"I2win_r08_off3,4_d1",13,0,0,0,0,1,0,0,1,0,0,0,1,0,1,0,1,0
"I2win_r08_off3,4_d1",14,0,0,0,0,1,0,0,1,0,0,0,1,1,0,0,1,0
"I2win_r08_off3,4_d1",15,0,1,0,1,1,0,1,0,1,1,0,0,0,0,0,1,0
"I2win_r08_off3,4_d1",16,1,1,0,1,0,0,0,0,0,0,0,1,0,1,0,1,0
"I2win_r08_off3,4_d1",17,1,1,0,1,0,0,0,0,0,0,0,1,0,1,0,1,0
"I2win_r08_off3,4_d1",18,1,1,0,1,0,0,0,0,0,0,0,1,0,1,0,1,0
"I2win_r08_off3,4_d1",19,1,1,0,1,0,0,0,0,0,0,0,1,0,1,0,1,0
"I2win_r08_off3,4_d1",20,1,1,0,1,0,0,0,0,0,0,0,1,0,1,0,1,0
"I2win_r08_off3,4_d1",21,1,1,0,1,0,0,0,0,0,0,0,1,0,1,0,1,0
"I2win_r08_off3,4_d1",22,1,1,0,1,0,0,0,0,0,0,0,1,0,1,0,1,0
"I2win_r08_off3,4_d1",23,1,1,0,1,0,0,0,0,0,0,0,1,0,1,0,1,0
"I2win_r08_off3,4_d1",24,1,1,0,1,0,0,0,0,0,0,0,1,0,1,0,1,0
"I2win_r08_off3,4_d1",25,1,1,0,1,0,0,0,0,0,0,0,1,1,0,0,1,0
"I2win_r08_off3,4_d1",26,1,1,0,1,0,0,1,1,1,1,1,0,0,0,0,1,0
"I2win_r08_off3,4_d1",27,1,1,0,1,1,0,0,1,0,0,0,1,0,1,0,1,0
"I2win_r08_off3,4_d1",28,1,1,0,1,1,0,0,1,0,0,0,1,0,1,0,1,0
"I2win_r08_off3,4_d1",29,1,1,0,1,1,0,0,1,0,0,0,1,0,1,0,1,0
"I2win_r08_off3,4_d1",30,1,1,0,1,1,0,0,1,0,0,0,1,0,1,0,1,0
"I2win_r08_off3,4_d1",31,1,1,0,1,1,0,0,1,0,0,0,1,0,1,0,1,0
"I2win_r08_off3,4_d1",32,1,1,0,1,1,0,0,1,0,0,0,1,0,1,0,1,0
"I2win_r08_off3,4_d1",33,1,1,0,1,1,0,0,1,0,0,0,1,0,1,0,1,0
"I2win_r08_off3,4_d1",34,1,1,0,1,1,0,0,1,0,0,0,1,0,1,0,1,0
"I2win_r08_off3,4_d1",35,1,1,0,1,1,0,0,1,0,0,0,1,0,1,0,1,0
"I2win_r08_off3,4_d1",36,1,1,0,1,1,0,0,1,0,0,0,1,1,0,0,1,0
"I2win_r08_off3,4_d1",37,1,0,1,1,1,0,1,0,1,1,0,0,0,0,1,1,0
"I2win_r08_off3,4_d1",38,0,0,0,0,0,0,0,0,0,1,0,1,0,1,1,1,0
"I2win_r08_off3,4_d1",39,0,0,0,0,0,0,0,0,0,1,0,1,0,1,1,1,0
"I2win_r08_off3,4_d1",40,0,0,0,0,0,0,0,0,0,1,0,1,0,1,1,1,0
"I2win_r08_off3,4_d1",41,0,0,0,0,0,0,0,0,0,1,0,1,0,1,1,1,0
"I2win_r08_off3,4_d1",42,0,0,0,0,0,0,0,0,0,1,0,1,0,1,1,1,0
"I2win_r08_off3,4_d1",43,0,0,0,0,0,0,0,0,0,1,0,1,0,1,1,1,0
"I2win_r08_off3,4_d1",44,0,0,0,0,0,0,0,0,0,1,0,1,0,1,1,1,0
"I2win_r08_off3,4_d1",45,0,0,0,0,0,0,0,0,0,1,0,1,0,1,1,1,0
"I2win_r08_off3,4_d1",46,0,0,0,0,0,0,0,0,0,1,0,1,0,1,1,1,0
"I2win_r08_off3,4_d1",47,0,0,0,0,0,0,0,0,0,1,0,1,1,0,1,1,0
"I2win_r08_off3,4_d1",48,0,0,0,0,0,0,1,1,1,1,1,0,0,0,1,1,0
"I2win_r08_off3,4_d1",49,0,0,0,0,1,0,0,1,0,1,0,1,0,1,1,1,0
"I2win_r08_off3,4_d1",50,0,0,0,0,1,0,0,1,0,1,0,1,0,1,1,1,0
"I2win_r08_off3,4_d1",51,0,0,0,0,1,0,0,1,0,1,0,1,0,1,1,1,0
"I2win_r08_off3,4_d1",52,0,0,0,0,1,0,0,1,0,1,0,1,0,1,1,1,0
"I2win_r08_off3,4_d1",53,0,0,0,0,1,0,0,1,0,1,0,1,0,1,1,1,0
"I2win_r08_off3,4_d1",54,0,0,0,0,1,0,0,1,0,1,0,1,0,1,1,1,0
"I2win_r08_off3,4_d1",55,0,0,0,0,1,0,0,1,0,1,0,1,0,1,1,1,0
"I2win_r08_off3,4_d1",56,0,0,0,0,1,0,0,1,0,1,0,1,0,1,1,1,0
"I2win_r08_off3,4_d1",57,0,0,0,0,1,0,0,1,0,1,0,1,0,1,1,1,0
"I2win_r08_off3,4_d1",58,0,0,0,0,1,0,0,1,0,1,0,1,1,0,1,1,0
"I2win_r08_off3,4_d1",59,0,1,0,1,1,0,1,0,1,1,0,0,0,0,1,1,0
"I2win_r08_off3,4_d1",60,1,1,0,1,0,0,0,0,0,1,0,1,0,1,1,1,0
"I2win_r08_off3,4_d1",61,1,1,0,1,0,0,0,0,0,1,0,1,0,1,1,1,0
"I2win_r08_off3,4_d1",62,1,1,0,1,0,0,0,0,0,1,0,1,0,1,1,1,0
"I2win_r08_off3,4_d1",63,1,1,0,1,0,0,0,0,0,1,0,1,0,1,1,1,0
"I2win_r08_off3,4_d1",64,1,1,0,1,0,0,0,0,0,1,0,1,0,1,1,1,0
"I2win_r08_off3,4_d1",65,1,1,0,1,0,0,0,0,0,1,0,1,0,1,1,1,0
"I2win_r08_off3,4_d1",66,1,1,0,1,0,0,0,0,0,1,0,1,0,1,1,1,0
"I2win_r08_off3,4_d1",67,1,1,0,1,0,0,0,0,0,1,0,1,0,1,1,1,0
"I2win_r08_off3,4_d1",68,1,1,0,1,0,0,0,0,0,1,0,1,0,1,1,1,0
"I2win_r08_off3,4_d1",69,1,1,0,1,0,0,0,0,0,1,0,1,1,0,1,1,0
"I2win_r08_off3,4_d1",70,1,1,0,1,0,0,1,1,1,1,1,0,0,0,1,1,0
"I2win_r08_off3,4_d1",71,1,1,0,1,1,0,0,1,0,1,0,1,0,1,1,1,0
"I2win_r08_off3,4_d1",72,1,1,0,1,1,0,0,1,0,1,0,1,0,1,1,1,0
"I2win_r08_off3,4_d1",73,1,1,0,1,1,0,0,1,0,1,0,1,0,1,1,1,0
"I2win_r08_off3,4_d1",74,1,1,0,1,1,0,0,1,0,1,0,1,0,1,1,1,0
"I2win_r08_off3,4_d1",75,1,1,0,1,1,0,0,1,0,1,0,1,0,1,1,1,0
"I2win_r08_off3,4_d1",76,1,1,0,1,1,0,0,1,0,1,0,1,0,1,1,1,0
"I2win_r08_off3,4_d1",77,1,1,0,1,1,0,0,1,0,1,0,1,0,1,1,1,0
"I2win_r08_off3,4_d1",78,1,1,0,1,1,0,0,1,0,1,0,1,0,1,1,1,0
"I2win_r08_off3,4_d1",79,1,1,0,1,1,0,0,1,0,1,0,1,0,1,1,1,0
"I2win_r08_off3,4_d1",80,1,1,0,1,1,0,0,1,0,1,0,1,1,0,1,1,0
"I2win_r08_off3,4_d1",81,1,0,1,1,1,0,1,0,1,1,0,0,0,0,0,1,0
"I2win_r08_off3,4_d1",82,0,0,0,0,0,1,0,0,0,0,0,1,0,1,0,1,0
"I2win_r08_off3,4_d1",83,0,0,0,0,0,1,0,0,0,0,0,1,0,1,0,1,0
"I2win_r08_off3,4_d1",84,0,0,0,0,0,1,0,0,0,0,0,1,0,1,0,1,0
"I2win_r08_off3,4_d1",85,0,0,0,0,0,1,0,0,0,0,0,1,0,1,0,1,0
"I2win_r08_off3,4_d1",86,0,0,0,0,0,1,0,0,0,0,0,1,0,1,0,1,0
"I2win_r08_off3,4_d1",87,0,0,0,0,0,1,0,0,0,0,0,1,0,1,0,1,0
"I2win_r08_off3,4_d1",88,0,0,0,0,0,1,0,0,0,0,0,1,0,1,0,1,0
"I2win_r08_off3,4_d1",89,0,0,0,0,0,1,0,0,0,0,0,1,0,1,0,1,0
"I2win_r08_off3,4_d1",90,0,0,0,0,0,1,0,0,0,0,0,1,0,1,0,1,0
"I2win_r08_off3,4_d1",91,0,0,0,0,0,1,0,0,0,0,0,1,1,0,0,1,0
"I2win_r08_off3,4_d1",92,0,0,0,0,0,1,1,1,1,1,1,0,0,0,0,1,0
"I2win_r08_off3,4_d1",93,0,0,0,0,1,1,0,1,0,0,0,1,0,1,0,1,0
"I2win_r08_off3,4_d1",94,0,0,0,0,1,1,0,1,0,0,0,1,0,1,0,1,0
"I2win_r08_off3,4_d1",95,0,0,0,0,1,1,0,1,0,0,0,1,0,1,0,1,0
"I2win_r08_off3,4_d1",96,0,0,0,0,1,1,0,1,0,0,0,1,0,1,0,1,0
"I2win_r08_off3,4_d1",97,0,0,0,0,1,1,0,1,0,0,0,1,0,1,0,1,0
"I2win_r08_off3,4_d1",98,0,0,0,0,1,1,0,1,0,0,0,1,0,1,0,1,0
"I2win_r08_off3,4_d1",99,0,0,0,0,1,1,0,1,0,0,0,1,0,1,0,1,0
"I2win_r08_off3,4_d1",100,0,0,0,0,1,1,0,1,0,0,0,1,0,1,0,1,0
"I2win_r08_off3,4_d1",101,0,0,0,0,1,1,0,1,0,0,0,1,0,1,0,1,0
"I2win_r08_off3,4_d1",102,0,0,0,0,1,1,0,1,0,0,0,1,1,0,0,1,0
"I2win_r08_off3,4_d1",103,0,1,0,1,1,1,1,0,1,1,0,0,0,0,0,1,0
"I2win_r08_off3,4_d1",104,1,1,0,1,0,1,0,0,0,0,0,1,0,1,0,1,0
"I2win_r08_off3,4_d1",105,1,1,0,1,0,1,0,0,0,0,0,1,0,1,0,1,0
"I2win_r08_off3,4_d1",106,1,1,0,1,0,1,0,0,0,0,0,1,0,1,0,1,0
"I2win_r08_off3,4_d1",107,1,1,0,1,0,1,0,0,0,0,0,1,0,1,0,1,0
"I2win_r08_off3,4_d1",108,1,1,0,1,0,1,0,0,0,0,0,1,0,1,0,1,0
"I2win_r08_off3,4_d1",109,1,1,0,1,0,1,0,0,0,0,0,1,0,1,0,1,0
"I2win_r08_off3,4_d1",110,1,1,0,1,0,1,0,0,0,0,0,1,0,1,0,1,0
"I2win_r08_off3,4_d1",111,1,1,0,1,0,1,0,0,0,0,0,1,0,1,0,1,0
"I2win_r08_off3,4_d1",112,1,1,0,1,0,1,0,0,0,0,0,1,0,1,0,1,0
"I2win_r08_off3,4_d1",113,1,1,0,1,0,1,0,0,0,0,0,1,1,0,0,1,0
"I2win_r08_off3,4_d1",114,1,1,0,1,0,1,1,1,1,1,1,0,0,0,0,1,0
"I2win_r08_off3,4_d1",115,1,1,0,1,1,1,0,1,0,0,0,1,0,1,0,1,1
"I2win_r08_off3,4_d1",116,1,1,0,1,1,1,0,1,0,0,0,1,0,1,0,1,1
"I2win_r08_off3,4_d1",117,1,1,0,1,1,1,0,1,0,0,0,1,0,1,0,1,1
"I2win_r08_off3,4_d1",118,1,1,0,1,1,1,0,1,0,0,0,1,0,1,0,1,1
"I2win_r08_off3,4_d1",119,1,1,0,1,1,1,0,1,0,0,0,1,0,1,0,1,1
"I2win_r08_off3,4_d1",120,1,1,0,1,1,1,0,1,0,0,0,1,0,1,0,1,1
"I2win_r09_off4,8_d4",0,0,0,0,0,0,0,0,0,0,0,0,1,0,1,0,1,0
"I2win_r09_off4,8_d4",1,0,0,0,0,0,0,0,0,0,0,0,1,0,1,0,1,0
"I2win_r09_off4,8_d4",2,0,0,0,0,0,0,0,0,0,0,0,1,0,1,0,1,0
"I2win_r09_off4,8_d4",3,0,0,0,0,0,0,0,0,0,0,0,1,0,1,0,1,0
"I2win_r09_off4,8_d4",4,0,0,0,0,0,0,0,0,0,0,0,1,1,0,0,1,0
"I2win_r09_off4,8_d4",5,0,0,0,0,0,0,0,0,1,1,1,1,1,0,0,1,0
"I2win_r09_off4,8_d4",6,0,0,0,0,0,0,0,0,1,1,1,1,1,0,0,1,0
"I2win_r09_off4,8_d4",7,0,0,0,0,0,0,0,0,1,1,1,1,1,0,0,1,0
"I2win_r09_off4,8_d4",8,0,0,0,0,0,0,1,1,1,1,1,0,0,0,0,1,0
"I2win_r09_off4,8_d4",9,0,0,0,0,1,0,0,1,0,0,0,1,0,1,0,1,0
"I2win_r09_off4,8_d4",10,0,0,0,0,1,0,0,1,0,0,0,1,0,1,0,1,0
"I2win_r09_off4,8_d4",11,0,0,0,0,1,0,0,1,0,0,0,1,0,1,0,1,0
"I2win_r09_off4,8_d4",12,0,0,0,0,1,0,0,1,0,0,0,1,0,1,0,1,0
"I2win_r09_off4,8_d4",13,0,0,0,0,1,0,0,1,0,0,0,1,0,1,0,1,0
"I2win_r09_off4,8_d4",14,0,0,0,0,1,0,0,1,0,0,0,1,0,1,0,1,0
"I2win_r09_off4,8_d4",15,0,0,0,0,1,0,0,1,0,0,0,1,1,0,0,1,0
"I2win_r09_off4,8_d4",16,0,0,0,0,1,0,0,1,1,1,0,1,1,0,0,1,0
"I2win_r09_off4,8_d4",17,0,0,0,0,1,0,0,1,1,1,0,1,1,0,0,1,0
"I2win_r09_off4,8_d4",18,0,0,0,0,1,0,0,1,1,1,0,1,1,0,0,1,0
"I2win_r09_off4,8_d4",19,0,1,0,1,1,0,1,0,1,1,0,0,0,0,0,1,0
"I2win_r09_off4,8_d4",20,1,1,0,1,0,0,0,0,0,0,0,1,0,1,0,1,0
"I2win_r09_off4,8_d4",21,1,1,0,1,0,0,0,0,0,0,0,1,0,1,0,1,0
"I2win_r09_off4,8_d4",22,1,1,0,1,0,0,0,0,0,0,0,1,0,1,0,1,0
"I2win_r09_off4,8_d4",23,1,1,0,1,0,0,0,0,0,0,0,1,0,1,0,1,0
"I2win_r09_off4,8_d4",24,1,1,0,1,0,0,0,0,0,0,0,1,0,1,0,1,0
"I2win_r09_off4,8_d4",25,1,1,0,1,0,0,0,0,0,0,0,1,0,1,0,1,0
"I2win_r09_off4,8_d4",26,1,1,0,1,0,0,0,0,0,0,0,1,1,0,0,1,0
"I2win_r09_off4,8_d4",27,1,1,0,1,0,0,0,0,1,1,1,1,1,0,0,1,0
"I2win_r09_off4,8_d4",28,1,1,0,1,0,0,0,0,1,1,1,1,1,0,0,1,0
"I2win_r09_off4,8_d4",29,1,1,0,1,0,0,0,0,1,1,1,1,1,0,0,1,0
"I2win_r09_off4,8_d4",30,1,1,0,1,0,0,1,1,1,1,1,0,0,0,0,1,0
"I2win_r09_off4,8_d4",31,1,1,0,1,1,0,0,1,0,0,0,1,0,1,0,1,0
"I2win_r09_off4,8_d4",32,1,1,0,1,1,0,0,1,0,0,0,1,0,1,0,1,0
"I2win_r09_off4,8_d4",33,1,1,0,1,1,0,0,1,0,0,0,1,0,1,0,1,0
"I2win_r09_off4,8_d4",34,1,1,0,1,1,0,0,1,0,0,0,1,0,1,0,1,0
"I2win_r09_off4,8_d4",35,1,1,0,1,1,0,0,1,0,0,0,1,0,1,0,1,0
"I2win_r09_off4,8_d4",36,1,1,0,1,1,0,0,1,0,0,0,1,0,1,0,1,0
"I2win_r09_off4,8_d4",37,1,1,0,1,1,0,0,1,0,0,0,1,1,0,0,1,0
"I2win_r09_off4,8_d4",38,1,1,0,1,1,0,0,1,1,1,0,1,1,0,0,1,0
"I2win_r09_off4,8_d4",39,1,1,0,1,1,0,0,1,1,1,0,1,1,0,0,1,0
"I2win_r09_off4,8_d4",40,1,1,0,1,1,0,0,1,1,1,0,1,1,0,0,1,0
"I2win_r09_off4,8_d4",41,1,0,1,1,1,0,1,0,1,1,0,0,0,0,1,1,0
"I2win_r09_off4,8_d4",42,0,0,0,0,0,0,0,0,0,1,0,1,0,1,1,1,0
"I2win_r09_off4,8_d4",43,0,0,0,0,0,0,0,0,0,1,0,1,0,1,1,1,0
"I2win_r09_off4,8_d4",44,0,0,0,0,0,0,0,0,0,1,0,1,0,1,1,1,0
"I2win_r09_off4,8_d4",45,0,0,0,0,0,0,0,0,0,1,0,1,0,1,1,1,0
"I2win_r09_off4,8_d4",46,0,0,0,0,0,0,0,0,0,1,0,1,0,1,1,1,0
"I2win_r09_off4,8_d4",47,0,0,0,0,0,0,0,0,0,1,0,1,0,1,1,1,0
"I2win_r09_off4,8_d4",48,0,0,0,0,0,0,0,0,0,1,0,1,1,0,1,1,0
"I2win_r09_off4,8_d4",49,0,0,0,0,0,0,0,0,1,1,1,1,1,0,1,1,0
"I2win_r09_off4,8_d4",50,0,0,0,0,0,0,0,0,1,1,1,1,1,0,1,1,0
"I2win_r09_off4,8_d4",51,0,0,0,0,0,0,0,0,1,1,1,1,1,0,1,1,0
"I2win_r09_off4,8_d4",52,0,0,0,0,0,0,1,1,1,1,1,0,0,0,1,1,0
"I2win_r09_off4,8_d4",53,0,0,0,0,1,0,0,1,0,1,0,1,0,1,1,1,0
"I2win_r09_off4,8_d4",54,0,0,0,0,1,0,0,1,0,1,0,1,0,1,1,1,0
"I2win_r09_off4,8_d4",55,0,0,0,0,1,0,0,1,0,1,0,1,0,1,1,1,0
"I2win_r09_off4,8_d4",56,0,0,0,0,1,0,0,1,0,1,0,1,0,1,1,1,0
"I2win_r09_off4,8_d4",57,0,0,0,0,1,0,0,1,0,1,0,1,0,1,1,1,0
"I2win_r09_off4,8_d4",58,0,0,0,0,1,0,0,1,0,1,0,1,0,1,1,1,0
"I2win_r09_off4,8_d4",59,0,0,0,0,1,0,0,1,0,1,0,1,1,0,1,1,0
"I2win_r09_off4,8_d4",60,0,0,0,0,1,0,0,1,1,1,0,1,1,0,1,1,0
"I2win_r09_off4,8_d4",61,0,0,0,0,1,0,0,1,1,1,0,1,1,0,1,1,0
"I2win_r09_off4,8_d4",62,0,0,0,0,1,0,0,1,1,1,0,1,1,0,1,1,0
"I2win_r09_off4,8_d4",63,0,1,0,1,1,0,1,0,1,1,0,0,0,0,1,1,0
"I2win_r09_off4,8_d4",64,1,1,0,1,0,0,0,0,0,1,0,1,0,1,1,1,0
"I2win_r09_off4,8_d4",65,1,1,0,1,0,0,0,0,0,1,0,1,0,1,1,1,0
"I2win_r09_off4,8_d4",66,1,1,0,1,0,0,0,0,0,1,0,1,0,1,1,1,0
"I2win_r09_off4,8_d4",67,1,1,0,1,0,0,0,0,0,1,0,1,0,1,1,1,0
"I2win_r09_off4,8_d4",68,1,1,0,1,0,0,0,0,0,1,0,1,0,1,1,1,0
"I2win_r09_off4,8_d4",69,1,1,0,1,0,0,0,0,0,1,0,1,0,1,1,1,0
"I2win_r09_off4,8_d4",70,1,1,0,1,0,0,0,0,0,1,0,1,1,0,1,1,0
"I2win_r09_off4,8_d4",71,1,1,0,1,0,0,0,0,1,1,1,1,1,0,1,1,0
"I2win_r09_off4,8_d4",72,1,1,0,1,0,0,0,0,1,1,1,1,1,0,1,1,0
"I2win_r09_off4,8_d4",73,1,1,0,1,0,0,0,0,1,1,1,1,1,0,1,1,0
"I2win_r09_off4,8_d4",74,1,1,0,1,0,0,1,1,1,1,1,0,0,0,1,1,0
"I2win_r09_off4,8_d4",75,1,1,0,1,1,0,0,1,0,1,0,1,0,1,1,1,0
"I2win_r09_off4,8_d4",76,1,1,0,1,1,0,0,1,0,1,0,1,0,1,1,1,0
"I2win_r09_off4,8_d4",77,1,1,0,1,1,0,0,1,0,1,0,1,0,1,1,1,0
"I2win_r09_off4,8_d4",78,1,1,0,1,1,0,0,1,0,1,0,1,0,1,1,1,0
"I2win_r09_off4,8_d4",79,1,1,0,1,1,0,0,1,0,1,0,1,0,1,1,1,0
"I2win_r09_off4,8_d4",80,1,1,0,1,1,0,0,1,0,1,0,1,0,1,1,1,0
"I2win_r09_off4,8_d4",81,1,1,0,1,1,0,0,1,0,1,0,1,1,0,1,1,0
"I2win_r09_off4,8_d4",82,1,1,0,1,1,0,0,1,1,1,0,1,1,0,1,1,0
"I2win_r09_off4,8_d4",83,1,1,0,1,1,0,0,1,1,1,0,1,1,0,1,1,0
"I2win_r09_off4,8_d4",84,1,1,0,1,1,0,0,1,1,1,0,1,1,0,1,1,0
"I2win_r09_off4,8_d4",85,1,0,1,1,1,0,1,0,1,1,0,0,0,0,0,1,0
"I2win_r09_off4,8_d4",86,0,0,0,0,0,1,0,0,0,0,0,1,0,1,0,1,0
"I2win_r09_off4,8_d4",87,0,0,0,0,0,1,0,0,0,0,0,1,0,1,0,1,0
"I2win_r09_off4,8_d4",88,0,0,0,0,0,1,0,0,0,0,0,1,0,1,0,1,0
"I2win_r09_off4,8_d4",89,0,0,0,0,0,1,0,0,0,0,0,1,0,1,0,1,0
"I2win_r09_off4,8_d4",90,0,0,0,0,0,1,0,0,0,0,0,1,0,1,0,1,0
"I2win_r09_off4,8_d4",91,0,0,0,0,0,1,0,0,0,0,0,1,0,1,0,1,0
"I2win_r09_off4,8_d4",92,0,0,0,0,0,1,0,0,0,0,0,1,1,0,0,1,0
"I2win_r09_off4,8_d4",93,0,0,0,0,0,1,0,0,1,1,1,1,1,0,0,1,0
"I2win_r09_off4,8_d4",94,0,0,0,0,0,1,0,0,1,1,1,1,1,0,0,1,0
"I2win_r09_off4,8_d4",95,0,0,0,0,0,1,0,0,1,1,1,1,1,0,0,1,0
"I2win_r09_off4,8_d4",96,0,0,0,0,0,1,1,1,1,1,1,0,0,0,0,1,0
"I2win_r09_off4,8_d4",97,0,0,0,0,1,1,0,1,0,0,0,1,0,1,0,1,0
"I2win_r09_off4,8_d4",98,0,0,0,0,1,1,0,1,0,0,0,1,0,1,0,1,0
"I2win_r09_off4,8_d4",99,0,0,0,0,1,1,0,1,0,0,0,1,0,1,0,1,0
"I2win_r09_off4,8_d4",100,0,0,0,0,1,1,0,1,0,0,0,1,0,1,0,1,0
"I2win_r09_off4,8_d4",101,0,0,0,0,1,1,0,1,0,0,0,1,0,1,0,1,0
"I2win_r09_off4,8_d4",102,0,0,0,0,1,1,0,1,0,0,0,1,0,1,0,1,0
"I2win_r09_off4,8_d4",103,0,0,0,0,1,1,0,1,0,0,0,1,1,0,0,1,0
"I2win_r09_off4,8_d4",104,0,0,0,0,1,1,0,1,1,1,0,1,1,0,0,1,0
"I2win_r09_off4,8_d4",105,0,0,0,0,1,1,0,1,1,1,0,1,1,0,0,1,0
"I2win_r09_off4,8_d4",106,0,0,0,0,1,1,0,1,1,1,0,1,1,0,0,1,0
"I2win_r09_off4,8_d4",107,0,1,0,1,1,1,1,0,1,1,0,0,0,0,0,1,0
"I2win_r09_off4,8_d4",108,1,1,0,1,0,1,0,0,0,0,0,1,0,1,0,1,0
"I2win_r09_off4,8_d4",109,1,1,0,1,0,1,0,0,0,0,0,1,0,1,0,1,0
"I2win_r09_off4,8_d4",110,1,1,0,1,0,1,0,0,0,0,0,1,0,1,0,1,0
"I2win_r09_off4,8_d4",111,1,1,0,1,0,1,0,0,0,0,0,1,0,1,0,1,0
"I2win_r09_off4,8_d4",112,1,1,0,1,0,1,0,0,0,0,0,1,0,1,0,1,0
"I2win_r09_off4,8_d4",113,1,1,0,1,0,1,0,0,0,0,0,1,0,1,0,1,0
"I2win_r09_off4,8_d4",114,1,1,0,1,0,1,0,0,0,0,0,1,1,0,0,1,0
"I2win_r09_off4,8_d4",115,1,1,0,1,0,1,0,0,1,1,1,1,1,0,0,1,0
"I2win_r09_off4,8_d4",116,1,1,0,1,0,1,0,0,1,1,1,1,1,0,0,1,0
"I2win_r09_off4,8_d4",117,1,1,0,1,0,1,0,0,1,1,1,1,1,0,0,1,0
"I2win_r09_off4,8_d4",118,1,1,0,1,0,1,1,1,1,1,1,0,0,0,0,1,0
"I2win_r09_off4,8_d4",119,1,1,0,1,1,1,0,1,0,0,0,1,0,1,0,1,1
"I2win_r09_off4,8_d4",120,1,1,0,1,1,1,0,1,0,0,0,1,0,1,0,1,1
"I2win_r10_off1,5_d4",0,0,0,0,0,0,0,0,0,0,0,0,1,0,1,0,1,0
"I2win_r10_off1,5_d4",1,0,0,0,0,0,0,0,0,0,0,0,1,1,0,0,1,0
"I2win_r10_off1,5_d4",2,0,0,0,0,0,0,0,0,1,1,1,1,1,0,0,1,0
"I2win_r10_off1,5_d4",3,0,0,0,0,0,0,0,0,1,1,1,1,1,0,0,1,0
"I2win_r10_off1,5_d4",4,0,0,0,0,0,0,0,0,1,1,1,1,1,0,0,1,0
"I2win_r10_off1,5_d4",5,0,0,0,0,0,0,1,1,1,1,1,0,0,0,0,1,0
"I2win_r10_off1,5_d4",6,0,0,0,0,1,0,0,1,0,0,0,1,0,1,0,1,0
"I2win_r10_off1,5_d4",7,0,0,0,0,1,0,0,1,0,0,0,1,0,1,0,1,0
"I2win_r10_off1,5_d4",8,0,0,0,0,1,0,0,1,0,0,0,1,0,1,0,1,0
"I2win_r10_off1,5_d4",9,0,0,0,0,1,0,0,1,0,0,0,1,0,1,0,1,0
"I2win_r10_off1,5_d4",10,0,0,0,0,1,0,0,1,0,0,0,1,0,1,0,1,0
"I2win_r10_off1,5_d4",11,0,0,0,0,1,0,0,1,0,0,0,1,0,1,0,1,0
"I2win_r10_off1,5_d4",12,0,0,0,0,1,0,0,1,0,0,0,1,1,0,0,1,0
"I2win_r10_off1,5_d4",13,0,0,0,0,1,0,0,1,1,1,0,1,1,0,0,1,0
"I2win_r10_off1,5_d4",14,0,0,0,0,1,0,0,1,1,1,0,1,1,0,0,1,0
"I2win_r10_off1,5_d4",15,0,0,0,0,1,0,0,1,1,1,0,1,1,0,0,1,0
"I2win_r10_off1,5_d4",16,0,1,0,1,1,0,1,0,1,1,0,0,0,0,0,1,0
"I2win_r10_off1,5_d4",17,1,1,0,1,0,0,0,0,0,0,0,1,0,1,0,1,0
"I2win_r10_off1,5_d4",18,1,1,0,1,0,0,0,0,0,0,0,1,0,1,0,1,0
"I2win_r10_off1,5_d4",19,1,1,0,1,0,0,0,0,0,0,0,1,0,1,0,1,0
"I2win_r10_off1,5_d4",20,1,1,0,1,0,0,0,0,0,0,0,1,0,1,0,1,0
"I2win_r10_off1,5_d4",21,1,1,0,1,0,0,0,0,0,0,0,1,0,1,0,1,0
"I2win_r10_off1,5_d4",22,1,1,0,1,0,0,0,0,0,0,0,1,0,1,0,1,0
"I2win_r10_off1,5_d4",23,1,1,0,1,0,0,0,0,0,0,0,1,1,0,0,1,0
"I2win_r10_off1,5_d4",24,1,1,0,1,0,0,0,0,1,1,1,1,1,0,0,1,0
"I2win_r10_off1,5_d4",25,1,1,0,1,0,0,0,0,1,1,1,1,1,0,0,1,0
"I2win_r10_off1,5_d4",26,1,1,0,1,0,0,0,0,1,1,1,1,1,0,0,1,0
"I2win_r10_off1,5_d4",27,1,1,0,1,0,0,1,1,1,1,1,0,0,0,0,1,0
"I2win_r10_off1,5_d4",28,1,1,0,1,1,0,0,1,0,0,0,1,0,1,0,1,0
"I2win_r10_off1,5_d4",29,1,1,0,1,1,0,0,1,0,0,0,1,0,1,0,1,0
"I2win_r10_off1,5_d4",30,1,1,0,1,1,0,0,1,0,0,0,1,0,1,0,1,0
"I2win_r10_off1,5_d4",31,1,1,0,1,1,0,0,1,0,0,0,1,0,1,0,1,0
"I2win_r10_off1,5_d4",32,1,1,0,1,1,0,0,1,0,0,0,1,0,1,0,1,0
"I2win_r10_off1,5_d4",33,1,1,0,1,1,0,0,1,0,0,0,1,0,1,0,1,0
"I2win_r10_off1,5_d4",34,1,1,0,1,1,0,0,1,0,0,0,1,1,0,0,1,0
"I2win_r10_off1,5_d4",35,1,1,0,1,1,0,0,1,1,1,0,1,1,0,0,1,0
"I2win_r10_off1,5_d4",36,1,1,0,1,1,0,0,1,1,1,0,1,1,0,0,1,0
"I2win_r10_off1,5_d4",37,1,1,0,1,1,0,0,1,1,1,0,1,1,0,0,1,0
"I2win_r10_off1,5_d4",38,1,0,1,1,1,0,1,0,1,1,0,0,0,0,1,1,0
"I2win_r10_off1,5_d4",39,0,0,0,0,0,0,0,0,0,1,0,1,0,1,1,1,0
"I2win_r10_off1,5_d4",40,0,0,0,0,0,0,0,0,0,1,0,1,0,1,1,1,0
"I2win_r10_off1,5_d4",41,0,0,0,0,0,0,0,0,0,1,0,1,0,1,1,1,0
"I2win_r10_off1,5_d4",42,0,0,0,0,0,0,0,0,0,1,0,1,0,1,1,1,0
"I2win_r10_off1,5_d4",43,0,0,0,0,0,0,0,0,0,1,0,1,0,1,1,1,0
"I2win_r10_off1,5_d4",44,0,0,0,0,0,0,0,0,0,1,0,1,0,1,1,1,0
"I2win_r10_off1,5_d4",45,0,0,0,0,0,0,0,0,0,1,0,1,1,0,1,1,0
"I2win_r10_off1,5_d4",46,0,0,0,0,0,0,0,0,1,1,1,1,1,0,1,1,0
"I2win_r10_off1,5_d4",47,0,0,0,0,0,0,0,0,1,1,1,1,1,0,1,1,0
"I2win_r10_off1,5_d4",48,0,0,0,0,0,0,0,0,1,1,1,1,1,0,1,1,0
"I2win_r10_off1,5_d4",49,0,0,0,0,0,0,1,1,1,1,1,0,0,0,1,1,0
"I2win_r10_off1,5_d4",50,0,0,0,0,1,0,0,1,0,1,0,1,0,1,1,1,0
"I2win_r10_off1,5_d4",51,0,0,0,0,1,0,0,1,0,1,0,1,0,1,1,1,0
"I2win_r10_off1,5_d4",52,0,0,0,0,1,0,0,1,0,1,0,1,0,1,1,1,0
"I2win_r10_off1,5_d4",53,0,0,0,0,1,0,0,1,0,1,0,1,0,1,1,1,0
"I2win_r10_off1,5_d4",54,0,0,0,0,1,0,0,1,0,1,0,1,0,1,1,1,0
"I2win_r10_off1,5_d4",55,0,0,0,0,1,0,0,1,0,1,0,1,0,1,1,1,0
"I2win_r10_off1,5_d4",56,0,0,0,0,1,0,0,1,0,1,0,1,1,0,1,1,0
"I2win_r10_off1,5_d4",57,0,0,0,0,1,0,0,1,1,1,0,1,1,0,1,1,0
"I2win_r10_off1,5_d4",58,0,0,0,0,1,0,0,1,1,1,0,1,1,0,1,1,0
"I2win_r10_off1,5_d4",59,0,0,0,0,1,0,0,1,1,1,0,1,1,0,1,1,0
"I2win_r10_off1,5_d4",60,0,1,0,1,1,0,1,0,1,1,0,0,0,0,1,1,0
"I2win_r10_off1,5_d4",61,1,1,0,1,0,0,0,0,0,1,0,1,0,1,1,1,0
"I2win_r10_off1,5_d4",62,1,1,0,1,0,0,0,0,0,1,0,1,0,1,1,1,0
"I2win_r10_off1,5_d4",63,1,1,0,1,0,0,0,0,0,1,0,1,0,1,1,1,0
"I2win_r10_off1,5_d4",64,1,1,0,1,0,0,0,0,0,1,0,1,0,1,1,1,0
"I2win_r10_off1,5_d4",65,1,1,0,1,0,0,0,0,0,1,0,1,0,1,1,1,0
"I2win_r10_off1,5_d4",66,1,1,0,1,0,0,0,0,0,1,0,1,0,1,1,1,0
"I2win_r10_off1,5_d4",67,1,1,0,1,0,0,0,0,0,1,0,1,1,0,1,1,0
"I2win_r10_off1,5_d4",68,1,1,0,1,0,0,0,0,1,1,1,1,1,0,1,1,0
"I2win_r10_off1,5_d4",69,1,1,0,1,0,0,0,0,1,1,1,1,1,0,1,1,0
"I2win_r10_off1,5_d4",70,1,1,0,1,0,0,0,0,1,1,1,1,1,0,1,1,0
"I2win_r10_off1,5_d4",71,1,1,0,1,0,0,1,1,1,1,1,0,0,0,1,1,0
"I2win_r10_off1,5_d4",72,1,1,0,1,1,0,0,1,0,1,0,1,0,1,1,1,0
"I2win_r10_off1,5_d4",73,1,1,0,1,1,0,0,1,0,1,0,1,0,1,1,1,0
"I2win_r10_off1,5_d4",74,1,1,0,1,1,0,0,1,0,1,0,1,0,1,1,1,0
"I2win_r10_off1,5_d4",75,1,1,0,1,1,0,0,1,0,1,0,1,0,1,1,1,0
"I2win_r10_off1,5_d4",76,1,1,0,1,1,0,0,1,0,1,0,1,0,1,1,1,0
"I2win_r10_off1,5_d4",77,1,1,0,1,1,0,0,1,0,1,0,1,0,1,1,1,0
"I2win_r10_off1,5_d4",78,1,1,0,1,1,0,0,1,0,1,0,1,1,0,1,1,0
"I2win_r10_off1,5_d4",79,1,1,0,1,1,0,0,1,1,1,0,1,1,0,1,1,0
"I2win_r10_off1,5_d4",80,1,1,0,1,1,0,0,1,1,1,0,1,1,0,1,1,0
"I2win_r10_off1,5_d4",81,1,1,0,1,1,0,0,1,1,1,0,1,1,0,1,1,0
"I2win_r10_off1,5_d4",82,1,0,1,1,1,0,1,0,1,1,0,0,0,0,0,1,0
"I2win_r10_off1,5_d4",83,0,0,0,0,0,1,0,0,0,0,0,1,0,1,0,1,0
"I2win_r10_off1,5_d4",84,0,0,0,0,0,1,0,0,0,0,0,1,0,1,0,1,0
"I2win_r10_off1,5_d4",85,0,0,0,0,0,1,0,0,0,0,0,1,0,1,0,1,0
"I2win_r10_off1,5_d4",86,0,0,0,0,0,1,0,0,0,0,0,1,0,1,0,1,0
"I2win_r10_off1,5_d4",87,0,0,0,0,0,1,0,0,0,0,0,1,0,1,0,1,0
"I2win_r10_off1,5_d4",88,0,0,0,0,0,1,0,0,0,0,0,1,0,1,0,1,0
"I2win_r10_off1,5_d4",89,0,0,0,0,0,1,0,0,0,0,0,1,1,0,0,1,0
"I2win_r10_off1,5_d4",90,0,0,0,0,0,1,0,0,1,1,1,1,1,0,0,1,0
"I2win_r10_off1,5_d4",91,0,0,0,0,0,1,0,0,1,1,1,1,1,0,0,1,0
"I2win_r10_off1,5_d4",92,0,0,0,0,0,1,0,0,1,1,1,1,1,0,0,1,0
"I2win_r10_off1,5_d4",93,0,0,0,0,0,1,1,1,1,1,1,0,0,0,0,1,0
"I2win_r10_off1,5_d4",94,0,0,0,0,1,1,0,1,0,0,0,1,0,1,0,1,0
"I2win_r10_off1,5_d4",95,0,0,0,0,1,1,0,1,0,0,0,1,0,1,0,1,0
"I2win_r10_off1,5_d4",96,0,0,0,0,1,1,0,1,0,0,0,1,0,1,0,1,0
"I2win_r10_off1,5_d4",97,0,0,0,0,1,1,0,1,0,0,0,1,0,1,0,1,0
"I2win_r10_off1,5_d4",98,0,0,0,0,1,1,0,1,0,0,0,1,0,1,0,1,0
"I2win_r10_off1,5_d4",99,0,0,0,0,1,1,0,1,0,0,0,1,0,1,0,1,0
"I2win_r10_off1,5_d4",100,0,0,0,0,1,1,0,1,0,0,0,1,1,0,0,1,0
"I2win_r10_off1,5_d4",101,0,0,0,0,1,1,0,1,1,1,0,1,1,0,0,1,0
"I2win_r10_off1,5_d4",102,0,0,0,0,1,1,0,1,1,1,0,1,1,0,0,1,0
"I2win_r10_off1,5_d4",103,0,0,0,0,1,1,0,1,1,1,0,1,1,0,0,1,0
"I2win_r10_off1,5_d4",104,0,1,0,1,1,1,1,0,1,1,0,0,0,0,0,1,0
"I2win_r10_off1,5_d4",105,1,1,0,1,0,1,0,0,0,0,0,1,0,1,0,1,0
"I2win_r10_off1,5_d4",106,1,1,0,1,0,1,0,0,0,0,0,1,0,1,0,1,0
"I2win_r10_off1,5_d4",107,1,1,0,1,0,1,0,0,0,0,0,1,0,1,0,1,0
"I2win_r10_off1,5_d4",108,1,1,0,1,0,1,0,0,0,0,0,1,0,1,0,1,0
"I2win_r10_off1,5_d4",109,1,1,0,1,0,1,0,0,0,0,0,1,0,1,0,1,0
"I2win_r10_off1,5_d4",110,1,1,0,1,0,1,0,0,0,0,0,1,0,1,0,1,0
"I2win_r10_off1,5_d4",111,1,1,0,1,0,1,0,0,0,0,0,1,1,0,0,1,0
"I2win_r10_off1,5_d4",112,1,1,0,1,0,1,0,0,1,1,1,1,1,0,0,1,0
"I2win_r10_off1,5_d4",113,1,1,0,1,0,1,0,0,1,1,1,1,1,0,0,1,0
"I2win_r10_off1,5_d4",114,1,1,0,1,0,1,0,0,1,1,1,1,1,0,0,1,0
"I2win_r10_off1,5_d4",115,1,1,0,1,0,1,1,1,1,1,1,0,0,0,0,1,0
"I2win_r10_off1,5_d4",116,1,1,0,1,1,1,0,1,0,0,0,1,0,1,0,1,1
"I2win_r10_off1,5_d4",117,1,1,0,1,1,1,0,1,0,0,0,1,0,1,0,1,1
"I2win_r10_off1,5_d4",118,1,1,0,1,1,1,0,1,0,0,0,1,0,1,0,1,1
"I2win_r10_off1,5_d4",119,1,1,0,1,1,1,0,1,0,0,0,1,0,1,0,1,1
"I2win_r10_off1,5_d4",120,1,1,0,1,1,1,0,1,0,0,0,1,0,1,0,1,1
"I2win_r11_off4,7_d3",0,0,0,0,0,0,0,0,0,0,0,0,1,0,1,0,1,0
"I2win_r11_off4,7_d3",1,0,0,0,0,0,0,0,0,0,0,0,1,0,1,0,1,0
"I2win_r11_off4,7_d3",2,0,0,0,0,0,0,0,0,0,0,0,1,0,1,0,1,0
"I2win_r11_off4,7_d3",3,0,0,0,0,0,0,0,0,0,0,0,1,0,1,0,1,0
"I2win_r11_off4,7_d3",4,0,0,0,0,0,0,0,0,0,0,0,1,1,0,0,1,0
"I2win_r11_off4,7_d3",5,0,0,0,0,0,0,0,0,1,1,1,1,1,0,0,1,0
"I2win_r11_off4,7_d3",6,0,0,0,0,0,0,0,0,1,1,1,1,1,0,0,1,0
"I2win_r11_off4,7_d3",7,0,0,0,0,0,0,1,1,1,1,1,0,0,0,0,1,0
"I2win_r11_off4,7_d3",8,0,0,0,0,1,0,0,1,0,0,0,1,0,1,0,1,0
"I2win_r11_off4,7_d3",9,0,0,0,0,1,0,0,1,0,0,0,1,0,1,0,1,0
"I2win_r11_off4,7_d3",10,0,0,0,0,1,0,0,1,0,0,0,1,0,1,0,1,0
"I2win_r11_off4,7_d3",11,0,0,0,0,1,0,0,1,0,0,0,1,0,1,0,1,0
"I2win_r11_off4,7_d3",12,0,0,0,0,1,0,0,1,0,0,0,1,0,1,0,1,0
"I2win_r11_off4,7_d3",13,0,0,0,0,1,0,0,1,0,0,0,1,0,1,0,1,0
"I2win_r11_off4,7_d3",14,0,0,0,0,1,0,0,1,0,0,0,1,0,1,0,1,0
"I2win_r11_off4,7_d3",15,0,0,0,0,1,0,0,1,0,0,0,1,1,0,0,1,0
"I2win_r11_off4,7_d3",16,0,0,0,0,1,0,0,1,1,1,0,1,1,0,0,1,0
"I2win_r11_off4,7_d3",17,0,0,0,0,1,0,0,1,1,1,0,1,1,0,0,1,0
"I2win_r11_off4,7_d3",18,0,1,0,1,1,0,1,0,1,1,0,0,0,0,0,1,0
"I2win_r11_off4,7_d3",19,1,1,0,1,0,0,0,0,0,0,0,1,0,1,0,1,0
"I2win_r11_off4,7_d3",20,1,1,0,1,0,0,0,0,0,0,0,1,0,1,0,1,0
"I2win_r11_off4,7_d3",21,1,1,0,1,0,0,0,0,0,0,0,1,0,1,0,1,0
"I2win_r11_off4,7_d3",22,1,1,0,1,0,0,0,0,0,0,0,1,0,1,0,1,0
"I2win_r11_off4,7_d3",23,1,1,0,1,0,0,0,0,0,0,0,1,0,1,0,1,0
"I2win_r11_off4,7_d3",24,1,1,0,1,0,0,0,0,0,0,0,1,0,1,0,1,0
"I2win_r11_off4,7_d3",25,1,1,0,1,0,0,0,0,0,0,0,1,0,1,0,1,0
"I2win_r11_off4,7_d3",26,1,1,0,1,0,0,0,0,0,0,0,1,1,0,0,1,0
"I2win_r11_off4,7_d3",27,1,1,0,1,0,0,0,0,1,1,1,1,1,0,0,1,0
"I2win_r11_off4,7_d3",28,1,1,0,1,0,0,0,0,1,1,1,1,1,0,0,1,0
"I2win_r11_off4,7_d3",29,1,1,0,1,0,0,1,1,1,1,1,0,0,0,0,1,0
"I2win_r11_off4,7_d3",30,1,1,0,1,1,0,0,1,0,0,0,1,0,1,0,1,0
"I2win_r11_off4,7_d3",31,1,1,0,1,1,0,0,1,0,0,0,1,0,1,0,1,0
"I2win_r11_off4,7_d3",32,1,1,0,1,1,0,0,1,0,0,0,1,0,1,0,1,0
"I2win_r11_off4,7_d3",33,1,1,0,1,1,0,0,1,0,0,0,1,0,1,0,1,0
"I2win_r11_off4,7_d3",34,1,1,0,1,1,0,0,1,0,0,0,1,0,1,0,1,0
"I2win_r11_off4,7_d3",35,1,1,0,1,1,0,0,1,0,0,0,1,0,1,0,1,0
"I2win_r11_off4,7_d3",36,1,1,0,1,1,0,0,1,0,0,0,1,0,1,0,1,0
"I2win_r11_off4,7_d3",37,1,1,0,1,1,0,0,1,0,0,0,1,1,0,0,1,0
"I2win_r11_off4,7_d3",38,1,1,0,1,1,0,0,1,1,1,0,1,1,0,0,1,0
"I2win_r11_off4,7_d3",39,1,1,0,1,1,0,0,1,1,1,0,1,1,0,0,1,0
"I2win_r11_off4,7_d3",40,1,0,1,1,1,0,1,0,1,1,0,0,0,0,1,1,0
"I2win_r11_off4,7_d3",41,0,0,0,0,0,0,0,0,0,1,0,1,0,1,1,1,0
"I2win_r11_off4,7_d3",42,0,0,0,0,0,0,0,0,0,1,0,1,0,1,1,1,0
"I2win_r11_off4,7_d3",43,0,0,0,0,0,0,0,0,0,1,0,1,0,1,1,1,0
"I2win_r11_off4,7_d3",44,0,0,0,0,0,0,0,0,0,1,0,1,0,1,1,1,0
"I2win_r11_off4,7_d3",45,0,0,0,0,0,0,0,0,0,1,0,1,0,1,1,1,0
"I2win_r11_off4,7_d3",46,0,0,0,0,0,0,0,0,0,1,0,1,0,1,1,1,0
"I2win_r11_off4,7_d3",47,0,0,0,0,0,0,0,0,0,1,0,1,0,1,1,1,0
"I2win_r11_off4,7_d3",48,0,0,0,0,0,0,0,0,0,1,0,1,1,0,1,1,0
"I2win_r11_off4,7_d3",49,0,0,0,0,0,0,0,0,1,1,1,1,1,0,1,1,0
"I2win_r11_off4,7_d3",50,0,0,0,0,0,0,0,0,1,1,1,1,1,0,1,1,0
"I2win_r11_off4,7_d3",51,0,0,0,0,0,0,1,1,1,1,1,0,0,0,1,1,0
"I2win_r11_off4,7_d3",52,0,0,0,0,1,0,0,1,0,1,0,1,0,1,1,1,0
"I2win_r11_off4,7_d3",53,0,0,0,0,1,0,0,1,0,1,0,1,0,1,1,1,0
"I2win_r11_off4,7_d3",54,0,0,0,0,1,0,0,1,0,1,0,1,0,1,1,1,0
"I2win_r11_off4,7_d3",55,0,0,0,0,1,0,0,1,0,1,0,1,0,1,1,1,0
"I2win_r11_off4,7_d3",56,0,0,0,0,1,0,0,1,0,1,0,1,0,1,1,1,0
"I2win_r11_off4,7_d3",57,0,0,0,0,1,0,0,1,0,1,0,1,0,1,1,1,0
"I2win_r11_off4,7_d3",58,0,0,0,0,1,0,0,1,0,1,0,1,0,1,1,1,0
"I2win_r11_off4,7_d3",59,0,0,0,0,1,0,0,1,0,1,0,1,1,0,1,1,0
"I2win_r11_off4,7_d3",60,0,0,0,0,1,0,0,1,1,1,0,1,1,0,1,1,0
"I2win_r11_off4,7_d3",61,0,0,0,0,1,0,0,1,1,1,0,1,1,0,1,1,0
"I2win_r11_off4,7_d3",62,0,1,0,1,1,0,1,0,1,1,0,0,0,0,1,1,0
"I2win_r11_off4,7_d3",63,1,1,0,1,0,0,0,0,0,1,0,1,0,1,1,1,0
"I2win_r11_off4,7_d3",64,1,1,0,1,0,0,0,0,0,1,0,1,0,1,1,1,0
"I2win_r11_off4,7_d3",65,1,1,0,1,0,0,0,0,0,1,0,1,0,1,1,1,0
"I2win_r11_off4,7_d3",66,1,1,0,1,0,0,0,0,0,1,0,1,0,1,1,1,0
"I2win_r11_off4,7_d3",67,1,1,0,1,0,0,0,0,0,1,0,1,0,1,1,1,0
"I2win_r11_off4,7_d3",68,1,1,0,1,0,0,0,0,0,1,0,1,0,1,1,1,0
"I2win_r11_off4,7_d3",69,1,1,0,1,0,0,0,0,0,1,0,1,0,1,1,1,0
"I2win_r11_off4,7_d3",70,1,1,0,1,0,0,0,0,0,1,0,1,1,0,1,1,0
"I2win_r11_off4,7_d3",71,1,1,0,1,0,0,0,0,1,1,1,1,1,0,1,1,0
"I2win_r11_off4,7_d3",72,1,1,0,1,0,0,0,0,1,1,1,1,1,0,1,1,0
"I2win_r11_off4,7_d3",73,1,1,0,1,0,0,1,1,1,1,1,0,0,0,1,1,0
"I2win_r11_off4,7_d3",74,1,1,0,1,1,0,0,1,0,1,0,1,0,1,1,1,0
"I2win_r11_off4,7_d3",75,1,1,0,1,1,0,0,1,0,1,0,1,0,1,1,1,0
"I2win_r11_off4,7_d3",76,1,1,0,1,1,0,0,1,0,1,0,1,0,1,1,1,0
"I2win_r11_off4,7_d3",77,1,1,0,1,1,0,0,1,0,1,0,1,0,1,1,1,0
"I2win_r11_off4,7_d3",78,1,1,0,1,1,0,0,1,0,1,0,1,0,1,1,1,0
"I2win_r11_off4,7_d3",79,1,1,0,1,1,0,0,1,0,1,0,1,0,1,1,1,0
"I2win_r11_off4,7_d3",80,1,1,0,1,1,0,0,1,0,1,0,1,0,1,1,1,0
"I2win_r11_off4,7_d3",81,1,1,0,1,1,0,0,1,0,1,0,1,1,0,1,1,0
"I2win_r11_off4,7_d3",82,1,1,0,1,1,0,0,1,1,1,0,1,1,0,1,1,0
"I2win_r11_off4,7_d3",83,1,1,0,1,1,0,0,1,1,1,0,1,1,0,1,1,0
"I2win_r11_off4,7_d3",84,1,0,1,1,1,0,1,0,1,1,0,0,0,0,0,1,0
"I2win_r11_off4,7_d3",85,0,0,0,0,0,1,0,0,0,0,0,1,0,1,0,1,0
"I2win_r11_off4,7_d3",86,0,0,0,0,0,1,0,0,0,0,0,1,0,1,0,1,0
"I2win_r11_off4,7_d3",87,0,0,0,0,0,1,0,0,0,0,0,1,0,1,0,1,0
"I2win_r11_off4,7_d3",88,0,0,0,0,0,1,0,0,0,0,0,1,0,1,0,1,0
"I2win_r11_off4,7_d3",89,0,0,0,0,0,1,0,0,0,0,0,1,0,1,0,1,0
"I2win_r11_off4,7_d3",90,0,0,0,0,0,1,0,0,0,0,0,1,0,1,0,1,0
"I2win_r11_off4,7_d3",91,0,0,0,0,0,1,0,0,0,0,0,1,0,1,0,1,0
"I2win_r11_off4,7_d3",92,0,0,0,0,0,1,0,0,0,0,0,1,1,0,0,1,0
"I2win_r11_off4,7_d3",93,0,0,0,0,0,1,0,0,1,1,1,1,1,0,0,1,0
"I2win_r11_off4,7_d3",94,0,0,0,0,0,1,0,0,1,1,1,1,1,0,0,1,0
"I2win_r11_off4,7_d3",95,0,0,0,0,0,1,1,1,1,1,1,0,0,0,0,1,0
"I2win_r11_off4,7_d3",96,0,0,0,0,1,1,0,1,0,0,0,1,0,1,0,1,0
"I2win_r11_off4,7_d3",97,0,0,0,0,1,1,0,1,0,0,0,1,0,1,0,1,0
"I2win_r11_off4,7_d3",98,0,0,0,0,1,1,0,1,0,0,0,1,0,1,0,1,0
"I2win_r11_off4,7_d3",99,0,0,0,0,1,1,0,1,0,0,0,1,0,1,0,1,0
"I2win_r11_off4,7_d3",100,0,0,0,0,1,1,0,1,0,0,0,1,0,1,0,1,0
"I2win_r11_off4,7_d3",101,0,0,0,0,1,1,0,1,0,0,0,1,0,1,0,1,0
"I2win_r11_off4,7_d3",102,0,0,0,0,1,1,0,1,0,0,0,1,0,1,0,1,0
"I2win_r11_off4,7_d3",103,0,0,0,0,1,1,0,1,0,0,0,1,1,0,0,1,0
"I2win_r11_off4,7_d3",104,0,0,0,0,1,1,0,1,1,1,0,1,1,0,0,1,0
"I2win_r11_off4,7_d3",105,0,0,0,0,1,1,0,1,1,1,0,1,1,0,0,1,0
"I2win_r11_off4,7_d3",106,0,1,0,1,1,1,1,0,1,1,0,0,0,0,0,1,0
"I2win_r11_off4,7_d3",107,1,1,0,1,0,1,0,0,0,0,0,1,0,1,0,1,0
"I2win_r11_off4,7_d3",108,1,1,0,1,0,1,0,0,0,0,0,1,0,1,0,1,0
"I2win_r11_off4,7_d3",109,1,1,0,1,0,1,0,0,0,0,0,1,0,1,0,1,0
"I2win_r11_off4,7_d3",110,1,1,0,1,0,1,0,0,0,0,0,1,0,1,0,1,0
"I2win_r11_off4,7_d3",111,1,1,0,1,0,1,0,0,0,0,0,1,0,1,0,1,0
"I2win_r11_off4,7_d3",112,1,1,0,1,0,1,0,0,0,0,0,1,0,1,0,1,0
"I2win_r11_off4,7_d3",113,1,1,0,1,0,1,0,0,0,0,0,1,0,1,0,1,0
"I2win_r11_off4,7_d3",114,1,1,0,1,0,1,0,0,0,0,0,1,1,0,0,1,0
"I2win_r11_off4,7_d3",115,1,1,0,1,0,1,0,0,1,1,1,1,1,0,0,1,0
"I2win_r11_off4,7_d3",116,1,1,0,1,0,1,0,0,1,1,1,1,1,0,0,1,0
"I2win_r11_off4,7_d3",117,1,1,0,1,0,1,1,1,1,1,1,0,0,0,0,1,0
"I2win_r11_off4,7_d3",118,1,1,0,1,1,1,0,1,0,0,0,1,0,1,0,1,1
"I2win_r11_off4,7_d3",119,1,1,0,1,1,1,0,1,0,0,0,1,0,1,0,1,1
"I2win_r11_off4,7_d3",120,1,1,0,1,1,1,0,1,0,0,0,1,0,1,0,1,1
"I2win_r12_off0,10_d10",0,0,0,0,0,0,0,0,0,0,0,0,1,1,0,0,1,0
"I2win_r12_off0,10_d10",1,0,0,0,0,0,0,0,0,1,1,1,1,1,0,0,1,0
"I2win_r12_off0,10_d10",2,0,0,0,0,0,0,0,0,1,1,1,1,1,0,0,1,0
"I2win_r12_off0,10_d10",3,0,0,0,0,0,0,0,0,1,1,1,1,1,0,0,1,0
"I2win_r12_off0,10_d10",4,0,0,0,0,0,0,0,0,1,1,1,1,1,0,0,1,0
"I2win_r12_off0,10_d10",5,0,0,0,0,0,0,0,0,1,1,1,1,1,0,0,1,0
"I2win_r12_off0,10_d10",6,0,0,0,0,0,0,0,0,1,1,1,1,1,0,0,1,0
"I2win_r12_off0,10_d10",7,0,0,0,0,0,0,0,0,1,1,1,1,1,0,0,1,0
"I2win_r12_off0,10_d10",8,0,0,0,0,0,0,0,0,1,1,1,1,1,0,0,1,0
"I2win_r12_off0,10_d10",9,0,0,0,0,0,0,0,0,1,1,1,1,1,0,0,1,0
"I2win_r12_off0,10_d10",10,0,0,0,0,0,0,1,1,1,1,1,0,0,0,0,1,0
"I2win_r12_off0,10_d10",11,0,0,0,0,1,0,0,1,0,0,0,1,1,0,0,1,0
"I2win_r12_off0,10_d10",12,0,0,0,0,1,0,0,1,1,1,0,1,1,0,0,1,0
"I2win_r12_off0,10_d10",13,0,0,0,0,1,0,0,1,1,1,0,1,1,0,0,1,0
"I2win_r12_off0,10_d10",14,0,0,0,0,1,0,0,1,1,1,0,1,1,0,0,1,0
"I2win_r12_off0,10_d10",15,0,0,0,0,1,0,0,1,1,1,0,1,1,0,0,1,0
"I2win_r12_off0,10_d10",16,0,0,0,0,1,0,0,1,1,1,0,1,1,0,0,1,0
"I2win_r12_off0,10_d10",17,0,0,0,0,1,0,0,1,1,1,0,1,1,0,0,1,0
"I2win_r12_off0,10_d10",18,0,0,0,0,1,0,0,1,1,1,0,1,1,0,0,1,0
"I2win_r12_off0,10_d10",19,0,0,0,0,1,0,0,1,1,1,0,1,1,0,0,1,0
"I2win_r12_off0,10_d10",20,0,0,0,0,1,0,0,1,1,1,0,1,1,0,0,1,0
"I2win_r12_off0,10_d10",21,0,1,0,1,1,0,1,0,1,1,0,0,0,0,0,1,0
"I2win_r12_off0,10_d10",22,1,1,0,1,0,0,0,0,0,0,0,1,1,0,0,1,0
"I2win_r12_off0,10_d10",23,1,1,0,1,0,0,0,0,1,1,1,1,1,0,0,1,0
"I2win_r12_off0,10_d10",24,1,1,0,1,0,0,0,0,1,1,1,1,1,0,0,1,0
"I2win_r12_off0,10_d10",25,1,1,0,1,0,0,0,0,1,1,1,1,1,0,0,1,0
"I2win_r12_off0,10_d10",26,1,1,0,1,0,0,0,0,1,1,1,1,1,0,0,1,0
"I2win_r12_off0,10_d10",27,1,1,0,1,0,0,0,0,1,1,1,1,1,0,0,1,0
"I2win_r12_off0,10_d10",28,1,1,0,1,0,0,0,0,1,1,1,1,1,0,0,1,0
"I2win_r12_off0,10_d10",29,1,1,0,1,0,0,0,0,1,1,1,1,1,0,0,1,0
"I2win_r12_off0,10_d10",30,1,1,0,1,0,0,0,0,1,1,1,1,1,0,0,1,0
"I2win_r12_off0,10_d10",31,1,1,0,1,0,0,0,0,1,1,1,1,1,0,0,1,0
"I2win_r12_off0,10_d10",32,1,1,0,1,0,0,1,1,1,1,1,0,0,0,0,1,0
"I2win_r12_off0,10_d10",33,1,1,0,1,1,0,0,1,0,0,0,1,1,0,0,1,0
"I2win_r12_off0,10_d10",34,1,1,0,1,1,0,0,1,1,1,0,1,1,0,0,1,0
"I2win_r12_off0,10_d10",35,1,1,0,1,1,0,0,1,1,1,0,1,1,0,0,1,0
"I2win_r12_off0,10_d10",36,1,1,0,1,1,0,0,1,1,1,0,1,1,0,0,1,0
"I2win_r12_off0,10_d10",37,1,1,0,1,1,0,0,1,1,1,0,1,1,0,0,1,0
"I2win_r12_off0,10_d10",38,1,1,0,1,1,0,0,1,1,1,0,1,1,0,0,1,0
"I2win_r12_off0,10_d10",39,1,1,0,1,1,0,0,1,1,1,0,1,1,0,0,1,0
"I2win_r12_off0,10_d10",40,1,1,0,1,1,0,0,1,1,1,0,1,1,0,0,1,0
"I2win_r12_off0,10_d10",41,1,1,0,1,1,0,0,1,1,1,0,1,1,0,0,1,0
"I2win_r12_off0,10_d10",42,1,1,0,1,1,0,0,1,1,1,0,1,1,0,0,1,0
"I2win_r12_off0,10_d10",43,1,0,1,1,1,0,1,0,1,1,0,0,0,0,1,1,0
"I2win_r12_off0,10_d10",44,0,0,0,0,0,0,0,0,0,1,0,1,1,0,1,1,0
"I2win_r12_off0,10_d10",45,0,0,0,0,0,0,0,0,1,1,1,1,1,0,1,1,0
"I2win_r12_off0,10_d10",46,0,0,0,0,0,0,0,0,1,1,1,1,1,0,1,1,0
"I2win_r12_off0,10_d10",47,0,0,0,0,0,0,0,0,1,1,1,1,1,0,1,1,0
"I2win_r12_off0,10_d10",48,0,0,0,0,0,0,0,0,1,1,1,1,1,0,1,1,0
"I2win_r12_off0,10_d10",49,0,0,0,0,0,0,0,0,1,1,1,1,1,0,1,1,0
"I2win_r12_off0,10_d10",50,0,0,0,0,0,0,0,0,1,1,1,1,1,0,1,1,0
"I2win_r12_off0,10_d10",51,0,0,0,0,0,0,0,0,1,1,1,1,1,0,1,1,0
"I2win_r12_off0,10_d10",52,0,0,0,0,0,0,0,0,1,1,1,1,1,0,1,1,0
"I2win_r12_off0,10_d10",53,0,0,0,0,0,0,0,0,1,1,1,1,1,0,1,1,0
"I2win_r12_off0,10_d10",54,0,0,0,0,0,0,1,1,1,1,1,0,0,0,1,1,0
"I2win_r12_off0,10_d10",55,0,0,0,0,1,0,0,1,0,1,0,1,1,0,1,1,0
"I2win_r12_off0,10_d10",56,0,0,0,0,1,0,0,1,1,1,0,1,1,0,1,1,0
"I2win_r12_off0,10_d10",57,0,0,0,0,1,0,0,1,1,1,0,1,1,0,1,1,0
"I2win_r12_off0,10_d10",58,0,0,0,0,1,0,0,1,1,1,0,1,1,0,1,1,0
"I2win_r12_off0,10_d10",59,0,0,0,0,1,0,0,1,1,1,0,1,1,0,1,1,0
"I2win_r12_off0,10_d10",60,0,0,0,0,1,0,0,1,1,1,0,1,1,0,1,1,0
"I2win_r12_off0,10_d10",61,0,0,0,0,1,0,0,1,1,1,0,1,1,0,1,1,0
"I2win_r12_off0,10_d10",62,0,0,0,0,1,0,0,1,1,1,0,1,1,0,1,1,0
"I2win_r12_off0,10_d10",63,0,0,0,0,1,0,0,1,1,1,0,1,1,0,1,1,0
"I2win_r12_off0,10_d10",64,0,0,0,0,1,0,0,1,1,1,0,1,1,0,1,1,0
"I2win_r12_off0,10_d10",65,0,1,0,1,1,0,1,0,1,1,0,0,0,0,1,1,0
"I2win_r12_off0,10_d10",66,1,1,0,1,0,0,0,0,0,1,0,1,1,0,1,1,0
"I2win_r12_off0,10_d10",67,1,1,0,1,0,0,0,0,1,1,1,1,1,0,1,1,0
"I2win_r12_off0,10_d10",68,1,1,0,1,0,0,0,0,1,1,1,1,1,0,1,1,0
"I2win_r12_off0,10_d10",69,1,1,0,1,0,0,0,0,1,1,1,1,1,0,1,1,0
"I2win_r12_off0,10_d10",70,1,1,0,1,0,0,0,0,1,1,1,1,1,0,1,1,0
"I2win_r12_off0,10_d10",71,1,1,0,1,0,0,0,0,1,1,1,1,1,0,1,1,0
"I2win_r12_off0,10_d10",72,1,1,0,1,0,0,0,0,1,1,1,1,1,0,1,1,0
"I2win_r12_off0,10_d10",73,1,1,0,1,0,0,0,0,1,1,1,1,1,0,1,1,0
"I2win_r12_off0,10_d10",74,1,1,0,1,0,0,0,0,1,1,1,1,1,0,1,1,0
"I2win_r12_off0,10_d10",75,1,1,0,1,0,0,0,0,1,1,1,1,1,0,1,1,0
"I2win_r12_off0,10_d10",76,1,1,0,1,0,0,1,1,1,1,1,0,0,0,1,1,0
"I2win_r12_off0,10_d10",77,1,1,0,1,1,0,0,1,0,1,0,1,1,0,1,1,0
"I2win_r12_off0,10_d10",78,1,1,0,1,1,0,0,1,1,1,0,1,1,0,1,1,0
"I2win_r12_off0,10_d10",79,1,1,0,1,1,0,0,1,1,1,0,1,1,0,1,1,0
"I2win_r12_off0,10_d10",80,1,1,0,1,1,0,0,1,1,1,0,1,1,0,1,1,0
"I2win_r12_off0,10_d10",81,1,1,0,1,1,0,0,1,1,1,0,1,1,0,1,1,0
"I2win_r12_off0,10_d10",82,1,1,0,1,1,0,0,1,1,1,0,1,1,0,1,1,0
"I2win_r12_off0,10_d10",83,1,1,0,1,1,0,0,1,1,1,0,1,1,0,1,1,0
"I2win_r12_off0,10_d10",84,1,1,0,1,1,0,0,1,1,1,0,1,1,0,1,1,0
"I2win_r12_off0,10_d10",85,1,1,0,1,1,0,0,1,1,1,0,1,1,0,1,1,0
"I2win_r12_off0,10_d10",86,1,1,0,1,1,0,0,1,1,1,0,1,1,0,1,1,0
"I2win_r12_off0,10_d10",87,1,0,1,1,1,0,1,0,1,1,0,0,0,0,0,1,0
"I2win_r12_off0,10_d10",88,0,0,0,0,0,1,0,0,0,0,0,1,1,0,0,1,0
"I2win_r12_off0,10_d10",89,0,0,0,0,0,1,0,0,1,1,1,1,1,0,0,1,0
"I2win_r12_off0,10_d10",90,0,0,0,0,0,1,0,0,1,1,1,1,1,0,0,1,0
"I2win_r12_off0,10_d10",91,0,0,0,0,0,1,0,0,1,1,1,1,1,0,0,1,0
"I2win_r12_off0,10_d10",92,0,0,0,0,0,1,0,0,1,1,1,1,1,0,0,1,0
"I2win_r12_off0,10_d10",93,0,0,0,0,0,1,0,0,1,1,1,1,1,0,0,1,0
"I2win_r12_off0,10_d10",94,0,0,0,0,0,1,0,0,1,1,1,1,1,0,0,1,0
"I2win_r12_off0,10_d10",95,0,0,0,0,0,1,0,0,1,1,1,1,1,0,0,1,0
"I2win_r12_off0,10_d10",96,0,0,0,0,0,1,0,0,1,1,1,1,1,0,0,1,0
"I2win_r12_off0,10_d10",97,0,0,0,0,0,1,0,0,1,1,1,1,1,0,0,1,0
"I2win_r12_off0,10_d10",98,0,0,0,0,0,1,1,1,1,1,1,0,0,0,0,1,0
"I2win_r12_off0,10_d10",99,0,0,0,0,1,1,0,1,0,0,0,1,1,0,0,1,0
"I2win_r12_off0,10_d10",100,0,0,0,0,1,1,0,1,1,1,0,1,1,0,0,1,0
"I2win_r12_off0,10_d10",101,0,0,0,0,1,1,0,1,1,1,0,1,1,0,0,1,0
"I2win_r12_off0,10_d10",102,0,0,0,0,1,1,0,1,1,1,0,1,1,0,0,1,0
"I2win_r12_off0,10_d10",103,0,0,0,0,1,1,0,1,1,1,0,1,1,0,0,1,0
"I2win_r12_off0,10_d10",104,0,0,0,0,1,1,0,1,1,1,0,1,1,0,0,1,0
"I2win_r12_off0,10_d10",105,0,0,0,0,1,1,0,1,1,1,0,1,1,0,0,1,0
"I2win_r12_off0,10_d10",106,0,0,0,0,1,1,0,1,1,1,0,1,1,0,0,1,0
"I2win_r12_off0,10_d10",107,0,0,0,0,1,1,0,1,1,1,0,1,1,0,0,1,0
"I2win_r12_off0,10_d10",108,0,0,0,0,1,1,0,1,1,1,0,1,1,0,0,1,0
"I2win_r12_off0,10_d10",109,0,1,0,1,1,1,1,0,1,1,0,0,0,0,0,1,0
"I2win_r12_off0,10_d10",110,1,1,0,1,0,1,0,0,0,0,0,1,1,0,0,1,0
"I2win_r12_off0,10_d10",111,1,1,0,1,0,1,0,0,1,1,1,1,1,0,0,1,0
"I2win_r12_off0,10_d10",112,1,1,0,1,0,1,0,0,1,1,1,1,1,0,0,1,0
"I2win_r12_off0,10_d10",113,1,1,0,1,0,1,0,0,1,1,1,1,1,0,0,1,0
"I2win_r12_off0,10_d10",114,1,1,0,1,0,1,0,0,1,1,1,1,1,0,0,1,0
"I2win_r12_off0,10_d10",115,1,1,0,1,0,1,0,0,1,1,1,1,1,0,0,1,0
"I2win_r12_off0,10_d10",116,1,1,0,1,0,1,0,0,1,1,1,1,1,0,0,1,0
"I2win_r12_off0,10_d10",117,1,1,0,1,0,1,0,0,1,1,1,1,1,0,0,1,0
"I2win_r12_off0,10_d10",118,1,1,0,1,0,1,0,0,1,1,1,1,1,0,0,1,0
"I2win_r12_off0,10_d10",119,1,1,0,1,0,1,0,0,1,1,1,1,1,0,0,1,0
"I2win_r12_off0,10_d10",120,1,1,0,1,0,1,1,1,1,1,1,0,0,0,0,1,0
"I2win_r13_off3,6_d3",0,0,0,0,0,0,0,0,0,0,0,0,1,0,1,0,1,0
"I2win_r13_off3,6_d3",1,0,0,0,0,0,0,0,0,0,0,0,1,0,1,0,1,0
"I2win_r13_off3,6_d3",2,0,0,0,0,0,0,0,0,0,0,0,1,0,1,0,1,0
"I2win_r13_off3,6_d3",3,0,0,0,0,0,0,0,0,0,0,0,1,1,0,0,1,0
"I2win_r13_off3,6_d3",4,0,0,0,0,0,0,0,0,1,1,1,1,1,0,0,1,0
"I2win_r13_off3,6_d3",5,0,0,0,0,0,0,0,0,1,1,1,1,1,0,0,1,0
"I2win_r13_off3,6_d3",6,0,0,0,0,0,0,1,1,1,1,1,0,0,0,0,1,0
"I2win_r13_off3,6_d3",7,0,0,0,0,1,0,0,1,0,0,0,1,0,1,0,1,0
"I2win_r13_off3,6_d3",8,0,0,0,0,1,0,0,1,0,0,0,1,0,1,0,1,0
"I2win_r13_off3,6_d3",9,0,0,0,0,1,0,0,1,0,0,0,1,0,1,0,1,0
"I2win_r13_off3,6_d3",10,0,0,0,0,1,0,0,1,0,0,0,1,0,1,0,1,0
"I2win_r13_off3,6_d3",11,0,0,0,0,1,0,0,1,0,0,0,1,0,1,0,1,0
"I2win_r13_off3,6_d3",12,0,0,0,0,1,0,0,1,0,0,0,1,0,1,0,1,0
"I2win_r13_off3,6_d3",13,0,0,0,0,1,0,0,1,0,0,0,1,0,1,0,1,0
"I2win_r13_off3,6_d3",14,0,0,0,0,1,0,0,1,0,0,0,1,1,0,0,1,0
"I2win_r13_off3,6_d3",15,0,0,0,0,1,0,0,1,1,1,0,1,1,0,0,1,0
"I2win_r13_off3,6_d3",16,0,0,0,0,1,0,0,1,1,1,0,1,1,0,0,1,0
"I2win_r13_off3,6_d3",17,0,1,0,1,1,0,1,0,1,1,0,0,0,0,0,1,0
"I2win_r13_off3,6_d3",18,1,1,0,1,0,0,0,0,0,0,0,1,0,1,0,1,0
"I2win_r13_off3,6_d3",19,1,1,0,1,0,0,0,0,0,0,0,1,0,1,0,1,0
"I2win_r13_off3,6_d3",20,1,1,0,1,0,0,0,0,0,0,0,1,0,1,0,1,0
"I2win_r13_off3,6_d3",21,1,1,0,1,0,0,0,0,0,0,0,1,0,1,0,1,0
"I2win_r13_off3,6_d3",22,1,1,0,1,0,0,0,0,0,0,0,1,0,1,0,1,0
"I2win_r13_off3,6_d3",23,1,1,0,1,0,0,0,0,0,0,0,1,0,1,0,1,0
"I2win_r13_off3,6_d3",24,1,1,0,1,0,0,0,0,0,0,0,1,0,1,0,1,0
"I2win_r13_off3,6_d3",25,1,1,0,1,0,0,0,0,0,0,0,1,1,0,0,1,0
"I2win_r13_off3,6_d3",26,1,1,0,1,0,0,0,0,1,1,1,1,1,0,0,1,0
"I2win_r13_off3,6_d3",27,1,1,0,1,0,0,0,0,1,1,1,1,1,0,0,1,0
"I2win_r13_off3,6_d3",28,1,1,0,1,0,0,1,1,1,1,1,0,0,0,0,1,0
"I2win_r13_off3,6_d3",29,1,1,0,1,1,0,0,1,0,0,0,1,0,1,0,1,0
"I2win_r13_off3,6_d3",30,1,1,0,1,1,0,0,1,0,0,0,1,0,1,0,1,0
"I2win_r13_off3,6_d3",31,1,1,0,1,1,0,0,1,0,0,0,1,0,1,0,1,0
"I2win_r13_off3,6_d3",32,1,1,0,1,1,0,0,1,0,0,0,1,0,1,0,1,0
"I2win_r13_off3,6_d3",33,1,1,0,1,1,0,0,1,0,0,0,1,0,1,0,1,0
"I2win_r13_off3,6_d3",34,1,1,0,1,1,0,0,1,0,0,0,1,0,1,0,1,0
"I2win_r13_off3,6_d3",35,1,1,0,1,1,0,0,1,0,0,0,1,0,1,0,1,0
"I2win_r13_off3,6_d3",36,1,1,0,1,1,0,0,1,0,0,0,1,1,0,0,1,0
"I2win_r13_off3,6_d3",37,1,1,0,1,1,0,0,1,1,1,0,1,1,0,0,1,0
"I2win_r13_off3,6_d3",38,1,1,0,1,1,0,0,1,1,1,0,1,1,0,0,1,0
"I2win_r13_off3,6_d3",39,1,0,1,1,1,0,1,0,1,1,0,0,0,0,1,1,0
"I2win_r13_off3,6_d3",40,0,0,0,0,0,0,0,0,0,1,0,1,0,1,1,1,0
"I2win_r13_off3,6_d3",41,0,0,0,0,0,0,0,0,0,1,0,1,0,1,1,1,0
"I2win_r13_off3,6_d3",42,0,0,0,0,0,0,0,0,0,1,0,1,0,1,1,1,0
"I2win_r13_off3,6_d3",43,0,0,0,0,0,0,0,0,0,1,0,1,0,1,1,1,0
"I2win_r13_off3,6_d3",44,0,0,0,0,0,0,0,0,0,1,0,1,0,1,1,1,0
"I2win_r13_off3,6_d3",45,0,0,0,0,0,0,0,0,0,1,0,1,0,1,1,1,0
"I2win_r13_off3,6_d3",46,0,0,0,0,0,0,0,0,0,1,0,1,0,1,1,1,0
"I2win_r13_off3,6_d3",47,0,0,0,0,0,0,0,0,0,1,0,1,1,0,1,1,0
"I2win_r13_off3,6_d3",48,0,0,0,0,0,0,0,0,1,1,1,1,1,0,1,1,0
"I2win_r13_off3,6_d3",49,0,0,0,0,0,0,0,0,1,1,1,1,1,0,1,1,0
"I2win_r13_off3,6_d3",50,0,0,0,0,0,0,1,1,1,1,1,0,0,0,1,1,0
"I2win_r13_off3,6_d3",51,0,0,0,0,1,0,0,1,0,1,0,1,0,1,1,1,0
"I2win_r13_off3,6_d3",52,0,0,0,0,1,0,0,1,0,1,0,1,0,1,1,1,0
"I2win_r13_off3,6_d3",53,0,0,0,0,1,0,0,1,0,1,0,1,0,1,1,1,0
"I2win_r13_off3,6_d3",54,0,0,0,0,1,0,0,1,0,1,0,1,0,1,1,1,0
"I2win_r13_off3,6_d3",55,0,0,0,0,1,0,0,1,0,1,0,1,0,1,1,1,0
"I2win_r13_off3,6_d3",56,0,0,0,0,1,0,0,1,0,1,0,1,0,1,1,1,0
"I2win_r13_off3,6_d3",57,0,0,0,0,1,0,0,1,0,1,0,1,0,1,1,1,0
"I2win_r13_off3,6_d3",58,0,0,0,0,1,0,0,1,0,1,0,1,1,0,1,1,0
"I2win_r13_off3,6_d3",59,0,0,0,0,1,0,0,1,1,1,0,1,1,0,1,1,0
"I2win_r13_off3,6_d3",60,0,0,0,0,1,0,0,1,1,1,0,1,1,0,1,1,0
"I2win_r13_off3,6_d3",61,0,1,0,1,1,0,1,0,1,1,0,0,0,0,1,1,0
"I2win_r13_off3,6_d3",62,1,1,0,1,0,0,0,0,0,1,0,1,0,1,1,1,0
"I2win_r13_off3,6_d3",63,1,1,0,1,0,0,0,0,0,1,0,1,0,1,1,1,0
"I2win_r13_off3,6_d3",64,1,1,0,1,0,0,0,0,0,1,0,1,0,1,1,1,0
"I2win_r13_off3,6_d3",65,1,1,0,1,0,0,0,0,0,1,0,1,0,1,1,1,0
"I2win_r13_off3,6_d3",66,1,1,0,1,0,0,0,0,0,1,0,1,0,1,1,1,0
"I2win_r13_off3,6_d3",67,1,1,0,1,0,0,0,0,0,1,0,1,0,1,1,1,0
"I2win_r13_off3,6_d3",68,1,1,0,1,0,0,0,0,0,1,0,1,0,1,1,1,0
"I2win_r13_off3,6_d3",69,1,1,0,1,0,0,0,0,0,1,0,1,1,0,1,1,0
"I2win_r13_off3,6_d3",70,1,1,0,1,0,0,0,0,1,1,1,1,1,0,1,1,0
"I2win_r13_off3,6_d3",71,1,1,0,1,0,0,0,0,1,1,1,1,1,0,1,1,0
"I2win_r13_off3,6_d3",72,1,1,0,1,0,0,1,1,1,1,1,0,0,0,1,1,0
"I2win_r13_off3,6_d3",73,1,1,0,1,1,0,0,1,0,1,0,1,0,1,1,1,0
"I2win_r13_off3,6_d3",74,1,1,0,1,1,0,0,1,0,1,0,1,0,1,1,1,0
"I2win_r13_off3,6_d3",75,1,1,0,1,1,0,0,1,0,1,0,1,0,1,1,1,0
"I2win_r13_off3,6_d3",76,1,1,0,1,1,0,0,1,0,1,0,1,0,1,1,1,0
"I2win_r13_off3,6_d3",77,1,1,0,1,1,0,0,1,0,1,0,1,0,1,1,1,0
"I2win_r13_off3,6_d3",78,1,1,0,1,1,0,0,1,0,1,0,1,0,1,1,1,0
"I2win_r13_off3,6_d3",79,1,1,0,1,1,0,0,1,0,1,0,1,0,1,1,1,0
"I2win_r13_off3,6_d3",80,1,1,0,1,1,0,0,1,0,1,0,1,1,0,1,1,0
"I2win_r13_off3,6_d3",81,1,1,0,1,1,0,0,1,1,1,0,1,1,0,1,1,0
"I2win_r13_off3,6_d3",82,1,1,0,1,1,0,0,1,1,1,0,1,1,0,1,1,0
"I2win_r13_off3,6_d3",83,1,0,1,1,1,0,1,0,1,1,0,0,0,0,0,1,0
"I2win_r13_off3,6_d3",84,0,0,0,0,0,1,0,0,0,0,0,1,0,1,0,1,0
"I2win_r13_off3,6_d3",85,0,0,0,0,0,1,0,0,0,0,0,1,0,1,0,1,0
"I2win_r13_off3,6_d3",86,0,0,0,0,0,1,0,0,0,0,0,1,0,1,0,1,0
"I2win_r13_off3,6_d3",87,0,0,0,0,0,1,0,0,0,0,0,1,0,1,0,1,0
"I2win_r13_off3,6_d3",88,0,0,0,0,0,1,0,0,0,0,0,1,0,1,0,1,0
"I2win_r13_off3,6_d3",89,0,0,0,0,0,1,0,0,0,0,0,1,0,1,0,1,0
"I2win_r13_off3,6_d3",90,0,0,0,0,0,1,0,0,0,0,0,1,0,1,0,1,0
"I2win_r13_off3,6_d3",91,0,0,0,0,0,1,0,0,0,0,0,1,1,0,0,1,0
"I2win_r13_off3,6_d3",92,0,0,0,0,0,1,0,0,1,1,1,1,1,0,0,1,0
"I2win_r13_off3,6_d3",93,0,0,0,0,0,1,0,0,1,1,1,1,1,0,0,1,0
"I2win_r13_off3,6_d3",94,0,0,0,0,0,1,1,1,1,1,1,0,0,0,0,1,0
"I2win_r13_off3,6_d3",95,0,0,0,0,1,1,0,1,0,0,0,1,0,1,0,1,0
"I2win_r13_off3,6_d3",96,0,0,0,0,1,1,0,1,0,0,0,1,0,1,0,1,0
"I2win_r13_off3,6_d3",97,0,0,0,0,1,1,0,1,0,0,0,1,0,1,0,1,0
"I2win_r13_off3,6_d3",98,0,0,0,0,1,1,0,1,0,0,0,1,0,1,0,1,0
"I2win_r13_off3,6_d3",99,0,0,0,0,1,1,0,1,0,0,0,1,0,1,0,1,0
"I2win_r13_off3,6_d3",100,0,0,0,0,1,1,0,1,0,0,0,1,0,1,0,1,0
"I2win_r13_off3,6_d3",101,0,0,0,0,1,1,0,1,0,0,0,1,0,1,0,1,0
"I2win_r13_off3,6_d3",102,0,0,0,0,1,1,0,1,0,0,0,1,1,0,0,1,0
"I2win_r13_off3,6_d3",103,0,0,0,0,1,1,0,1,1,1,0,1,1,0,0,1,0
"I2win_r13_off3,6_d3",104,0,0,0,0,1,1,0,1,1,1,0,1,1,0,0,1,0
"I2win_r13_off3,6_d3",105,0,1,0,1,1,1,1,0,1,1,0,0,0,0,0,1,0
"I2win_r13_off3,6_d3",106,1,1,0,1,0,1,0,0,0,0,0,1,0,1,0,1,0
"I2win_r13_off3,6_d3",107,1,1,0,1,0,1,0,0,0,0,0,1,0,1,0,1,0
"I2win_r13_off3,6_d3",108,1,1,0,1,0,1,0,0,0,0,0,1,0,1,0,1,0
"I2win_r13_off3,6_d3",109,1,1,0,1,0,1,0,0,0,0,0,1,0,1,0,1,0
"I2win_r13_off3,6_d3",110,1,1,0,1,0,1,0,0,0,0,0,1,0,1,0,1,0
"I2win_r13_off3,6_d3",111,1,1,0,1,0,1,0,0,0,0,0,1,0,1,0,1,0
"I2win_r13_off3,6_d3",112,1,1,0,1,0,1,0,0,0,0,0,1,0,1,0,1,0
"I2win_r13_off3,6_d3",113,1,1,0,1,0,1,0,0,0,0,0,1,1,0,0,1,0
"I2win_r13_off3,6_d3",114,1,1,0,1,0,1,0,0,1,1,1,1,1,0,0,1,0
"I2win_r13_off3,6_d3",115,1,1,0,1,0,1,0,0,1,1,1,1,1,0,0,1,0
"I2win_r13_off3,6_d3",116,1,1,0,1,0,1,1,1,1,1,1,0,0,0,0,1,0
"I2win_r13_off3,6_d3",117,1,1,0,1,1,1,0,1,0,0,0,1,0,1,0,1,1
"I2win_r13_off3,6_d3",118,1,1,0,1,1,1,0,1,0,0,0,1,0,1,0,1,1
"I2win_r13_off3,6_d3",119,1,1,0,1,1,1,0,1,0,0,0,1,0,1,0,1,1
"I2win_r13_off3,6_d3",120,1,1,0,1,1,1,0,1,0,0,0,1,0,1,0,1,1
"I2win_r14_off0,4_d4",0,0,0,0,0,0,0,0,0,0,0,0,1,1,0,0,1,0
"I2win_r14_off0,4_d4",1,0,0,0,0,0,0,0,0,1,1,1,1,1,0,0,1,0
"I2win_r14_off0,4_d4",2,0,0,0,0,0,0,0,0,1,1,1,1,1,0,0,1,0
"I2win_r14_off0,4_d4",3,0,0,0,0,0,0,0,0,1,1,1,1,1,0,0,1,0
"I2win_r14_off0,4_d4",4,0,0,0,0,0,0,1,1,1,1,1,0,0,0,0,1,0
"I2win_r14_off0,4_d4",5,0,0,0,0,1,0,0,1,0,0,0,1,0,1,0,1,0
"I2win_r14_off0,4_d4",6,0,0,0,0,1,0,0,1,0,0,0,1,0,1,0,1,0
"I2win_r14_off0,4_d4",7,0,0,0,0,1,0,0,1,0,0,0,1,0,1,0,1,0
"I2win_r14_off0,4_d4",8,0,0,0,0,1,0,0,1,0,0,0,1,0,1,0,1,0
"I2win_r14_off0,4_d4",9,0,0,0,0,1,0,0,1,0,0,0,1,0,1,0,1,0
"I2win_r14_off0,4_d4",10,0,0,0,0,1,0,0,1,0,0,0,1,0,1,0,1,0
"I2win_r14_off0,4_d4",11,0,0,0,0,1,0,0,1,0,0,0,1,1,0,0,1,0
"I2win_r14_off0,4_d4",12,0,0,0,0,1,0,0,1,1,1,0,1,1,0,0,1,0
"I2win_r14_off0,4_d4",13,0,0,0,0,1,0,0,1,1,1,0,1,1,0,0,1,0
"I2win_r14_off0,4_d4",14,0,0,0,0,1,0,0,1,1,1,0,1,1,0,0,1,0
"I2win_r14_off0,4_d4",15,0,1,0,1,1,0,1,0,1,1,0,0,0,0,0,1,0
"I2win_r14_off0,4_d4",16,1,1,0,1,0,0,0,0,0,0,0,1,0,1,0,1,0
"I2win_r14_off0,4_d4",17,1,1,0,1,0,0,0,0,0,0,0,1,0,1,0,1,0
"I2win_r14_off0,4_d4",18,1,1,0,1,0,0,0,0,0,0,0,1,0,1,0,1,0
"I2win_r14_off0,4_d4",19,1,1,0,1,0,0,0,0,0,0,0,1,0,1,0,1,0
"I2win_r14_off0,4_d4",20,1,1,0,1,0,0,0,0,0,0,0,1,0,1,0,1,0
"I2win_r14_off0,4_d4",21,1,1,0,1,0,0,0,0,0,0,0,1,0,1,0,1,0
"I2win_r14_off0,4_d4",22,1,1,0,1,0,0,0,0,0,0,0,1,1,0,0,1,0
"I2win_r14_off0,4_d4",23,1,1,0,1,0,0,0,0,1,1,1,1,1,0,0,1,0
"I2win_r14_off0,4_d4",24,1,1,0,1,0,0,0,0,1,1,1,1,1,0,0,1,0
"I2win_r14_off0,4_d4",25,1,1,0,1,0,0,0,0,1,1,1,1,1,0,0,1,0
"I2win_r14_off0,4_d4",26,1,1,0,1,0,0,1,1,1,1,1,0,0,0,0,1,0
"I2win_r14_off0,4_d4",27,1,1,0,1,1,0,0,1,0,0,0,1,0,1,0,1,0
"I2win_r14_off0,4_d4",28,1,1,0,1,1,0,0,1,0,0,0,1,0,1,0,1,0
"I2win_r14_off0,4_d4",29,1,1,0,1,1,0,0,1,0,0,0,1,0,1,0,1,0
"I2win_r14_off0,4_d4",30,1,1,0,1,1,0,0,1,0,0,0,1,0,1,0,1,0
"I2win_r14_off0,4_d4",31,1,1,0,1,1,0,0,1,0,0,0,1,0,1,0,1,0
"I2win_r14_off0,4_d4",32,1,1,0,1,1,0,0,1,0,0,0,1,0,1,0,1,0
"I2win_r14_off0,4_d4",33,1,1,0,1,1,0,0,1,0,0,0,1,1,0,0,1,0
"I2win_r14_off0,4_d4",34,1,1,0,1,1,0,0,1,1,1,0,1,1,0,0,1,0
"I2win_r14_off0,4_d4",35,1,1,0,1,1,0,0,1,1,1,0,1,1,0,0,1,0
"I2win_r14_off0,4_d4",36,1,1,0,1,1,0,0,1,1,1,0,1,1,0,0,1,0
"I2win_r14_off0,4_d4",37,1,0,1,1,1,0,1,0,1,1,0,0,0,0,1,1,0
"I2win_r14_off0,4_d4",38,0,0,0,0,0,0,0,0,0,1,0,1,0,1,1,1,0
"I2win_r14_off0,4_d4",39,0,0,0,0,0,0,0,0,0,1,0,1,0,1,1,1,0
"I2win_r14_off0,4_d4",40,0,0,0,0,0,0,0,0,0,1,0,1,0,1,1,1,0
"I2win_r14_off0,4_d4",41,0,0,0,0,0,0,0,0,0,1,0,1,0,1,1,1,0
"I2win_r14_off0,4_d4",42,0,0,0,0,0,0,0,0,0,1,0,1,0,1,1,1,0
"I2win_r14_off0,4_d4",43,0,0,0,0,0,0,0,0,0,1,0,1,0,1,1,1,0
"I2win_r14_off0,4_d4",44,0,0,0,0,0,0,0,0,0,1,0,1,1,0,1,1,0
"I2win_r14_off0,4_d4",45,0,0,0,0,0,0,0,0,1,1,1,1,1,0,1,1,0
"I2win_r14_off0,4_d4",46,0,0,0,0,0,0,0,0,1,1,1,1,1,0,1,1,0
"I2win_r14_off0,4_d4",47,0,0,0,0,0,0,0,0,1,1,1,1,1,0,1,1,0
"I2win_r14_off0,4_d4",48,0,0,0,0,0,0,1,1,1,1,1,0,0,0,1,1,0
"I2win_r14_off0,4_d4",49,0,0,0,0,1,0,0,1,0,1,0,1,0,1,1,1,0
"I2win_r14_off0,4_d4",50,0,0,0,0,1,0,0,1,0,1,0,1,0,1,1,1,0
"I2win_r14_off0,4_d4",51,0,0,0,0,1,0,0,1,0,1,0,1,0,1,1,1,0
"I2win_r14_off0,4_d4",52,0,0,0,0,1,0,0,1,0,1,0,1,0,1,1,1,0
"I2win_r14_off0,4_d4",53,0,0,0,0,1,0,0,1,0,1,0,1,0,1,1,1,0
"I2win_r14_off0,4_d4",54,0,0,0,0,1,0,0,1,0,1,0,1,0,1,1,1,0
"I2win_r14_off0,4_d4",55,0,0,0,0,1,0,0,1,0,1,0,1,1,0,1,1,0
"I2win_r14_off0,4_d4",56,0,0,0,0,1,0,0,1,1,1,0,1,1,0,1,1,0
"I2win_r14_off0,4_d4",57,0,0,0,0,1,0,0,1,1,1,0,1,1,0,1,1,0
"I2win_r14_off0,4_d4",58,0,0,0,0,1,0,0,1,1,1,0,1,1,0,1,1,0
"I2win_r14_off0,4_d4",59,0,1,0,1,1,0,1,0,1,1,0,0,0,0,1,1,0
"I2win_r14_off0,4_d4",60,1,1,0,1,0,0,0,0,0,1,0,1,0,1,1,1,0
"I2win_r14_off0,4_d4",61,1,1,0,1,0,0,0,0,0,1,0,1,0,1,1,1,0
"I2win_r14_off0,4_d4",62,1,1,0,1,0,0,0,0,0,1,0,1,0,1,1,1,0
"I2win_r14_off0,4_d4",63,1,1,0,1,0,0,0,0,0,1,0,1,0,1,1,1,0
"I2win_r14_off0,4_d4",64,1,1,0,1,0,0,0,0,0,1,0,1,0,1,1,1,0
"I2win_r14_off0,4_d4",65,1,1,0,1,0,0,0,0,0,1,0,1,0,1,1,1,0
"I2win_r14_off0,4_d4",66,1,1,0,1,0,0,0,0,0,1,0,1,1,0,1,1,0
"I2win_r14_off0,4_d4",67,1,1,0,1,0,0,0,0,1,1,1,1,1,0,1,1,0
"I2win_r14_off0,4_d4",68,1,1,0,1,0,0,0,0,1,1,1,1,1,0,1,1,0
"I2win_r14_off0,4_d4",69,1,1,0,1,0,0,0,0,1,1,1,1,1,0,1,1,0
"I2win_r14_off0,4_d4",70,1,1,0,1,0,0,1,1,1,1,1,0,0,0,1,1,0
"I2win_r14_off0,4_d4",71,1,1,0,1,1,0,0,1,0,1,0,1,0,1,1,1,0
"I2win_r14_off0,4_d4",72,1,1,0,1,1,0,0,1,0,1,0,1,0,1,1,1,0
"I2win_r14_off0,4_d4",73,1,1,0,1,1,0,0,1,0,1,0,1,0,1,1,1,0
"I2win_r14_off0,4_d4",74,1,1,0,1,1,0,0,1,0,1,0,1,0,1,1,1,0
"I2win_r14_off0,4_d4",75,1,1,0,1,1,0,0,1,0,1,0,1,0,1,1,1,0
"I2win_r14_off0,4_d4",76,1,1,0,1,1,0,0,1,0,1,0,1,0,1,1,1,0
"I2win_r14_off0,4_d4",77,1,1,0,1,1,0,0,1,0,1,0,1,1,0,1,1,0
"I2win_r14_off0,4_d4",78,1,1,0,1,1,0,0,1,1,1,0,1,1,0,1,1,0
"I2win_r14_off0,4_d4",79,1,1,0,1,1,0,0,1,1,1,0,1,1,0,1,1,0
"I2win_r14_off0,4_d4",80,1,1,0,1,1,0,0,1,1,1,0,1,1,0,1,1,0
"I2win_r14_off0,4_d4",81,1,0,1,1,1,0,1,0,1,1,0,0,0,0,0,1,0
"I2win_r14_off0,4_d4",82,0,0,0,0,0,1,0,0,0,0,0,1,0,1,0,1,0
"I2win_r14_off0,4_d4",83,0,0,0,0,0,1,0,0,0,0,0,1,0,1,0,1,0
"I2win_r14_off0,4_d4",84,0,0,0,0,0,1,0,0,0,0,0,1,0,1,0,1,0
"I2win_r14_off0,4_d4",85,0,0,0,0,0,1,0,0,0,0,0,1,0,1,0,1,0
"I2win_r14_off0,4_d4",86,0,0,0,0,0,1,0,0,0,0,0,1,0,1,0,1,0
"I2win_r14_off0,4_d4",87,0,0,0,0,0,1,0,0,0,0,0,1,0,1,0,1,0
"I2win_r14_off0,4_d4",88,0,0,0,0,0,1,0,0,0,0,0,1,1,0,0,1,0
"I2win_r14_off0,4_d4",89,0,0,0,0,0,1,0,0,1,1,1,1,1,0,0,1,0
"I2win_r14_off0,4_d4",90,0,0,0,0,0,1,0,0,1,1,1,1,1,0,0,1,0
"I2win_r14_off0,4_d4",91,0,0,0,0,0,1,0,0,1,1,1,1,1,0,0,1,0
"I2win_r14_off0,4_d4",92,0,0,0,0,0,1,1,1,1,1,1,0,0,0,0,1,0
"I2win_r14_off0,4_d4",93,0,0,0,0,1,1,0,1,0,0,0,1,0,1,0,1,0
"I2win_r14_off0,4_d4",94,0,0,0,0,1,1,0,1,0,0,0,1,0,1,0,1,0
"I2win_r14_off0,4_d4",95,0,0,0,0,1,1,0,1,0,0,0,1,0,1,0,1,0
"I2win_r14_off0,4_d4",96,0,0,0,0,1,1,0,1,0,0,0,1,0,1,0,1,0
"I2win_r14_off0,4_d4",97,0,0,0,0,1,1,0,1,0,0,0,1,0,1,0,1,0
"I2win_r14_off0,4_d4",98,0,0,0,0,1,1,0,1,0,0,0,1,0,1,0,1,0
"I2win_r14_off0,4_d4",99,0,0,0,0,1,1,0,1,0,0,0,1,1,0,0,1,0
"I2win_r14_off0,4_d4",100,0,0,0,0,1,1,0,1,1,1,0,1,1,0,0,1,0
"I2win_r14_off0,4_d4",101,0,0,0,0,1,1,0,1,1,1,0,1,1,0,0,1,0
"I2win_r14_off0,4_d4",102,0,0,0,0,1,1,0,1,1,1,0,1,1,0,0,1,0
"I2win_r14_off0,4_d4",103,0,1,0,1,1,1,1,0,1,1,0,0,0,0,0,1,0
"I2win_r14_off0,4_d4",104,1,1,0,1,0,1,0,0,0,0,0,1,0,1,0,1,0
"I2win_r14_off0,4_d4",105,1,1,0,1,0,1,0,0,0,0,0,1,0,1,0,1,0
"I2win_r14_off0,4_d4",106,1,1,0,1,0,1,0,0,0,0,0,1,0,1,0,1,0
"I2win_r14_off0,4_d4",107,1,1,0,1,0,1,0,0,0,0,0,1,0,1,0,1,0
"I2win_r14_off0,4_d4",108,1,1,0,1,0,1,0,0,0,0,0,1,0,1,0,1,0
"I2win_r14_off0,4_d4",109,1,1,0,1,0,1,0,0,0,0,0,1,0,1,0,1,0
"I2win_r14_off0,4_d4",110,1,1,0,1,0,1,0,0,0,0,0,1,1,0,0,1,0
"I2win_r14_off0,4_d4",111,1,1,0,1,0,1,0,0,1,1,1,1,1,0,0,1,0
"I2win_r14_off0,4_d4",112,1,1,0,1,0,1,0,0,1,1,1,1,1,0,0,1,0
"I2win_r14_off0,4_d4",113,1,1,0,1,0,1,0,0,1,1,1,1,1,0,0,1,0
"I2win_r14_off0,4_d4",114,1,1,0,1,0,1,1,1,1,1,1,0,0,0,0,1,0
"I2win_r14_off0,4_d4",115,1,1,0,1,1,1,0,1,0,0,0,1,0,1,0,1,1
"I2win_r14_off0,4_d4",116,1,1,0,1,1,1,0,1,0,0,0,1,0,1,0,1,1
"I2win_r14_off0,4_d4",117,1,1,0,1,1,1,0,1,0,0,0,1,0,1,0,1,1
"I2win_r14_off0,4_d4",118,1,1,0,1,1,1,0,1,0,0,0,1,0,1,0,1,1
"I2win_r14_off0,4_d4",119,1,1,0,1,1,1,0,1,0,0,0,1,0,1,0,1,1
"I2win_r14_off0,4_d4",120,1,1,0,1,1,1,0,1,0,0,0,1,0,1,0,1,1
"I2win_r15_off2,9_d7",0,0,0,0,0,0,0,0,0,0,0,0,1,0,1,0,1,0
"I2win_r15_off2,9_d7",1,0,0,0,0,0,0,0,0,0,0,0,1,0,1,0,1,0
"I2win_r15_off2,9_d7",2,0,0,0,0,0,0,0,0,0,0,0,1,1,0,0,1,0
"I2win_r15_off2,9_d7",3,0,0,0,0,0,0,0,0,1,1,1,1,1,0,0,1,0
"I2win_r15_off2,9_d7",4,0,0,0,0,0,0,0,0,1,1,1,1,1,0,0,1,0
"I2win_r15_off2,9_d7",5,0,0,0,0,0,0,0,0,1,1,1,1,1,0,0,1,0
"I2win_r15_off2,9_d7",6,0,0,0,0,0,0,0,0,1,1,1,1,1,0,0,1,0
"I2win_r15_off2,9_d7",7,0,0,0,0,0,0,0,0,1,1,1,1,1,0,0,1,0
"I2win_r15_off2,9_d7",8,0,0,0,0,0,0,0,0,1,1,1,1,1,0,0,1,0
"I2win_r15_off2,9_d7",9,0,0,0,0,0,0,1,1,1,1,1,0,0,0,0,1,0
"I2win_r15_off2,9_d7",10,0,0,0,0,1,0,0,1,0,0,0,1,0,1,0,1,0
"I2win_r15_off2,9_d7",11,0,0,0,0,1,0,0,1,0,0,0,1,0,1,0,1,0
"I2win_r15_off2,9_d7",12,0,0,0,0,1,0,0,1,0,0,0,1,0,1,0,1,0
"I2win_r15_off2,9_d7",13,0,0,0,0,1,0,0,1,0,0,0,1,1,0,0,1,0
"I2win_r15_off2,9_d7",14,0,0,0,0,1,0,0,1,1,1,0,1,1,0,0,1,0
"I2win_r15_off2,9_d7",15,0,0,0,0,1,0,0,1,1,1,0,1,1,0,0,1,0
"I2win_r15_off2,9_d7",16,0,0,0,0,1,0,0,1,1,1,0,1,1,0,0,1,0
"I2win_r15_off2,9_d7",17,0,0,0,0,1,0,0,1,1,1,0,1,1,0,0,1,0
"I2win_r15_off2,9_d7",18,0,0,0,0,1,0,0,1,1,1,0,1,1,0,0,1,0
"I2win_r15_off2,9_d7",19,0,0,0,0,1,0,0,1,1,1,0,1,1,0,0,1,0
"I2win_r15_off2,9_d7",20,0,1,0,1,1,0,1,0,1,1,0,0,0,0,0,1,0
"I2win_r15_off2,9_d7",21,1,1,0,1,0,0,0,0,0,0,0,1,0,1,0,1,0
"I2win_r15_off2,9_d7",22,1,1,0,1,0,0,0,0,0,0,0,1,0,1,0,1,0
"I2win_r15_off2,9_d7",23,1,1,0,1,0,0,0,0,0,0,0,1,0,1,0,1,0
"I2win_r15_off2,9_d7",24,1,1,0,1,0,0,0,0,0,0,0,1,1,0,0,1,0
"I2win_r15_off2,9_d7",25,1,1,0,1,0,0,0,0,1,1,1,1,1,0,0,1,0
"I2win_r15_off2,9_d7",26,1,1,0,1,0,0,0,0,1,1,1,1,1,0,0,1,0
"I2win_r15_off2,9_d7",27,1,1,0,1,0,0,0,0,1,1,1,1,1,0,0,1,0
"I2win_r15_off2,9_d7",28,1,1,0,1,0,0,0,0,1,1,1,1,1,0,0,1,0
"I2win_r15_off2,9_d7",29,1,1,0,1,0,0,0,0,1,1,1,1,1,0,0,1,0
"I2win_r15_off2,9_d7",30,1,1,0,1,0,0,0,0,1,1,1,1,1,0,0,1,0
"I2win_r15_off2,9_d7",31,1,1,0,1,0,0,1,1,1,1,1,0,0,0,0,1,0
"I2win_r15_off2,9_d7",32,1,1,0,1,1,0,0,1,0,0,0,1,0,1,0,1,0
"I2win_r15_off2,9_d7",33,1,1,0,1,1,0,0,1,0,0,0,1,0,1,0,1,0
"I2win_r15_off2,9_d7",34,1,1,0,1,1,0,0,1,0,0,0,1,0,1,0,1,0
"I2win_r15_off2,9_d7",35,1,1,0,1,1,0,0,1,0,0,0,1,1,0,0,1,0
"I2win_r15_off2,9_d7",36,1,1,0,1,1,0,0,1,1,1,0,1,1,0,0,1,0
"I2win_r15_off2,9_d7",37,1,1,0,1,1,0,0,1,1,1,0,1,1,0,0,1,0
"I2win_r15_off2,9_d7",38,1,1,0,1,1,0,0,1,1,1,0,1,1,0,0,1,0
"I2win_r15_off2,9_d7",39,1,1,0,1,1,0,0,1,1,1,0,1,1,0,0,1,0
"I2win_r15_off2,9_d7",40,1,1,0,1,1,0,0,1,1,1,0,1,1,0,0,1,0
"I2win_r15_off2,9_d7",41,1,1,0,1,1,0,0,1,1,1,0,1,1,0,0,1,0
"I2win_r15_off2,9_d7",42,1,0,1,1,1,0,1,0,1,1,0,0,0,0,1,1,0
"I2win_r15_off2,9_d7",43,0,0,0,0,0,0,0,0,0,1,0,1,0,1,1,1,0
"I2win_r15_off2,9_d7",44,0,0,0,0,0,0,0,0,0,1,0,1,0,1,1,1,0
"I2win_r15_off2,9_d7",45,0,0,0,0,0,0,0,0,0,1,0,1,0,1,1,1,0
"I2win_r15_off2,9_d7",46,0,0,0,0,0,0,0,0,0,1,0,1,1,0,1,1,0
"I2win_r15_off2,9_d7",47,0,0,0,0,0,0,0,0,1,1,1,1,1,0,1,1,0
"I2win_r15_off2,9_d7",48,0,0,0,0,0,0,0,0,1,1,1,1,1,0,1,1,0
"I2win_r15_off2,9_d7",49,0,0,0,0,0,0,0,0,1,1,1,1,1,0,1,1,0
"I2win_r15_off2,9_d7",50,0,0,0,0,0,0,0,0,1,1,1,1,1,0,1,1,0
"I2win_r15_off2,9_d7",51,0,0,0,0,0,0,0,0,1,1,1,1,1,0,1,1,0
"I2win_r15_off2,9_d7",52,0,0,0,0,0,0,0,0,1,1,1,1,1,0,1,1,0
"I2win_r15_off2,9_d7",53,0,0,0,0,0,0,1,1,1,1,1,0,0,0,1,1,0
"I2win_r15_off2,9_d7",54,0,0,0,0,1,0,0,1,0,1,0,1,0,1,1,1,0
"I2win_r15_off2,9_d7",55,0,0,0,0,1,0,0,1,0,1,0,1,0,1,1,1,0
"I2win_r15_off2,9_d7",56,0,0,0,0,1,0,0,1,0,1,0,1,0,1,1,1,0
"I2win_r15_off2,9_d7",57,0,0,0,0,1,0,0,1,0,1,0,1,1,0,1,1,0
"I2win_r15_off2,9_d7",58,0,0,0,0,1,0,0,1,1,1,0,1,1,0,1,1,0
"I2win_r15_off2,9_d7",59,0,0,0,0,1,0,0,1,1,1,0,1,1,0,1,1,0
"I2win_r15_off2,9_d7",60,0,0,0,0,1,0,0,1,1,1,0,1,1,0,1,1,0
"I2win_r15_off2,9_d7",61,0,0,0,0,1,0,0,1,1,1,0,1,1,0,1,1,0
"I2win_r15_off2,9_d7",62,0,0,0,0,1,0,0,1,1,1,0,1,1,0,1,1,0
"I2win_r15_off2,9_d7",63,0,0,0,0,1,0,0,1,1,1,0,1,1,0,1,1,0
"I2win_r15_off2,9_d7",64,0,1,0,1,1,0,1,0,1,1,0,0,0,0,1,1,0
"I2win_r15_off2,9_d7",65,1,1,0,1,0,0,0,0,0,1,0,1,0,1,1,1,0
"I2win_r15_off2,9_d7",66,1,1,0,1,0,0,0,0,0,1,0,1,0,1,1,1,0
"I2win_r15_off2,9_d7",67,1,1,0,1,0,0,0,0,0,1,0,1,0,1,1,1,0
"I2win_r15_off2,9_d7",68,1,1,0,1,0,0,0,0,0,1,0,1,1,0,1,1,0
"I2win_r15_off2,9_d7",69,1,1,0,1,0,0,0,0,1,1,1,1,1,0,1,1,0
"I2win_r15_off2,9_d7",70,1,1,0,1,0,0,0,0,1,1,1,1,1,0,1,1,0
"I2win_r15_off2,9_d7",71,1,1,0,1,0,0,0,0,1,1,1,1,1,0,1,1,0
"I2win_r15_off2,9_d7",72,1,1,0,1,0,0,0,0,1,1,1,1,1,0,1,1,0
"I2win_r15_off2,9_d7",73,1,1,0,1,0,0,0,0,1,1,1,1,1,0,1,1,0
"I2win_r15_off2,9_d7",74,1,1,0,1,0,0,0,0,1,1,1,1,1,0,1,1,0
"I2win_r15_off2,9_d7",75,1,1,0,1,0,0,1,1,1,1,1,0,0,0,1,1,0
"I2win_r15_off2,9_d7",76,1,1,0,1,1,0,0,1,0,1,0,1,0,1,1,1,0
"I2win_r15_off2,9_d7",77,1,1,0,1,1,0,0,1,0,1,0,1,0,1,1,1,0
"I2win_r15_off2,9_d7",78,1,1,0,1,1,0,0,1,0,1,0,1,0,1,1,1,0
"I2win_r15_off2,9_d7",79,1,1,0,1,1,0,0,1,0,1,0,1,1,0,1,1,0
"I2win_r15_off2,9_d7",80,1,1,0,1,1,0,0,1,1,1,0,1,1,0,1,1,0
"I2win_r15_off2,9_d7",81,1,1,0,1,1,0,0,1,1,1,0,1,1,0,1,1,0
"I2win_r15_off2,9_d7",82,1,1,0,1,1,0,0,1,1,1,0,1,1,0,1,1,0
"I2win_r15_off2,9_d7",83,1,1,0,1,1,0,0,1,1,1,0,1,1,0,1,1,0
"I2win_r15_off2,9_d7",84,1,1,0,1,1,0,0,1,1,1,0,1,1,0,1,1,0
"I2win_r15_off2,9_d7",85,1,1,0,1,1,0,0,1,1,1,0,1,1,0,1,1,0
"I2win_r15_off2,9_d7",86,1,0,1,1,1,0,1,0,1,1,0,0,0,0,0,1,0
"I2win_r15_off2,9_d7",87,0,0,0,0,0,1,0,0,0,0,0,1,0,1,0,1,0
"I2win_r15_off2,9_d7",88,0,0,0,0,0,1,0,0,0,0,0,1,0,1,0,1,0
"I2win_r15_off2,9_d7",89,0,0,0,0,0,1,0,0,0,0,0,1,0,1,0,1,0
"I2win_r15_off2,9_d7",90,0,0,0,0,0,1,0,0,0,0,0,1,1,0,0,1,0
"I2win_r15_off2,9_d7",91,0,0,0,0,0,1,0,0,1,1,1,1,1,0,0,1,0
"I2win_r15_off2,9_d7",92,0,0,0,0,0,1,0,0,1,1,1,1,1,0,0,1,0
"I2win_r15_off2,9_d7",93,0,0,0,0,0,1,0,0,1,1,1,1,1,0,0,1,0
"I2win_r15_off2,9_d7",94,0,0,0,0,0,1,0,0,1,1,1,1,1,0,0,1,0
"I2win_r15_off2,9_d7",95,0,0,0,0,0,1,0,0,1,1,1,1,1,0,0,1,0
"I2win_r15_off2,9_d7",96,0,0,0,0,0,1,0,0,1,1,1,1,1,0,0,1,0
"I2win_r15_off2,9_d7",97,0,0,0,0,0,1,1,1,1,1,1,0,0,0,0,1,0
"I2win_r15_off2,9_d7",98,0,0,0,0,1,1,0,1,0,0,0,1,0,1,0,1,0
"I2win_r15_off2,9_d7",99,0,0,0,0,1,1,0,1,0,0,0,1,0,1,0,1,0
"I2win_r15_off2,9_d7",100,0,0,0,0,1,1,0,1,0,0,0,1,0,1,0,1,0
"I2win_r15_off2,9_d7",101,0,0,0,0,1,1,0,1,0,0,0,1,1,0,0,1,0
"I2win_r15_off2,9_d7",102,0,0,0,0,1,1,0,1,1,1,0,1,1,0,0,1,0
"I2win_r15_off2,9_d7",103,0,0,0,0,1,1,0,1,1,1,0,1,1,0,0,1,0
"I2win_r15_off2,9_d7",104,0,0,0,0,1,1,0,1,1,1,0,1,1,0,0,1,0
"I2win_r15_off2,9_d7",105,0,0,0,0,1,1,0,1,1,1,0,1,1,0,0,1,0
"I2win_r15_off2,9_d7",106,0,0,0,0,1,1,0,1,1,1,0,1,1,0,0,1,0
"I2win_r15_off2,9_d7",107,0,0,0,0,1,1,0,1,1,1,0,1,1,0,0,1,0
"I2win_r15_off2,9_d7",108,0,1,0,1,1,1,1,0,1,1,0,0,0,0,0,1,0
"I2win_r15_off2,9_d7",109,1,1,0,1,0,1,0,0,0,0,0,1,0,1,0,1,0
"I2win_r15_off2,9_d7",110,1,1,0,1,0,1,0,0,0,0,0,1,0,1,0,1,0
"I2win_r15_off2,9_d7",111,1,1,0,1,0,1,0,0,0,0,0,1,0,1,0,1,0
"I2win_r15_off2,9_d7",112,1,1,0,1,0,1,0,0,0,0,0,1,1,0,0,1,0
"I2win_r15_off2,9_d7",113,1,1,0,1,0,1,0,0,1,1,1,1,1,0,0,1,0
"I2win_r15_off2,9_d7",114,1,1,0,1,0,1,0,0,1,1,1,1,1,0,0,1,0
"I2win_r15_off2,9_d7",115,1,1,0,1,0,1,0,0,1,1,1,1,1,0,0,1,0
"I2win_r15_off2,9_d7",116,1,1,0,1,0,1,0,0,1,1,1,1,1,0,0,1,0
"I2win_r15_off2,9_d7",117,1,1,0,1,0,1,0,0,1,1,1,1,1,0,0,1,0
"I2win_r15_off2,9_d7",118,1,1,0,1,0,1,0,0,1,1,1,1,1,0,0,1,0
"I2win_r15_off2,9_d7",119,1,1,0,1,0,1,1,1,1,1,1,0,0,0,0,1,0
"I2win_r15_off2,9_d7",120,1,1,0,1,1,1,0,1,0,0,0,1,0,1,0,1,1
"I2win_r16_off4,10_d6",0,0,0,0,0,0,0,0,0,0,0,0,1,0,1,0,1,0
"I2win_r16_off4,10_d6",1,0,0,0,0,0,0,0,0,0,0,0,1,0,1,0,1,0
"I2win_r16_off4,10_d6",2,0,0,0,0,0,0,0,0,0,0,0,1,0,1,0,1,0
"I2win_r16_off4,10_d6",3,0,0,0,0,0,0,0,0,0,0,0,1,0,1,0,1,0
"I2win_r16_off4,10_d6",4,0,0,0,0,0,0,0,0,0,0,0,1,1,0,0,1,0
"I2win_r16_off4,10_d6",5,0,0,0,0,0,0,0,0,1,1,1,1,1,0,0,1,0
"I2win_r16_off4,10_d6",6,0,0,0,0,0,0,0,0,1,1,1,1,1,0,0,1,0
"I2win_r16_off4,10_d6",7,0,0,0,0,0,0,0,0,1,1,1,1,1,0,0,1,0
"I2win_r16_off4,10_d6",8,0,0,0,0,0,0,0,0,1,1,1,1,1,0,0,1,0
"I2win_r16_off4,10_d6",9,0,0,0,0,0,0,0,0,1,1,1,1,1,0,0,1,0
"I2win_r16_off4,10_d6",10,0,0,0,0,0,0,1,1,1,1,1,0,0,0,0,1,0
"I2win_r16_off4,10_d6",11,0,0,0,0,1,0,0,1,0,0,0,1,0,1,0,1,0
"I2win_r16_off4,10_d6",12,0,0,0,0,1,0,0,1,0,0,0,1,0,1,0,1,0
"I2win_r16_off4,10_d6",13,0,0,0,0,1,0,0,1,0,0,0,1,0,1,0,1,0
"I2win_r16_off4,10_d6",14,0,0,0,0,1,0,0,1,0,0,0,1,0,1,0,1,0
"I2win_r16_off4,10_d6",15,0,0,0,0,1,0,0,1,0,0,0,1,1,0,0,1,0
"I2win_r16_off4,10_d6",16,0,0,0,0,1,0,0,1,1,1,0,1,1,0,0,1,0
"I2win_r16_off4,10_d6",17,0,0,0,0,1,0,0,1,1,1,0,1,1,0,0,1,0
"I2win_r16_off4,10_d6",18,0,0,0,0,1,0,0,1,1,1,0,1,1,0,0,1,0
"I2win_r16_off4,10_d6",19,0,0,0,0,1,0,0,1,1,1,0,1,1,0,0,1,0
"I2win_r16_off4,10_d6",20,0,0,0,0,1,0,0,1,1,1,0,1,1,0,0,1,0
"I2win_r16_off4,10_d6",21,0,1,0,1,1,0,1,0,1,1,0,0,0,0,0,1,0
"I2win_r16_off4,10_d6",22,1,1,0,1,0,0,0,0,0,0,0,1,0,1,0,1,0
"I2win_r16_off4,10_d6",23,1,1,0,1,0,0,0,0,0,0,0,1,0,1,0,1,0
"I2win_r16_off4,10_d6",24,1,1,0,1,0,0,0,0,0,0,0,1,0,1,0,1,0
"I2win_r16_off4,10_d6",25,1,1,0,1,0,0,0,0,0,0,0,1,0,1,0,1,0
"I2win_r16_off4,10_d6",26,1,1,0,1,0,0,0,0,0,0,0,1,1,0,0,1,0
"I2win_r16_off4,10_d6",27,1,1,0,1,0,0,0,0,1,1,1,1,1,0,0,1,0
"I2win_r16_off4,10_d6",28,1,1,0,1,0,0,0,0,1,1,1,1,1,0,0,1,0
"I2win_r16_off4,10_d6",29,1,1,0,1,0,0,0,0,1,1,1,1,1,0,0,1,0
"I2win_r16_off4,10_d6",30,1,1,0,1,0,0,0,0,1,1,1,1,1,0,0,1,0
"I2win_r16_off4,10_d6",31,1,1,0,1,0,0,0,0,1,1,1,1,1,0,0,1,0
"I2win_r16_off4,10_d6",32,1,1,0,1,0,0,1,1,1,1,1,0,0,0,0,1,0
"I2win_r16_off4,10_d6",33,1,1,0,1,1,0,0,1,0,0,0,1,0,1,0,1,0
"I2win_r16_off4,10_d6",34,1,1,0,1,1,0,0,1,0,0,0,1,0,1,0,1,0
"I2win_r16_off4,10_d6",35,1,1,0,1,1,0,0,1,0,0,0,1,0,1,0,1,0
"I2win_r16_off4,10_d6",36,1,1,0,1,1,0,0,1,0,0,0,1,0,1,0,1,0
"I2win_r16_off4,10_d6",37,1,1,0,1,1,0,0,1,0,0,0,1,1,0,0,1,0
"I2win_r16_off4,10_d6",38,1,1,0,1,1,0,0,1,1,1,0,1,1,0,0,1,0
"I2win_r16_off4,10_d6",39,1,1,0,1,1,0,0,1,1,1,0,1,1,0,0,1,0
"I2win_r16_off4,10_d6",40,1,1,0,1,1,0,0,1,1,1,0,1,1,0,0,1,0
"I2win_r16_off4,10_d6",41,1,1,0,1,1,0,0,1,1,1,0,1,1,0,0,1,0
"I2win_r16_off4,10_d6",42,1,1,0,1,1,0,0,1,1,1,0,1,1,0,0,1,0
"I2win_r16_off4,10_d6",43,1,0,1,1,1,0,1,0,1,1,0,0,0,0,1,1,0
"I2win_r16_off4,10_d6",44,0,0,0,0,0,0,0,0,0,1,0,1,0,1,1,1,0
"I2win_r16_off4,10_d6",45,0,0,0,0,0,0,0,0,0,1,0,1,0,1,1,1,0
"I2win_r16_off4,10_d6",46,0,0,0,0,0,0,0,0,0,1,0,1,0,1,1,1,0
"I2win_r16_off4,10_d6",47,0,0,0,0,0,0,0,0,0,1,0,1,0,1,1,1,0
"I2win_r16_off4,10_d6",48,0,0,0,0,0,0,0,0,0,1,0,1,1,0,1,1,0
"I2win_r16_off4,10_d6",49,0,0,0,0,0,0,0,0,1,1,1,1,1,0,1,1,0
"I2win_r16_off4,10_d6",50,0,0,0,0,0,0,0,0,1,1,1,1,1,0,1,1,0
"I2win_r16_off4,10_d6",51,0,0,0,0,0,0,0,0,1,1,1,1,1,0,1,1,0
"I2win_r16_off4,10_d6",52,0,0,0,0,0,0,0,0,1,1,1,1,1,0,1,1,0
"I2win_r16_off4,10_d6",53,0,0,0,0,0,0,0,0,1,1,1,1,1,0,1,1,0
"I2win_r16_off4,10_d6",54,0,0,0,0,0,0,1,1,1,1,1,0,0,0,1,1,0
"I2win_r16_off4,10_d6",55,0,0,0,0,1,0,0,1,0,1,0,1,0,1,1,1,0
"I2win_r16_off4,10_d6",56,0,0,0,0,1,0,0,1,0,1,0,1,0,1,1,1,0
"I2win_r16_off4,10_d6",57,0,0,0,0,1,0,0,1,0,1,0,1,0,1,1,1,0
"I2win_r16_off4,10_d6",58,0,0,0,0,1,0,0,1,0,1,0,1,0,1,1,1,0
"I2win_r16_off4,10_d6",59,0,0,0,0,1,0,0,1,0,1,0,1,1,0,1,1,0
"I2win_r16_off4,10_d6",60,0,0,0,0,1,0,0,1,1,1,0,1,1,0,1,1,0
"I2win_r16_off4,10_d6",61,0,0,0,0,1,0,0,1,1,1,0,1,1,0,1,1,0
"I2win_r16_off4,10_d6",62,0,0,0,0,1,0,0,1,1,1,0,1,1,0,1,1,0
"I2win_r16_off4,10_d6",63,0,0,0,0,1,0,0,1,1,1,0,1,1,0,1,1,0
"I2win_r16_off4,10_d6",64,0,0,0,0,1,0,0,1,1,1,0,1,1,0,1,1,0
"I2win_r16_off4,10_d6",65,0,1,0,1,1,0,1,0,1,1,0,0,0,0,1,1,0
"I2win_r16_off4,10_d6",66,1,1,0,1,0,0,0,0,0,1,0,1,0,1,1,1,0
"I2win_r16_off4,10_d6",67,1,1,0,1,0,0,0,0,0,1,0,1,0,1,1,1,0
"I2win_r16_off4,10_d6",68,1,1,0,1,0,0,0,0,0,1,0,1,0,1,1,1,0
"I2win_r16_off4,10_d6",69,1,1,0,1,0,0,0,0,0,1,0,1,0,1,1,1,0
"I2win_r16_off4,10_d6",70,1,1,0,1,0,0,0,0,0,1,0,1,1,0,1,1,0
"I2win_r16_off4,10_d6",71,1,1,0,1,0,0,0,0,1,1,1,1,1,0,1,1,0
"I2win_r16_off4,10_d6",72,1,1,0,1,0,0,0,0,1,1,1,1,1,0,1,1,0
"I2win_r16_off4,10_d6",73,1,1,0,1,0,0,0,0,1,1,1,1,1,0,1,1,0
"I2win_r16_off4,10_d6",74,1,1,0,1,0,0,0,0,1,1,1,1,1,0,1,1,0
"I2win_r16_off4,10_d6",75,1,1,0,1,0,0,0,0,1,1,1,1,1,0,1,1,0
"I2win_r16_off4,10_d6",76,1,1,0,1,0,0,1,1,1,1,1,0,0,0,1,1,0
"I2win_r16_off4,10_d6",77,1,1,0,1,1,0,0,1,0,1,0,1,0,1,1,1,0
"I2win_r16_off4,10_d6",78,1,1,0,1,1,0,0,1,0,1,0,1,0,1,1,1,0
"I2win_r16_off4,10_d6",79,1,1,0,1,1,0,0,1,0,1,0,1,0,1,1,1,0
"I2win_r16_off4,10_d6",80,1,1,0,1,1,0,0,1,0,1,0,1,0,1,1,1,0
"I2win_r16_off4,10_d6",81,1,1,0,1,1,0,0,1,0,1,0,1,1,0,1,1,0
"I2win_r16_off4,10_d6",82,1,1,0,1,1,0,0,1,1,1,0,1,1,0,1,1,0
"I2win_r16_off4,10_d6",83,1,1,0,1,1,0,0,1,1,1,0,1,1,0,1,1,0
"I2win_r16_off4,10_d6",84,1,1,0,1,1,0,0,1,1,1,0,1,1,0,1,1,0
"I2win_r16_off4,10_d6",85,1,1,0,1,1,0,0,1,1,1,0,1,1,0,1,1,0
"I2win_r16_off4,10_d6",86,1,1,0,1,1,0,0,1,1,1,0,1,1,0,1,1,0
"I2win_r16_off4,10_d6",87,1,0,1,1,1,0,1,0,1,1,0,0,0,0,0,1,0
"I2win_r16_off4,10_d6",88,0,0,0,0,0,1,0,0,0,0,0,1,0,1,0,1,0
"I2win_r16_off4,10_d6",89,0,0,0,0,0,1,0,0,0,0,0,1,0,1,0,1,0
"I2win_r16_off4,10_d6",90,0,0,0,0,0,1,0,0,0,0,0,1,0,1,0,1,0
"I2win_r16_off4,10_d6",91,0,0,0,0,0,1,0,0,0,0,0,1,0,1,0,1,0
"I2win_r16_off4,10_d6",92,0,0,0,0,0,1,0,0,0,0,0,1,1,0,0,1,0
"I2win_r16_off4,10_d6",93,0,0,0,0,0,1,0,0,1,1,1,1,1,0,0,1,0
"I2win_r16_off4,10_d6",94,0,0,0,0,0,1,0,0,1,1,1,1,1,0,0,1,0
"I2win_r16_off4,10_d6",95,0,0,0,0,0,1,0,0,1,1,1,1,1,0,0,1,0
"I2win_r16_off4,10_d6",96,0,0,0,0,0,1,0,0,1,1,1,1,1,0,0,1,0
"I2win_r16_off4,10_d6",97,0,0,0,0,0,1,0,0,1,1,1,1,1,0,0,1,0
"I2win_r16_off4,10_d6",98,0,0,0,0,0,1,1,1,1,1,1,0,0,0,0,1,0
"I2win_r16_off4,10_d6",99,0,0,0,0,1,1,0,1,0,0,0,1,0,1,0,1,0
"I2win_r16_off4,10_d6",100,0,0,0,0,1,1,0,1,0,0,0,1,0,1,0,1,0
"I2win_r16_off4,10_d6",101,0,0,0,0,1,1,0,1,0,0,0,1,0,1,0,1,0
"I2win_r16_off4,10_d6",102,0,0,0,0,1,1,0,1,0,0,0,1,0,1,0,1,0
"I2win_r16_off4,10_d6",103,0,0,0,0,1,1,0,1,0,0,0,1,1,0,0,1,0
"I2win_r16_off4,10_d6",104,0,0,0,0,1,1,0,1,1,1,0,1,1,0,0,1,0
"I2win_r16_off4,10_d6",105,0,0,0,0,1,1,0,1,1,1,0,1,1,0,0,1,0
"I2win_r16_off4,10_d6",106,0,0,0,0,1,1,0,1,1,1,0,1,1,0,0,1,0
"I2win_r16_off4,10_d6",107,0,0,0,0,1,1,0,1,1,1,0,1,1,0,0,1,0
"I2win_r16_off4,10_d6",108,0,0,0,0,1,1,0,1,1,1,0,1,1,0,0,1,0
"I2win_r16_off4,10_d6",109,0,1,0,1,1,1,1,0,1,1,0,0,0,0,0,1,0
"I2win_r16_off4,10_d6",110,1,1,0,1,0,1,0,0,0,0,0,1,0,1,0,1,0
"I2win_r16_off4,10_d6",111,1,1,0,1,0,1,0,0,0,0,0,1,0,1,0,1,0
"I2win_r16_off4,10_d6",112,1,1,0,1,0,1,0,0,0,0,0,1,0,1,0,1,0
"I2win_r16_off4,10_d6",113,1,1,0,1,0,1,0,0,0,0,0,1,0,1,0,1,0
"I2win_r16_off4,10_d6",114,1,1,0,1,0,1,0,0,0,0,0,1,1,0,0,1,0
"I2win_r16_off4,10_d6",115,1,1,0,1,0,1,0,0,1,1,1,1,1,0,0,1,0
"I2win_r16_off4,10_d6",116,1,1,0,1,0,1,0,0,1,1,1,1,1,0,0,1,0
"I2win_r16_off4,10_d6",117,1,1,0,1,0,1,0,0,1,1,1,1,1,0,0,1,0
"I2win_r16_off4,10_d6",118,1,1,0,1,0,1,0,0,1,1,1,1,1,0,0,1,0
"I2win_r16_off4,10_d6",119,1,1,0,1,0,1,0,0,1,1,1,1,1,0,0,1,0
"I2win_r16_off4,10_d6",120,1,1,0,1,0,1,1,1,1,1,1,0,0,0,0,1,0
