label,mode,cyc,I,enable,op_a6_A,AN_a6_A,B_a6_A,Y_a6_A,op_a6_D,AN_a6_D,B_a6_D,Y_a6_D,op_a5_B,AN_a5_B,B_a5_B,Y_a5_B,op_a12_B,AN_a12_B,B_a12_B,Y_a12_B
t04_a6_A_k1,20,0,0,1,0,0,1,0,0,0,1,0,0,0,1,0,0,0,1,0
t04_a6_A_k1,20,1,1,1,1,0,1,0,0,0,1,0,0,0,1,0,0,0,1,0
t04_a6_A_k1,20,2,0,1,0,0,0,0,1,0,1,0,0,0,1,0,0,0,1,0
t04_a6_A_k1,20,3,0,1,0,0,0,0,0,0,1,0,0,0,1,0,0,0,1,0
t04_a6_A_k1,20,4,0,1,0,0,0,0,0,0,1,0,1,0,1,0,0,0,1,0
t04_a6_A_k1,20,5,0,1,0,0,0,0,0,0,1,0,0,0,1,0,0,0,1,0
t04_a6_A_k1,20,6,0,1,0,0,0,0,0,0,1,0,0,0,1,0,0,0,1,0
t04_a6_A_k1,20,7,0,1,0,0,0,0,0,0,1,0,0,0,1,0,0,0,1,0
t04_a6_A_k1,20,8,0,1,0,0,0,0,0,0,1,0,0,0,1,0,1,0,1,0
t04_a6_A_k1,20,9,0,1,0,0,0,0,0,0,1,0,0,0,1,0,0,0,1,0
t04_a6_A_k1,20,10,0,1,0,0,0,0,0,0,1,0,0,0,1,0,0,0,1,0
t04_a6_A_k1,20,11,0,1,0,0,0,0,0,0,1,0,0,0,1,0,0,0,1,0
t04_a6_A_k1,20,12,0,1,1,0,0,0,0,0,1,0,0,0,1,0,0,0,1,0
t04_a6_A_k1,20,13,0,1,0,0,0,0,1,0,1,0,0,0,1,0,0,0,1,0
t04_a6_A_k1,20,14,0,1,0,0,0,0,0,0,1,0,0,0,1,0,0,0,1,0
t04_a6_A_k1,20,15,0,1,0,0,0,0,0,0,1,0,1,0,1,0,0,0,1,0
t04_a6_A_k1,20,16,0,1,0,0,0,0,0,0,1,0,0,0,1,0,0,0,1,0
t04_a6_A_k1,20,17,0,1,0,0,0,0,0,0,1,0,0,0,1,0,0,0,1,0
t04_a6_A_k1,20,18,0,1,0,0,0,0,0,0,1,0,0,0,1,0,0,0,1,0
t04_a6_A_k1,20,19,0,1,0,0,0,0,0,0,1,0,0,0,1,0,1,0,1,0
t04_a6_A_k1,20,20,0,1,0,0,0,0,0,0,1,0,0,0,1,0,0,0,1,0
t04_a6_A_k1,20,21,0,1,0,0,0,0,0,0,1,0,0,0,1,0,0,0,1,0
t04_a6_A_k1,20,22,0,1,0,0,0,0,0,0,1,0,0,0,1,0,0,0,1,0
t04_a6_A_k1,20,23,0,1,1,0,0,0,0,0,1,0,0,0,1,0,0,0,1,0
t04_a6_A_k1,20,24,0,1,0,0,0,0,1,0,1,0,0,0,1,0,0,0,1,0
t04_a6_A_k1,20,25,0,1,0,0,0,0,0,0,1,0,0,0,1,0,0,0,1,0
t04_a6_A_k1,20,26,0,1,0,0,0,0,0,0,1,0,1,0,1,0,0,0,1,0
t04_a6_A_k1,20,27,0,1,0,0,0,0,0,0,1,0,0,0,1,0,0,0,1,0
t04_a6_A_k1,20,28,0,1,0,0,0,0,0,0,1,0,0,0,1,0,0,0,1,0
t04_a6_A_k1,20,29,0,1,0,0,0,0,0,0,1,0,0,0,1,0,0,0,1,0
t04_a6_A_k1,20,30,0,1,0,0,0,0,0,0,1,0,0,0,1,0,1,0,1,0
t04_a6_A_k1,20,31,0,1,0,0,0,0,0,0,1,0,0,0,1,0,0,0,1,0
t04_a6_A_k1,20,32,0,1,0,0,0,0,0,0,1,0,0,0,1,0,0,0,1,0
t04_a6_A_k1,20,33,0,1,0,0,0,0,0,0,1,0,0,0,1,0,0,0,1,0
t04_a6_A_k1,20,34,0,1,1,0,0,0,0,0,1,0,0,0,1,0,0,0,1,0
t04_a6_A_k1,20,35,0,1,0,0,0,0,1,0,1,0,0,0,1,0,0,0,1,0
t04_a6_A_k1,20,36,0,1,0,0,0,0,0,0,1,0,0,0,1,0,0,0,1,0
t04_a6_A_k1,20,37,0,1,0,0,0,0,0,0,1,0,1,0,1,0,0,0,1,0
t04_a6_A_k1,20,38,0,1,0,0,0,0,0,0,1,0,0,0,1,0,0,0,1,0
t04_a6_A_k1,20,39,0,1,0,0,0,0,0,0,1,0,0,0,1,0,0,0,1,0
t04_a6_A_k1,20,40,0,1,0,0,0,0,0,0,1,0,0,0,1,0,0,0,1,0
t04_a6_A_k1,20,41,0,1,0,0,0,0,0,0,1,0,0,0,1,0,1,0,1,0
t04_a6_A_k1,20,42,0,1,0,0,0,0,0,0,1,0,0,0,1,0,0,0,1,0
t04_a6_A_k1,20,43,0,1,0,0,0,0,0,0,1,0,0,0,1,0,0,0,1,0
t04_a6_A_k1,20,44,0,1,0,0,0,0,0,0,1,0,0,0,1,0,0,0,1,0
t04_a6_A_k1,20,45,0,1,1,0,0,0,0,0,1,0,0,0,1,0,0,0,1,0
t04_a6_A_k1,20,46,0,1,0,0,0,0,1,0,1,0,0,0,1,0,0,0,1,0
t04_a6_A_k1,20,47,0,1,0,0,0,0,0,0,1,0,0,0,1,0,0,0,1,0
t04_a6_A_k1,20,48,0,1,0,0,0,0,0,0,1,0,1,0,1,0,0,0,1,0
t04_a6_A_k1,20,49,0,1,0,0,0,0,0,0,1,0,0,0,1,0,0,0,1,0
t04_a6_A_k1,20,50,0,1,0,0,0,0,0,0,1,0,0,0,1,0,0,0,1,0
t04_a6_A_k1,20,51,0,1,0,0,0,0,0,0,1,0,0,0,1,0,0,0,1,0
t04_a6_A_k1,20,52,0,1,0,0,0,0,0,0,1,0,0,0,1,0,1,0,1,0
t04_a6_A_k1,20,53,0,1,0,0,0,0,0,0,1,0,0,0,1,0,0,0,1,0
t04_a6_A_k1,20,54,0,1,0,0,0,0,0,0,1,0,0,0,1,0,0,0,1,0
t04_a6_A_k1,20,55,0,1,0,0,0,0,0,0,1,0,0,0,1,0,0,0,1,0
t04_a6_A_k1,20,56,0,1,1,0,0,0,0,0,1,0,0,0,1,0,0,0,1,0
t04_a6_A_k1,20,57,0,1,0,0,0,0,1,0,1,0,0,0,1,0,0,0,1,0
t04_a6_A_k1,20,58,0,1,0,0,0,0,0,0,1,0,0,0,1,0,0,0,1,0
t04_a6_A_k1,20,59,0,1,0,0,0,0,0,0,1,0,1,0,1,0,0,0,1,0
t04_a6_A_k1,20,60,0,1,0,0,0,0,0,0,1,0,0,0,1,0,0,0,1,0
t04_a6_A_k1,20,61,0,1,0,0,0,0,0,0,1,0,0,0,1,0,0,0,1,0
t04_a6_A_k1,20,62,0,1,0,0,0,0,0,0,1,0,0,0,1,0,0,0,1,0
t04_a6_A_k1,20,63,0,1,0,0,0,0,0,0,1,0,0,0,1,0,1,0,1,0
t04_a6_A_k1,20,64,0,1,0,0,0,0,0,0,1,0,0,0,1,0,0,0,1,0
t04_a6_A_k1,20,65,0,1,0,0,0,0,0,0,1,0,0,0,1,0,0,0,1,0
t04_a6_A_k1,20,66,0,1,0,0,0,0,0,0,1,0,0,0,1,0,0,0,1,0
t04_a6_A_k1,20,67,0,1,1,0,0,0,0,0,1,0,0,0,1,0,0,0,1,0
t04_a6_A_k1,20,68,0,1,0,0,0,0,1,0,1,0,0,0,1,0,0,0,1,0
t04_a6_A_k1,20,69,0,1,0,0,0,0,0,0,1,0,0,0,1,0,0,0,1,0
t04_a6_A_k1,20,70,0,1,0,0,0,0,0,0,1,0,1,0,1,0,0,0,1,0
t04_a6_A_k1,20,71,0,1,0,0,0,0,0,0,1,0,0,0,1,0,0,0,1,0
t04_a6_A_k1,20,72,0,1,0,0,0,0,0,0,1,0,0,0,1,0,0,0,1,0
t04_a6_A_k1,20,73,0,1,0,0,0,0,0,0,1,0,0,0,1,0,0,0,1,0
t04_a6_A_k1,20,74,0,1,0,0,0,0,0,0,1,0,0,0,1,0,1,0,1,0
t04_a6_A_k1,20,75,0,1,0,0,0,0,0,0,1,0,0,0,1,0,0,0,1,0
t04_a6_A_k1,20,76,0,1,0,0,0,0,0,0,1,0,0,0,1,0,0,0,1,0
t04_a6_A_k1,20,77,0,1,0,0,0,0,0,0,1,0,0,0,1,0,0,0,1,0
t04_a6_A_k1,20,78,0,1,1,0,0,0,0,0,1,0,0,0,1,0,0,0,1,0
t04_a6_A_k1,20,79,0,1,0,0,0,0,1,0,1,0,0,0,1,0,0,0,1,0
t04_a6_A_k1,20,80,0,1,0,0,0,0,0,0,1,0,0,0,1,0,0,0,1,0
t04_a6_A_k1,20,81,0,1,0,0,0,0,0,0,1,0,1,0,1,0,0,0,1,0
t04_a6_A_k1,20,82,0,1,0,0,0,0,0,0,1,0,0,0,1,0,0,0,1,0
t04_a6_A_k1,20,83,0,1,0,0,0,0,0,0,1,0,0,0,1,0,0,0,1,0
t04_a6_A_k1,20,84,0,1,0,0,0,0,0,0,1,0,0,0,1,0,0,0,1,0
t04_a6_A_k1,20,85,0,1,0,0,0,0,0,0,1,0,0,0,1,0,1,0,1,0
t04_a6_A_k1,20,86,0,1,0,0,0,0,0,0,1,0,0,0,1,0,0,0,1,0
t04_a6_A_k1,20,87,0,1,0,0,0,0,0,0,1,0,0,0,1,0,0,0,1,0
t04_a6_A_k1,20,88,0,1,0,0,0,0,0,0,1,0,0,0,1,0,0,0,1,0
t04_a6_A_k1,20,89,0,1,1,0,0,0,0,0,1,0,0,0,1,0,0,0,1,0
t04_a6_A_k1,20,90,0,1,0,0,0,0,1,0,1,0,0,0,1,0,0,0,1,0
t04_a6_A_k1,20,91,0,1,0,0,0,0,0,0,1,0,0,0,1,0,0,0,1,0
t04_a6_A_k1,20,92,0,1,0,0,0,0,0,0,1,0,1,0,1,0,0,0,1,0
t04_a6_A_k1,20,93,0,1,0,0,0,0,0,0,1,0,0,0,1,0,0,0,1,0
t04_a6_A_k1,20,94,0,1,0,0,0,0,0,0,1,0,0,0,1,0,0,0,1,0
t04_a6_A_k1,20,95,0,1,0,0,0,0,0,0,1,0,0,0,1,0,0,0,1,0
t04_a6_A_k1,20,96,0,1,0,0,0,0,0,0,1,0,0,0,1,0,1,0,1,0
t04_a6_A_k1,20,97,0,1,0,0,0,0,0,0,1,0,0,0,1,0,0,0,1,0
t04_a6_A_k1,20,98,0,1,0,0,0,0,0,0,1,0,0,0,1,0,0,0,1,0
t04_a6_A_k1,20,99,0,1,0,0,0,0,0,0,1,0,0,0,1,0,0,0,1,0
t04_a6_A_k1,20,100,0,1,1,0,0,0,0,0,1,0,0,0,1,0,0,0,1,0
t04_a6_A_k1,20,101,0,1,0,0,0,0,1,0,1,0,0,0,1,0,0,0,1,0
t04_a6_A_k1,20,102,0,1,0,0,0,0,0,0,1,0,0,0,1,0,0,0,1,0
t04_a6_A_k1,20,103,0,1,0,0,0,0,0,0,1,0,1,0,1,0,0,0,1,0
t04_a6_A_k1,20,104,0,1,0,0,0,0,0,0,1,0,0,0,1,0,0,0,1,0
t04_a6_A_k1,20,105,0,1,0,0,0,0,0,0,1,0,0,0,1,0,0,0,1,0
t04_a6_A_k1,20,106,0,1,0,0,0,0,0,0,1,0,0,0,1,0,0,0,1,0
t04_a6_A_k1,20,107,0,1,0,0,0,0,0,0,1,0,0,0,1,0,1,0,1,0
t04_a6_A_k1,20,108,0,1,0,0,0,0,0,0,1,0,0,0,1,0,0,0,1,0
t04_a6_A_k1,20,109,0,1,0,0,0,0,0,0,1,0,0,0,1,0,0,0,1,0
t04_a6_A_k1,20,110,0,1,0,0,0,0,0,0,1,0,0,0,1,0,0,0,1,0
t04_a6_A_k1,20,111,0,1,1,0,0,0,0,0,1,0,0,0,1,0,0,0,1,0
t04_a6_A_k1,20,112,0,1,0,0,0,0,1,0,1,0,0,0,1,0,0,0,1,0
t04_a6_A_k1,20,113,0,1,0,0,0,0,0,0,1,0,0,0,1,0,0,0,1,0
t04_a6_A_k1,20,114,0,1,0,0,0,0,0,0,1,0,1,0,1,0,0,0,1,0
t04_a6_A_k1,20,115,0,1,0,0,0,0,0,0,1,0,0,0,1,0,0,0,1,0
t04_a6_A_k1,20,116,0,1,0,0,0,0,0,0,1,0,0,0,1,0,0,0,1,0
t04_a6_A_k1,20,117,0,1,0,0,0,0,0,0,1,0,0,0,1,0,0,0,1,0
t04_a6_A_k1,20,118,0,1,0,0,0,0,0,0,1,0,0,0,1,0,1,0,1,0
t04_a6_A_k1,20,119,0,1,0,0,0,0,0,0,1,0,0,0,1,0,0,0,1,0
t04_a6_A_k1,20,120,0,1,0,0,0,0,0,0,1,0,0,0,1,0,0,0,1,0
t04_a6_A_k2,21,0,0,1,0,0,1,0,0,0,1,0,0,0,1,0,0,0,1,0
t04_a6_A_k2,21,1,1,1,1,0,1,0,0,0,1,0,0,0,1,0,0,0,1,0
t04_a6_A_k2,21,2,0,1,0,0,0,0,1,0,1,0,0,0,1,0,0,0,1,0
t04_a6_A_k2,21,3,0,1,0,0,0,0,0,0,1,0,0,0,1,0,0,0,1,0
t04_a6_A_k2,21,4,0,1,0,0,0,0,0,0,1,0,1,0,1,0,0,0,1,0
t04_a6_A_k2,21,5,0,1,0,0,0,0,0,0,1,0,0,0,1,0,0,0,1,0
t04_a6_A_k2,21,6,0,1,0,0,0,0,0,0,1,0,0,0,1,0,0,0,1,0
t04_a6_A_k2,21,7,0,1,0,0,0,0,0,0,1,0,0,0,1,0,0,0,1,0
t04_a6_A_k2,21,8,0,1,0,0,0,0,0,0,1,0,0,0,1,0,1,0,1,0
t04_a6_A_k2,21,9,0,1,0,0,0,0,0,0,1,0,0,0,1,0,0,0,1,0
t04_a6_A_k2,21,10,0,1,0,0,0,0,0,0,1,0,0,0,1,0,0,0,1,0
t04_a6_A_k2,21,11,0,1,0,0,0,0,0,0,1,0,0,0,1,0,0,0,1,0
t04_a6_A_k2,21,12,1,1,1,0,0,0,0,0,1,0,0,0,1,0,0,0,1,0
t04_a6_A_k2,21,13,0,1,0,1,1,1,1,0,1,0,0,0,1,0,0,0,1,0
t04_a6_A_k2,21,14,0,1,0,1,1,1,0,0,1,0,0,0,1,0,0,0,1,0
t04_a6_A_k2,21,15,0,1,0,1,1,1,0,0,1,0,1,0,1,0,0,0,1,0
t04_a6_A_k2,21,16,0,1,0,1,1,1,0,0,1,0,0,0,1,0,0,0,1,0
t04_a6_A_k2,21,17,0,1,0,1,1,1,0,0,1,0,0,0,1,0,0,0,1,0
t04_a6_A_k2,21,18,0,1,0,1,1,1,0,0,1,0,0,0,1,0,0,0,1,0
t04_a6_A_k2,21,19,0,1,0,1,1,1,0,0,1,0,0,0,1,0,1,0,1,0
t04_a6_A_k2,21,20,0,1,0,1,1,1,0,0,1,0,0,0,1,0,0,0,1,0
t04_a6_A_k2,21,21,0,1,0,1,1,1,0,0,1,0,0,0,1,0,0,0,1,0
t04_a6_A_k2,21,22,0,1,0,1,1,1,0,0,1,0,0,0,1,0,0,0,1,0
t04_a6_A_k2,21,23,0,1,1,1,1,1,0,0,1,0,0,0,1,0,0,0,1,0
t04_a6_A_k2,21,24,0,1,0,1,1,1,1,0,1,0,0,0,1,0,0,0,1,0
t04_a6_A_k2,21,25,0,1,0,1,1,1,0,0,1,0,0,0,1,0,0,0,1,0
t04_a6_A_k2,21,26,0,1,0,1,1,1,0,0,1,0,1,0,1,0,0,0,1,0
t04_a6_A_k2,21,27,0,1,0,1,1,1,0,0,1,0,0,0,1,0,0,0,1,0
t04_a6_A_k2,21,28,0,1,0,1,1,1,0,0,1,0,0,0,1,0,0,0,1,0
t04_a6_A_k2,21,29,0,1,0,1,1,1,0,0,1,0,0,0,1,0,0,0,1,0
t04_a6_A_k2,21,30,0,1,0,1,1,1,0,0,1,0,0,0,1,0,1,0,1,0
t04_a6_A_k2,21,31,0,1,0,1,1,1,0,0,1,0,0,0,1,0,0,0,1,0
t04_a6_A_k2,21,32,0,1,0,1,1,1,0,0,1,0,0,0,1,0,0,0,1,0
t04_a6_A_k2,21,33,0,1,0,1,1,1,0,0,1,0,0,0,1,0,0,0,1,0
t04_a6_A_k2,21,34,0,1,1,1,1,1,0,0,1,0,0,0,1,0,0,0,1,0
t04_a6_A_k2,21,35,0,1,0,1,1,1,1,0,1,0,0,0,1,0,0,0,1,0
t04_a6_A_k2,21,36,0,1,0,1,1,1,0,0,1,0,0,0,1,0,0,0,1,0
t04_a6_A_k2,21,37,0,1,0,1,1,1,0,0,1,0,1,0,1,0,0,0,1,0
t04_a6_A_k2,21,38,0,1,0,1,1,1,0,0,1,0,0,0,1,0,0,0,1,0
t04_a6_A_k2,21,39,0,1,0,1,1,1,0,0,1,0,0,0,1,0,0,0,1,0
t04_a6_A_k2,21,40,0,1,0,1,1,1,0,0,1,0,0,0,1,0,0,0,1,0
t04_a6_A_k2,21,41,0,1,0,1,1,1,0,0,1,0,0,0,1,0,1,0,1,0
t04_a6_A_k2,21,42,0,1,0,1,1,1,0,0,1,0,0,0,1,0,0,0,1,0
t04_a6_A_k2,21,43,0,1,0,1,1,1,0,0,1,0,0,0,1,0,0,0,1,0
t04_a6_A_k2,21,44,0,1,0,1,1,1,0,0,1,0,0,0,1,0,0,0,1,0
t04_a6_A_k2,21,45,0,1,1,1,1,1,0,0,1,0,0,0,1,0,0,0,1,0
t04_a6_A_k2,21,46,0,1,0,1,1,1,1,0,1,0,0,0,1,0,0,0,1,0
t04_a6_A_k2,21,47,0,1,0,1,1,1,0,0,1,0,0,0,1,0,0,0,1,0
t04_a6_A_k2,21,48,0,1,0,1,1,1,0,0,1,0,1,0,1,0,0,0,1,0
t04_a6_A_k2,21,49,0,1,0,1,1,1,0,0,1,0,0,0,1,0,0,0,1,0
t04_a6_A_k2,21,50,0,1,0,1,1,1,0,0,1,0,0,0,1,0,0,0,1,0
t04_a6_A_k2,21,51,0,1,0,1,1,1,0,0,1,0,0,0,1,0,0,0,1,0
t04_a6_A_k2,21,52,0,1,0,1,1,1,0,0,1,0,0,0,1,0,1,0,1,0
t04_a6_A_k2,21,53,0,1,0,1,1,1,0,0,1,0,0,0,1,0,0,0,1,0
t04_a6_A_k2,21,54,0,1,0,1,1,1,0,0,1,0,0,0,1,0,0,0,1,0
t04_a6_A_k2,21,55,0,1,0,1,1,1,0,0,1,0,0,0,1,0,0,0,1,0
t04_a6_A_k2,21,56,0,1,1,1,1,1,0,0,1,0,0,0,1,0,0,0,1,0
t04_a6_A_k2,21,57,0,1,0,1,1,1,1,0,1,0,0,0,1,0,0,0,1,0
t04_a6_A_k2,21,58,0,1,0,1,1,1,0,0,1,0,0,0,1,0,0,0,1,0
t04_a6_A_k2,21,59,0,1,0,1,1,1,0,0,1,0,1,0,1,0,0,0,1,0
t04_a6_A_k2,21,60,0,1,0,1,1,1,0,0,1,0,0,0,1,0,0,0,1,0
t04_a6_A_k2,21,61,0,1,0,1,1,1,0,0,1,0,0,0,1,0,0,0,1,0
t04_a6_A_k2,21,62,0,1,0,1,1,1,0,0,1,0,0,0,1,0,0,0,1,0
t04_a6_A_k2,21,63,0,1,0,1,1,1,0,0,1,0,0,0,1,0,1,0,1,0
t04_a6_A_k2,21,64,0,1,0,1,1,1,0,0,1,0,0,0,1,0,0,0,1,0
t04_a6_A_k2,21,65,0,1,0,1,1,1,0,0,1,0,0,0,1,0,0,0,1,0
t04_a6_A_k2,21,66,0,1,0,1,1,1,0,0,1,0,0,0,1,0,0,0,1,0
t04_a6_A_k2,21,67,0,1,1,1,1,1,0,0,1,0,0,0,1,0,0,0,1,0
t04_a6_A_k2,21,68,0,1,0,1,1,1,1,0,1,0,0,0,1,0,0,0,1,0
t04_a6_A_k2,21,69,0,1,0,1,1,1,0,0,1,0,0,0,1,0,0,0,1,0
t04_a6_A_k2,21,70,0,1,0,1,1,1,0,0,1,0,1,0,1,0,0,0,1,0
t04_a6_A_k2,21,71,0,1,0,1,1,1,0,0,1,0,0,0,1,0,0,0,1,0
t04_a6_A_k2,21,72,0,1,0,1,1,1,0,0,1,0,0,0,1,0,0,0,1,0
t04_a6_A_k2,21,73,0,1,0,1,1,1,0,0,1,0,0,0,1,0,0,0,1,0
t04_a6_A_k2,21,74,0,1,0,1,1,1,0,0,1,0,0,0,1,0,1,0,1,0
t04_a6_A_k2,21,75,0,1,0,1,1,1,0,0,1,0,0,0,1,0,0,0,1,0
t04_a6_A_k2,21,76,0,1,0,1,1,1,0,0,1,0,0,0,1,0,0,0,1,0
t04_a6_A_k2,21,77,0,1,0,1,1,1,0,0,1,0,0,0,1,0,0,0,1,0
t04_a6_A_k2,21,78,0,1,1,1,1,1,0,0,1,0,0,0,1,0,0,0,1,0
t04_a6_A_k2,21,79,0,1,0,1,1,1,1,0,1,0,0,0,1,0,0,0,1,0
t04_a6_A_k2,21,80,0,1,0,1,1,1,0,0,1,0,0,0,1,0,0,0,1,0
t04_a6_A_k2,21,81,0,1,0,1,1,1,0,0,1,0,1,0,1,0,0,0,1,0
t04_a6_A_k2,21,82,0,1,0,1,1,1,0,0,1,0,0,0,1,0,0,0,1,0
t04_a6_A_k2,21,83,0,1,0,1,1,1,0,0,1,0,0,0,1,0,0,0,1,0
t04_a6_A_k2,21,84,0,1,0,1,1,1,0,0,1,0,0,0,1,0,0,0,1,0
t04_a6_A_k2,21,85,0,1,0,1,1,1,0,0,1,0,0,0,1,0,1,0,1,0
t04_a6_A_k2,21,86,0,1,0,1,1,1,0,0,1,0,0,0,1,0,0,0,1,0
t04_a6_A_k2,21,87,0,1,0,1,1,1,0,0,1,0,0,0,1,0,0,0,1,0
t04_a6_A_k2,21,88,0,1,0,1,1,1,0,0,1,0,0,0,1,0,0,0,1,0
t04_a6_A_k2,21,89,0,1,1,1,1,1,0,0,1,0,0,0,1,0,0,0,1,0
t04_a6_A_k2,21,90,0,1,0,1,1,1,1,0,1,0,0,0,1,0,0,0,1,0
t04_a6_A_k2,21,91,0,1,0,1,1,1,0,0,1,0,0,0,1,0,0,0,1,0
t04_a6_A_k2,21,92,0,1,0,1,1,1,0,0,1,0,1,0,1,0,0,0,1,0
t04_a6_A_k2,21,93,0,1,0,1,1,1,0,0,1,0,0,0,1,0,0,0,1,0
t04_a6_A_k2,21,94,0,1,0,1,1,1,0,0,1,0,0,0,1,0,0,0,1,0
t04_a6_A_k2,21,95,0,1,0,1,1,1,0,0,1,0,0,0,1,0,0,0,1,0
t04_a6_A_k2,21,96,0,1,0,1,1,1,0,0,1,0,0,0,1,0,1,0,1,0
t04_a6_A_k2,21,97,0,1,0,1,1,1,0,0,1,0,0,0,1,0,0,0,1,0
t04_a6_A_k2,21,98,0,1,0,1,1,1,0,0,1,0,0,0,1,0,0,0,1,0
t04_a6_A_k2,21,99,0,1,0,1,1,1,0,0,1,0,0,0,1,0,0,0,1,0
t04_a6_A_k2,21,100,0,1,1,1,1,1,0,0,1,0,0,0,1,0,0,0,1,0
t04_a6_A_k2,21,101,0,1,0,1,1,1,1,0,1,0,0,0,1,0,0,0,1,0
t04_a6_A_k2,21,102,0,1,0,1,1,1,0,0,1,0,0,0,1,0,0,0,1,0
t04_a6_A_k2,21,103,0,1,0,1,1,1,0,0,1,0,1,0,1,0,0,0,1,0
t04_a6_A_k2,21,104,0,1,0,1,1,1,0,0,1,0,0,0,1,0,0,0,1,0
t04_a6_A_k2,21,105,0,1,0,1,1,1,0,0,1,0,0,0,1,0,0,0,1,0
t04_a6_A_k2,21,106,0,1,0,1,1,1,0,0,1,0,0,0,1,0,0,0,1,0
t04_a6_A_k2,21,107,0,1,0,1,1,1,0,0,1,0,0,0,1,0,1,0,1,0
t04_a6_A_k2,21,108,0,1,0,1,1,1,0,0,1,0,0,0,1,0,0,0,1,0
t04_a6_A_k2,21,109,0,1,0,1,1,1,0,0,1,0,0,0,1,0,0,0,1,0
t04_a6_A_k2,21,110,0,1,0,1,1,1,0,0,1,0,0,0,1,0,0,0,1,0
t04_a6_A_k2,21,111,0,1,1,1,1,1,0,0,1,0,0,0,1,0,0,0,1,0
t04_a6_A_k2,21,112,0,1,0,1,1,1,1,0,1,0,0,0,1,0,0,0,1,0
t04_a6_A_k2,21,113,0,1,0,1,1,1,0,0,1,0,0,0,1,0,0,0,1,0
t04_a6_A_k2,21,114,0,1,0,1,1,1,0,0,1,0,1,0,1,0,0,0,1,0
t04_a6_A_k2,21,115,0,1,0,1,1,1,0,0,1,0,0,0,1,0,0,0,1,0
t04_a6_A_k2,21,116,0,1,0,1,1,1,0,0,1,0,0,0,1,0,0,0,1,0
t04_a6_A_k2,21,117,0,1,0,1,1,1,0,0,1,0,0,0,1,0,0,0,1,0
t04_a6_A_k2,21,118,0,1,0,1,1,1,0,0,1,0,0,0,1,0,1,0,1,0
t04_a6_A_k2,21,119,0,1,0,1,1,1,0,0,1,0,0,0,1,0,0,0,1,0
t04_a6_A_k2,21,120,0,1,0,1,1,1,0,0,1,0,0,0,1,0,0,0,1,0
t04_a6_A_k3,22,0,0,1,0,0,1,0,0,0,1,0,0,0,1,0,0,0,1,0
t04_a6_A_k3,22,1,1,1,1,0,1,0,0,0,1,0,0,0,1,0,0,0,1,0
t04_a6_A_k3,22,2,0,1,0,0,0,0,1,0,1,0,0,0,1,0,0,0,1,0
t04_a6_A_k3,22,3,0,1,0,0,0,0,0,0,1,0,0,0,1,0,0,0,1,0
t04_a6_A_k3,22,4,0,1,0,0,0,0,0,0,1,0,1,0,1,0,0,0,1,0
t04_a6_A_k3,22,5,0,1,0,0,0,0,0,0,1,0,0,0,1,0,0,0,1,0
t04_a6_A_k3,22,6,0,1,0,0,0,0,0,0,1,0,0,0,1,0,0,0,1,0
t04_a6_A_k3,22,7,0,1,0,0,0,0,0,0,1,0,0,0,1,0,0,0,1,0
t04_a6_A_k3,22,8,0,1,0,0,0,0,0,0,1,0,0,0,1,0,1,0,1,0
t04_a6_A_k3,22,9,0,1,0,0,0,0,0,0,1,0,0,0,1,0,0,0,1,0
t04_a6_A_k3,22,10,0,1,0,0,0,0,0,0,1,0,0,0,1,0,0,0,1,0
t04_a6_A_k3,22,11,0,1,0,0,0,0,0,0,1,0,0,0,1,0,0,0,1,0
t04_a6_A_k3,22,12,1,1,1,0,0,0,0,0,1,0,0,0,1,0,0,0,1,0
t04_a6_A_k3,22,13,0,1,0,1,1,1,1,0,1,0,0,0,1,0,0,0,1,0
t04_a6_A_k3,22,14,0,1,0,1,1,1,0,0,1,0,0,0,1,0,0,0,1,0
t04_a6_A_k3,22,15,0,1,0,1,1,1,0,0,1,0,1,0,1,0,0,0,1,0
t04_a6_A_k3,22,16,0,1,0,1,1,1,0,0,1,0,0,0,1,0,0,0,1,0
t04_a6_A_k3,22,17,0,1,0,1,1,1,0,0,1,0,0,0,1,0,0,0,1,0
t04_a6_A_k3,22,18,0,1,0,1,1,1,0,0,1,0,0,0,1,0,0,0,1,0
t04_a6_A_k3,22,19,0,1,0,1,1,1,0,0,1,0,0,0,1,0,1,0,1,0
t04_a6_A_k3,22,20,0,1,0,1,1,1,0,0,1,0,0,0,1,0,0,0,1,0
t04_a6_A_k3,22,21,0,1,0,1,1,1,0,0,1,0,0,0,1,0,0,0,1,0
t04_a6_A_k3,22,22,0,1,0,1,1,1,0,0,1,0,0,0,1,0,0,0,1,0
t04_a6_A_k3,22,23,1,1,1,1,1,1,0,0,1,0,0,0,1,0,0,0,1,0
t04_a6_A_k3,22,24,0,1,0,1,0,0,1,0,1,0,0,0,1,0,0,0,1,0
t04_a6_A_k3,22,25,0,1,0,1,0,0,0,0,1,0,0,0,1,0,0,0,1,0
t04_a6_A_k3,22,26,0,1,0,1,0,0,0,0,1,0,1,0,1,0,0,0,1,0
t04_a6_A_k3,22,27,0,1,0,1,0,0,0,0,1,0,0,0,1,0,0,0,1,0
t04_a6_A_k3,22,28,0,1,0,1,0,0,0,0,1,0,0,0,1,0,0,0,1,0
t04_a6_A_k3,22,29,0,1,0,1,0,0,0,0,1,0,0,0,1,0,0,0,1,0
t04_a6_A_k3,22,30,0,1,0,1,0,0,0,0,1,0,0,0,1,0,1,0,1,0
t04_a6_A_k3,22,31,0,1,0,1,0,0,0,0,1,0,0,0,1,0,0,0,1,0
t04_a6_A_k3,22,32,0,1,0,1,0,0,0,0,1,0,0,0,1,0,0,0,1,0
t04_a6_A_k3,22,33,0,1,0,1,0,0,0,0,1,0,0,0,1,0,0,0,1,0
t04_a6_A_k3,22,34,0,1,1,1,0,0,0,0,1,0,0,0,1,0,0,0,1,0
t04_a6_A_k3,22,35,0,1,0,1,0,0,1,0,1,0,0,0,1,0,0,0,1,0
t04_a6_A_k3,22,36,0,1,0,1,0,0,0,0,1,0,0,0,1,0,0,0,1,0
t04_a6_A_k3,22,37,0,1,0,1,0,0,0,0,1,0,1,0,1,0,0,0,1,0
t04_a6_A_k3,22,38,0,1,0,1,0,0,0,0,1,0,0,0,1,0,0,0,1,0
t04_a6_A_k3,22,39,0,1,0,1,0,0,0,0,1,0,0,0,1,0,0,0,1,0
t04_a6_A_k3,22,40,0,1,0,1,0,0,0,0,1,0,0,0,1,0,0,0,1,0
t04_a6_A_k3,22,41,0,1,0,1,0,0,0,0,1,0,0,0,1,0,1,0,1,0
t04_a6_A_k3,22,42,0,1,0,1,0,0,0,0,1,0,0,0,1,0,0,0,1,0
t04_a6_A_k3,22,43,0,1,0,1,0,0,0,0,1,0,0,0,1,0,0,0,1,0
t04_a6_A_k3,22,44,0,1,0,1,0,0,0,0,1,0,0,0,1,0,0,0,1,0
t04_a6_A_k3,22,45,0,1,1,1,0,0,0,0,1,0,0,0,1,0,0,0,1,0
t04_a6_A_k3,22,46,0,1,0,1,0,0,1,0,1,0,0,0,1,0,0,0,1,0
t04_a6_A_k3,22,47,0,1,0,1,0,0,0,0,1,0,0,0,1,0,0,0,1,0
t04_a6_A_k3,22,48,0,1,0,1,0,0,0,0,1,0,1,0,1,0,0,0,1,0
t04_a6_A_k3,22,49,0,1,0,1,0,0,0,0,1,0,0,0,1,0,0,0,1,0
t04_a6_A_k3,22,50,0,1,0,1,0,0,0,0,1,0,0,0,1,0,0,0,1,0
t04_a6_A_k3,22,51,0,1,0,1,0,0,0,0,1,0,0,0,1,0,0,0,1,0
t04_a6_A_k3,22,52,0,1,0,1,0,0,0,0,1,0,0,0,1,0,1,0,1,0
t04_a6_A_k3,22,53,0,1,0,1,0,0,0,0,1,0,0,0,1,0,0,0,1,0
t04_a6_A_k3,22,54,0,1,0,1,0,0,0,0,1,0,0,0,1,0,0,0,1,0
t04_a6_A_k3,22,55,0,1,0,1,0,0,0,0,1,0,0,0,1,0,0,0,1,0
t04_a6_A_k3,22,56,0,1,1,1,0,0,0,0,1,0,0,0,1,0,0,0,1,0
t04_a6_A_k3,22,57,0,1,0,1,0,0,1,0,1,0,0,0,1,0,0,0,1,0
t04_a6_A_k3,22,58,0,1,0,1,0,0,0,0,1,0,0,0,1,0,0,0,1,0
t04_a6_A_k3,22,59,0,1,0,1,0,0,0,0,1,0,1,0,1,0,0,0,1,0
t04_a6_A_k3,22,60,0,1,0,1,0,0,0,0,1,0,0,0,1,0,0,0,1,0
t04_a6_A_k3,22,61,0,1,0,1,0,0,0,0,1,0,0,0,1,0,0,0,1,0
t04_a6_A_k3,22,62,0,1,0,1,0,0,0,0,1,0,0,0,1,0,0,0,1,0
t04_a6_A_k3,22,63,0,1,0,1,0,0,0,0,1,0,0,0,1,0,1,0,1,0
t04_a6_A_k3,22,64,0,1,0,1,0,0,0,0,1,0,0,0,1,0,0,0,1,0
t04_a6_A_k3,22,65,0,1,0,1,0,0,0,0,1,0,0,0,1,0,0,0,1,0
t04_a6_A_k3,22,66,0,1,0,1,0,0,0,0,1,0,0,0,1,0,0,0,1,0
t04_a6_A_k3,22,67,0,1,1,1,0,0,0,0,1,0,0,0,1,0,0,0,1,0
t04_a6_A_k3,22,68,0,1,0,1,0,0,1,0,1,0,0,0,1,0,0,0,1,0
t04_a6_A_k3,22,69,0,1,0,1,0,0,0,0,1,0,0,0,1,0,0,0,1,0
t04_a6_A_k3,22,70,0,1,0,1,0,0,0,0,1,0,1,0,1,0,0,0,1,0
t04_a6_A_k3,22,71,0,1,0,1,0,0,0,0,1,0,0,0,1,0,0,0,1,0
t04_a6_A_k3,22,72,0,1,0,1,0,0,0,0,1,0,0,0,1,0,0,0,1,0
t04_a6_A_k3,22,73,0,1,0,1,0,0,0,0,1,0,0,0,1,0,0,0,1,0
t04_a6_A_k3,22,74,0,1,0,1,0,0,0,0,1,0,0,0,1,0,1,0,1,0
t04_a6_A_k3,22,75,0,1,0,1,0,0,0,0,1,0,0,0,1,0,0,0,1,0
t04_a6_A_k3,22,76,0,1,0,1,0,0,0,0,1,0,0,0,1,0,0,0,1,0
t04_a6_A_k3,22,77,0,1,0,1,0,0,0,0,1,0,0,0,1,0,0,0,1,0
t04_a6_A_k3,22,78,0,1,1,1,0,0,0,0,1,0,0,0,1,0,0,0,1,0
t04_a6_A_k3,22,79,0,1,0,1,0,0,1,0,1,0,0,0,1,0,0,0,1,0
t04_a6_A_k3,22,80,0,1,0,1,0,0,0,0,1,0,0,0,1,0,0,0,1,0
t04_a6_A_k3,22,81,0,1,0,1,0,0,0,0,1,0,1,0,1,0,0,0,1,0
t04_a6_A_k3,22,82,0,1,0,1,0,0,0,0,1,0,0,0,1,0,0,0,1,0
t04_a6_A_k3,22,83,0,1,0,1,0,0,0,0,1,0,0,0,1,0,0,0,1,0
t04_a6_A_k3,22,84,0,1,0,1,0,0,0,0,1,0,0,0,1,0,0,0,1,0
t04_a6_A_k3,22,85,0,1,0,1,0,0,0,0,1,0,0,0,1,0,1,0,1,0
t04_a6_A_k3,22,86,0,1,0,1,0,0,0,0,1,0,0,0,1,0,0,0,1,0
t04_a6_A_k3,22,87,0,1,0,1,0,0,0,0,1,0,0,0,1,0,0,0,1,0
t04_a6_A_k3,22,88,0,1,0,1,0,0,0,0,1,0,0,0,1,0,0,0,1,0
t04_a6_A_k3,22,89,0,1,1,1,0,0,0,0,1,0,0,0,1,0,0,0,1,0
t04_a6_A_k3,22,90,0,1,0,1,0,0,1,0,1,0,0,0,1,0,0,0,1,0
t04_a6_A_k3,22,91,0,1,0,1,0,0,0,0,1,0,0,0,1,0,0,0,1,0
t04_a6_A_k3,22,92,0,1,0,1,0,0,0,0,1,0,1,0,1,0,0,0,1,0
t04_a6_A_k3,22,93,0,1,0,1,0,0,0,0,1,0,0,0,1,0,0,0,1,0
t04_a6_A_k3,22,94,0,1,0,1,0,0,0,0,1,0,0,0,1,0,0,0,1,0
t04_a6_A_k3,22,95,0,1,0,1,0,0,0,0,1,0,0,0,1,0,0,0,1,0
t04_a6_A_k3,22,96,0,1,0,1,0,0,0,0,1,0,0,0,1,0,1,0,1,0
t04_a6_A_k3,22,97,0,1,0,1,0,0,0,0,1,0,0,0,1,0,0,0,1,0
t04_a6_A_k3,22,98,0,1,0,1,0,0,0,0,1,0,0,0,1,0,0,0,1,0
t04_a6_A_k3,22,99,0,1,0,1,0,0,0,0,1,0,0,0,1,0,0,0,1,0
t04_a6_A_k3,22,100,0,1,1,1,0,0,0,0,1,0,0,0,1,0,0,0,1,0
t04_a6_A_k3,22,101,0,1,0,1,0,0,1,0,1,0,0,0,1,0,0,0,1,0
t04_a6_A_k3,22,102,0,1,0,1,0,0,0,0,1,0,0,0,1,0,0,0,1,0
t04_a6_A_k3,22,103,0,1,0,1,0,0,0,0,1,0,1,0,1,0,0,0,1,0
t04_a6_A_k3,22,104,0,1,0,1,0,0,0,0,1,0,0,0,1,0,0,0,1,0
t04_a6_A_k3,22,105,0,1,0,1,0,0,0,0,1,0,0,0,1,0,0,0,1,0
t04_a6_A_k3,22,106,0,1,0,1,0,0,0,0,1,0,0,0,1,0,0,0,1,0
t04_a6_A_k3,22,107,0,1,0,1,0,0,0,0,1,0,0,0,1,0,1,0,1,0
t04_a6_A_k3,22,108,0,1,0,1,0,0,0,0,1,0,0,0,1,0,0,0,1,0
t04_a6_A_k3,22,109,0,1,0,1,0,0,0,0,1,0,0,0,1,0,0,0,1,0
t04_a6_A_k3,22,110,0,1,0,1,0,0,0,0,1,0,0,0,1,0,0,0,1,0
t04_a6_A_k3,22,111,0,1,1,1,0,0,0,0,1,0,0,0,1,0,0,0,1,0
t04_a6_A_k3,22,112,0,1,0,1,0,0,1,0,1,0,0,0,1,0,0,0,1,0
t04_a6_A_k3,22,113,0,1,0,1,0,0,0,0,1,0,0,0,1,0,0,0,1,0
t04_a6_A_k3,22,114,0,1,0,1,0,0,0,0,1,0,1,0,1,0,0,0,1,0
t04_a6_A_k3,22,115,0,1,0,1,0,0,0,0,1,0,0,0,1,0,0,0,1,0
t04_a6_A_k3,22,116,0,1,0,1,0,0,0,0,1,0,0,0,1,0,0,0,1,0
t04_a6_A_k3,22,117,0,1,0,1,0,0,0,0,1,0,0,0,1,0,0,0,1,0
t04_a6_A_k3,22,118,0,1,0,1,0,0,0,0,1,0,0,0,1,0,1,0,1,0
t04_a6_A_k3,22,119,0,1,0,1,0,0,0,0,1,0,0,0,1,0,0,0,1,0
t04_a6_A_k3,22,120,0,1,0,1,0,0,0,0,1,0,0,0,1,0,0,0,1,0
t04_a6_A_k4,23,0,0,1,0,0,1,0,0,0,1,0,0,0,1,0,0,0,1,0
t04_a6_A_k4,23,1,1,1,1,0,1,0,0,0,1,0,0,0,1,0,0,0,1,0
t04_a6_A_k4,23,2,0,1,0,0,0,0,1,0,1,0,0,0,1,0,0,0,1,0
t04_a6_A_k4,23,3,0,1,0,0,0,0,0,0,1,0,0,0,1,0,0,0,1,0
t04_a6_A_k4,23,4,0,1,0,0,0,0,0,0,1,0,1,0,1,0,0,0,1,0
t04_a6_A_k4,23,5,0,1,0,0,0,0,0,0,1,0,0,0,1,0,0,0,1,0
t04_a6_A_k4,23,6,0,1,0,0,0,0,0,0,1,0,0,0,1,0,0,0,1,0
t04_a6_A_k4,23,7,0,1,0,0,0,0,0,0,1,0,0,0,1,0,0,0,1,0
t04_a6_A_k4,23,8,0,1,0,0,0,0,0,0,1,0,0,0,1,0,1,0,1,0
t04_a6_A_k4,23,9,0,1,0,0,0,0,0,0,1,0,0,0,1,0,0,0,1,0
t04_a6_A_k4,23,10,0,1,0,0,0,0,0,0,1,0,0,0,1,0,0,0,1,0
t04_a6_A_k4,23,11,0,1,0,0,0,0,0,0,1,0,0,0,1,0,0,0,1,0
t04_a6_A_k4,23,12,1,1,1,0,0,0,0,0,1,0,0,0,1,0,0,0,1,0
t04_a6_A_k4,23,13,0,1,0,1,1,1,1,0,1,0,0,0,1,0,0,0,1,0
t04_a6_A_k4,23,14,0,1,0,1,1,1,0,0,1,0,0,0,1,0,0,0,1,0
t04_a6_A_k4,23,15,0,1,0,1,1,1,0,0,1,0,1,0,1,0,0,0,1,0
t04_a6_A_k4,23,16,0,1,0,1,1,1,0,0,1,0,0,0,1,0,0,0,1,0
t04_a6_A_k4,23,17,0,1,0,1,1,1,0,0,1,0,0,0,1,0,0,0,1,0
t04_a6_A_k4,23,18,0,1,0,1,1,1,0,0,1,0,0,0,1,0,0,0,1,0
t04_a6_A_k4,23,19,0,1,0,1,1,1,0,0,1,0,0,0,1,0,1,0,1,0
t04_a6_A_k4,23,20,0,1,0,1,1,1,0,0,1,0,0,0,1,0,0,0,1,0
t04_a6_A_k4,23,21,0,1,0,1,1,1,0,0,1,0,0,0,1,0,0,0,1,0
t04_a6_A_k4,23,22,0,1,0,1,1,1,0,0,1,0,0,0,1,0,0,0,1,0
t04_a6_A_k4,23,23,1,1,1,1,1,1,0,0,1,0,0,0,1,0,0,0,1,0
t04_a6_A_k4,23,24,0,1,0,1,0,0,1,0,1,0,0,0,1,0,0,0,1,0
t04_a6_A_k4,23,25,0,1,0,1,0,0,0,0,1,0,0,0,1,0,0,0,1,0
t04_a6_A_k4,23,26,0,1,0,1,0,0,0,0,1,0,1,0,1,0,0,0,1,0
t04_a6_A_k4,23,27,0,1,0,1,0,0,0,0,1,0,0,0,1,0,0,0,1,0
t04_a6_A_k4,23,28,0,1,0,1,0,0,0,0,1,0,0,0,1,0,0,0,1,0
t04_a6_A_k4,23,29,0,1,0,1,0,0,0,0,1,0,0,0,1,0,0,0,1,0
t04_a6_A_k4,23,30,0,1,0,1,0,0,0,0,1,0,0,0,1,0,1,0,1,0
t04_a6_A_k4,23,31,0,1,0,1,0,0,0,0,1,0,0,0,1,0,0,0,1,0
t04_a6_A_k4,23,32,0,1,0,1,0,0,0,0,1,0,0,0,1,0,0,0,1,0
t04_a6_A_k4,23,33,0,1,0,1,0,0,0,0,1,0,0,0,1,0,0,0,1,0
t04_a6_A_k4,23,34,1,1,1,1,0,0,0,0,1,0,0,0,1,0,0,0,1,0
t04_a6_A_k4,23,35,0,1,0,1,0,0,1,0,1,0,0,0,1,0,0,0,1,0
t04_a6_A_k4,23,36,0,1,0,1,0,0,0,0,1,0,0,0,1,0,0,0,1,0
t04_a6_A_k4,23,37,0,1,0,1,0,0,0,0,1,0,1,0,1,0,0,0,1,0
t04_a6_A_k4,23,38,0,1,0,1,0,0,0,0,1,0,0,0,1,0,0,0,1,0
t04_a6_A_k4,23,39,0,1,0,1,0,0,0,0,1,0,0,0,1,0,0,0,1,0
t04_a6_A_k4,23,40,0,1,0,1,0,0,0,0,1,0,0,0,1,0,0,0,1,0
t04_a6_A_k4,23,41,0,1,0,1,0,0,0,0,1,0,0,0,1,0,1,0,1,0
t04_a6_A_k4,23,42,0,1,0,1,0,0,0,0,1,0,0,0,1,0,0,0,1,0
t04_a6_A_k4,23,43,0,1,0,1,0,0,0,0,1,0,0,0,1,0,0,0,1,0
t04_a6_A_k4,23,44,0,1,0,1,0,0,0,0,1,0,0,0,1,0,0,0,1,0
t04_a6_A_k4,23,45,0,1,1,1,0,0,0,0,1,0,0,0,1,0,0,0,1,0
t04_a6_A_k4,23,46,0,1,0,1,0,0,1,0,1,0,0,0,1,0,0,0,1,0
t04_a6_A_k4,23,47,0,1,0,1,0,0,0,0,1,0,0,0,1,0,0,0,1,0
t04_a6_A_k4,23,48,0,1,0,1,0,0,0,0,1,0,1,0,1,0,0,0,1,0
t04_a6_A_k4,23,49,0,1,0,1,0,0,0,0,1,0,0,0,1,0,0,0,1,0
t04_a6_A_k4,23,50,0,1,0,1,0,0,0,0,1,0,0,0,1,0,0,0,1,0
t04_a6_A_k4,23,51,0,1,0,1,0,0,0,0,1,0,0,0,1,0,0,0,1,0
t04_a6_A_k4,23,52,0,1,0,1,0,0,0,0,1,0,0,0,1,0,1,0,1,0
t04_a6_A_k4,23,53,0,1,0,1,0,0,0,0,1,0,0,0,1,0,0,0,1,0
t04_a6_A_k4,23,54,0,1,0,1,0,0,0,0,1,0,0,0,1,0,0,0,1,0
t04_a6_A_k4,23,55,0,1,0,1,0,0,0,0,1,0,0,0,1,0,0,0,1,0
t04_a6_A_k4,23,56,0,1,1,1,0,0,0,0,1,0,0,0,1,0,0,0,1,0
t04_a6_A_k4,23,57,0,1,0,1,0,0,1,0,1,0,0,0,1,0,0,0,1,0
t04_a6_A_k4,23,58,0,1,0,1,0,0,0,0,1,0,0,0,1,0,0,0,1,0
t04_a6_A_k4,23,59,0,1,0,1,0,0,0,0,1,0,1,0,1,0,0,0,1,0
t04_a6_A_k4,23,60,0,1,0,1,0,0,0,0,1,0,0,0,1,0,0,0,1,0
t04_a6_A_k4,23,61,0,1,0,1,0,0,0,0,1,0,0,0,1,0,0,0,1,0
t04_a6_A_k4,23,62,0,1,0,1,0,0,0,0,1,0,0,0,1,0,0,0,1,0
t04_a6_A_k4,23,63,0,1,0,1,0,0,0,0,1,0,0,0,1,0,1,0,1,0
t04_a6_A_k4,23,64,0,1,0,1,0,0,0,0,1,0,0,0,1,0,0,0,1,0
t04_a6_A_k4,23,65,0,1,0,1,0,0,0,0,1,0,0,0,1,0,0,0,1,0
t04_a6_A_k4,23,66,0,1,0,1,0,0,0,0,1,0,0,0,1,0,0,0,1,0
t04_a6_A_k4,23,67,0,1,1,1,0,0,0,0,1,0,0,0,1,0,0,0,1,0
t04_a6_A_k4,23,68,0,1,0,1,0,0,1,0,1,0,0,0,1,0,0,0,1,0
t04_a6_A_k4,23,69,0,1,0,1,0,0,0,0,1,0,0,0,1,0,0,0,1,0
t04_a6_A_k4,23,70,0,1,0,1,0,0,0,0,1,0,1,0,1,0,0,0,1,0
t04_a6_A_k4,23,71,0,1,0,1,0,0,0,0,1,0,0,0,1,0,0,0,1,0
t04_a6_A_k4,23,72,0,1,0,1,0,0,0,0,1,0,0,0,1,0,0,0,1,0
t04_a6_A_k4,23,73,0,1,0,1,0,0,0,0,1,0,0,0,1,0,0,0,1,0
t04_a6_A_k4,23,74,0,1,0,1,0,0,0,0,1,0,0,0,1,0,1,0,1,0
t04_a6_A_k4,23,75,0,1,0,1,0,0,0,0,1,0,0,0,1,0,0,0,1,0
t04_a6_A_k4,23,76,0,1,0,1,0,0,0,0,1,0,0,0,1,0,0,0,1,0
t04_a6_A_k4,23,77,0,1,0,1,0,0,0,0,1,0,0,0,1,0,0,0,1,0
t04_a6_A_k4,23,78,0,1,1,1,0,0,0,0,1,0,0,0,1,0,0,0,1,0
t04_a6_A_k4,23,79,0,1,0,1,0,0,1,0,1,0,0,0,1,0,0,0,1,0
t04_a6_A_k4,23,80,0,1,0,1,0,0,0,0,1,0,0,0,1,0,0,0,1,0
t04_a6_A_k4,23,81,0,1,0,1,0,0,0,0,1,0,1,0,1,0,0,0,1,0
t04_a6_A_k4,23,82,0,1,0,1,0,0,0,0,1,0,0,0,1,0,0,0,1,0
t04_a6_A_k4,23,83,0,1,0,1,0,0,0,0,1,0,0,0,1,0,0,0,1,0
t04_a6_A_k4,23,84,0,1,0,1,0,0,0,0,1,0,0,0,1,0,0,0,1,0
t04_a6_A_k4,23,85,0,1,0,1,0,0,0,0,1,0,0,0,1,0,1,0,1,0
t04_a6_A_k4,23,86,0,1,0,1,0,0,0,0,1,0,0,0,1,0,0,0,1,0
t04_a6_A_k4,23,87,0,1,0,1,0,0,0,0,1,0,0,0,1,0,0,0,1,0
t04_a6_A_k4,23,88,0,1,0,1,0,0,0,0,1,0,0,0,1,0,0,0,1,0
t04_a6_A_k4,23,89,0,1,1,1,0,0,0,0,1,0,0,0,1,0,0,0,1,0
t04_a6_A_k4,23,90,0,1,0,1,0,0,1,0,1,0,0,0,1,0,0,0,1,0
t04_a6_A_k4,23,91,0,1,0,1,0,0,0,0,1,0,0,0,1,0,0,0,1,0
t04_a6_A_k4,23,92,0,1,0,1,0,0,0,0,1,0,1,0,1,0,0,0,1,0
t04_a6_A_k4,23,93,0,1,0,1,0,0,0,0,1,0,0,0,1,0,0,0,1,0
t04_a6_A_k4,23,94,0,1,0,1,0,0,0,0,1,0,0,0,1,0,0,0,1,0
t04_a6_A_k4,23,95,0,1,0,1,0,0,0,0,1,0,0,0,1,0,0,0,1,0
t04_a6_A_k4,23,96,0,1,0,1,0,0,0,0,1,0,0,0,1,0,1,0,1,0
t04_a6_A_k4,23,97,0,1,0,1,0,0,0,0,1,0,0,0,1,0,0,0,1,0
t04_a6_A_k4,23,98,0,1,0,1,0,0,0,0,1,0,0,0,1,0,0,0,1,0
t04_a6_A_k4,23,99,0,1,0,1,0,0,0,0,1,0,0,0,1,0,0,0,1,0
t04_a6_A_k4,23,100,0,1,1,1,0,0,0,0,1,0,0,0,1,0,0,0,1,0
t04_a6_A_k4,23,101,0,1,0,1,0,0,1,0,1,0,0,0,1,0,0,0,1,0
t04_a6_A_k4,23,102,0,1,0,1,0,0,0,0,1,0,0,0,1,0,0,0,1,0
t04_a6_A_k4,23,103,0,1,0,1,0,0,0,0,1,0,1,0,1,0,0,0,1,0
t04_a6_A_k4,23,104,0,1,0,1,0,0,0,0,1,0,0,0,1,0,0,0,1,0
t04_a6_A_k4,23,105,0,1,0,1,0,0,0,0,1,0,0,0,1,0,0,0,1,0
t04_a6_A_k4,23,106,0,1,0,1,0,0,0,0,1,0,0,0,1,0,0,0,1,0
t04_a6_A_k4,23,107,0,1,0,1,0,0,0,0,1,0,0,0,1,0,1,0,1,0
t04_a6_A_k4,23,108,0,1,0,1,0,0,0,0,1,0,0,0,1,0,0,0,1,0
t04_a6_A_k4,23,109,0,1,0,1,0,0,0,0,1,0,0,0,1,0,0,0,1,0
t04_a6_A_k4,23,110,0,1,0,1,0,0,0,0,1,0,0,0,1,0,0,0,1,0
t04_a6_A_k4,23,111,0,1,1,1,0,0,0,0,1,0,0,0,1,0,0,0,1,0
t04_a6_A_k4,23,112,0,1,0,1,0,0,1,0,1,0,0,0,1,0,0,0,1,0
t04_a6_A_k4,23,113,0,1,0,1,0,0,0,0,1,0,0,0,1,0,0,0,1,0
t04_a6_A_k4,23,114,0,1,0,1,0,0,0,0,1,0,1,0,1,0,0,0,1,0
t04_a6_A_k4,23,115,0,1,0,1,0,0,0,0,1,0,0,0,1,0,0,0,1,0
t04_a6_A_k4,23,116,0,1,0,1,0,0,0,0,1,0,0,0,1,0,0,0,1,0
t04_a6_A_k4,23,117,0,1,0,1,0,0,0,0,1,0,0,0,1,0,0,0,1,0
t04_a6_A_k4,23,118,0,1,0,1,0,0,0,0,1,0,0,0,1,0,1,0,1,0
t04_a6_A_k4,23,119,0,1,0,1,0,0,0,0,1,0,0,0,1,0,0,0,1,0
t04_a6_A_k4,23,120,0,1,0,1,0,0,0,0,1,0,0,0,1,0,0,0,1,0
t04_a6_A_k5,24,0,0,1,0,0,1,0,0,0,1,0,0,0,1,0,0,0,1,0
t04_a6_A_k5,24,1,1,1,1,0,1,0,0,0,1,0,0,0,1,0,0,0,1,0
t04_a6_A_k5,24,2,0,1,0,0,0,0,1,0,1,0,0,0,1,0,0,0,1,0
t04_a6_A_k5,24,3,0,1,0,0,0,0,0,0,1,0,0,0,1,0,0,0,1,0
t04_a6_A_k5,24,4,0,1,0,0,0,0,0,0,1,0,1,0,1,0,0,0,1,0
t04_a6_A_k5,24,5,0,1,0,0,0,0,0,0,1,0,0,0,1,0,0,0,1,0
t04_a6_A_k5,24,6,0,1,0,0,0,0,0,0,1,0,0,0,1,0,0,0,1,0
t04_a6_A_k5,24,7,0,1,0,0,0,0,0,0,1,0,0,0,1,0,0,0,1,0
t04_a6_A_k5,24,8,0,1,0,0,0,0,0,0,1,0,0,0,1,0,1,0,1,0
t04_a6_A_k5,24,9,0,1,0,0,0,0,0,0,1,0,0,0,1,0,0,0,1,0
t04_a6_A_k5,24,10,0,1,0,0,0,0,0,0,1,0,0,0,1,0,0,0,1,0
t04_a6_A_k5,24,11,0,1,0,0,0,0,0,0,1,0,0,0,1,0,0,0,1,0
t04_a6_A_k5,24,12,1,1,1,0,0,0,0,0,1,0,0,0,1,0,0,0,1,0
t04_a6_A_k5,24,13,0,1,0,1,1,1,1,0,1,0,0,0,1,0,0,0,1,0
t04_a6_A_k5,24,14,0,1,0,1,1,1,0,0,1,0,0,0,1,0,0,0,1,0
t04_a6_A_k5,24,15,0,1,0,1,1,1,0,0,1,0,1,0,1,0,0,0,1,0
t04_a6_A_k5,24,16,0,1,0,1,1,1,0,0,1,0,0,0,1,0,0,0,1,0
t04_a6_A_k5,24,17,0,1,0,1,1,1,0,0,1,0,0,0,1,0,0,0,1,0
t04_a6_A_k5,24,18,0,1,0,1,1,1,0,0,1,0,0,0,1,0,0,0,1,0
t04_a6_A_k5,24,19,0,1,0,1,1,1,0,0,1,0,0,0,1,0,1,0,1,0
t04_a6_A_k5,24,20,0,1,0,1,1,1,0,0,1,0,0,0,1,0,0,0,1,0
t04_a6_A_k5,24,21,0,1,0,1,1,1,0,0,1,0,0,0,1,0,0,0,1,0
t04_a6_A_k5,24,22,0,1,0,1,1,1,0,0,1,0,0,0,1,0,0,0,1,0
t04_a6_A_k5,24,23,1,1,1,1,1,1,0,0,1,0,0,0,1,0,0,0,1,0
t04_a6_A_k5,24,24,0,1,0,1,0,0,1,0,1,0,0,0,1,0,0,0,1,0
t04_a6_A_k5,24,25,0,1,0,1,0,0,0,0,1,0,0,0,1,0,0,0,1,0
t04_a6_A_k5,24,26,0,1,0,1,0,0,0,0,1,0,1,0,1,0,0,0,1,0
t04_a6_A_k5,24,27,0,1,0,1,0,0,0,0,1,0,0,0,1,0,0,0,1,0
t04_a6_A_k5,24,28,0,1,0,1,0,0,0,0,1,0,0,0,1,0,0,0,1,0
t04_a6_A_k5,24,29,0,1,0,1,0,0,0,0,1,0,0,0,1,0,0,0,1,0
t04_a6_A_k5,24,30,0,1,0,1,0,0,0,0,1,0,0,0,1,0,1,0,1,0
t04_a6_A_k5,24,31,0,1,0,1,0,0,0,0,1,0,0,0,1,0,0,0,1,0
t04_a6_A_k5,24,32,0,1,0,1,0,0,0,0,1,0,0,0,1,0,0,0,1,0
t04_a6_A_k5,24,33,0,1,0,1,0,0,0,0,1,0,0,0,1,0,0,0,1,0
t04_a6_A_k5,24,34,1,1,1,1,0,0,0,0,1,0,0,0,1,0,0,0,1,0
t04_a6_A_k5,24,35,0,1,0,1,0,0,1,0,1,0,0,0,1,0,0,0,1,0
t04_a6_A_k5,24,36,0,1,0,1,0,0,0,0,1,0,0,0,1,0,0,0,1,0
t04_a6_A_k5,24,37,0,1,0,1,0,0,0,0,1,0,1,0,1,0,0,0,1,0
t04_a6_A_k5,24,38,0,1,0,1,0,0,0,0,1,0,0,0,1,0,0,0,1,0
t04_a6_A_k5,24,39,0,1,0,1,0,0,0,0,1,0,0,0,1,0,0,0,1,0
t04_a6_A_k5,24,40,0,1,0,1,0,0,0,0,1,0,0,0,1,0,0,0,1,0
t04_a6_A_k5,24,41,0,1,0,1,0,0,0,0,1,0,0,0,1,0,1,0,1,0
t04_a6_A_k5,24,42,0,1,0,1,0,0,0,0,1,0,0,0,1,0,0,0,1,0
t04_a6_A_k5,24,43,0,1,0,1,0,0,0,0,1,0,0,0,1,0,0,0,1,0
t04_a6_A_k5,24,44,0,1,0,1,0,0,0,0,1,0,0,0,1,0,0,0,1,0
t04_a6_A_k5,24,45,1,1,1,1,0,0,0,0,1,0,0,0,1,0,0,0,1,0
t04_a6_A_k5,24,46,0,1,0,1,0,0,1,0,1,0,0,0,1,0,0,0,1,0
t04_a6_A_k5,24,47,0,1,0,1,0,0,0,0,1,0,0,0,1,0,0,0,1,0
t04_a6_A_k5,24,48,0,1,0,1,0,0,0,0,1,0,1,0,1,0,0,0,1,0
t04_a6_A_k5,24,49,0,1,0,1,0,0,0,0,1,0,0,0,1,0,0,0,1,0
t04_a6_A_k5,24,50,0,1,0,1,0,0,0,0,1,0,0,0,1,0,0,0,1,0
t04_a6_A_k5,24,51,0,1,0,1,0,0,0,0,1,0,0,0,1,0,0,0,1,0
t04_a6_A_k5,24,52,0,1,0,1,0,0,0,0,1,0,0,0,1,0,1,0,1,0
t04_a6_A_k5,24,53,0,1,0,1,0,0,0,0,1,0,0,0,1,0,0,0,1,0
t04_a6_A_k5,24,54,0,1,0,1,0,0,0,0,1,0,0,0,1,0,0,0,1,0
t04_a6_A_k5,24,55,0,1,0,1,0,0,0,0,1,0,0,0,1,0,0,0,1,0
t04_a6_A_k5,24,56,0,1,1,1,0,0,0,0,1,0,0,0,1,0,0,0,1,0
t04_a6_A_k5,24,57,0,1,0,1,0,0,1,0,1,0,0,0,1,0,0,0,1,0
t04_a6_A_k5,24,58,0,1,0,1,0,0,0,0,1,0,0,0,1,0,0,0,1,0
t04_a6_A_k5,24,59,0,1,0,1,0,0,0,0,1,0,1,0,1,0,0,0,1,0
t04_a6_A_k5,24,60,0,1,0,1,0,0,0,0,1,0,0,0,1,0,0,0,1,0
t04_a6_A_k5,24,61,0,1,0,1,0,0,0,0,1,0,0,0,1,0,0,0,1,0
t04_a6_A_k5,24,62,0,1,0,1,0,0,0,0,1,0,0,0,1,0,0,0,1,0
t04_a6_A_k5,24,63,0,1,0,1,0,0,0,0,1,0,0,0,1,0,1,0,1,0
t04_a6_A_k5,24,64,0,1,0,1,0,0,0,0,1,0,0,0,1,0,0,0,1,0
t04_a6_A_k5,24,65,0,1,0,1,0,0,0,0,1,0,0,0,1,0,0,0,1,0
t04_a6_A_k5,24,66,0,1,0,1,0,0,0,0,1,0,0,0,1,0,0,0,1,0
t04_a6_A_k5,24,67,0,1,1,1,0,0,0,0,1,0,0,0,1,0,0,0,1,0
t04_a6_A_k5,24,68,0,1,0,1,0,0,1,0,1,0,0,0,1,0,0,0,1,0
t04_a6_A_k5,24,69,0,1,0,1,0,0,0,0,1,0,0,0,1,0,0,0,1,0
t04_a6_A_k5,24,70,0,1,0,1,0,0,0,0,1,0,1,0,1,0,0,0,1,0
t04_a6_A_k5,24,71,0,1,0,1,0,0,0,0,1,0,0,0,1,0,0,0,1,0
t04_a6_A_k5,24,72,0,1,0,1,0,0,0,0,1,0,0,0,1,0,0,0,1,0
t04_a6_A_k5,24,73,0,1,0,1,0,0,0,0,1,0,0,0,1,0,0,0,1,0
t04_a6_A_k5,24,74,0,1,0,1,0,0,0,0,1,0,0,0,1,0,1,0,1,0
t04_a6_A_k5,24,75,0,1,0,1,0,0,0,0,1,0,0,0,1,0,0,0,1,0
t04_a6_A_k5,24,76,0,1,0,1,0,0,0,0,1,0,0,0,1,0,0,0,1,0
t04_a6_A_k5,24,77,0,1,0,1,0,0,0,0,1,0,0,0,1,0,0,0,1,0
t04_a6_A_k5,24,78,0,1,1,1,0,0,0,0,1,0,0,0,1,0,0,0,1,0
t04_a6_A_k5,24,79,0,1,0,1,0,0,1,0,1,0,0,0,1,0,0,0,1,0
t04_a6_A_k5,24,80,0,1,0,1,0,0,0,0,1,0,0,0,1,0,0,0,1,0
t04_a6_A_k5,24,81,0,1,0,1,0,0,0,0,1,0,1,0,1,0,0,0,1,0
t04_a6_A_k5,24,82,0,1,0,1,0,0,0,0,1,0,0,0,1,0,0,0,1,0
t04_a6_A_k5,24,83,0,1,0,1,0,0,0,0,1,0,0,0,1,0,0,0,1,0
t04_a6_A_k5,24,84,0,1,0,1,0,0,0,0,1,0,0,0,1,0,0,0,1,0
t04_a6_A_k5,24,85,0,1,0,1,0,0,0,0,1,0,0,0,1,0,1,0,1,0
t04_a6_A_k5,24,86,0,1,0,1,0,0,0,0,1,0,0,0,1,0,0,0,1,0
t04_a6_A_k5,24,87,0,1,0,1,0,0,0,0,1,0,0,0,1,0,0,0,1,0
t04_a6_A_k5,24,88,0,1,0,1,0,0,0,0,1,0,0,0,1,0,0,0,1,0
t04_a6_A_k5,24,89,0,1,1,1,0,0,0,0,1,0,0,0,1,0,0,0,1,0
t04_a6_A_k5,24,90,0,1,0,1,0,0,1,0,1,0,0,0,1,0,0,0,1,0
t04_a6_A_k5,24,91,0,1,0,1,0,0,0,0,1,0,0,0,1,0,0,0,1,0
t04_a6_A_k5,24,92,0,1,0,1,0,0,0,0,1,0,1,0,1,0,0,0,1,0
t04_a6_A_k5,24,93,0,1,0,1,0,0,0,0,1,0,0,0,1,0,0,0,1,0
t04_a6_A_k5,24,94,0,1,0,1,0,0,0,0,1,0,0,0,1,0,0,0,1,0
t04_a6_A_k5,24,95,0,1,0,1,0,0,0,0,1,0,0,0,1,0,0,0,1,0
t04_a6_A_k5,24,96,0,1,0,1,0,0,0,0,1,0,0,0,1,0,1,0,1,0
t04_a6_A_k5,24,97,0,1,0,1,0,0,0,0,1,0,0,0,1,0,0,0,1,0
t04_a6_A_k5,24,98,0,1,0,1,0,0,0,0,1,0,0,0,1,0,0,0,1,0
t04_a6_A_k5,24,99,0,1,0,1,0,0,0,0,1,0,0,0,1,0,0,0,1,0
t04_a6_A_k5,24,100,0,1,1,1,0,0,0,0,1,0,0,0,1,0,0,0,1,0
t04_a6_A_k5,24,101,0,1,0,1,0,0,1,0,1,0,0,0,1,0,0,0,1,0
t04_a6_A_k5,24,102,0,1,0,1,0,0,0,0,1,0,0,0,1,0,0,0,1,0
t04_a6_A_k5,24,103,0,1,0,1,0,0,0,0,1,0,1,0,1,0,0,0,1,0
t04_a6_A_k5,24,104,0,1,0,1,0,0,0,0,1,0,0,0,1,0,0,0,1,0
t04_a6_A_k5,24,105,0,1,0,1,0,0,0,0,1,0,0,0,1,0,0,0,1,0
t04_a6_A_k5,24,106,0,1,0,1,0,0,0,0,1,0,0,0,1,0,0,0,1,0
t04_a6_A_k5,24,107,0,1,0,1,0,0,0,0,1,0,0,0,1,0,1,0,1,0
t04_a6_A_k5,24,108,0,1,0,1,0,0,0,0,1,0,0,0,1,0,0,0,1,0
t04_a6_A_k5,24,109,0,1,0,1,0,0,0,0,1,0,0,0,1,0,0,0,1,0
t04_a6_A_k5,24,110,0,1,0,1,0,0,0,0,1,0,0,0,1,0,0,0,1,0
t04_a6_A_k5,24,111,0,1,1,1,0,0,0,0,1,0,0,0,1,0,0,0,1,0
t04_a6_A_k5,24,112,0,1,0,1,0,0,1,0,1,0,0,0,1,0,0,0,1,0
t04_a6_A_k5,24,113,0,1,0,1,0,0,0,0,1,0,0,0,1,0,0,0,1,0
t04_a6_A_k5,24,114,0,1,0,1,0,0,0,0,1,0,1,0,1,0,0,0,1,0
t04_a6_A_k5,24,115,0,1,0,1,0,0,0,0,1,0,0,0,1,0,0,0,1,0
t04_a6_A_k5,24,116,0,1,0,1,0,0,0,0,1,0,0,0,1,0,0,0,1,0
t04_a6_A_k5,24,117,0,1,0,1,0,0,0,0,1,0,0,0,1,0,0,0,1,0
t04_a6_A_k5,24,118,0,1,0,1,0,0,0,0,1,0,0,0,1,0,1,0,1,0
t04_a6_A_k5,24,119,0,1,0,1,0,0,0,0,1,0,0,0,1,0,0,0,1,0
t04_a6_A_k5,24,120,0,1,0,1,0,0,0,0,1,0,0,0,1,0,0,0,1,0
t04_a6_D_k1,25,0,0,1,0,0,1,0,0,0,1,0,0,0,1,0,0,0,1,0
t04_a6_D_k1,25,1,0,1,1,0,1,0,0,0,1,0,0,0,1,0,0,0,1,0
t04_a6_D_k1,25,2,1,1,0,0,1,0,1,0,1,0,0,0,1,0,0,0,1,0
t04_a6_D_k1,25,3,0,1,0,0,1,0,0,0,0,0,0,0,1,0,0,0,1,0
t04_a6_D_k1,25,4,0,1,0,0,1,0,0,0,0,0,1,0,1,0,0,0,1,0
t04_a6_D_k1,25,5,0,1,0,0,1,0,0,0,0,0,0,0,1,0,0,0,1,0
t04_a6_D_k1,25,6,0,1,0,0,1,0,0,0,0,0,0,0,1,0,0,0,1,0
t04_a6_D_k1,25,7,0,1,0,0,1,0,0,0,0,0,0,0,1,0,0,0,1,0
t04_a6_D_k1,25,8,0,1,0,0,1,0,0,0,0,0,0,0,1,0,1,0,1,0
t04_a6_D_k1,25,9,0,1,0,0,1,0,0,0,0,0,0,0,1,0,0,0,1,0
t04_a6_D_k1,25,10,0,1,0,0,1,0,0,0,0,0,0,0,1,0,0,0,1,0
t04_a6_D_k1,25,11,0,1,0,0,1,0,0,0,0,0,0,0,1,0,0,0,1,0
t04_a6_D_k1,25,12,0,1,1,0,1,0,0,0,0,0,0,0,1,0,0,0,1,0
t04_a6_D_k1,25,13,0,1,0,0,1,0,1,0,0,0,0,0,1,0,0,0,1,0
t04_a6_D_k1,25,14,0,1,0,0,1,0,0,0,0,0,0,0,1,0,0,0,1,0
t04_a6_D_k1,25,15,0,1,0,0,1,0,0,0,0,0,1,0,1,0,0,0,1,0
t04_a6_D_k1,25,16,0,1,0,0,1,0,0,0,0,0,0,0,1,0,0,0,1,0
t04_a6_D_k1,25,17,0,1,0,0,1,0,0,0,0,0,0,0,1,0,0,0,1,0
t04_a6_D_k1,25,18,0,1,0,0,1,0,0,0,0,0,0,0,1,0,0,0,1,0
t04_a6_D_k1,25,19,0,1,0,0,1,0,0,0,0,0,0,0,1,0,1,0,1,0
t04_a6_D_k1,25,20,0,1,0,0,1,0,0,0,0,0,0,0,1,0,0,0,1,0
t04_a6_D_k1,25,21,0,1,0,0,1,0,0,0,0,0,0,0,1,0,0,0,1,0
t04_a6_D_k1,25,22,0,1,0,0,1,0,0,0,0,0,0,0,1,0,0,0,1,0
t04_a6_D_k1,25,23,0,1,1,0,1,0,0,0,0,0,0,0,1,0,0,0,1,0
t04_a6_D_k1,25,24,0,1,0,0,1,0,1,0,0,0,0,0,1,0,0,0,1,0
t04_a6_D_k1,25,25,0,1,0,0,1,0,0,0,0,0,0,0,1,0,0,0,1,0
t04_a6_D_k1,25,26,0,1,0,0,1,0,0,0,0,0,1,0,1,0,0,0,1,0
t04_a6_D_k1,25,27,0,1,0,0,1,0,0,0,0,0,0,0,1,0,0,0,1,0
t04_a6_D_k1,25,28,0,1,0,0,1,0,0,0,0,0,0,0,1,0,0,0,1,0
t04_a6_D_k1,25,29,0,1,0,0,1,0,0,0,0,0,0,0,1,0,0,0,1,0
t04_a6_D_k1,25,30,0,1,0,0,1,0,0,0,0,0,0,0,1,0,1,0,1,0
t04_a6_D_k1,25,31,0,1,0,0,1,0,0,0,0,0,0,0,1,0,0,0,1,0
t04_a6_D_k1,25,32,0,1,0,0,1,0,0,0,0,0,0,0,1,0,0,0,1,0
t04_a6_D_k1,25,33,0,1,0,0,1,0,0,0,0,0,0,0,1,0,0,0,1,0
t04_a6_D_k1,25,34,0,1,1,0,1,0,0,0,0,0,0,0,1,0,0,0,1,0
t04_a6_D_k1,25,35,0,1,0,0,1,0,1,0,0,0,0,0,1,0,0,0,1,0
t04_a6_D_k1,25,36,0,1,0,0,1,0,0,0,0,0,0,0,1,0,0,0,1,0
t04_a6_D_k1,25,37,0,1,0,0,1,0,0,0,0,0,1,0,1,0,0,0,1,0
t04_a6_D_k1,25,38,0,1,0,0,1,0,0,0,0,0,0,0,1,0,0,0,1,0
t04_a6_D_k1,25,39,0,1,0,0,1,0,0,0,0,0,0,0,1,0,0,0,1,0
t04_a6_D_k1,25,40,0,1,0,0,1,0,0,0,0,0,0,0,1,0,0,0,1,0
t04_a6_D_k1,25,41,0,1,0,0,1,0,0,0,0,0,0,0,1,0,1,0,1,0
t04_a6_D_k1,25,42,0,1,0,0,1,0,0,0,0,0,0,0,1,0,0,0,1,0
t04_a6_D_k1,25,43,0,1,0,0,1,0,0,0,0,0,0,0,1,0,0,0,1,0
t04_a6_D_k1,25,44,0,1,0,0,1,0,0,0,0,0,0,0,1,0,0,0,1,0
t04_a6_D_k1,25,45,0,1,1,0,1,0,0,0,0,0,0,0,1,0,0,0,1,0
t04_a6_D_k1,25,46,0,1,0,0,1,0,1,0,0,0,0,0,1,0,0,0,1,0
t04_a6_D_k1,25,47,0,1,0,0,1,0,0,0,0,0,0,0,1,0,0,0,1,0
t04_a6_D_k1,25,48,0,1,0,0,1,0,0,0,0,0,1,0,1,0,0,0,1,0
t04_a6_D_k1,25,49,0,1,0,0,1,0,0,0,0,0,0,0,1,0,0,0,1,0
t04_a6_D_k1,25,50,0,1,0,0,1,0,0,0,0,0,0,0,1,0,0,0,1,0
t04_a6_D_k1,25,51,0,1,0,0,1,0,0,0,0,0,0,0,1,0,0,0,1,0
t04_a6_D_k1,25,52,0,1,0,0,1,0,0,0,0,0,0,0,1,0,1,0,1,0
t04_a6_D_k1,25,53,0,1,0,0,1,0,0,0,0,0,0,0,1,0,0,0,1,0
t04_a6_D_k1,25,54,0,1,0,0,1,0,0,0,0,0,0,0,1,0,0,0,1,0
t04_a6_D_k1,25,55,0,1,0,0,1,0,0,0,0,0,0,0,1,0,0,0,1,0
t04_a6_D_k1,25,56,0,1,1,0,1,0,0,0,0,0,0,0,1,0,0,0,1,0
t04_a6_D_k1,25,57,0,1,0,0,1,0,1,0,0,0,0,0,1,0,0,0,1,0
t04_a6_D_k1,25,58,0,1,0,0,1,0,0,0,0,0,0,0,1,0,0,0,1,0
t04_a6_D_k1,25,59,0,1,0,0,1,0,0,0,0,0,1,0,1,0,0,0,1,0
t04_a6_D_k1,25,60,0,1,0,0,1,0,0,0,0,0,0,0,1,0,0,0,1,0
t04_a6_D_k1,25,61,0,1,0,0,1,0,0,0,0,0,0,0,1,0,0,0,1,0
t04_a6_D_k1,25,62,0,1,0,0,1,0,0,0,0,0,0,0,1,0,0,0,1,0
t04_a6_D_k1,25,63,0,1,0,0,1,0,0,0,0,0,0,0,1,0,1,0,1,0
t04_a6_D_k1,25,64,0,1,0,0,1,0,0,0,0,0,0,0,1,0,0,0,1,0
t04_a6_D_k1,25,65,0,1,0,0,1,0,0,0,0,0,0,0,1,0,0,0,1,0
t04_a6_D_k1,25,66,0,1,0,0,1,0,0,0,0,0,0,0,1,0,0,0,1,0
t04_a6_D_k1,25,67,0,1,1,0,1,0,0,0,0,0,0,0,1,0,0,0,1,0
t04_a6_D_k1,25,68,0,1,0,0,1,0,1,0,0,0,0,0,1,0,0,0,1,0
t04_a6_D_k1,25,69,0,1,0,0,1,0,0,0,0,0,0,0,1,0,0,0,1,0
t04_a6_D_k1,25,70,0,1,0,0,1,0,0,0,0,0,1,0,1,0,0,0,1,0
t04_a6_D_k1,25,71,0,1,0,0,1,0,0,0,0,0,0,0,1,0,0,0,1,0
t04_a6_D_k1,25,72,0,1,0,0,1,0,0,0,0,0,0,0,1,0,0,0,1,0
t04_a6_D_k1,25,73,0,1,0,0,1,0,0,0,0,0,0,0,1,0,0,0,1,0
t04_a6_D_k1,25,74,0,1,0,0,1,0,0,0,0,0,0,0,1,0,1,0,1,0
t04_a6_D_k1,25,75,0,1,0,0,1,0,0,0,0,0,0,0,1,0,0,0,1,0
t04_a6_D_k1,25,76,0,1,0,0,1,0,0,0,0,0,0,0,1,0,0,0,1,0
t04_a6_D_k1,25,77,0,1,0,0,1,0,0,0,0,0,0,0,1,0,0,0,1,0
t04_a6_D_k1,25,78,0,1,1,0,1,0,0,0,0,0,0,0,1,0,0,0,1,0
t04_a6_D_k1,25,79,0,1,0,0,1,0,1,0,0,0,0,0,1,0,0,0,1,0
t04_a6_D_k1,25,80,0,1,0,0,1,0,0,0,0,0,0,0,1,0,0,0,1,0
t04_a6_D_k1,25,81,0,1,0,0,1,0,0,0,0,0,1,0,1,0,0,0,1,0
t04_a6_D_k1,25,82,0,1,0,0,1,0,0,0,0,0,0,0,1,0,0,0,1,0
t04_a6_D_k1,25,83,0,1,0,0,1,0,0,0,0,0,0,0,1,0,0,0,1,0
t04_a6_D_k1,25,84,0,1,0,0,1,0,0,0,0,0,0,0,1,0,0,0,1,0
t04_a6_D_k1,25,85,0,1,0,0,1,0,0,0,0,0,0,0,1,0,1,0,1,0
t04_a6_D_k1,25,86,0,1,0,0,1,0,0,0,0,0,0,0,1,0,0,0,1,0
t04_a6_D_k1,25,87,0,1,0,0,1,0,0,0,0,0,0,0,1,0,0,0,1,0
t04_a6_D_k1,25,88,0,1,0,0,1,0,0,0,0,0,0,0,1,0,0,0,1,0
t04_a6_D_k1,25,89,0,1,1,0,1,0,0,0,0,0,0,0,1,0,0,0,1,0
t04_a6_D_k1,25,90,0,1,0,0,1,0,1,0,0,0,0,0,1,0,0,0,1,0
t04_a6_D_k1,25,91,0,1,0,0,1,0,0,0,0,0,0,0,1,0,0,0,1,0
t04_a6_D_k1,25,92,0,1,0,0,1,0,0,0,0,0,1,0,1,0,0,0,1,0
t04_a6_D_k1,25,93,0,1,0,0,1,0,0,0,0,0,0,0,1,0,0,0,1,0
t04_a6_D_k1,25,94,0,1,0,0,1,0,0,0,0,0,0,0,1,0,0,0,1,0
t04_a6_D_k1,25,95,0,1,0,0,1,0,0,0,0,0,0,0,1,0,0,0,1,0
t04_a6_D_k1,25,96,0,1,0,0,1,0,0,0,0,0,0,0,1,0,1,0,1,0
t04_a6_D_k1,25,97,0,1,0,0,1,0,0,0,0,0,0,0,1,0,0,0,1,0
t04_a6_D_k1,25,98,0,1,0,0,1,0,0,0,0,0,0,0,1,0,0,0,1,0
t04_a6_D_k1,25,99,0,1,0,0,1,0,0,0,0,0,0,0,1,0,0,0,1,0
t04_a6_D_k1,25,100,0,1,1,0,1,0,0,0,0,0,0,0,1,0,0,0,1,0
t04_a6_D_k1,25,101,0,1,0,0,1,0,1,0,0,0,0,0,1,0,0,0,1,0
t04_a6_D_k1,25,102,0,1,0,0,1,0,0,0,0,0,0,0,1,0,0,0,1,0
t04_a6_D_k1,25,103,0,1,0,0,1,0,0,0,0,0,1,0,1,0,0,0,1,0
t04_a6_D_k1,25,104,0,1,0,0,1,0,0,0,0,0,0,0,1,0,0,0,1,0
t04_a6_D_k1,25,105,0,1,0,0,1,0,0,0,0,0,0,0,1,0,0,0,1,0
t04_a6_D_k1,25,106,0,1,0,0,1,0,0,0,0,0,0,0,1,0,0,0,1,0
t04_a6_D_k1,25,107,0,1,0,0,1,0,0,0,0,0,0,0,1,0,1,0,1,0
t04_a6_D_k1,25,108,0,1,0,0,1,0,0,0,0,0,0,0,1,0,0,0,1,0
t04_a6_D_k1,25,109,0,1,0,0,1,0,0,0,0,0,0,0,1,0,0,0,1,0
t04_a6_D_k1,25,110,0,1,0,0,1,0,0,0,0,0,0,0,1,0,0,0,1,0
t04_a6_D_k1,25,111,0,1,1,0,1,0,0,0,0,0,0,0,1,0,0,0,1,0
t04_a6_D_k1,25,112,0,1,0,0,1,0,1,0,0,0,0,0,1,0,0,0,1,0
t04_a6_D_k1,25,113,0,1,0,0,1,0,0,0,0,0,0,0,1,0,0,0,1,0
t04_a6_D_k1,25,114,0,1,0,0,1,0,0,0,0,0,1,0,1,0,0,0,1,0
t04_a6_D_k1,25,115,0,1,0,0,1,0,0,0,0,0,0,0,1,0,0,0,1,0
t04_a6_D_k1,25,116,0,1,0,0,1,0,0,0,0,0,0,0,1,0,0,0,1,0
t04_a6_D_k1,25,117,0,1,0,0,1,0,0,0,0,0,0,0,1,0,0,0,1,0
t04_a6_D_k1,25,118,0,1,0,0,1,0,0,0,0,0,0,0,1,0,1,0,1,0
t04_a6_D_k1,25,119,0,1,0,0,1,0,0,0,0,0,0,0,1,0,0,0,1,0
t04_a6_D_k1,25,120,0,1,0,0,1,0,0,0,0,0,0,0,1,0,0,0,1,0
t04_a6_D_k2,26,0,0,1,0,0,1,0,0,0,1,0,0,0,1,0,0,0,1,0
t04_a6_D_k2,26,1,0,1,1,0,1,0,0,0,1,0,0,0,1,0,0,0,1,0
t04_a6_D_k2,26,2,1,1,0,0,1,0,1,0,1,0,0,0,1,0,0,0,1,0
t04_a6_D_k2,26,3,0,1,0,0,1,0,0,0,0,0,0,0,1,0,0,0,1,0
t04_a6_D_k2,26,4,0,1,0,0,1,0,0,0,0,0,1,0,1,0,0,0,1,0
t04_a6_D_k2,26,5,0,1,0,0,1,0,0,0,0,0,0,0,1,0,0,0,1,0
t04_a6_D_k2,26,6,0,1,0,0,1,0,0,0,0,0,0,0,1,0,0,0,1,0
t04_a6_D_k2,26,7,0,1,0,0,1,0,0,0,0,0,0,0,1,0,0,0,1,0
t04_a6_D_k2,26,8,0,1,0,0,1,0,0,0,0,0,0,0,1,0,1,0,1,0
t04_a6_D_k2,26,9,0,1,0,0,1,0,0,0,0,0,0,0,1,0,0,0,1,0
t04_a6_D_k2,26,10,0,1,0,0,1,0,0,0,0,0,0,0,1,0,0,0,1,0
t04_a6_D_k2,26,11,0,1,0,0,1,0,0,0,0,0,0,0,1,0,0,0,1,0
t04_a6_D_k2,26,12,0,1,1,0,1,0,0,0,0,0,0,0,1,0,0,0,1,0
t04_a6_D_k2,26,13,1,1,0,0,1,0,1,0,0,0,0,0,1,0,0,0,1,0
t04_a6_D_k2,26,14,0,1,0,0,1,0,0,1,1,1,0,0,1,0,0,0,1,0
t04_a6_D_k2,26,15,0,1,0,0,1,0,0,1,1,1,1,0,1,0,0,0,1,0
t04_a6_D_k2,26,16,0,1,0,0,1,0,0,1,1,1,0,0,1,0,0,0,1,0
t04_a6_D_k2,26,17,0,1,0,0,1,0,0,1,1,1,0,0,1,0,0,0,1,0
t04_a6_D_k2,26,18,0,1,0,0,1,0,0,1,1,1,0,0,1,0,0,0,1,0
t04_a6_D_k2,26,19,0,1,0,0,1,0,0,1,1,1,0,0,1,0,1,0,1,0
t04_a6_D_k2,26,20,0,1,0,0,1,0,0,1,1,1,0,0,1,0,0,0,1,0
t04_a6_D_k2,26,21,0,1,0,0,1,0,0,1,1,1,0,0,1,0,0,0,1,0
t04_a6_D_k2,26,22,0,1,0,0,1,0,0,1,1,1,0,0,1,0,0,0,1,0
t04_a6_D_k2,26,23,0,1,1,0,1,0,0,1,1,1,0,0,1,0,0,0,1,0
t04_a6_D_k2,26,24,0,1,0,0,1,0,1,1,1,1,0,0,1,0,0,0,1,0
t04_a6_D_k2,26,25,0,1,0,0,1,0,0,1,1,1,0,0,1,0,0,0,1,0
t04_a6_D_k2,26,26,0,1,0,0,1,0,0,1,1,1,1,0,1,0,0,0,1,0
t04_a6_D_k2,26,27,0,1,0,0,1,0,0,1,1,1,0,0,1,0,0,0,1,0
t04_a6_D_k2,26,28,0,1,0,0,1,0,0,1,1,1,0,0,1,0,0,0,1,0
t04_a6_D_k2,26,29,0,1,0,0,1,0,0,1,1,1,0,0,1,0,0,0,1,0
t04_a6_D_k2,26,30,0,1,0,0,1,0,0,1,1,1,0,0,1,0,1,0,1,0
t04_a6_D_k2,26,31,0,1,0,0,1,0,0,1,1,1,0,0,1,0,0,0,1,0
t04_a6_D_k2,26,32,0,1,0,0,1,0,0,1,1,1,0,0,1,0,0,0,1,0
t04_a6_D_k2,26,33,0,1,0,0,1,0,0,1,1,1,0,0,1,0,0,0,1,0
t04_a6_D_k2,26,34,0,1,1,0,1,0,0,1,1,1,0,0,1,0,0,0,1,0
t04_a6_D_k2,26,35,0,1,0,0,1,0,1,1,1,1,0,0,1,0,0,0,1,0
t04_a6_D_k2,26,36,0,1,0,0,1,0,0,1,1,1,0,0,1,0,0,0,1,0
t04_a6_D_k2,26,37,0,1,0,0,1,0,0,1,1,1,1,0,1,0,0,0,1,0
t04_a6_D_k2,26,38,0,1,0,0,1,0,0,1,1,1,0,0,1,0,0,0,1,0
t04_a6_D_k2,26,39,0,1,0,0,1,0,0,1,1,1,0,0,1,0,0,0,1,0
t04_a6_D_k2,26,40,0,1,0,0,1,0,0,1,1,1,0,0,1,0,0,0,1,0
t04_a6_D_k2,26,41,0,1,0,0,1,0,0,1,1,1,0,0,1,0,1,0,1,0
t04_a6_D_k2,26,42,0,1,0,0,1,0,0,1,1,1,0,0,1,0,0,0,1,0
t04_a6_D_k2,26,43,0,1,0,0,1,0,0,1,1,1,0,0,1,0,0,0,1,0
t04_a6_D_k2,26,44,0,1,0,0,1,0,0,1,1,1,0,0,1,0,0,0,1,0
t04_a6_D_k2,26,45,0,1,1,0,1,0,0,1,1,1,0,0,1,0,0,0,1,0
t04_a6_D_k2,26,46,0,1,0,0,1,0,1,1,1,1,0,0,1,0,0,0,1,0
t04_a6_D_k2,26,47,0,1,0,0,1,0,0,1,1,1,0,0,1,0,0,0,1,0
t04_a6_D_k2,26,48,0,1,0,0,1,0,0,1,1,1,1,0,1,0,0,0,1,0
t04_a6_D_k2,26,49,0,1,0,0,1,0,0,1,1,1,0,0,1,0,0,0,1,0
t04_a6_D_k2,26,50,0,1,0,0,1,0,0,1,1,1,0,0,1,0,0,0,1,0
t04_a6_D_k2,26,51,0,1,0,0,1,0,0,1,1,1,0,0,1,0,0,0,1,0
t04_a6_D_k2,26,52,0,1,0,0,1,0,0,1,1,1,0,0,1,0,1,0,1,0
t04_a6_D_k2,26,53,0,1,0,0,1,0,0,1,1,1,0,0,1,0,0,0,1,0
t04_a6_D_k2,26,54,0,1,0,0,1,0,0,1,1,1,0,0,1,0,0,0,1,0
t04_a6_D_k2,26,55,0,1,0,0,1,0,0,1,1,1,0,0,1,0,0,0,1,0
t04_a6_D_k2,26,56,0,1,1,0,1,0,0,1,1,1,0,0,1,0,0,0,1,0
t04_a6_D_k2,26,57,0,1,0,0,1,0,1,1,1,1,0,0,1,0,0,0,1,0
t04_a6_D_k2,26,58,0,1,0,0,1,0,0,1,1,1,0,0,1,0,0,0,1,0
t04_a6_D_k2,26,59,0,1,0,0,1,0,0,1,1,1,1,0,1,0,0,0,1,0
t04_a6_D_k2,26,60,0,1,0,0,1,0,0,1,1,1,0,0,1,0,0,0,1,0
t04_a6_D_k2,26,61,0,1,0,0,1,0,0,1,1,1,0,0,1,0,0,0,1,0
t04_a6_D_k2,26,62,0,1,0,0,1,0,0,1,1,1,0,0,1,0,0,0,1,0
t04_a6_D_k2,26,63,0,1,0,0,1,0,0,1,1,1,0,0,1,0,1,0,1,0
t04_a6_D_k2,26,64,0,1,0,0,1,0,0,1,1,1,0,0,1,0,0,0,1,0
t04_a6_D_k2,26,65,0,1,0,0,1,0,0,1,1,1,0,0,1,0,0,0,1,0
t04_a6_D_k2,26,66,0,1,0,0,1,0,0,1,1,1,0,0,1,0,0,0,1,0
t04_a6_D_k2,26,67,0,1,1,0,1,0,0,1,1,1,0,0,1,0,0,0,1,0
t04_a6_D_k2,26,68,0,1,0,0,1,0,1,1,1,1,0,0,1,0,0,0,1,0
t04_a6_D_k2,26,69,0,1,0,0,1,0,0,1,1,1,0,0,1,0,0,0,1,0
t04_a6_D_k2,26,70,0,1,0,0,1,0,0,1,1,1,1,0,1,0,0,0,1,0
t04_a6_D_k2,26,71,0,1,0,0,1,0,0,1,1,1,0,0,1,0,0,0,1,0
t04_a6_D_k2,26,72,0,1,0,0,1,0,0,1,1,1,0,0,1,0,0,0,1,0
t04_a6_D_k2,26,73,0,1,0,0,1,0,0,1,1,1,0,0,1,0,0,0,1,0
t04_a6_D_k2,26,74,0,1,0,0,1,0,0,1,1,1,0,0,1,0,1,0,1,0
t04_a6_D_k2,26,75,0,1,0,0,1,0,0,1,1,1,0,0,1,0,0,0,1,0
t04_a6_D_k2,26,76,0,1,0,0,1,0,0,1,1,1,0,0,1,0,0,0,1,0
t04_a6_D_k2,26,77,0,1,0,0,1,0,0,1,1,1,0,0,1,0,0,0,1,0
t04_a6_D_k2,26,78,0,1,1,0,1,0,0,1,1,1,0,0,1,0,0,0,1,0
t04_a6_D_k2,26,79,0,1,0,0,1,0,1,1,1,1,0,0,1,0,0,0,1,0
t04_a6_D_k2,26,80,0,1,0,0,1,0,0,1,1,1,0,0,1,0,0,0,1,0
t04_a6_D_k2,26,81,0,1,0,0,1,0,0,1,1,1,1,0,1,0,0,0,1,0
t04_a6_D_k2,26,82,0,1,0,0,1,0,0,1,1,1,0,0,1,0,0,0,1,0
t04_a6_D_k2,26,83,0,1,0,0,1,0,0,1,1,1,0,0,1,0,0,0,1,0
t04_a6_D_k2,26,84,0,1,0,0,1,0,0,1,1,1,0,0,1,0,0,0,1,0
t04_a6_D_k2,26,85,0,1,0,0,1,0,0,1,1,1,0,0,1,0,1,0,1,0
t04_a6_D_k2,26,86,0,1,0,0,1,0,0,1,1,1,0,0,1,0,0,0,1,0
t04_a6_D_k2,26,87,0,1,0,0,1,0,0,1,1,1,0,0,1,0,0,0,1,0
t04_a6_D_k2,26,88,0,1,0,0,1,0,0,1,1,1,0,0,1,0,0,0,1,0
t04_a6_D_k2,26,89,0,1,1,0,1,0,0,1,1,1,0,0,1,0,0,0,1,0
t04_a6_D_k2,26,90,0,1,0,0,1,0,1,1,1,1,0,0,1,0,0,0,1,0
t04_a6_D_k2,26,91,0,1,0,0,1,0,0,1,1,1,0,0,1,0,0,0,1,0
t04_a6_D_k2,26,92,0,1,0,0,1,0,0,1,1,1,1,0,1,0,0,0,1,0
t04_a6_D_k2,26,93,0,1,0,0,1,0,0,1,1,1,0,0,1,0,0,0,1,0
t04_a6_D_k2,26,94,0,1,0,0,1,0,0,1,1,1,0,0,1,0,0,0,1,0
t04_a6_D_k2,26,95,0,1,0,0,1,0,0,1,1,1,0,0,1,0,0,0,1,0
t04_a6_D_k2,26,96,0,1,0,0,1,0,0,1,1,1,0,0,1,0,1,0,1,0
t04_a6_D_k2,26,97,0,1,0,0,1,0,0,1,1,1,0,0,1,0,0,0,1,0
t04_a6_D_k2,26,98,0,1,0,0,1,0,0,1,1,1,0,0,1,0,0,0,1,0
t04_a6_D_k2,26,99,0,1,0,0,1,0,0,1,1,1,0,0,1,0,0,0,1,0
t04_a6_D_k2,26,100,0,1,1,0,1,0,0,1,1,1,0,0,1,0,0,0,1,0
t04_a6_D_k2,26,101,0,1,0,0,1,0,1,1,1,1,0,0,1,0,0,0,1,0
t04_a6_D_k2,26,102,0,1,0,0,1,0,0,1,1,1,0,0,1,0,0,0,1,0
t04_a6_D_k2,26,103,0,1,0,0,1,0,0,1,1,1,1,0,1,0,0,0,1,0
t04_a6_D_k2,26,104,0,1,0,0,1,0,0,1,1,1,0,0,1,0,0,0,1,0
t04_a6_D_k2,26,105,0,1,0,0,1,0,0,1,1,1,0,0,1,0,0,0,1,0
t04_a6_D_k2,26,106,0,1,0,0,1,0,0,1,1,1,0,0,1,0,0,0,1,0
t04_a6_D_k2,26,107,0,1,0,0,1,0,0,1,1,1,0,0,1,0,1,0,1,0
t04_a6_D_k2,26,108,0,1,0,0,1,0,0,1,1,1,0,0,1,0,0,0,1,0
t04_a6_D_k2,26,109,0,1,0,0,1,0,0,1,1,1,0,0,1,0,0,0,1,0
t04_a6_D_k2,26,110,0,1,0,0,1,0,0,1,1,1,0,0,1,0,0,0,1,0
t04_a6_D_k2,26,111,0,1,1,0,1,0,0,1,1,1,0,0,1,0,0,0,1,0
t04_a6_D_k2,26,112,0,1,0,0,1,0,1,1,1,1,0,0,1,0,0,0,1,0
t04_a6_D_k2,26,113,0,1,0,0,1,0,0,1,1,1,0,0,1,0,0,0,1,0
t04_a6_D_k2,26,114,0,1,0,0,1,0,0,1,1,1,1,0,1,0,0,0,1,0
t04_a6_D_k2,26,115,0,1,0,0,1,0,0,1,1,1,0,0,1,0,0,0,1,0
t04_a6_D_k2,26,116,0,1,0,0,1,0,0,1,1,1,0,0,1,0,0,0,1,0
t04_a6_D_k2,26,117,0,1,0,0,1,0,0,1,1,1,0,0,1,0,0,0,1,0
t04_a6_D_k2,26,118,0,1,0,0,1,0,0,1,1,1,0,0,1,0,1,0,1,0
t04_a6_D_k2,26,119,0,1,0,0,1,0,0,1,1,1,0,0,1,0,0,0,1,0
t04_a6_D_k2,26,120,0,1,0,0,1,0,0,1,1,1,0,0,1,0,0,0,1,0
t04_a6_D_k3,27,0,0,1,0,0,1,0,0,0,1,0,0,0,1,0,0,0,1,0
t04_a6_D_k3,27,1,0,1,1,0,1,0,0,0,1,0,0,0,1,0,0,0,1,0
t04_a6_D_k3,27,2,1,1,0,0,1,0,1,0,1,0,0,0,1,0,0,0,1,0
t04_a6_D_k3,27,3,0,1,0,0,1,0,0,0,0,0,0,0,1,0,0,0,1,0
t04_a6_D_k3,27,4,0,1,0,0,1,0,0,0,0,0,1,0,1,0,0,0,1,0
t04_a6_D_k3,27,5,0,1,0,0,1,0,0,0,0,0,0,0,1,0,0,0,1,0
t04_a6_D_k3,27,6,0,1,0,0,1,0,0,0,0,0,0,0,1,0,0,0,1,0
t04_a6_D_k3,27,7,0,1,0,0,1,0,0,0,0,0,0,0,1,0,0,0,1,0
t04_a6_D_k3,27,8,0,1,0,0,1,0,0,0,0,0,0,0,1,0,1,0,1,0
t04_a6_D_k3,27,9,0,1,0,0,1,0,0,0,0,0,0,0,1,0,0,0,1,0
t04_a6_D_k3,27,10,0,1,0,0,1,0,0,0,0,0,0,0,1,0,0,0,1,0
t04_a6_D_k3,27,11,0,1,0,0,1,0,0,0,0,0,0,0,1,0,0,0,1,0
t04_a6_D_k3,27,12,0,1,1,0,1,0,0,0,0,0,0,0,1,0,0,0,1,0
t04_a6_D_k3,27,13,1,1,0,0,1,0,1,0,0,0,0,0,1,0,0,0,1,0
t04_a6_D_k3,27,14,0,1,0,0,1,0,0,1,1,1,0,0,1,0,0,0,1,0
t04_a6_D_k3,27,15,0,1,0,0,1,0,0,1,1,1,1,0,1,0,0,0,1,0
t04_a6_D_k3,27,16,0,1,0,0,1,0,0,1,1,1,0,0,1,0,0,0,1,0
t04_a6_D_k3,27,17,0,1,0,0,1,0,0,1,1,1,0,0,1,0,0,0,1,0
t04_a6_D_k3,27,18,0,1,0,0,1,0,0,1,1,1,0,0,1,0,0,0,1,0
t04_a6_D_k3,27,19,0,1,0,0,1,0,0,1,1,1,0,0,1,0,1,0,1,0
t04_a6_D_k3,27,20,0,1,0,0,1,0,0,1,1,1,0,0,1,0,0,0,1,0
t04_a6_D_k3,27,21,0,1,0,0,1,0,0,1,1,1,0,0,1,0,0,0,1,0
t04_a6_D_k3,27,22,0,1,0,0,1,0,0,1,1,1,0,0,1,0,0,0,1,0
t04_a6_D_k3,27,23,0,1,1,0,1,0,0,1,1,1,0,0,1,0,0,0,1,0
t04_a6_D_k3,27,24,1,1,0,0,1,0,1,1,1,1,0,0,1,0,0,0,1,0
t04_a6_D_k3,27,25,0,1,0,0,1,0,0,1,0,0,0,0,1,0,0,0,1,0
t04_a6_D_k3,27,26,0,1,0,0,1,0,0,1,0,0,1,0,1,0,0,0,1,0
t04_a6_D_k3,27,27,0,1,0,0,1,0,0,1,0,0,0,0,1,0,0,0,1,0
t04_a6_D_k3,27,28,0,1,0,0,1,0,0,1,0,0,0,0,1,0,0,0,1,0
t04_a6_D_k3,27,29,0,1,0,0,1,0,0,1,0,0,0,0,1,0,0,0,1,0
t04_a6_D_k3,27,30,0,1,0,0,1,0,0,1,0,0,0,0,1,0,1,0,1,0
t04_a6_D_k3,27,31,0,1,0,0,1,0,0,1,0,0,0,0,1,0,0,0,1,0
t04_a6_D_k3,27,32,0,1,0,0,1,0,0,1,0,0,0,0,1,0,0,0,1,0
t04_a6_D_k3,27,33,0,1,0,0,1,0,0,1,0,0,0,0,1,0,0,0,1,0
t04_a6_D_k3,27,34,0,1,1,0,1,0,0,1,0,0,0,0,1,0,0,0,1,0
t04_a6_D_k3,27,35,0,1,0,0,1,0,1,1,0,0,0,0,1,0,0,0,1,0
t04_a6_D_k3,27,36,0,1,0,0,1,0,0,1,0,0,0,0,1,0,0,0,1,0
t04_a6_D_k3,27,37,0,1,0,0,1,0,0,1,0,0,1,0,1,0,0,0,1,0
t04_a6_D_k3,27,38,0,1,0,0,1,0,0,1,0,0,0,0,1,0,0,0,1,0
t04_a6_D_k3,27,39,0,1,0,0,1,0,0,1,0,0,0,0,1,0,0,0,1,0
t04_a6_D_k3,27,40,0,1,0,0,1,0,0,1,0,0,0,0,1,0,0,0,1,0
t04_a6_D_k3,27,41,0,1,0,0,1,0,0,1,0,0,0,0,1,0,1,0,1,0
t04_a6_D_k3,27,42,0,1,0,0,1,0,0,1,0,0,0,0,1,0,0,0,1,0
t04_a6_D_k3,27,43,0,1,0,0,1,0,0,1,0,0,0,0,1,0,0,0,1,0
t04_a6_D_k3,27,44,0,1,0,0,1,0,0,1,0,0,0,0,1,0,0,0,1,0
t04_a6_D_k3,27,45,0,1,1,0,1,0,0,1,0,0,0,0,1,0,0,0,1,0
t04_a6_D_k3,27,46,0,1,0,0,1,0,1,1,0,0,0,0,1,0,0,0,1,0
t04_a6_D_k3,27,47,0,1,0,0,1,0,0,1,0,0,0,0,1,0,0,0,1,0
t04_a6_D_k3,27,48,0,1,0,0,1,0,0,1,0,0,1,0,1,0,0,0,1,0
t04_a6_D_k3,27,49,0,1,0,0,1,0,0,1,0,0,0,0,1,0,0,0,1,0
t04_a6_D_k3,27,50,0,1,0,0,1,0,0,1,0,0,0,0,1,0,0,0,1,0
t04_a6_D_k3,27,51,0,1,0,0,1,0,0,1,0,0,0,0,1,0,0,0,1,0
t04_a6_D_k3,27,52,0,1,0,0,1,0,0,1,0,0,0,0,1,0,1,0,1,0
t04_a6_D_k3,27,53,0,1,0,0,1,0,0,1,0,0,0,0,1,0,0,0,1,0
t04_a6_D_k3,27,54,0,1,0,0,1,0,0,1,0,0,0,0,1,0,0,0,1,0
t04_a6_D_k3,27,55,0,1,0,0,1,0,0,1,0,0,0,0,1,0,0,0,1,0
t04_a6_D_k3,27,56,0,1,1,0,1,0,0,1,0,0,0,0,1,0,0,0,1,0
t04_a6_D_k3,27,57,0,1,0,0,1,0,1,1,0,0,0,0,1,0,0,0,1,0
t04_a6_D_k3,27,58,0,1,0,0,1,0,0,1,0,0,0,0,1,0,0,0,1,0
t04_a6_D_k3,27,59,0,1,0,0,1,0,0,1,0,0,1,0,1,0,0,0,1,0
t04_a6_D_k3,27,60,0,1,0,0,1,0,0,1,0,0,0,0,1,0,0,0,1,0
t04_a6_D_k3,27,61,0,1,0,0,1,0,0,1,0,0,0,0,1,0,0,0,1,0
t04_a6_D_k3,27,62,0,1,0,0,1,0,0,1,0,0,0,0,1,0,0,0,1,0
t04_a6_D_k3,27,63,0,1,0,0,1,0,0,1,0,0,0,0,1,0,1,0,1,0
t04_a6_D_k3,27,64,0,1,0,0,1,0,0,1,0,0,0,0,1,0,0,0,1,0
t04_a6_D_k3,27,65,0,1,0,0,1,0,0,1,0,0,0,0,1,0,0,0,1,0
t04_a6_D_k3,27,66,0,1,0,0,1,0,0,1,0,0,0,0,1,0,0,0,1,0
t04_a6_D_k3,27,67,0,1,1,0,1,0,0,1,0,0,0,0,1,0,0,0,1,0
t04_a6_D_k3,27,68,0,1,0,0,1,0,1,1,0,0,0,0,1,0,0,0,1,0
t04_a6_D_k3,27,69,0,1,0,0,1,0,0,1,0,0,0,0,1,0,0,0,1,0
t04_a6_D_k3,27,70,0,1,0,0,1,0,0,1,0,0,1,0,1,0,0,0,1,0
t04_a6_D_k3,27,71,0,1,0,0,1,0,0,1,0,0,0,0,1,0,0,0,1,0
t04_a6_D_k3,27,72,0,1,0,0,1,0,0,1,0,0,0,0,1,0,0,0,1,0
t04_a6_D_k3,27,73,0,1,0,0,1,0,0,1,0,0,0,0,1,0,0,0,1,0
t04_a6_D_k3,27,74,0,1,0,0,1,0,0,1,0,0,0,0,1,0,1,0,1,0
t04_a6_D_k3,27,75,0,1,0,0,1,0,0,1,0,0,0,0,1,0,0,0,1,0
t04_a6_D_k3,27,76,0,1,0,0,1,0,0,1,0,0,0,0,1,0,0,0,1,0
t04_a6_D_k3,27,77,0,1,0,0,1,0,0,1,0,0,0,0,1,0,0,0,1,0
t04_a6_D_k3,27,78,0,1,1,0,1,0,0,1,0,0,0,0,1,0,0,0,1,0
t04_a6_D_k3,27,79,0,1,0,0,1,0,1,1,0,0,0,0,1,0,0,0,1,0
t04_a6_D_k3,27,80,0,1,0,0,1,0,0,1,0,0,0,0,1,0,0,0,1,0
t04_a6_D_k3,27,81,0,1,0,0,1,0,0,1,0,0,1,0,1,0,0,0,1,0
t04_a6_D_k3,27,82,0,1,0,0,1,0,0,1,0,0,0,0,1,0,0,0,1,0
t04_a6_D_k3,27,83,0,1,0,0,1,0,0,1,0,0,0,0,1,0,0,0,1,0
t04_a6_D_k3,27,84,0,1,0,0,1,0,0,1,0,0,0,0,1,0,0,0,1,0
t04_a6_D_k3,27,85,0,1,0,0,1,0,0,1,0,0,0,0,1,0,1,0,1,0
t04_a6_D_k3,27,86,0,1,0,0,1,0,0,1,0,0,0,0,1,0,0,0,1,0
t04_a6_D_k3,27,87,0,1,0,0,1,0,0,1,0,0,0,0,1,0,0,0,1,0
t04_a6_D_k3,27,88,0,1,0,0,1,0,0,1,0,0,0,0,1,0,0,0,1,0
t04_a6_D_k3,27,89,0,1,1,0,1,0,0,1,0,0,0,0,1,0,0,0,1,0
t04_a6_D_k3,27,90,0,1,0,0,1,0,1,1,0,0,0,0,1,0,0,0,1,0
t04_a6_D_k3,27,91,0,1,0,0,1,0,0,1,0,0,0,0,1,0,0,0,1,0
t04_a6_D_k3,27,92,0,1,0,0,1,0,0,1,0,0,1,0,1,0,0,0,1,0
t04_a6_D_k3,27,93,0,1,0,0,1,0,0,1,0,0,0,0,1,0,0,0,1,0
t04_a6_D_k3,27,94,0,1,0,0,1,0,0,1,0,0,0,0,1,0,0,0,1,0
t04_a6_D_k3,27,95,0,1,0,0,1,0,0,1,0,0,0,0,1,0,0,0,1,0
t04_a6_D_k3,27,96,0,1,0,0,1,0,0,1,0,0,0,0,1,0,1,0,1,0
t04_a6_D_k3,27,97,0,1,0,0,1,0,0,1,0,0,0,0,1,0,0,0,1,0
t04_a6_D_k3,27,98,0,1,0,0,1,0,0,1,0,0,0,0,1,0,0,0,1,0
t04_a6_D_k3,27,99,0,1,0,0,1,0,0,1,0,0,0,0,1,0,0,0,1,0
t04_a6_D_k3,27,100,0,1,1,0,1,0,0,1,0,0,0,0,1,0,0,0,1,0
t04_a6_D_k3,27,101,0,1,0,0,1,0,1,1,0,0,0,0,1,0,0,0,1,0
t04_a6_D_k3,27,102,0,1,0,0,1,0,0,1,0,0,0,0,1,0,0,0,1,0
t04_a6_D_k3,27,103,0,1,0,0,1,0,0,1,0,0,1,0,1,0,0,0,1,0
t04_a6_D_k3,27,104,0,1,0,0,1,0,0,1,0,0,0,0,1,0,0,0,1,0
t04_a6_D_k3,27,105,0,1,0,0,1,0,0,1,0,0,0,0,1,0,0,0,1,0
t04_a6_D_k3,27,106,0,1,0,0,1,0,0,1,0,0,0,0,1,0,0,0,1,0
t04_a6_D_k3,27,107,0,1,0,0,1,0,0,1,0,0,0,0,1,0,1,0,1,0
t04_a6_D_k3,27,108,0,1,0,0,1,0,0,1,0,0,0,0,1,0,0,0,1,0
t04_a6_D_k3,27,109,0,1,0,0,1,0,0,1,0,0,0,0,1,0,0,0,1,0
t04_a6_D_k3,27,110,0,1,0,0,1,0,0,1,0,0,0,0,1,0,0,0,1,0
t04_a6_D_k3,27,111,0,1,1,0,1,0,0,1,0,0,0,0,1,0,0,0,1,0
t04_a6_D_k3,27,112,0,1,0,0,1,0,1,1,0,0,0,0,1,0,0,0,1,0
t04_a6_D_k3,27,113,0,1,0,0,1,0,0,1,0,0,0,0,1,0,0,0,1,0
t04_a6_D_k3,27,114,0,1,0,0,1,0,0,1,0,0,1,0,1,0,0,0,1,0
t04_a6_D_k3,27,115,0,1,0,0,1,0,0,1,0,0,0,0,1,0,0,0,1,0
t04_a6_D_k3,27,116,0,1,0,0,1,0,0,1,0,0,0,0,1,0,0,0,1,0
t04_a6_D_k3,27,117,0,1,0,0,1,0,0,1,0,0,0,0,1,0,0,0,1,0
t04_a6_D_k3,27,118,0,1,0,0,1,0,0,1,0,0,0,0,1,0,1,0,1,0
t04_a6_D_k3,27,119,0,1,0,0,1,0,0,1,0,0,0,0,1,0,0,0,1,0
t04_a6_D_k3,27,120,0,1,0,0,1,0,0,1,0,0,0,0,1,0,0,0,1,0
t04_a6_D_k4,28,0,0,1,0,0,1,0,0,0,1,0,0,0,1,0,0,0,1,0
t04_a6_D_k4,28,1,0,1,1,0,1,0,0,0,1,0,0,0,1,0,0,0,1,0
t04_a6_D_k4,28,2,1,1,0,0,1,0,1,0,1,0,0,0,1,0,0,0,1,0
t04_a6_D_k4,28,3,0,1,0,0,1,0,0,0,0,0,0,0,1,0,0,0,1,0
t04_a6_D_k4,28,4,0,1,0,0,1,0,0,0,0,0,1,0,1,0,0,0,1,0
t04_a6_D_k4,28,5,0,1,0,0,1,0,0,0,0,0,0,0,1,0,0,0,1,0
t04_a6_D_k4,28,6,0,1,0,0,1,0,0,0,0,0,0,0,1,0,0,0,1,0
t04_a6_D_k4,28,7,0,1,0,0,1,0,0,0,0,0,0,0,1,0,0,0,1,0
t04_a6_D_k4,28,8,0,1,0,0,1,0,0,0,0,0,0,0,1,0,1,0,1,0
t04_a6_D_k4,28,9,0,1,0,0,1,0,0,0,0,0,0,0,1,0,0,0,1,0
t04_a6_D_k4,28,10,0,1,0,0,1,0,0,0,0,0,0,0,1,0,0,0,1,0
t04_a6_D_k4,28,11,0,1,0,0,1,0,0,0,0,0,0,0,1,0,0,0,1,0
t04_a6_D_k4,28,12,0,1,1,0,1,0,0,0,0,0,0,0,1,0,0,0,1,0
t04_a6_D_k4,28,13,1,1,0,0,1,0,1,0,0,0,0,0,1,0,0,0,1,0
t04_a6_D_k4,28,14,0,1,0,0,1,0,0,1,1,1,0,0,1,0,0,0,1,0
t04_a6_D_k4,28,15,0,1,0,0,1,0,0,1,1,1,1,0,1,0,0,0,1,0
t04_a6_D_k4,28,16,0,1,0,0,1,0,0,1,1,1,0,0,1,0,0,0,1,0
t04_a6_D_k4,28,17,0,1,0,0,1,0,0,1,1,1,0,0,1,0,0,0,1,0
t04_a6_D_k4,28,18,0,1,0,0,1,0,0,1,1,1,0,0,1,0,0,0,1,0
t04_a6_D_k4,28,19,0,1,0,0,1,0,0,1,1,1,0,0,1,0,1,0,1,0
t04_a6_D_k4,28,20,0,1,0,0,1,0,0,1,1,1,0,0,1,0,0,0,1,0
t04_a6_D_k4,28,21,0,1,0,0,1,0,0,1,1,1,0,0,1,0,0,0,1,0
t04_a6_D_k4,28,22,0,1,0,0,1,0,0,1,1,1,0,0,1,0,0,0,1,0
t04_a6_D_k4,28,23,0,1,1,0,1,0,0,1,1,1,0,0,1,0,0,0,1,0
t04_a6_D_k4,28,24,1,1,0,0,1,0,1,1,1,1,0,0,1,0,0,0,1,0
t04_a6_D_k4,28,25,0,1,0,0,1,0,0,1,0,0,0,0,1,0,0,0,1,0
t04_a6_D_k4,28,26,0,1,0,0,1,0,0,1,0,0,1,0,1,0,0,0,1,0
t04_a6_D_k4,28,27,0,1,0,0,1,0,0,1,0,0,0,0,1,0,0,0,1,0
t04_a6_D_k4,28,28,0,1,0,0,1,0,0,1,0,0,0,0,1,0,0,0,1,0
t04_a6_D_k4,28,29,0,1,0,0,1,0,0,1,0,0,0,0,1,0,0,0,1,0
t04_a6_D_k4,28,30,0,1,0,0,1,0,0,1,0,0,0,0,1,0,1,0,1,0
t04_a6_D_k4,28,31,0,1,0,0,1,0,0,1,0,0,0,0,1,0,0,0,1,0
t04_a6_D_k4,28,32,0,1,0,0,1,0,0,1,0,0,0,0,1,0,0,0,1,0
t04_a6_D_k4,28,33,0,1,0,0,1,0,0,1,0,0,0,0,1,0,0,0,1,0
t04_a6_D_k4,28,34,0,1,1,0,1,0,0,1,0,0,0,0,1,0,0,0,1,0
t04_a6_D_k4,28,35,1,1,0,0,1,0,1,1,0,0,0,0,1,0,0,0,1,0
t04_a6_D_k4,28,36,0,1,0,0,1,0,0,1,0,0,0,0,1,0,0,0,1,0
t04_a6_D_k4,28,37,0,1,0,0,1,0,0,1,0,0,1,0,1,0,0,0,1,0
t04_a6_D_k4,28,38,0,1,0,0,1,0,0,1,0,0,0,0,1,0,0,0,1,0
t04_a6_D_k4,28,39,0,1,0,0,1,0,0,1,0,0,0,0,1,0,0,0,1,0
t04_a6_D_k4,28,40,0,1,0,0,1,0,0,1,0,0,0,0,1,0,0,0,1,0
t04_a6_D_k4,28,41,0,1,0,0,1,0,0,1,0,0,0,0,1,0,1,0,1,0
t04_a6_D_k4,28,42,0,1,0,0,1,0,0,1,0,0,0,0,1,0,0,0,1,0
t04_a6_D_k4,28,43,0,1,0,0,1,0,0,1,0,0,0,0,1,0,0,0,1,0
t04_a6_D_k4,28,44,0,1,0,0,1,0,0,1,0,0,0,0,1,0,0,0,1,0
t04_a6_D_k4,28,45,0,1,1,0,1,0,0,1,0,0,0,0,1,0,0,0,1,0
t04_a6_D_k4,28,46,0,1,0,0,1,0,1,1,0,0,0,0,1,0,0,0,1,0
t04_a6_D_k4,28,47,0,1,0,0,1,0,0,1,0,0,0,0,1,0,0,0,1,0
t04_a6_D_k4,28,48,0,1,0,0,1,0,0,1,0,0,1,0,1,0,0,0,1,0
t04_a6_D_k4,28,49,0,1,0,0,1,0,0,1,0,0,0,0,1,0,0,0,1,0
t04_a6_D_k4,28,50,0,1,0,0,1,0,0,1,0,0,0,0,1,0,0,0,1,0
t04_a6_D_k4,28,51,0,1,0,0,1,0,0,1,0,0,0,0,1,0,0,0,1,0
t04_a6_D_k4,28,52,0,1,0,0,1,0,0,1,0,0,0,0,1,0,1,0,1,0
t04_a6_D_k4,28,53,0,1,0,0,1,0,0,1,0,0,0,0,1,0,0,0,1,0
t04_a6_D_k4,28,54,0,1,0,0,1,0,0,1,0,0,0,0,1,0,0,0,1,0
t04_a6_D_k4,28,55,0,1,0,0,1,0,0,1,0,0,0,0,1,0,0,0,1,0
t04_a6_D_k4,28,56,0,1,1,0,1,0,0,1,0,0,0,0,1,0,0,0,1,0
t04_a6_D_k4,28,57,0,1,0,0,1,0,1,1,0,0,0,0,1,0,0,0,1,0
t04_a6_D_k4,28,58,0,1,0,0,1,0,0,1,0,0,0,0,1,0,0,0,1,0
t04_a6_D_k4,28,59,0,1,0,0,1,0,0,1,0,0,1,0,1,0,0,0,1,0
t04_a6_D_k4,28,60,0,1,0,0,1,0,0,1,0,0,0,0,1,0,0,0,1,0
t04_a6_D_k4,28,61,0,1,0,0,1,0,0,1,0,0,0,0,1,0,0,0,1,0
t04_a6_D_k4,28,62,0,1,0,0,1,0,0,1,0,0,0,0,1,0,0,0,1,0
t04_a6_D_k4,28,63,0,1,0,0,1,0,0,1,0,0,0,0,1,0,1,0,1,0
t04_a6_D_k4,28,64,0,1,0,0,1,0,0,1,0,0,0,0,1,0,0,0,1,0
t04_a6_D_k4,28,65,0,1,0,0,1,0,0,1,0,0,0,0,1,0,0,0,1,0
t04_a6_D_k4,28,66,0,1,0,0,1,0,0,1,0,0,0,0,1,0,0,0,1,0
t04_a6_D_k4,28,67,0,1,1,0,1,0,0,1,0,0,0,0,1,0,0,0,1,0
t04_a6_D_k4,28,68,0,1,0,0,1,0,1,1,0,0,0,0,1,0,0,0,1,0
t04_a6_D_k4,28,69,0,1,0,0,1,0,0,1,0,0,0,0,1,0,0,0,1,0
t04_a6_D_k4,28,70,0,1,0,0,1,0,0,1,0,0,1,0,1,0,0,0,1,0
t04_a6_D_k4,28,71,0,1,0,0,1,0,0,1,0,0,0,0,1,0,0,0,1,0
t04_a6_D_k4,28,72,0,1,0,0,1,0,0,1,0,0,0,0,1,0,0,0,1,0
t04_a6_D_k4,28,73,0,1,0,0,1,0,0,1,0,0,0,0,1,0,0,0,1,0
t04_a6_D_k4,28,74,0,1,0,0,1,0,0,1,0,0,0,0,1,0,1,0,1,0
t04_a6_D_k4,28,75,0,1,0,0,1,0,0,1,0,0,0,0,1,0,0,0,1,0
t04_a6_D_k4,28,76,0,1,0,0,1,0,0,1,0,0,0,0,1,0,0,0,1,0
t04_a6_D_k4,28,77,0,1,0,0,1,0,0,1,0,0,0,0,1,0,0,0,1,0
t04_a6_D_k4,28,78,0,1,1,0,1,0,0,1,0,0,0,0,1,0,0,0,1,0
t04_a6_D_k4,28,79,0,1,0,0,1,0,1,1,0,0,0,0,1,0,0,0,1,0
t04_a6_D_k4,28,80,0,1,0,0,1,0,0,1,0,0,0,0,1,0,0,0,1,0
t04_a6_D_k4,28,81,0,1,0,0,1,0,0,1,0,0,1,0,1,0,0,0,1,0
t04_a6_D_k4,28,82,0,1,0,0,1,0,0,1,0,0,0,0,1,0,0,0,1,0
t04_a6_D_k4,28,83,0,1,0,0,1,0,0,1,0,0,0,0,1,0,0,0,1,0
t04_a6_D_k4,28,84,0,1,0,0,1,0,0,1,0,0,0,0,1,0,0,0,1,0
t04_a6_D_k4,28,85,0,1,0,0,1,0,0,1,0,0,0,0,1,0,1,0,1,0
t04_a6_D_k4,28,86,0,1,0,0,1,0,0,1,0,0,0,0,1,0,0,0,1,0
t04_a6_D_k4,28,87,0,1,0,0,1,0,0,1,0,0,0,0,1,0,0,0,1,0
t04_a6_D_k4,28,88,0,1,0,0,1,0,0,1,0,0,0,0,1,0,0,0,1,0
t04_a6_D_k4,28,89,0,1,1,0,1,0,0,1,0,0,0,0,1,0,0,0,1,0
t04_a6_D_k4,28,90,0,1,0,0,1,0,1,1,0,0,0,0,1,0,0,0,1,0
t04_a6_D_k4,28,91,0,1,0,0,1,0,0,1,0,0,0,0,1,0,0,0,1,0
t04_a6_D_k4,28,92,0,1,0,0,1,0,0,1,0,0,1,0,1,0,0,0,1,0
t04_a6_D_k4,28,93,0,1,0,0,1,0,0,1,0,0,0,0,1,0,0,0,1,0
t04_a6_D_k4,28,94,0,1,0,0,1,0,0,1,0,0,0,0,1,0,0,0,1,0
t04_a6_D_k4,28,95,0,1,0,0,1,0,0,1,0,0,0,0,1,0,0,0,1,0
t04_a6_D_k4,28,96,0,1,0,0,1,0,0,1,0,0,0,0,1,0,1,0,1,0
t04_a6_D_k4,28,97,0,1,0,0,1,0,0,1,0,0,0,0,1,0,0,0,1,0
t04_a6_D_k4,28,98,0,1,0,0,1,0,0,1,0,0,0,0,1,0,0,0,1,0
t04_a6_D_k4,28,99,0,1,0,0,1,0,0,1,0,0,0,0,1,0,0,0,1,0
t04_a6_D_k4,28,100,0,1,1,0,1,0,0,1,0,0,0,0,1,0,0,0,1,0
t04_a6_D_k4,28,101,0,1,0,0,1,0,1,1,0,0,0,0,1,0,0,0,1,0
t04_a6_D_k4,28,102,0,1,0,0,1,0,0,1,0,0,0,0,1,0,0,0,1,0
t04_a6_D_k4,28,103,0,1,0,0,1,0,0,1,0,0,1,0,1,0,0,0,1,0
t04_a6_D_k4,28,104,0,1,0,0,1,0,0,1,0,0,0,0,1,0,0,0,1,0
t04_a6_D_k4,28,105,0,1,0,0,1,0,0,1,0,0,0,0,1,0,0,0,1,0
t04_a6_D_k4,28,106,0,1,0,0,1,0,0,1,0,0,0,0,1,0,0,0,1,0
t04_a6_D_k4,28,107,0,1,0,0,1,0,0,1,0,0,0,0,1,0,1,0,1,0
t04_a6_D_k4,28,108,0,1,0,0,1,0,0,1,0,0,0,0,1,0,0,0,1,0
t04_a6_D_k4,28,109,0,1,0,0,1,0,0,1,0,0,0,0,1,0,0,0,1,0
t04_a6_D_k4,28,110,0,1,0,0,1,0,0,1,0,0,0,0,1,0,0,0,1,0
t04_a6_D_k4,28,111,0,1,1,0,1,0,0,1,0,0,0,0,1,0,0,0,1,0
t04_a6_D_k4,28,112,0,1,0,0,1,0,1,1,0,0,0,0,1,0,0,0,1,0
t04_a6_D_k4,28,113,0,1,0,0,1,0,0,1,0,0,0,0,1,0,0,0,1,0
t04_a6_D_k4,28,114,0,1,0,0,1,0,0,1,0,0,1,0,1,0,0,0,1,0
t04_a6_D_k4,28,115,0,1,0,0,1,0,0,1,0,0,0,0,1,0,0,0,1,0
t04_a6_D_k4,28,116,0,1,0,0,1,0,0,1,0,0,0,0,1,0,0,0,1,0
t04_a6_D_k4,28,117,0,1,0,0,1,0,0,1,0,0,0,0,1,0,0,0,1,0
t04_a6_D_k4,28,118,0,1,0,0,1,0,0,1,0,0,0,0,1,0,1,0,1,0
t04_a6_D_k4,28,119,0,1,0,0,1,0,0,1,0,0,0,0,1,0,0,0,1,0
t04_a6_D_k4,28,120,0,1,0,0,1,0,0,1,0,0,0,0,1,0,0,0,1,0
t04_a6_D_k5,29,0,0,1,0,0,1,0,0,0,1,0,0,0,1,0,0,0,1,0
t04_a6_D_k5,29,1,0,1,1,0,1,0,0,0,1,0,0,0,1,0,0,0,1,0
t04_a6_D_k5,29,2,1,1,0,0,1,0,1,0,1,0,0,0,1,0,0,0,1,0
t04_a6_D_k5,29,3,0,1,0,0,1,0,0,0,0,0,0,0,1,0,0,0,1,0
t04_a6_D_k5,29,4,0,1,0,0,1,0,0,0,0,0,1,0,1,0,0,0,1,0
t04_a6_D_k5,29,5,0,1,0,0,1,0,0,0,0,0,0,0,1,0,0,0,1,0
t04_a6_D_k5,29,6,0,1,0,0,1,0,0,0,0,0,0,0,1,0,0,0,1,0
t04_a6_D_k5,29,7,0,1,0,0,1,0,0,0,0,0,0,0,1,0,0,0,1,0
t04_a6_D_k5,29,8,0,1,0,0,1,0,0,0,0,0,0,0,1,0,1,0,1,0
t04_a6_D_k5,29,9,0,1,0,0,1,0,0,0,0,0,0,0,1,0,0,0,1,0
t04_a6_D_k5,29,10,0,1,0,0,1,0,0,0,0,0,0,0,1,0,0,0,1,0
t04_a6_D_k5,29,11,0,1,0,0,1,0,0,0,0,0,0,0,1,0,0,0,1,0
t04_a6_D_k5,29,12,0,1,1,0,1,0,0,0,0,0,0,0,1,0,0,0,1,0
t04_a6_D_k5,29,13,1,1,0,0,1,0,1,0,0,0,0,0,1,0,0,0,1,0
t04_a6_D_k5,29,14,0,1,0,0,1,0,0,1,1,1,0,0,1,0,0,0,1,0
t04_a6_D_k5,29,15,0,1,0,0,1,0,0,1,1,1,1,0,1,0,0,0,1,0
t04_a6_D_k5,29,16,0,1,0,0,1,0,0,1,1,1,0,0,1,0,0,0,1,0
t04_a6_D_k5,29,17,0,1,0,0,1,0,0,1,1,1,0,0,1,0,0,0,1,0
t04_a6_D_k5,29,18,0,1,0,0,1,0,0,1,1,1,0,0,1,0,0,0,1,0
t04_a6_D_k5,29,19,0,1,0,0,1,0,0,1,1,1,0,0,1,0,1,0,1,0
t04_a6_D_k5,29,20,0,1,0,0,1,0,0,1,1,1,0,0,1,0,0,0,1,0
t04_a6_D_k5,29,21,0,1,0,0,1,0,0,1,1,1,0,0,1,0,0,0,1,0
t04_a6_D_k5,29,22,0,1,0,0,1,0,0,1,1,1,0,0,1,0,0,0,1,0
t04_a6_D_k5,29,23,0,1,1,0,1,0,0,1,1,1,0,0,1,0,0,0,1,0
t04_a6_D_k5,29,24,1,1,0,0,1,0,1,1,1,1,0,0,1,0,0,0,1,0
t04_a6_D_k5,29,25,0,1,0,0,1,0,0,1,0,0,0,0,1,0,0,0,1,0
t04_a6_D_k5,29,26,0,1,0,0,1,0,0,1,0,0,1,0,1,0,0,0,1,0
t04_a6_D_k5,29,27,0,1,0,0,1,0,0,1,0,0,0,0,1,0,0,0,1,0
t04_a6_D_k5,29,28,0,1,0,0,1,0,0,1,0,0,0,0,1,0,0,0,1,0
t04_a6_D_k5,29,29,0,1,0,0,1,0,0,1,0,0,0,0,1,0,0,0,1,0
t04_a6_D_k5,29,30,0,1,0,0,1,0,0,1,0,0,0,0,1,0,1,0,1,0
t04_a6_D_k5,29,31,0,1,0,0,1,0,0,1,0,0,0,0,1,0,0,0,1,0
t04_a6_D_k5,29,32,0,1,0,0,1,0,0,1,0,0,0,0,1,0,0,0,1,0
t04_a6_D_k5,29,33,0,1,0,0,1,0,0,1,0,0,0,0,1,0,0,0,1,0
t04_a6_D_k5,29,34,0,1,1,0,1,0,0,1,0,0,0,0,1,0,0,0,1,0
t04_a6_D_k5,29,35,1,1,0,0,1,0,1,1,0,0,0,0,1,0,0,0,1,0
t04_a6_D_k5,29,36,0,1,0,0,1,0,0,1,0,0,0,0,1,0,0,0,1,0
t04_a6_D_k5,29,37,0,1,0,0,1,0,0,1,0,0,1,0,1,0,0,0,1,0
t04_a6_D_k5,29,38,0,1,0,0,1,0,0,1,0,0,0,0,1,0,0,0,1,0
t04_a6_D_k5,29,39,0,1,0,0,1,0,0,1,0,0,0,0,1,0,0,0,1,0
t04_a6_D_k5,29,40,0,1,0,0,1,0,0,1,0,0,0,0,1,0,0,0,1,0
t04_a6_D_k5,29,41,0,1,0,0,1,0,0,1,0,0,0,0,1,0,1,0,1,0
t04_a6_D_k5,29,42,0,1,0,0,1,0,0,1,0,0,0,0,1,0,0,0,1,0
t04_a6_D_k5,29,43,0,1,0,0,1,0,0,1,0,0,0,0,1,0,0,0,1,0
t04_a6_D_k5,29,44,0,1,0,0,1,0,0,1,0,0,0,0,1,0,0,0,1,0
t04_a6_D_k5,29,45,0,1,1,0,1,0,0,1,0,0,0,0,1,0,0,0,1,0
t04_a6_D_k5,29,46,1,1,0,0,1,0,1,1,0,0,0,0,1,0,0,0,1,0
t04_a6_D_k5,29,47,0,1,0,0,1,0,0,1,0,0,0,0,1,0,0,0,1,0
t04_a6_D_k5,29,48,0,1,0,0,1,0,0,1,0,0,1,0,1,0,0,0,1,0
t04_a6_D_k5,29,49,0,1,0,0,1,0,0,1,0,0,0,0,1,0,0,0,1,0
t04_a6_D_k5,29,50,0,1,0,0,1,0,0,1,0,0,0,0,1,0,0,0,1,0
t04_a6_D_k5,29,51,0,1,0,0,1,0,0,1,0,0,0,0,1,0,0,0,1,0
t04_a6_D_k5,29,52,0,1,0,0,1,0,0,1,0,0,0,0,1,0,1,0,1,0
t04_a6_D_k5,29,53,0,1,0,0,1,0,0,1,0,0,0,0,1,0,0,0,1,0
t04_a6_D_k5,29,54,0,1,0,0,1,0,0,1,0,0,0,0,1,0,0,0,1,0
t04_a6_D_k5,29,55,0,1,0,0,1,0,0,1,0,0,0,0,1,0,0,0,1,0
t04_a6_D_k5,29,56,0,1,1,0,1,0,0,1,0,0,0,0,1,0,0,0,1,0
t04_a6_D_k5,29,57,0,1,0,0,1,0,1,1,0,0,0,0,1,0,0,0,1,0
t04_a6_D_k5,29,58,0,1,0,0,1,0,0,1,0,0,0,0,1,0,0,0,1,0
t04_a6_D_k5,29,59,0,1,0,0,1,0,0,1,0,0,1,0,1,0,0,0,1,0
t04_a6_D_k5,29,60,0,1,0,0,1,0,0,1,0,0,0,0,1,0,0,0,1,0
t04_a6_D_k5,29,61,0,1,0,0,1,0,0,1,0,0,0,0,1,0,0,0,1,0
t04_a6_D_k5,29,62,0,1,0,0,1,0,0,1,0,0,0,0,1,0,0,0,1,0
t04_a6_D_k5,29,63,0,1,0,0,1,0,0,1,0,0,0,0,1,0,1,0,1,0
t04_a6_D_k5,29,64,0,1,0,0,1,0,0,1,0,0,0,0,1,0,0,0,1,0
t04_a6_D_k5,29,65,0,1,0,0,1,0,0,1,0,0,0,0,1,0,0,0,1,0
t04_a6_D_k5,29,66,0,1,0,0,1,0,0,1,0,0,0,0,1,0,0,0,1,0
t04_a6_D_k5,29,67,0,1,1,0,1,0,0,1,0,0,0,0,1,0,0,0,1,0
t04_a6_D_k5,29,68,0,1,0,0,1,0,1,1,0,0,0,0,1,0,0,0,1,0
t04_a6_D_k5,29,69,0,1,0,0,1,0,0,1,0,0,0,0,1,0,0,0,1,0
t04_a6_D_k5,29,70,0,1,0,0,1,0,0,1,0,0,1,0,1,0,0,0,1,0
t04_a6_D_k5,29,71,0,1,0,0,1,0,0,1,0,0,0,0,1,0,0,0,1,0
t04_a6_D_k5,29,72,0,1,0,0,1,0,0,1,0,0,0,0,1,0,0,0,1,0
t04_a6_D_k5,29,73,0,1,0,0,1,0,0,1,0,0,0,0,1,0,0,0,1,0
t04_a6_D_k5,29,74,0,1,0,0,1,0,0,1,0,0,0,0,1,0,1,0,1,0
t04_a6_D_k5,29,75,0,1,0,0,1,0,0,1,0,0,0,0,1,0,0,0,1,0
t04_a6_D_k5,29,76,0,1,0,0,1,0,0,1,0,0,0,0,1,0,0,0,1,0
t04_a6_D_k5,29,77,0,1,0,0,1,0,0,1,0,0,0,0,1,0,0,0,1,0
t04_a6_D_k5,29,78,0,1,1,0,1,0,0,1,0,0,0,0,1,0,0,0,1,0
t04_a6_D_k5,29,79,0,1,0,0,1,0,1,1,0,0,0,0,1,0,0,0,1,0
t04_a6_D_k5,29,80,0,1,0,0,1,0,0,1,0,0,0,0,1,0,0,0,1,0
t04_a6_D_k5,29,81,0,1,0,0,1,0,0,1,0,0,1,0,1,0,0,0,1,0
t04_a6_D_k5,29,82,0,1,0,0,1,0,0,1,0,0,0,0,1,0,0,0,1,0
t04_a6_D_k5,29,83,0,1,0,0,1,0,0,1,0,0,0,0,1,0,0,0,1,0
t04_a6_D_k5,29,84,0,1,0,0,1,0,0,1,0,0,0,0,1,0,0,0,1,0
t04_a6_D_k5,29,85,0,1,0,0,1,0,0,1,0,0,0,0,1,0,1,0,1,0
t04_a6_D_k5,29,86,0,1,0,0,1,0,0,1,0,0,0,0,1,0,0,0,1,0
t04_a6_D_k5,29,87,0,1,0,0,1,0,0,1,0,0,0,0,1,0,0,0,1,0
t04_a6_D_k5,29,88,0,1,0,0,1,0,0,1,0,0,0,0,1,0,0,0,1,0
t04_a6_D_k5,29,89,0,1,1,0,1,0,0,1,0,0,0,0,1,0,0,0,1,0
t04_a6_D_k5,29,90,0,1,0,0,1,0,1,1,0,0,0,0,1,0,0,0,1,0
t04_a6_D_k5,29,91,0,1,0,0,1,0,0,1,0,0,0,0,1,0,0,0,1,0
t04_a6_D_k5,29,92,0,1,0,0,1,0,0,1,0,0,1,0,1,0,0,0,1,0
t04_a6_D_k5,29,93,0,1,0,0,1,0,0,1,0,0,0,0,1,0,0,0,1,0
t04_a6_D_k5,29,94,0,1,0,0,1,0,0,1,0,0,0,0,1,0,0,0,1,0
t04_a6_D_k5,29,95,0,1,0,0,1,0,0,1,0,0,0,0,1,0,0,0,1,0
t04_a6_D_k5,29,96,0,1,0,0,1,0,0,1,0,0,0,0,1,0,1,0,1,0
t04_a6_D_k5,29,97,0,1,0,0,1,0,0,1,0,0,0,0,1,0,0,0,1,0
t04_a6_D_k5,29,98,0,1,0,0,1,0,0,1,0,0,0,0,1,0,0,0,1,0
t04_a6_D_k5,29,99,0,1,0,0,1,0,0,1,0,0,0,0,1,0,0,0,1,0
t04_a6_D_k5,29,100,0,1,1,0,1,0,0,1,0,0,0,0,1,0,0,0,1,0
t04_a6_D_k5,29,101,0,1,0,0,1,0,1,1,0,0,0,0,1,0,0,0,1,0
t04_a6_D_k5,29,102,0,1,0,0,1,0,0,1,0,0,0,0,1,0,0,0,1,0
t04_a6_D_k5,29,103,0,1,0,0,1,0,0,1,0,0,1,0,1,0,0,0,1,0
t04_a6_D_k5,29,104,0,1,0,0,1,0,0,1,0,0,0,0,1,0,0,0,1,0
t04_a6_D_k5,29,105,0,1,0,0,1,0,0,1,0,0,0,0,1,0,0,0,1,0
t04_a6_D_k5,29,106,0,1,0,0,1,0,0,1,0,0,0,0,1,0,0,0,1,0
t04_a6_D_k5,29,107,0,1,0,0,1,0,0,1,0,0,0,0,1,0,1,0,1,0
t04_a6_D_k5,29,108,0,1,0,0,1,0,0,1,0,0,0,0,1,0,0,0,1,0
t04_a6_D_k5,29,109,0,1,0,0,1,0,0,1,0,0,0,0,1,0,0,0,1,0
t04_a6_D_k5,29,110,0,1,0,0,1,0,0,1,0,0,0,0,1,0,0,0,1,0
t04_a6_D_k5,29,111,0,1,1,0,1,0,0,1,0,0,0,0,1,0,0,0,1,0
t04_a6_D_k5,29,112,0,1,0,0,1,0,1,1,0,0,0,0,1,0,0,0,1,0
t04_a6_D_k5,29,113,0,1,0,0,1,0,0,1,0,0,0,0,1,0,0,0,1,0
t04_a6_D_k5,29,114,0,1,0,0,1,0,0,1,0,0,1,0,1,0,0,0,1,0
t04_a6_D_k5,29,115,0,1,0,0,1,0,0,1,0,0,0,0,1,0,0,0,1,0
t04_a6_D_k5,29,116,0,1,0,0,1,0,0,1,0,0,0,0,1,0,0,0,1,0
t04_a6_D_k5,29,117,0,1,0,0,1,0,0,1,0,0,0,0,1,0,0,0,1,0
t04_a6_D_k5,29,118,0,1,0,0,1,0,0,1,0,0,0,0,1,0,1,0,1,0
t04_a6_D_k5,29,119,0,1,0,0,1,0,0,1,0,0,0,0,1,0,0,0,1,0
t04_a6_D_k5,29,120,0,1,0,0,1,0,0,1,0,0,0,0,1,0,0,0,1,0
t04_a5_B_k1,30,0,0,1,0,0,1,0,0,0,1,0,0,0,1,0,0,0,1,0
t04_a5_B_k1,30,1,0,1,1,0,1,0,0,0,1,0,0,0,1,0,0,0,1,0
t04_a5_B_k1,30,2,0,1,0,0,1,0,1,0,1,0,0,0,1,0,0,0,1,0
t04_a5_B_k1,30,3,0,1,0,0,1,0,0,0,1,0,0,0,1,0,0,0,1,0
t04_a5_B_k1,30,4,1,1,0,0,1,0,0,0,1,0,1,0,1,0,0,0,1,0
t04_a5_B_k1,30,5,0,1,0,0,1,0,0,0,1,0,0,0,0,0,0,0,1,0
t04_a5_B_k1,30,6,0,1,0,0,1,0,0,0,1,0,0,0,0,0,0,0,1,0
t04_a5_B_k1,30,7,0,1,0,0,1,0,0,0,1,0,0,0,0,0,0,0,1,0
t04_a5_B_k1,30,8,0,1,0,0,1,0,0,0,1,0,0,0,0,0,1,0,1,0
t04_a5_B_k1,30,9,0,1,0,0,1,0,0,0,1,0,0,0,0,0,0,0,1,0
t04_a5_B_k1,30,10,0,1,0,0,1,0,0,0,1,0,0,0,0,0,0,0,1,0
t04_a5_B_k1,30,11,0,1,0,0,1,0,0,0,1,0,0,0,0,0,0,0,1,0
t04_a5_B_k1,30,12,0,1,1,0,1,0,0,0,1,0,0,0,0,0,0,0,1,0
t04_a5_B_k1,30,13,0,1,0,0,1,0,1,0,1,0,0,0,0,0,0,0,1,0
t04_a5_B_k1,30,14,0,1,0,0,1,0,0,0,1,0,0,0,0,0,0,0,1,0
t04_a5_B_k1,30,15,0,1,0,0,1,0,0,0,1,0,1,0,0,0,0,0,1,0
t04_a5_B_k1,30,16,0,1,0,0,1,0,0,0,1,0,0,0,0,0,0,0,1,0
t04_a5_B_k1,30,17,0,1,0,0,1,0,0,0,1,0,0,0,0,0,0,0,1,0
t04_a5_B_k1,30,18,0,1,0,0,1,0,0,0,1,0,0,0,0,0,0,0,1,0
t04_a5_B_k1,30,19,0,1,0,0,1,0,0,0,1,0,0,0,0,0,1,0,1,0
t04_a5_B_k1,30,20,0,1,0,0,1,0,0,0,1,0,0,0,0,0,0,0,1,0
t04_a5_B_k1,30,21,0,1,0,0,1,0,0,0,1,0,0,0,0,0,0,0,1,0
t04_a5_B_k1,30,22,0,1,0,0,1,0,0,0,1,0,0,0,0,0,0,0,1,0
t04_a5_B_k1,30,23,0,1,1,0,1,0,0,0,1,0,0,0,0,0,0,0,1,0
t04_a5_B_k1,30,24,0,1,0,0,1,0,1,0,1,0,0,0,0,0,0,0,1,0
t04_a5_B_k1,30,25,0,1,0,0,1,0,0,0,1,0,0,0,0,0,0,0,1,0
t04_a5_B_k1,30,26,0,1,0,0,1,0,0,0,1,0,1,0,0,0,0,0,1,0
t04_a5_B_k1,30,27,0,1,0,0,1,0,0,0,1,0,0,0,0,0,0,0,1,0
t04_a5_B_k1,30,28,0,1,0,0,1,0,0,0,1,0,0,0,0,0,0,0,1,0
t04_a5_B_k1,30,29,0,1,0,0,1,0,0,0,1,0,0,0,0,0,0,0,1,0
t04_a5_B_k1,30,30,0,1,0,0,1,0,0,0,1,0,0,0,0,0,1,0,1,0
t04_a5_B_k1,30,31,0,1,0,0,1,0,0,0,1,0,0,0,0,0,0,0,1,0
t04_a5_B_k1,30,32,0,1,0,0,1,0,0,0,1,0,0,0,0,0,0,0,1,0
t04_a5_B_k1,30,33,0,1,0,0,1,0,0,0,1,0,0,0,0,0,0,0,1,0
t04_a5_B_k1,30,34,0,1,1,0,1,0,0,0,1,0,0,0,0,0,0,0,1,0
t04_a5_B_k1,30,35,0,1,0,0,1,0,1,0,1,0,0,0,0,0,0,0,1,0
t04_a5_B_k1,30,36,0,1,0,0,1,0,0,0,1,0,0,0,0,0,0,0,1,0
t04_a5_B_k1,30,37,0,1,0,0,1,0,0,0,1,0,1,0,0,0,0,0,1,0
t04_a5_B_k1,30,38,0,1,0,0,1,0,0,0,1,0,0,0,0,0,0,0,1,0
t04_a5_B_k1,30,39,0,1,0,0,1,0,0,0,1,0,0,0,0,0,0,0,1,0
t04_a5_B_k1,30,40,0,1,0,0,1,0,0,0,1,0,0,0,0,0,0,0,1,0
t04_a5_B_k1,30,41,0,1,0,0,1,0,0,0,1,0,0,0,0,0,1,0,1,0
t04_a5_B_k1,30,42,0,1,0,0,1,0,0,0,1,0,0,0,0,0,0,0,1,0
t04_a5_B_k1,30,43,0,1,0,0,1,0,0,0,1,0,0,0,0,0,0,0,1,0
t04_a5_B_k1,30,44,0,1,0,0,1,0,0,0,1,0,0,0,0,0,0,0,1,0
t04_a5_B_k1,30,45,0,1,1,0,1,0,0,0,1,0,0,0,0,0,0,0,1,0
t04_a5_B_k1,30,46,0,1,0,0,1,0,1,0,1,0,0,0,0,0,0,0,1,0
t04_a5_B_k1,30,47,0,1,0,0,1,0,0,0,1,0,0,0,0,0,0,0,1,0
t04_a5_B_k1,30,48,0,1,0,0,1,0,0,0,1,0,1,0,0,0,0,0,1,0
t04_a5_B_k1,30,49,0,1,0,0,1,0,0,0,1,0,0,0,0,0,0,0,1,0
t04_a5_B_k1,30,50,0,1,0,0,1,0,0,0,1,0,0,0,0,0,0,0,1,0
t04_a5_B_k1,30,51,0,1,0,0,1,0,0,0,1,0,0,0,0,0,0,0,1,0
t04_a5_B_k1,30,52,0,1,0,0,1,0,0,0,1,0,0,0,0,0,1,0,1,0
t04_a5_B_k1,30,53,0,1,0,0,1,0,0,0,1,0,0,0,0,0,0,0,1,0
t04_a5_B_k1,30,54,0,1,0,0,1,0,0,0,1,0,0,0,0,0,0,0,1,0
t04_a5_B_k1,30,55,0,1,0,0,1,0,0,0,1,0,0,0,0,0,0,0,1,0
t04_a5_B_k1,30,56,0,1,1,0,1,0,0,0,1,0,0,0,0,0,0,0,1,0
t04_a5_B_k1,30,57,0,1,0,0,1,0,1,0,1,0,0,0,0,0,0,0,1,0
t04_a5_B_k1,30,58,0,1,0,0,1,0,0,0,1,0,0,0,0,0,0,0,1,0
t04_a5_B_k1,30,59,0,1,0,0,1,0,0,0,1,0,1,0,0,0,0,0,1,0
t04_a5_B_k1,30,60,0,1,0,0,1,0,0,0,1,0,0,0,0,0,0,0,1,0
t04_a5_B_k1,30,61,0,1,0,0,1,0,0,0,1,0,0,0,0,0,0,0,1,0
t04_a5_B_k1,30,62,0,1,0,0,1,0,0,0,1,0,0,0,0,0,0,0,1,0
t04_a5_B_k1,30,63,0,1,0,0,1,0,0,0,1,0,0,0,0,0,1,0,1,0
t04_a5_B_k1,30,64,0,1,0,0,1,0,0,0,1,0,0,0,0,0,0,0,1,0
t04_a5_B_k1,30,65,0,1,0,0,1,0,0,0,1,0,0,0,0,0,0,0,1,0
t04_a5_B_k1,30,66,0,1,0,0,1,0,0,0,1,0,0,0,0,0,0,0,1,0
t04_a5_B_k1,30,67,0,1,1,0,1,0,0,0,1,0,0,0,0,0,0,0,1,0
t04_a5_B_k1,30,68,0,1,0,0,1,0,1,0,1,0,0,0,0,0,0,0,1,0
t04_a5_B_k1,30,69,0,1,0,0,1,0,0,0,1,0,0,0,0,0,0,0,1,0
t04_a5_B_k1,30,70,0,1,0,0,1,0,0,0,1,0,1,0,0,0,0,0,1,0
t04_a5_B_k1,30,71,0,1,0,0,1,0,0,0,1,0,0,0,0,0,0,0,1,0
t04_a5_B_k1,30,72,0,1,0,0,1,0,0,0,1,0,0,0,0,0,0,0,1,0
t04_a5_B_k1,30,73,0,1,0,0,1,0,0,0,1,0,0,0,0,0,0,0,1,0
t04_a5_B_k1,30,74,0,1,0,0,1,0,0,0,1,0,0,0,0,0,1,0,1,0
t04_a5_B_k1,30,75,0,1,0,0,1,0,0,0,1,0,0,0,0,0,0,0,1,0
t04_a5_B_k1,30,76,0,1,0,0,1,0,0,0,1,0,0,0,0,0,0,0,1,0
t04_a5_B_k1,30,77,0,1,0,0,1,0,0,0,1,0,0,0,0,0,0,0,1,0
t04_a5_B_k1,30,78,0,1,1,0,1,0,0,0,1,0,0,0,0,0,0,0,1,0
t04_a5_B_k1,30,79,0,1,0,0,1,0,1,0,1,0,0,0,0,0,0,0,1,0
t04_a5_B_k1,30,80,0,1,0,0,1,0,0,0,1,0,0,0,0,0,0,0,1,0
t04_a5_B_k1,30,81,0,1,0,0,1,0,0,0,1,0,1,0,0,0,0,0,1,0
t04_a5_B_k1,30,82,0,1,0,0,1,0,0,0,1,0,0,0,0,0,0,0,1,0
t04_a5_B_k1,30,83,0,1,0,0,1,0,0,0,1,0,0,0,0,0,0,0,1,0
t04_a5_B_k1,30,84,0,1,0,0,1,0,0,0,1,0,0,0,0,0,0,0,1,0
t04_a5_B_k1,30,85,0,1,0,0,1,0,0,0,1,0,0,0,0,0,1,0,1,0
t04_a5_B_k1,30,86,0,1,0,0,1,0,0,0,1,0,0,0,0,0,0,0,1,0
t04_a5_B_k1,30,87,0,1,0,0,1,0,0,0,1,0,0,0,0,0,0,0,1,0
t04_a5_B_k1,30,88,0,1,0,0,1,0,0,0,1,0,0,0,0,0,0,0,1,0
t04_a5_B_k1,30,89,0,1,1,0,1,0,0,0,1,0,0,0,0,0,0,0,1,0
t04_a5_B_k1,30,90,0,1,0,0,1,0,1,0,1,0,0,0,0,0,0,0,1,0
t04_a5_B_k1,30,91,0,1,0,0,1,0,0,0,1,0,0,0,0,0,0,0,1,0
t04_a5_B_k1,30,92,0,1,0,0,1,0,0,0,1,0,1,0,0,0,0,0,1,0
t04_a5_B_k1,30,93,0,1,0,0,1,0,0,0,1,0,0,0,0,0,0,0,1,0
t04_a5_B_k1,30,94,0,1,0,0,1,0,0,0,1,0,0,0,0,0,0,0,1,0
t04_a5_B_k1,30,95,0,1,0,0,1,0,0,0,1,0,0,0,0,0,0,0,1,0
t04_a5_B_k1,30,96,0,1,0,0,1,0,0,0,1,0,0,0,0,0,1,0,1,0
t04_a5_B_k1,30,97,0,1,0,0,1,0,0,0,1,0,0,0,0,0,0,0,1,0
t04_a5_B_k1,30,98,0,1,0,0,1,0,0,0,1,0,0,0,0,0,0,0,1,0
t04_a5_B_k1,30,99,0,1,0,0,1,0,0,0,1,0,0,0,0,0,0,0,1,0
t04_a5_B_k1,30,100,0,1,1,0,1,0,0,0,1,0,0,0,0,0,0,0,1,0
t04_a5_B_k1,30,101,0,1,0,0,1,0,1,0,1,0,0,0,0,0,0,0,1,0
t04_a5_B_k1,30,102,0,1,0,0,1,0,0,0,1,0,0,0,0,0,0,0,1,0
t04_a5_B_k1,30,103,0,1,0,0,1,0,0,0,1,0,1,0,0,0,0,0,1,0
t04_a5_B_k1,30,104,0,1,0,0,1,0,0,0,1,0,0,0,0,0,0,0,1,0
t04_a5_B_k1,30,105,0,1,0,0,1,0,0,0,1,0,0,0,0,0,0,0,1,0
t04_a5_B_k1,30,106,0,1,0,0,1,0,0,0,1,0,0,0,0,0,0,0,1,0
t04_a5_B_k1,30,107,0,1,0,0,1,0,0,0,1,0,0,0,0,0,1,0,1,0
t04_a5_B_k1,30,108,0,1,0,0,1,0,0,0,1,0,0,0,0,0,0,0,1,0
t04_a5_B_k1,30,109,0,1,0,0,1,0,0,0,1,0,0,0,0,0,0,0,1,0
t04_a5_B_k1,30,110,0,1,0,0,1,0,0,0,1,0,0,0,0,0,0,0,1,0
t04_a5_B_k1,30,111,0,1,1,0,1,0,0,0,1,0,0,0,0,0,0,0,1,0
t04_a5_B_k1,30,112,0,1,0,0,1,0,1,0,1,0,0,0,0,0,0,0,1,0
t04_a5_B_k1,30,113,0,1,0,0,1,0,0,0,1,0,0,0,0,0,0,0,1,0
t04_a5_B_k1,30,114,0,1,0,0,1,0,0,0,1,0,1,0,0,0,0,0,1,0
t04_a5_B_k1,30,115,0,1,0,0,1,0,0,0,1,0,0,0,0,0,0,0,1,0
t04_a5_B_k1,30,116,0,1,0,0,1,0,0,0,1,0,0,0,0,0,0,0,1,0
t04_a5_B_k1,30,117,0,1,0,0,1,0,0,0,1,0,0,0,0,0,0,0,1,0
t04_a5_B_k1,30,118,0,1,0,0,1,0,0,0,1,0,0,0,0,0,1,0,1,0
t04_a5_B_k1,30,119,0,1,0,0,1,0,0,0,1,0,0,0,0,0,0,0,1,0
t04_a5_B_k1,30,120,0,1,0,0,1,0,0,0,1,0,0,0,0,0,0,0,1,0
t04_a5_B_k2,31,0,0,1,0,0,1,0,0,0,1,0,0,0,1,0,0,0,1,0
t04_a5_B_k2,31,1,0,1,1,0,1,0,0,0,1,0,0,0,1,0,0,0,1,0
t04_a5_B_k2,31,2,0,1,0,0,1,0,1,0,1,0,0,0,1,0,0,0,1,0
t04_a5_B_k2,31,3,0,1,0,0,1,0,0,0,1,0,0,0,1,0,0,0,1,0
t04_a5_B_k2,31,4,1,1,0,0,1,0,0,0,1,0,1,0,1,0,0,0,1,0
t04_a5_B_k2,31,5,0,1,0,0,1,0,0,0,1,0,0,0,0,0,0,0,1,0
t04_a5_B_k2,31,6,0,1,0,0,1,0,0,0,1,0,0,0,0,0,0,0,1,0
t04_a5_B_k2,31,7,0,1,0,0,1,0,0,0,1,0,0,0,0,0,0,0,1,0
t04_a5_B_k2,31,8,0,1,0,0,1,0,0,0,1,0,0,0,0,0,1,0,1,0
t04_a5_B_k2,31,9,0,1,0,0,1,0,0,0,1,0,0,0,0,0,0,0,1,0
t04_a5_B_k2,31,10,0,1,0,0,1,0,0,0,1,0,0,0,0,0,0,0,1,0
t04_a5_B_k2,31,11,0,1,0,0,1,0,0,0,1,0,0,0,0,0,0,0,1,0
t04_a5_B_k2,31,12,0,1,1,0,1,0,0,0,1,0,0,0,0,0,0,0,1,0
t04_a5_B_k2,31,13,0,1,0,0,1,0,1,0,1,0,0,0,0,0,0,0,1,0
t04_a5_B_k2,31,14,0,1,0,0,1,0,0,0,1,0,0,0,0,0,0,0,1,0
t04_a5_B_k2,31,15,1,1,0,0,1,0,0,0,1,0,1,0,0,0,0,0,1,0
t04_a5_B_k2,31,16,0,1,0,0,1,0,0,0,1,0,0,1,1,1,0,0,1,0
t04_a5_B_k2,31,17,0,1,0,0,1,0,0,0,1,0,0,1,1,1,0,0,1,0
t04_a5_B_k2,31,18,0,1,0,0,1,0,0,0,1,0,0,1,1,1,0,0,1,0
t04_a5_B_k2,31,19,0,1,0,0,1,0,0,0,1,0,0,1,1,1,1,0,1,0
t04_a5_B_k2,31,20,0,1,0,0,1,0,0,0,1,0,0,1,1,1,0,0,1,0
t04_a5_B_k2,31,21,0,1,0,0,1,0,0,0,1,0,0,1,1,1,0,0,1,0
t04_a5_B_k2,31,22,0,1,0,0,1,0,0,0,1,0,0,1,1,1,0,0,1,0
t04_a5_B_k2,31,23,0,1,1,0,1,0,0,0,1,0,0,1,1,1,0,0,1,0
t04_a5_B_k2,31,24,0,1,0,0,1,0,1,0,1,0,0,1,1,1,0,0,1,0
t04_a5_B_k2,31,25,0,1,0,0,1,0,0,0,1,0,0,1,1,1,0,0,1,0
t04_a5_B_k2,31,26,0,1,0,0,1,0,0,0,1,0,1,1,1,1,0,0,1,0
t04_a5_B_k2,31,27,0,1,0,0,1,0,0,0,1,0,0,1,1,1,0,0,1,0
t04_a5_B_k2,31,28,0,1,0,0,1,0,0,0,1,0,0,1,1,1,0,0,1,0
t04_a5_B_k2,31,29,0,1,0,0,1,0,0,0,1,0,0,1,1,1,0,0,1,0
t04_a5_B_k2,31,30,0,1,0,0,1,0,0,0,1,0,0,1,1,1,1,0,1,0
t04_a5_B_k2,31,31,0,1,0,0,1,0,0,0,1,0,0,1,1,1,0,0,1,0
t04_a5_B_k2,31,32,0,1,0,0,1,0,0,0,1,0,0,1,1,1,0,0,1,0
t04_a5_B_k2,31,33,0,1,0,0,1,0,0,0,1,0,0,1,1,1,0,0,1,0
t04_a5_B_k2,31,34,0,1,1,0,1,0,0,0,1,0,0,1,1,1,0,0,1,0
t04_a5_B_k2,31,35,0,1,0,0,1,0,1,0,1,0,0,1,1,1,0,0,1,0
t04_a5_B_k2,31,36,0,1,0,0,1,0,0,0,1,0,0,1,1,1,0,0,1,0
t04_a5_B_k2,31,37,0,1,0,0,1,0,0,0,1,0,1,1,1,1,0,0,1,0
t04_a5_B_k2,31,38,0,1,0,0,1,0,0,0,1,0,0,1,1,1,0,0,1,0
t04_a5_B_k2,31,39,0,1,0,0,1,0,0,0,1,0,0,1,1,1,0,0,1,0
t04_a5_B_k2,31,40,0,1,0,0,1,0,0,0,1,0,0,1,1,1,0,0,1,0
t04_a5_B_k2,31,41,0,1,0,0,1,0,0,0,1,0,0,1,1,1,1,0,1,0
t04_a5_B_k2,31,42,0,1,0,0,1,0,0,0,1,0,0,1,1,1,0,0,1,0
t04_a5_B_k2,31,43,0,1,0,0,1,0,0,0,1,0,0,1,1,1,0,0,1,0
t04_a5_B_k2,31,44,0,1,0,0,1,0,0,0,1,0,0,1,1,1,0,0,1,0
t04_a5_B_k2,31,45,0,1,1,0,1,0,0,0,1,0,0,1,1,1,0,0,1,0
t04_a5_B_k2,31,46,0,1,0,0,1,0,1,0,1,0,0,1,1,1,0,0,1,0
t04_a5_B_k2,31,47,0,1,0,0,1,0,0,0,1,0,0,1,1,1,0,0,1,0
t04_a5_B_k2,31,48,0,1,0,0,1,0,0,0,1,0,1,1,1,1,0,0,1,0
t04_a5_B_k2,31,49,0,1,0,0,1,0,0,0,1,0,0,1,1,1,0,0,1,0
t04_a5_B_k2,31,50,0,1,0,0,1,0,0,0,1,0,0,1,1,1,0,0,1,0
t04_a5_B_k2,31,51,0,1,0,0,1,0,0,0,1,0,0,1,1,1,0,0,1,0
t04_a5_B_k2,31,52,0,1,0,0,1,0,0,0,1,0,0,1,1,1,1,0,1,0
t04_a5_B_k2,31,53,0,1,0,0,1,0,0,0,1,0,0,1,1,1,0,0,1,0
t04_a5_B_k2,31,54,0,1,0,0,1,0,0,0,1,0,0,1,1,1,0,0,1,0
t04_a5_B_k2,31,55,0,1,0,0,1,0,0,0,1,0,0,1,1,1,0,0,1,0
t04_a5_B_k2,31,56,0,1,1,0,1,0,0,0,1,0,0,1,1,1,0,0,1,0
t04_a5_B_k2,31,57,0,1,0,0,1,0,1,0,1,0,0,1,1,1,0,0,1,0
t04_a5_B_k2,31,58,0,1,0,0,1,0,0,0,1,0,0,1,1,1,0,0,1,0
t04_a5_B_k2,31,59,0,1,0,0,1,0,0,0,1,0,1,1,1,1,0,0,1,0
t04_a5_B_k2,31,60,0,1,0,0,1,0,0,0,1,0,0,1,1,1,0,0,1,0
t04_a5_B_k2,31,61,0,1,0,0,1,0,0,0,1,0,0,1,1,1,0,0,1,0
t04_a5_B_k2,31,62,0,1,0,0,1,0,0,0,1,0,0,1,1,1,0,0,1,0
t04_a5_B_k2,31,63,0,1,0,0,1,0,0,0,1,0,0,1,1,1,1,0,1,0
t04_a5_B_k2,31,64,0,1,0,0,1,0,0,0,1,0,0,1,1,1,0,0,1,0
t04_a5_B_k2,31,65,0,1,0,0,1,0,0,0,1,0,0,1,1,1,0,0,1,0
t04_a5_B_k2,31,66,0,1,0,0,1,0,0,0,1,0,0,1,1,1,0,0,1,0
t04_a5_B_k2,31,67,0,1,1,0,1,0,0,0,1,0,0,1,1,1,0,0,1,0
t04_a5_B_k2,31,68,0,1,0,0,1,0,1,0,1,0,0,1,1,1,0,0,1,0
t04_a5_B_k2,31,69,0,1,0,0,1,0,0,0,1,0,0,1,1,1,0,0,1,0
t04_a5_B_k2,31,70,0,1,0,0,1,0,0,0,1,0,1,1,1,1,0,0,1,0
t04_a5_B_k2,31,71,0,1,0,0,1,0,0,0,1,0,0,1,1,1,0,0,1,0
t04_a5_B_k2,31,72,0,1,0,0,1,0,0,0,1,0,0,1,1,1,0,0,1,0
t04_a5_B_k2,31,73,0,1,0,0,1,0,0,0,1,0,0,1,1,1,0,0,1,0
t04_a5_B_k2,31,74,0,1,0,0,1,0,0,0,1,0,0,1,1,1,1,0,1,0
t04_a5_B_k2,31,75,0,1,0,0,1,0,0,0,1,0,0,1,1,1,0,0,1,0
t04_a5_B_k2,31,76,0,1,0,0,1,0,0,0,1,0,0,1,1,1,0,0,1,0
t04_a5_B_k2,31,77,0,1,0,0,1,0,0,0,1,0,0,1,1,1,0,0,1,0
t04_a5_B_k2,31,78,0,1,1,0,1,0,0,0,1,0,0,1,1,1,0,0,1,0
t04_a5_B_k2,31,79,0,1,0,0,1,0,1,0,1,0,0,1,1,1,0,0,1,0
t04_a5_B_k2,31,80,0,1,0,0,1,0,0,0,1,0,0,1,1,1,0,0,1,0
t04_a5_B_k2,31,81,0,1,0,0,1,0,0,0,1,0,1,1,1,1,0,0,1,0
t04_a5_B_k2,31,82,0,1,0,0,1,0,0,0,1,0,0,1,1,1,0,0,1,0
t04_a5_B_k2,31,83,0,1,0,0,1,0,0,0,1,0,0,1,1,1,0,0,1,0
t04_a5_B_k2,31,84,0,1,0,0,1,0,0,0,1,0,0,1,1,1,0,0,1,0
t04_a5_B_k2,31,85,0,1,0,0,1,0,0,0,1,0,0,1,1,1,1,0,1,0
t04_a5_B_k2,31,86,0,1,0,0,1,0,0,0,1,0,0,1,1,1,0,0,1,0
t04_a5_B_k2,31,87,0,1,0,0,1,0,0,0,1,0,0,1,1,1,0,0,1,0
t04_a5_B_k2,31,88,0,1,0,0,1,0,0,0,1,0,0,1,1,1,0,0,1,0
t04_a5_B_k2,31,89,0,1,1,0,1,0,0,0,1,0,0,1,1,1,0,0,1,0
t04_a5_B_k2,31,90,0,1,0,0,1,0,1,0,1,0,0,1,1,1,0,0,1,0
t04_a5_B_k2,31,91,0,1,0,0,1,0,0,0,1,0,0,1,1,1,0,0,1,0
t04_a5_B_k2,31,92,0,1,0,0,1,0,0,0,1,0,1,1,1,1,0,0,1,0
t04_a5_B_k2,31,93,0,1,0,0,1,0,0,0,1,0,0,1,1,1,0,0,1,0
t04_a5_B_k2,31,94,0,1,0,0,1,0,0,0,1,0,0,1,1,1,0,0,1,0
t04_a5_B_k2,31,95,0,1,0,0,1,0,0,0,1,0,0,1,1,1,0,0,1,0
t04_a5_B_k2,31,96,0,1,0,0,1,0,0,0,1,0,0,1,1,1,1,0,1,0
t04_a5_B_k2,31,97,0,1,0,0,1,0,0,0,1,0,0,1,1,1,0,0,1,0
t04_a5_B_k2,31,98,0,1,0,0,1,0,0,0,1,0,0,1,1,1,0,0,1,0
t04_a5_B_k2,31,99,0,1,0,0,1,0,0,0,1,0,0,1,1,1,0,0,1,0
t04_a5_B_k2,31,100,0,1,1,0,1,0,0,0,1,0,0,1,1,1,0,0,1,0
t04_a5_B_k2,31,101,0,1,0,0,1,0,1,0,1,0,0,1,1,1,0,0,1,0
t04_a5_B_k2,31,102,0,1,0,0,1,0,0,0,1,0,0,1,1,1,0,0,1,0
t04_a5_B_k2,31,103,0,1,0,0,1,0,0,0,1,0,1,1,1,1,0,0,1,0
t04_a5_B_k2,31,104,0,1,0,0,1,0,0,0,1,0,0,1,1,1,0,0,1,0
t04_a5_B_k2,31,105,0,1,0,0,1,0,0,0,1,0,0,1,1,1,0,0,1,0
t04_a5_B_k2,31,106,0,1,0,0,1,0,0,0,1,0,0,1,1,1,0,0,1,0
t04_a5_B_k2,31,107,0,1,0,0,1,0,0,0,1,0,0,1,1,1,1,0,1,0
t04_a5_B_k2,31,108,0,1,0,0,1,0,0,0,1,0,0,1,1,1,0,0,1,0
t04_a5_B_k2,31,109,0,1,0,0,1,0,0,0,1,0,0,1,1,1,0,0,1,0
t04_a5_B_k2,31,110,0,1,0,0,1,0,0,0,1,0,0,1,1,1,0,0,1,0
t04_a5_B_k2,31,111,0,1,1,0,1,0,0,0,1,0,0,1,1,1,0,0,1,0
t04_a5_B_k2,31,112,0,1,0,0,1,0,1,0,1,0,0,1,1,1,0,0,1,0
t04_a5_B_k2,31,113,0,1,0,0,1,0,0,0,1,0,0,1,1,1,0,0,1,0
t04_a5_B_k2,31,114,0,1,0,0,1,0,0,0,1,0,1,1,1,1,0,0,1,0
t04_a5_B_k2,31,115,0,1,0,0,1,0,0,0,1,0,0,1,1,1,0,0,1,0
t04_a5_B_k2,31,116,0,1,0,0,1,0,0,0,1,0,0,1,1,1,0,0,1,0
t04_a5_B_k2,31,117,0,1,0,0,1,0,0,0,1,0,0,1,1,1,0,0,1,0
t04_a5_B_k2,31,118,0,1,0,0,1,0,0,0,1,0,0,1,1,1,1,0,1,0
t04_a5_B_k2,31,119,0,1,0,0,1,0,0,0,1,0,0,1,1,1,0,0,1,0
t04_a5_B_k2,31,120,0,1,0,0,1,0,0,0,1,0,0,1,1,1,0,0,1,0
t04_a5_B_k3,32,0,0,1,0,0,1,0,0,0,1,0,0,0,1,0,0,0,1,0
t04_a5_B_k3,32,1,0,1,1,0,1,0,0,0,1,0,0,0,1,0,0,0,1,0
t04_a5_B_k3,32,2,0,1,0,0,1,0,1,0,1,0,0,0,1,0,0,0,1,0
t04_a5_B_k3,32,3,0,1,0,0,1,0,0,0,1,0,0,0,1,0,0,0,1,0
t04_a5_B_k3,32,4,1,1,0,0,1,0,0,0,1,0,1,0,1,0,0,0,1,0
t04_a5_B_k3,32,5,0,1,0,0,1,0,0,0,1,0,0,0,0,0,0,0,1,0
t04_a5_B_k3,32,6,0,1,0,0,1,0,0,0,1,0,0,0,0,0,0,0,1,0
t04_a5_B_k3,32,7,0,1,0,0,1,0,0,0,1,0,0,0,0,0,0,0,1,0
t04_a5_B_k3,32,8,0,1,0,0,1,0,0,0,1,0,0,0,0,0,1,0,1,0
t04_a5_B_k3,32,9,0,1,0,0,1,0,0,0,1,0,0,0,0,0,0,0,1,0
t04_a5_B_k3,32,10,0,1,0,0,1,0,0,0,1,0,0,0,0,0,0,0,1,0
t04_a5_B_k3,32,11,0,1,0,0,1,0,0,0,1,0,0,0,0,0,0,0,1,0
t04_a5_B_k3,32,12,0,1,1,0,1,0,0,0,1,0,0,0,0,0,0,0,1,0
t04_a5_B_k3,32,13,0,1,0,0,1,0,1,0,1,0,0,0,0,0,0,0,1,0
t04_a5_B_k3,32,14,0,1,0,0,1,0,0,0,1,0,0,0,0,0,0,0,1,0
t04_a5_B_k3,32,15,1,1,0,0,1,0,0,0,1,0,1,0,0,0,0,0,1,0
t04_a5_B_k3,32,16,0,1,0,0,1,0,0,0,1,0,0,1,1,1,0,0,1,0
t04_a5_B_k3,32,17,0,1,0,0,1,0,0,0,1,0,0,1,1,1,0,0,1,0
t04_a5_B_k3,32,18,0,1,0,0,1,0,0,0,1,0,0,1,1,1,0,0,1,0
t04_a5_B_k3,32,19,0,1,0,0,1,0,0,0,1,0,0,1,1,1,1,0,1,0
t04_a5_B_k3,32,20,0,1,0,0,1,0,0,0,1,0,0,1,1,1,0,0,1,0
t04_a5_B_k3,32,21,0,1,0,0,1,0,0,0,1,0,0,1,1,1,0,0,1,0
t04_a5_B_k3,32,22,0,1,0,0,1,0,0,0,1,0,0,1,1,1,0,0,1,0
t04_a5_B_k3,32,23,0,1,1,0,1,0,0,0,1,0,0,1,1,1,0,0,1,0
t04_a5_B_k3,32,24,0,1,0,0,1,0,1,0,1,0,0,1,1,1,0,0,1,0
t04_a5_B_k3,32,25,0,1,0,0,1,0,0,0,1,0,0,1,1,1,0,0,1,0
t04_a5_B_k3,32,26,1,1,0,0,1,0,0,0,1,0,1,1,1,1,0,0,1,0
t04_a5_B_k3,32,27,0,1,0,0,1,0,0,0,1,0,0,1,0,0,0,0,1,0
t04_a5_B_k3,32,28,0,1,0,0,1,0,0,0,1,0,0,1,0,0,0,0,1,0
t04_a5_B_k3,32,29,0,1,0,0,1,0,0,0,1,0,0,1,0,0,0,0,1,0
t04_a5_B_k3,32,30,0,1,0,0,1,0,0,0,1,0,0,1,0,0,1,0,1,0
t04_a5_B_k3,32,31,0,1,0,0,1,0,0,0,1,0,0,1,0,0,0,0,1,0
t04_a5_B_k3,32,32,0,1,0,0,1,0,0,0,1,0,0,1,0,0,0,0,1,0
t04_a5_B_k3,32,33,0,1,0,0,1,0,0,0,1,0,0,1,0,0,0,0,1,0
t04_a5_B_k3,32,34,0,1,1,0,1,0,0,0,1,0,0,1,0,0,0,0,1,0
t04_a5_B_k3,32,35,0,1,0,0,1,0,1,0,1,0,0,1,0,0,0,0,1,0
t04_a5_B_k3,32,36,0,1,0,0,1,0,0,0,1,0,0,1,0,0,0,0,1,0
t04_a5_B_k3,32,37,0,1,0,0,1,0,0,0,1,0,1,1,0,0,0,0,1,0
t04_a5_B_k3,32,38,0,1,0,0,1,0,0,0,1,0,0,1,0,0,0,0,1,0
t04_a5_B_k3,32,39,0,1,0,0,1,0,0,0,1,0,0,1,0,0,0,0,1,0
t04_a5_B_k3,32,40,0,1,0,0,1,0,0,0,1,0,0,1,0,0,0,0,1,0
t04_a5_B_k3,32,41,0,1,0,0,1,0,0,0,1,0,0,1,0,0,1,0,1,0
t04_a5_B_k3,32,42,0,1,0,0,1,0,0,0,1,0,0,1,0,0,0,0,1,0
t04_a5_B_k3,32,43,0,1,0,0,1,0,0,0,1,0,0,1,0,0,0,0,1,0
t04_a5_B_k3,32,44,0,1,0,0,1,0,0,0,1,0,0,1,0,0,0,0,1,0
t04_a5_B_k3,32,45,0,1,1,0,1,0,0,0,1,0,0,1,0,0,0,0,1,0
t04_a5_B_k3,32,46,0,1,0,0,1,0,1,0,1,0,0,1,0,0,0,0,1,0
t04_a5_B_k3,32,47,0,1,0,0,1,0,0,0,1,0,0,1,0,0,0,0,1,0
t04_a5_B_k3,32,48,0,1,0,0,1,0,0,0,1,0,1,1,0,0,0,0,1,0
t04_a5_B_k3,32,49,0,1,0,0,1,0,0,0,1,0,0,1,0,0,0,0,1,0
t04_a5_B_k3,32,50,0,1,0,0,1,0,0,0,1,0,0,1,0,0,0,0,1,0
t04_a5_B_k3,32,51,0,1,0,0,1,0,0,0,1,0,0,1,0,0,0,0,1,0
t04_a5_B_k3,32,52,0,1,0,0,1,0,0,0,1,0,0,1,0,0,1,0,1,0
t04_a5_B_k3,32,53,0,1,0,0,1,0,0,0,1,0,0,1,0,0,0,0,1,0
t04_a5_B_k3,32,54,0,1,0,0,1,0,0,0,1,0,0,1,0,0,0,0,1,0
t04_a5_B_k3,32,55,0,1,0,0,1,0,0,0,1,0,0,1,0,0,0,0,1,0
t04_a5_B_k3,32,56,0,1,1,0,1,0,0,0,1,0,0,1,0,0,0,0,1,0
t04_a5_B_k3,32,57,0,1,0,0,1,0,1,0,1,0,0,1,0,0,0,0,1,0
t04_a5_B_k3,32,58,0,1,0,0,1,0,0,0,1,0,0,1,0,0,0,0,1,0
t04_a5_B_k3,32,59,0,1,0,0,1,0,0,0,1,0,1,1,0,0,0,0,1,0
t04_a5_B_k3,32,60,0,1,0,0,1,0,0,0,1,0,0,1,0,0,0,0,1,0
t04_a5_B_k3,32,61,0,1,0,0,1,0,0,0,1,0,0,1,0,0,0,0,1,0
t04_a5_B_k3,32,62,0,1,0,0,1,0,0,0,1,0,0,1,0,0,0,0,1,0
t04_a5_B_k3,32,63,0,1,0,0,1,0,0,0,1,0,0,1,0,0,1,0,1,0
t04_a5_B_k3,32,64,0,1,0,0,1,0,0,0,1,0,0,1,0,0,0,0,1,0
t04_a5_B_k3,32,65,0,1,0,0,1,0,0,0,1,0,0,1,0,0,0,0,1,0
t04_a5_B_k3,32,66,0,1,0,0,1,0,0,0,1,0,0,1,0,0,0,0,1,0
t04_a5_B_k3,32,67,0,1,1,0,1,0,0,0,1,0,0,1,0,0,0,0,1,0
t04_a5_B_k3,32,68,0,1,0,0,1,0,1,0,1,0,0,1,0,0,0,0,1,0
t04_a5_B_k3,32,69,0,1,0,0,1,0,0,0,1,0,0,1,0,0,0,0,1,0
t04_a5_B_k3,32,70,0,1,0,0,1,0,0,0,1,0,1,1,0,0,0,0,1,0
t04_a5_B_k3,32,71,0,1,0,0,1,0,0,0,1,0,0,1,0,0,0,0,1,0
t04_a5_B_k3,32,72,0,1,0,0,1,0,0,0,1,0,0,1,0,0,0,0,1,0
t04_a5_B_k3,32,73,0,1,0,0,1,0,0,0,1,0,0,1,0,0,0,0,1,0
t04_a5_B_k3,32,74,0,1,0,0,1,0,0,0,1,0,0,1,0,0,1,0,1,0
t04_a5_B_k3,32,75,0,1,0,0,1,0,0,0,1,0,0,1,0,0,0,0,1,0
t04_a5_B_k3,32,76,0,1,0,0,1,0,0,0,1,0,0,1,0,0,0,0,1,0
t04_a5_B_k3,32,77,0,1,0,0,1,0,0,0,1,0,0,1,0,0,0,0,1,0
t04_a5_B_k3,32,78,0,1,1,0,1,0,0,0,1,0,0,1,0,0,0,0,1,0
t04_a5_B_k3,32,79,0,1,0,0,1,0,1,0,1,0,0,1,0,0,0,0,1,0
t04_a5_B_k3,32,80,0,1,0,0,1,0,0,0,1,0,0,1,0,0,0,0,1,0
t04_a5_B_k3,32,81,0,1,0,0,1,0,0,0,1,0,1,1,0,0,0,0,1,0
t04_a5_B_k3,32,82,0,1,0,0,1,0,0,0,1,0,0,1,0,0,0,0,1,0
t04_a5_B_k3,32,83,0,1,0,0,1,0,0,0,1,0,0,1,0,0,0,0,1,0
t04_a5_B_k3,32,84,0,1,0,0,1,0,0,0,1,0,0,1,0,0,0,0,1,0
t04_a5_B_k3,32,85,0,1,0,0,1,0,0,0,1,0,0,1,0,0,1,0,1,0
t04_a5_B_k3,32,86,0,1,0,0,1,0,0,0,1,0,0,1,0,0,0,0,1,0
t04_a5_B_k3,32,87,0,1,0,0,1,0,0,0,1,0,0,1,0,0,0,0,1,0
t04_a5_B_k3,32,88,0,1,0,0,1,0,0,0,1,0,0,1,0,0,0,0,1,0
t04_a5_B_k3,32,89,0,1,1,0,1,0,0,0,1,0,0,1,0,0,0,0,1,0
t04_a5_B_k3,32,90,0,1,0,0,1,0,1,0,1,0,0,1,0,0,0,0,1,0
t04_a5_B_k3,32,91,0,1,0,0,1,0,0,0,1,0,0,1,0,0,0,0,1,0
t04_a5_B_k3,32,92,0,1,0,0,1,0,0,0,1,0,1,1,0,0,0,0,1,0
t04_a5_B_k3,32,93,0,1,0,0,1,0,0,0,1,0,0,1,0,0,0,0,1,0
t04_a5_B_k3,32,94,0,1,0,0,1,0,0,0,1,0,0,1,0,0,0,0,1,0
t04_a5_B_k3,32,95,0,1,0,0,1,0,0,0,1,0,0,1,0,0,0,0,1,0
t04_a5_B_k3,32,96,0,1,0,0,1,0,0,0,1,0,0,1,0,0,1,0,1,0
t04_a5_B_k3,32,97,0,1,0,0,1,0,0,0,1,0,0,1,0,0,0,0,1,0
t04_a5_B_k3,32,98,0,1,0,0,1,0,0,0,1,0,0,1,0,0,0,0,1,0
t04_a5_B_k3,32,99,0,1,0,0,1,0,0,0,1,0,0,1,0,0,0,0,1,0
t04_a5_B_k3,32,100,0,1,1,0,1,0,0,0,1,0,0,1,0,0,0,0,1,0
t04_a5_B_k3,32,101,0,1,0,0,1,0,1,0,1,0,0,1,0,0,0,0,1,0
t04_a5_B_k3,32,102,0,1,0,0,1,0,0,0,1,0,0,1,0,0,0,0,1,0
t04_a5_B_k3,32,103,0,1,0,0,1,0,0,0,1,0,1,1,0,0,0,0,1,0
t04_a5_B_k3,32,104,0,1,0,0,1,0,0,0,1,0,0,1,0,0,0,0,1,0
t04_a5_B_k3,32,105,0,1,0,0,1,0,0,0,1,0,0,1,0,0,0,0,1,0
t04_a5_B_k3,32,106,0,1,0,0,1,0,0,0,1,0,0,1,0,0,0,0,1,0
t04_a5_B_k3,32,107,0,1,0,0,1,0,0,0,1,0,0,1,0,0,1,0,1,0
t04_a5_B_k3,32,108,0,1,0,0,1,0,0,0,1,0,0,1,0,0,0,0,1,0
t04_a5_B_k3,32,109,0,1,0,0,1,0,0,0,1,0,0,1,0,0,0,0,1,0
t04_a5_B_k3,32,110,0,1,0,0,1,0,0,0,1,0,0,1,0,0,0,0,1,0
t04_a5_B_k3,32,111,0,1,1,0,1,0,0,0,1,0,0,1,0,0,0,0,1,0
t04_a5_B_k3,32,112,0,1,0,0,1,0,1,0,1,0,0,1,0,0,0,0,1,0
t04_a5_B_k3,32,113,0,1,0,0,1,0,0,0,1,0,0,1,0,0,0,0,1,0
t04_a5_B_k3,32,114,0,1,0,0,1,0,0,0,1,0,1,1,0,0,0,0,1,0
t04_a5_B_k3,32,115,0,1,0,0,1,0,0,0,1,0,0,1,0,0,0,0,1,0
t04_a5_B_k3,32,116,0,1,0,0,1,0,0,0,1,0,0,1,0,0,0,0,1,0
t04_a5_B_k3,32,117,0,1,0,0,1,0,0,0,1,0,0,1,0,0,0,0,1,0
t04_a5_B_k3,32,118,0,1,0,0,1,0,0,0,1,0,0,1,0,0,1,0,1,0
t04_a5_B_k3,32,119,0,1,0,0,1,0,0,0,1,0,0,1,0,0,0,0,1,0
t04_a5_B_k3,32,120,0,1,0,0,1,0,0,0,1,0,0,1,0,0,0,0,1,0
t04_a5_B_k4,33,0,0,1,0,0,1,0,0,0,1,0,0,0,1,0,0,0,1,0
t04_a5_B_k4,33,1,0,1,1,0,1,0,0,0,1,0,0,0,1,0,0,0,1,0
t04_a5_B_k4,33,2,0,1,0,0,1,0,1,0,1,0,0,0,1,0,0,0,1,0
t04_a5_B_k4,33,3,0,1,0,0,1,0,0,0,1,0,0,0,1,0,0,0,1,0
t04_a5_B_k4,33,4,1,1,0,0,1,0,0,0,1,0,1,0,1,0,0,0,1,0
t04_a5_B_k4,33,5,0,1,0,0,1,0,0,0,1,0,0,0,0,0,0,0,1,0
t04_a5_B_k4,33,6,0,1,0,0,1,0,0,0,1,0,0,0,0,0,0,0,1,0
t04_a5_B_k4,33,7,0,1,0,0,1,0,0,0,1,0,0,0,0,0,0,0,1,0
t04_a5_B_k4,33,8,0,1,0,0,1,0,0,0,1,0,0,0,0,0,1,0,1,0
t04_a5_B_k4,33,9,0,1,0,0,1,0,0,0,1,0,0,0,0,0,0,0,1,0
t04_a5_B_k4,33,10,0,1,0,0,1,0,0,0,1,0,0,0,0,0,0,0,1,0
t04_a5_B_k4,33,11,0,1,0,0,1,0,0,0,1,0,0,0,0,0,0,0,1,0
t04_a5_B_k4,33,12,0,1,1,0,1,0,0,0,1,0,0,0,0,0,0,0,1,0
t04_a5_B_k4,33,13,0,1,0,0,1,0,1,0,1,0,0,0,0,0,0,0,1,0
t04_a5_B_k4,33,14,0,1,0,0,1,0,0,0,1,0,0,0,0,0,0,0,1,0
t04_a5_B_k4,33,15,1,1,0,0,1,0,0,0,1,0,1,0,0,0,0,0,1,0
t04_a5_B_k4,33,16,0,1,0,0,1,0,0,0,1,0,0,1,1,1,0,0,1,0
t04_a5_B_k4,33,17,0,1,0,0,1,0,0,0,1,0,0,1,1,1,0,0,1,0
t04_a5_B_k4,33,18,0,1,0,0,1,0,0,0,1,0,0,1,1,1,0,0,1,0
t04_a5_B_k4,33,19,0,1,0,0,1,0,0,0,1,0,0,1,1,1,1,0,1,0
t04_a5_B_k4,33,20,0,1,0,0,1,0,0,0,1,0,0,1,1,1,0,0,1,0
t04_a5_B_k4,33,21,0,1,0,0,1,0,0,0,1,0,0,1,1,1,0,0,1,0
t04_a5_B_k4,33,22,0,1,0,0,1,0,0,0,1,0,0,1,1,1,0,0,1,0
t04_a5_B_k4,33,23,0,1,1,0,1,0,0,0,1,0,0,1,1,1,0,0,1,0
t04_a5_B_k4,33,24,0,1,0,0,1,0,1,0,1,0,0,1,1,1,0,0,1,0
t04_a5_B_k4,33,25,0,1,0,0,1,0,0,0,1,0,0,1,1,1,0,0,1,0
t04_a5_B_k4,33,26,1,1,0,0,1,0,0,0,1,0,1,1,1,1,0,0,1,0
t04_a5_B_k4,33,27,0,1,0,0,1,0,0,0,1,0,0,1,0,0,0,0,1,0
t04_a5_B_k4,33,28,0,1,0,0,1,0,0,0,1,0,0,1,0,0,0,0,1,0
t04_a5_B_k4,33,29,0,1,0,0,1,0,0,0,1,0,0,1,0,0,0,0,1,0
t04_a5_B_k4,33,30,0,1,0,0,1,0,0,0,1,0,0,1,0,0,1,0,1,0
t04_a5_B_k4,33,31,0,1,0,0,1,0,0,0,1,0,0,1,0,0,0,0,1,0
t04_a5_B_k4,33,32,0,1,0,0,1,0,0,0,1,0,0,1,0,0,0,0,1,0
t04_a5_B_k4,33,33,0,1,0,0,1,0,0,0,1,0,0,1,0,0,0,0,1,0
t04_a5_B_k4,33,34,0,1,1,0,1,0,0,0,1,0,0,1,0,0,0,0,1,0
t04_a5_B_k4,33,35,0,1,0,0,1,0,1,0,1,0,0,1,0,0,0,0,1,0
t04_a5_B_k4,33,36,0,1,0,0,1,0,0,0,1,0,0,1,0,0,0,0,1,0
t04_a5_B_k4,33,37,1,1,0,0,1,0,0,0,1,0,1,1,0,0,0,0,1,0
t04_a5_B_k4,33,38,0,1,0,0,1,0,0,0,1,0,0,1,0,0,0,0,1,0
t04_a5_B_k4,33,39,0,1,0,0,1,0,0,0,1,0,0,1,0,0,0,0,1,0
t04_a5_B_k4,33,40,0,1,0,0,1,0,0,0,1,0,0,1,0,0,0,0,1,0
t04_a5_B_k4,33,41,0,1,0,0,1,0,0,0,1,0,0,1,0,0,1,0,1,0
t04_a5_B_k4,33,42,0,1,0,0,1,0,0,0,1,0,0,1,0,0,0,0,1,0
t04_a5_B_k4,33,43,0,1,0,0,1,0,0,0,1,0,0,1,0,0,0,0,1,0
t04_a5_B_k4,33,44,0,1,0,0,1,0,0,0,1,0,0,1,0,0,0,0,1,0
t04_a5_B_k4,33,45,0,1,1,0,1,0,0,0,1,0,0,1,0,0,0,0,1,0
t04_a5_B_k4,33,46,0,1,0,0,1,0,1,0,1,0,0,1,0,0,0,0,1,0
t04_a5_B_k4,33,47,0,1,0,0,1,0,0,0,1,0,0,1,0,0,0,0,1,0
t04_a5_B_k4,33,48,0,1,0,0,1,0,0,0,1,0,1,1,0,0,0,0,1,0
t04_a5_B_k4,33,49,0,1,0,0,1,0,0,0,1,0,0,1,0,0,0,0,1,0
t04_a5_B_k4,33,50,0,1,0,0,1,0,0,0,1,0,0,1,0,0,0,0,1,0
t04_a5_B_k4,33,51,0,1,0,0,1,0,0,0,1,0,0,1,0,0,0,0,1,0
t04_a5_B_k4,33,52,0,1,0,0,1,0,0,0,1,0,0,1,0,0,1,0,1,0
t04_a5_B_k4,33,53,0,1,0,0,1,0,0,0,1,0,0,1,0,0,0,0,1,0
t04_a5_B_k4,33,54,0,1,0,0,1,0,0,0,1,0,0,1,0,0,0,0,1,0
t04_a5_B_k4,33,55,0,1,0,0,1,0,0,0,1,0,0,1,0,0,0,0,1,0
t04_a5_B_k4,33,56,0,1,1,0,1,0,0,0,1,0,0,1,0,0,0,0,1,0
t04_a5_B_k4,33,57,0,1,0,0,1,0,1,0,1,0,0,1,0,0,0,0,1,0
t04_a5_B_k4,33,58,0,1,0,0,1,0,0,0,1,0,0,1,0,0,0,0,1,0
t04_a5_B_k4,33,59,0,1,0,0,1,0,0,0,1,0,1,1,0,0,0,0,1,0
t04_a5_B_k4,33,60,0,1,0,0,1,0,0,0,1,0,0,1,0,0,0,0,1,0
t04_a5_B_k4,33,61,0,1,0,0,1,0,0,0,1,0,0,1,0,0,0,0,1,0
t04_a5_B_k4,33,62,0,1,0,0,1,0,0,0,1,0,0,1,0,0,0,0,1,0
t04_a5_B_k4,33,63,0,1,0,0,1,0,0,0,1,0,0,1,0,0,1,0,1,0
t04_a5_B_k4,33,64,0,1,0,0,1,0,0,0,1,0,0,1,0,0,0,0,1,0
t04_a5_B_k4,33,65,0,1,0,0,1,0,0,0,1,0,0,1,0,0,0,0,1,0
t04_a5_B_k4,33,66,0,1,0,0,1,0,0,0,1,0,0,1,0,0,0,0,1,0
t04_a5_B_k4,33,67,0,1,1,0,1,0,0,0,1,0,0,1,0,0,0,0,1,0
t04_a5_B_k4,33,68,0,1,0,0,1,0,1,0,1,0,0,1,0,0,0,0,1,0
t04_a5_B_k4,33,69,0,1,0,0,1,0,0,0,1,0,0,1,0,0,0,0,1,0
t04_a5_B_k4,33,70,0,1,0,0,1,0,0,0,1,0,1,1,0,0,0,0,1,0
t04_a5_B_k4,33,71,0,1,0,0,1,0,0,0,1,0,0,1,0,0,0,0,1,0
t04_a5_B_k4,33,72,0,1,0,0,1,0,0,0,1,0,0,1,0,0,0,0,1,0
t04_a5_B_k4,33,73,0,1,0,0,1,0,0,0,1,0,0,1,0,0,0,0,1,0
t04_a5_B_k4,33,74,0,1,0,0,1,0,0,0,1,0,0,1,0,0,1,0,1,0
t04_a5_B_k4,33,75,0,1,0,0,1,0,0,0,1,0,0,1,0,0,0,0,1,0
t04_a5_B_k4,33,76,0,1,0,0,1,0,0,0,1,0,0,1,0,0,0,0,1,0
t04_a5_B_k4,33,77,0,1,0,0,1,0,0,0,1,0,0,1,0,0,0,0,1,0
t04_a5_B_k4,33,78,0,1,1,0,1,0,0,0,1,0,0,1,0,0,0,0,1,0
t04_a5_B_k4,33,79,0,1,0,0,1,0,1,0,1,0,0,1,0,0,0,0,1,0
t04_a5_B_k4,33,80,0,1,0,0,1,0,0,0,1,0,0,1,0,0,0,0,1,0
t04_a5_B_k4,33,81,0,1,0,0,1,0,0,0,1,0,1,1,0,0,0,0,1,0
t04_a5_B_k4,33,82,0,1,0,0,1,0,0,0,1,0,0,1,0,0,0,0,1,0
t04_a5_B_k4,33,83,0,1,0,0,1,0,0,0,1,0,0,1,0,0,0,0,1,0
t04_a5_B_k4,33,84,0,1,0,0,1,0,0,0,1,0,0,1,0,0,0,0,1,0
t04_a5_B_k4,33,85,0,1,0,0,1,0,0,0,1,0,0,1,0,0,1,0,1,0
t04_a5_B_k4,33,86,0,1,0,0,1,0,0,0,1,0,0,1,0,0,0,0,1,0
t04_a5_B_k4,33,87,0,1,0,0,1,0,0,0,1,0,0,1,0,0,0,0,1,0
t04_a5_B_k4,33,88,0,1,0,0,1,0,0,0,1,0,0,1,0,0,0,0,1,0
t04_a5_B_k4,33,89,0,1,1,0,1,0,0,0,1,0,0,1,0,0,0,0,1,0
t04_a5_B_k4,33,90,0,1,0,0,1,0,1,0,1,0,0,1,0,0,0,0,1,0
t04_a5_B_k4,33,91,0,1,0,0,1,0,0,0,1,0,0,1,0,0,0,0,1,0
t04_a5_B_k4,33,92,0,1,0,0,1,0,0,0,1,0,1,1,0,0,0,0,1,0
t04_a5_B_k4,33,93,0,1,0,0,1,0,0,0,1,0,0,1,0,0,0,0,1,0
t04_a5_B_k4,33,94,0,1,0,0,1,0,0,0,1,0,0,1,0,0,0,0,1,0
t04_a5_B_k4,33,95,0,1,0,0,1,0,0,0,1,0,0,1,0,0,0,0,1,0
t04_a5_B_k4,33,96,0,1,0,0,1,0,0,0,1,0,0,1,0,0,1,0,1,0
t04_a5_B_k4,33,97,0,1,0,0,1,0,0,0,1,0,0,1,0,0,0,0,1,0
t04_a5_B_k4,33,98,0,1,0,0,1,0,0,0,1,0,0,1,0,0,0,0,1,0
t04_a5_B_k4,33,99,0,1,0,0,1,0,0,0,1,0,0,1,0,0,0,0,1,0
t04_a5_B_k4,33,100,0,1,1,0,1,0,0,0,1,0,0,1,0,0,0,0,1,0
t04_a5_B_k4,33,101,0,1,0,0,1,0,1,0,1,0,0,1,0,0,0,0,1,0
t04_a5_B_k4,33,102,0,1,0,0,1,0,0,0,1,0,0,1,0,0,0,0,1,0
t04_a5_B_k4,33,103,0,1,0,0,1,0,0,0,1,0,1,1,0,0,0,0,1,0
t04_a5_B_k4,33,104,0,1,0,0,1,0,0,0,1,0,0,1,0,0,0,0,1,0
t04_a5_B_k4,33,105,0,1,0,0,1,0,0,0,1,0,0,1,0,0,0,0,1,0
t04_a5_B_k4,33,106,0,1,0,0,1,0,0,0,1,0,0,1,0,0,0,0,1,0
t04_a5_B_k4,33,107,0,1,0,0,1,0,0,0,1,0,0,1,0,0,1,0,1,0
t04_a5_B_k4,33,108,0,1,0,0,1,0,0,0,1,0,0,1,0,0,0,0,1,0
t04_a5_B_k4,33,109,0,1,0,0,1,0,0,0,1,0,0,1,0,0,0,0,1,0
t04_a5_B_k4,33,110,0,1,0,0,1,0,0,0,1,0,0,1,0,0,0,0,1,0
t04_a5_B_k4,33,111,0,1,1,0,1,0,0,0,1,0,0,1,0,0,0,0,1,0
t04_a5_B_k4,33,112,0,1,0,0,1,0,1,0,1,0,0,1,0,0,0,0,1,0
t04_a5_B_k4,33,113,0,1,0,0,1,0,0,0,1,0,0,1,0,0,0,0,1,0
t04_a5_B_k4,33,114,0,1,0,0,1,0,0,0,1,0,1,1,0,0,0,0,1,0
t04_a5_B_k4,33,115,0,1,0,0,1,0,0,0,1,0,0,1,0,0,0,0,1,0
t04_a5_B_k4,33,116,0,1,0,0,1,0,0,0,1,0,0,1,0,0,0,0,1,0
t04_a5_B_k4,33,117,0,1,0,0,1,0,0,0,1,0,0,1,0,0,0,0,1,0
t04_a5_B_k4,33,118,0,1,0,0,1,0,0,0,1,0,0,1,0,0,1,0,1,0
t04_a5_B_k4,33,119,0,1,0,0,1,0,0,0,1,0,0,1,0,0,0,0,1,0
t04_a5_B_k4,33,120,0,1,0,0,1,0,0,0,1,0,0,1,0,0,0,0,1,0
t04_a5_B_k5,34,0,0,1,0,0,1,0,0,0,1,0,0,0,1,0,0,0,1,0
t04_a5_B_k5,34,1,0,1,1,0,1,0,0,0,1,0,0,0,1,0,0,0,1,0
t04_a5_B_k5,34,2,0,1,0,0,1,0,1,0,1,0,0,0,1,0,0,0,1,0
t04_a5_B_k5,34,3,0,1,0,0,1,0,0,0,1,0,0,0,1,0,0,0,1,0
t04_a5_B_k5,34,4,1,1,0,0,1,0,0,0,1,0,1,0,1,0,0,0,1,0
t04_a5_B_k5,34,5,0,1,0,0,1,0,0,0,1,0,0,0,0,0,0,0,1,0
t04_a5_B_k5,34,6,0,1,0,0,1,0,0,0,1,0,0,0,0,0,0,0,1,0
t04_a5_B_k5,34,7,0,1,0,0,1,0,0,0,1,0,0,0,0,0,0,0,1,0
t04_a5_B_k5,34,8,0,1,0,0,1,0,0,0,1,0,0,0,0,0,1,0,1,0
t04_a5_B_k5,34,9,0,1,0,0,1,0,0,0,1,0,0,0,0,0,0,0,1,0
t04_a5_B_k5,34,10,0,1,0,0,1,0,0,0,1,0,0,0,0,0,0,0,1,0
t04_a5_B_k5,34,11,0,1,0,0,1,0,0,0,1,0,0,0,0,0,0,0,1,0
t04_a5_B_k5,34,12,0,1,1,0,1,0,0,0,1,0,0,0,0,0,0,0,1,0
t04_a5_B_k5,34,13,0,1,0,0,1,0,1,0,1,0,0,0,0,0,0,0,1,0
t04_a5_B_k5,34,14,0,1,0,0,1,0,0,0,1,0,0,0,0,0,0,0,1,0
t04_a5_B_k5,34,15,1,1,0,0,1,0,0,0,1,0,1,0,0,0,0,0,1,0
t04_a5_B_k5,34,16,0,1,0,0,1,0,0,0,1,0,0,1,1,1,0,0,1,0
t04_a5_B_k5,34,17,0,1,0,0,1,0,0,0,1,0,0,1,1,1,0,0,1,0
t04_a5_B_k5,34,18,0,1,0,0,1,0,0,0,1,0,0,1,1,1,0,0,1,0
t04_a5_B_k5,34,19,0,1,0,0,1,0,0,0,1,0,0,1,1,1,1,0,1,0
t04_a5_B_k5,34,20,0,1,0,0,1,0,0,0,1,0,0,1,1,1,0,0,1,0
t04_a5_B_k5,34,21,0,1,0,0,1,0,0,0,1,0,0,1,1,1,0,0,1,0
t04_a5_B_k5,34,22,0,1,0,0,1,0,0,0,1,0,0,1,1,1,0,0,1,0
t04_a5_B_k5,34,23,0,1,1,0,1,0,0,0,1,0,0,1,1,1,0,0,1,0
t04_a5_B_k5,34,24,0,1,0,0,1,0,1,0,1,0,0,1,1,1,0,0,1,0
t04_a5_B_k5,34,25,0,1,0,0,1,0,0,0,1,0,0,1,1,1,0,0,1,0
t04_a5_B_k5,34,26,1,1,0,0,1,0,0,0,1,0,1,1,1,1,0,0,1,0
t04_a5_B_k5,34,27,0,1,0,0,1,0,0,0,1,0,0,1,0,0,0,0,1,0
t04_a5_B_k5,34,28,0,1,0,0,1,0,0,0,1,0,0,1,0,0,0,0,1,0
t04_a5_B_k5,34,29,0,1,0,0,1,0,0,0,1,0,0,1,0,0,0,0,1,0
t04_a5_B_k5,34,30,0,1,0,0,1,0,0,0,1,0,0,1,0,0,1,0,1,0
t04_a5_B_k5,34,31,0,1,0,0,1,0,0,0,1,0,0,1,0,0,0,0,1,0
t04_a5_B_k5,34,32,0,1,0,0,1,0,0,0,1,0,0,1,0,0,0,0,1,0
t04_a5_B_k5,34,33,0,1,0,0,1,0,0,0,1,0,0,1,0,0,0,0,1,0
t04_a5_B_k5,34,34,0,1,1,0,1,0,0,0,1,0,0,1,0,0,0,0,1,0
t04_a5_B_k5,34,35,0,1,0,0,1,0,1,0,1,0,0,1,0,0,0,0,1,0
t04_a5_B_k5,34,36,0,1,0,0,1,0,0,0,1,0,0,1,0,0,0,0,1,0
t04_a5_B_k5,34,37,1,1,0,0,1,0,0,0,1,0,1,1,0,0,0,0,1,0
t04_a5_B_k5,34,38,0,1,0,0,1,0,0,0,1,0,0,1,0,0,0,0,1,0
t04_a5_B_k5,34,39,0,1,0,0,1,0,0,0,1,0,0,1,0,0,0,0,1,0
t04_a5_B_k5,34,40,0,1,0,0,1,0,0,0,1,0,0,1,0,0,0,0,1,0
t04_a5_B_k5,34,41,0,1,0,0,1,0,0,0,1,0,0,1,0,0,1,0,1,0
t04_a5_B_k5,34,42,0,1,0,0,1,0,0,0,1,0,0,1,0,0,0,0,1,0
t04_a5_B_k5,34,43,0,1,0,0,1,0,0,0,1,0,0,1,0,0,0,0,1,0
t04_a5_B_k5,34,44,0,1,0,0,1,0,0,0,1,0,0,1,0,0,0,0,1,0
t04_a5_B_k5,34,45,0,1,1,0,1,0,0,0,1,0,0,1,0,0,0,0,1,0
t04_a5_B_k5,34,46,0,1,0,0,1,0,1,0,1,0,0,1,0,0,0,0,1,0
t04_a5_B_k5,34,47,0,1,0,0,1,0,0,0,1,0,0,1,0,0,0,0,1,0
t04_a5_B_k5,34,48,1,1,0,0,1,0,0,0,1,0,1,1,0,0,0,0,1,0
t04_a5_B_k5,34,49,0,1,0,0,1,0,0,0,1,0,0,1,0,0,0,0,1,0
t04_a5_B_k5,34,50,0,1,0,0,1,0,0,0,1,0,0,1,0,0,0,0,1,0
t04_a5_B_k5,34,51,0,1,0,0,1,0,0,0,1,0,0,1,0,0,0,0,1,0
t04_a5_B_k5,34,52,0,1,0,0,1,0,0,0,1,0,0,1,0,0,1,0,1,0
t04_a5_B_k5,34,53,0,1,0,0,1,0,0,0,1,0,0,1,0,0,0,0,1,0
t04_a5_B_k5,34,54,0,1,0,0,1,0,0,0,1,0,0,1,0,0,0,0,1,0
t04_a5_B_k5,34,55,0,1,0,0,1,0,0,0,1,0,0,1,0,0,0,0,1,0
t04_a5_B_k5,34,56,0,1,1,0,1,0,0,0,1,0,0,1,0,0,0,0,1,0
t04_a5_B_k5,34,57,0,1,0,0,1,0,1,0,1,0,0,1,0,0,0,0,1,0
t04_a5_B_k5,34,58,0,1,0,0,1,0,0,0,1,0,0,1,0,0,0,0,1,0
t04_a5_B_k5,34,59,0,1,0,0,1,0,0,0,1,0,1,1,0,0,0,0,1,0
t04_a5_B_k5,34,60,0,1,0,0,1,0,0,0,1,0,0,1,0,0,0,0,1,0
t04_a5_B_k5,34,61,0,1,0,0,1,0,0,0,1,0,0,1,0,0,0,0,1,0
t04_a5_B_k5,34,62,0,1,0,0,1,0,0,0,1,0,0,1,0,0,0,0,1,0
t04_a5_B_k5,34,63,0,1,0,0,1,0,0,0,1,0,0,1,0,0,1,0,1,0
t04_a5_B_k5,34,64,0,1,0,0,1,0,0,0,1,0,0,1,0,0,0,0,1,0
t04_a5_B_k5,34,65,0,1,0,0,1,0,0,0,1,0,0,1,0,0,0,0,1,0
t04_a5_B_k5,34,66,0,1,0,0,1,0,0,0,1,0,0,1,0,0,0,0,1,0
t04_a5_B_k5,34,67,0,1,1,0,1,0,0,0,1,0,0,1,0,0,0,0,1,0
t04_a5_B_k5,34,68,0,1,0,0,1,0,1,0,1,0,0,1,0,0,0,0,1,0
t04_a5_B_k5,34,69,0,1,0,0,1,0,0,0,1,0,0,1,0,0,0,0,1,0
t04_a5_B_k5,34,70,0,1,0,0,1,0,0,0,1,0,1,1,0,0,0,0,1,0
t04_a5_B_k5,34,71,0,1,0,0,1,0,0,0,1,0,0,1,0,0,0,0,1,0
t04_a5_B_k5,34,72,0,1,0,0,1,0,0,0,1,0,0,1,0,0,0,0,1,0
t04_a5_B_k5,34,73,0,1,0,0,1,0,0,0,1,0,0,1,0,0,0,0,1,0
t04_a5_B_k5,34,74,0,1,0,0,1,0,0,0,1,0,0,1,0,0,1,0,1,0
t04_a5_B_k5,34,75,0,1,0,0,1,0,0,0,1,0,0,1,0,0,0,0,1,0
t04_a5_B_k5,34,76,0,1,0,0,1,0,0,0,1,0,0,1,0,0,0,0,1,0
t04_a5_B_k5,34,77,0,1,0,0,1,0,0,0,1,0,0,1,0,0,0,0,1,0
t04_a5_B_k5,34,78,0,1,1,0,1,0,0,0,1,0,0,1,0,0,0,0,1,0
t04_a5_B_k5,34,79,0,1,0,0,1,0,1,0,1,0,0,1,0,0,0,0,1,0
t04_a5_B_k5,34,80,0,1,0,0,1,0,0,0,1,0,0,1,0,0,0,0,1,0
t04_a5_B_k5,34,81,0,1,0,0,1,0,0,0,1,0,1,1,0,0,0,0,1,0
t04_a5_B_k5,34,82,0,1,0,0,1,0,0,0,1,0,0,1,0,0,0,0,1,0
t04_a5_B_k5,34,83,0,1,0,0,1,0,0,0,1,0,0,1,0,0,0,0,1,0
t04_a5_B_k5,34,84,0,1,0,0,1,0,0,0,1,0,0,1,0,0,0,0,1,0
t04_a5_B_k5,34,85,0,1,0,0,1,0,0,0,1,0,0,1,0,0,1,0,1,0
t04_a5_B_k5,34,86,0,1,0,0,1,0,0,0,1,0,0,1,0,0,0,0,1,0
t04_a5_B_k5,34,87,0,1,0,0,1,0,0,0,1,0,0,1,0,0,0,0,1,0
t04_a5_B_k5,34,88,0,1,0,0,1,0,0,0,1,0,0,1,0,0,0,0,1,0
t04_a5_B_k5,34,89,0,1,1,0,1,0,0,0,1,0,0,1,0,0,0,0,1,0
t04_a5_B_k5,34,90,0,1,0,0,1,0,1,0,1,0,0,1,0,0,0,0,1,0
t04_a5_B_k5,34,91,0,1,0,0,1,0,0,0,1,0,0,1,0,0,0,0,1,0
t04_a5_B_k5,34,92,0,1,0,0,1,0,0,0,1,0,1,1,0,0,0,0,1,0
t04_a5_B_k5,34,93,0,1,0,0,1,0,0,0,1,0,0,1,0,0,0,0,1,0
t04_a5_B_k5,34,94,0,1,0,0,1,0,0,0,1,0,0,1,0,0,0,0,1,0
t04_a5_B_k5,34,95,0,1,0,0,1,0,0,0,1,0,0,1,0,0,0,0,1,0
t04_a5_B_k5,34,96,0,1,0,0,1,0,0,0,1,0,0,1,0,0,1,0,1,0
t04_a5_B_k5,34,97,0,1,0,0,1,0,0,0,1,0,0,1,0,0,0,0,1,0
t04_a5_B_k5,34,98,0,1,0,0,1,0,0,0,1,0,0,1,0,0,0,0,1,0
t04_a5_B_k5,34,99,0,1,0,0,1,0,0,0,1,0,0,1,0,0,0,0,1,0
t04_a5_B_k5,34,100,0,1,1,0,1,0,0,0,1,0,0,1,0,0,0,0,1,0
t04_a5_B_k5,34,101,0,1,0,0,1,0,1,0,1,0,0,1,0,0,0,0,1,0
t04_a5_B_k5,34,102,0,1,0,0,1,0,0,0,1,0,0,1,0,0,0,0,1,0
t04_a5_B_k5,34,103,0,1,0,0,1,0,0,0,1,0,1,1,0,0,0,0,1,0
t04_a5_B_k5,34,104,0,1,0,0,1,0,0,0,1,0,0,1,0,0,0,0,1,0
t04_a5_B_k5,34,105,0,1,0,0,1,0,0,0,1,0,0,1,0,0,0,0,1,0
t04_a5_B_k5,34,106,0,1,0,0,1,0,0,0,1,0,0,1,0,0,0,0,1,0
t04_a5_B_k5,34,107,0,1,0,0,1,0,0,0,1,0,0,1,0,0,1,0,1,0
t04_a5_B_k5,34,108,0,1,0,0,1,0,0,0,1,0,0,1,0,0,0,0,1,0
t04_a5_B_k5,34,109,0,1,0,0,1,0,0,0,1,0,0,1,0,0,0,0,1,0
t04_a5_B_k5,34,110,0,1,0,0,1,0,0,0,1,0,0,1,0,0,0,0,1,0
t04_a5_B_k5,34,111,0,1,1,0,1,0,0,0,1,0,0,1,0,0,0,0,1,0
t04_a5_B_k5,34,112,0,1,0,0,1,0,1,0,1,0,0,1,0,0,0,0,1,0
t04_a5_B_k5,34,113,0,1,0,0,1,0,0,0,1,0,0,1,0,0,0,0,1,0
t04_a5_B_k5,34,114,0,1,0,0,1,0,0,0,1,0,1,1,0,0,0,0,1,0
t04_a5_B_k5,34,115,0,1,0,0,1,0,0,0,1,0,0,1,0,0,0,0,1,0
t04_a5_B_k5,34,116,0,1,0,0,1,0,0,0,1,0,0,1,0,0,0,0,1,0
t04_a5_B_k5,34,117,0,1,0,0,1,0,0,0,1,0,0,1,0,0,0,0,1,0
t04_a5_B_k5,34,118,0,1,0,0,1,0,0,0,1,0,0,1,0,0,1,0,1,0
t04_a5_B_k5,34,119,0,1,0,0,1,0,0,0,1,0,0,1,0,0,0,0,1,0
t04_a5_B_k5,34,120,0,1,0,0,1,0,0,0,1,0,0,1,0,0,0,0,1,0
t04_a12_B_k1,35,0,0,1,0,0,1,0,0,0,1,0,0,0,1,0,0,0,1,0
t04_a12_B_k1,35,1,0,1,1,0,1,0,0,0,1,0,0,0,1,0,0,0,1,0
t04_a12_B_k1,35,2,0,1,0,0,1,0,1,0,1,0,0,0,1,0,0,0,1,0
t04_a12_B_k1,35,3,0,1,0,0,1,0,0,0,1,0,0,0,1,0,0,0,1,0
t04_a12_B_k1,35,4,0,1,0,0,1,0,0,0,1,0,1,0,1,0,0,0,1,0
t04_a12_B_k1,35,5,0,1,0,0,1,0,0,0,1,0,0,0,1,0,0,0,1,0
t04_a12_B_k1,35,6,0,1,0,0,1,0,0,0,1,0,0,0,1,0,0,0,1,0
t04_a12_B_k1,35,7,0,1,0,0,1,0,0,0,1,0,0,0,1,0,0,0,1,0
t04_a12_B_k1,35,8,1,1,0,0,1,0,0,0,1,0,0,0,1,0,1,0,1,0
t04_a12_B_k1,35,9,0,1,0,0,1,0,0,0,1,0,0,0,1,0,0,0,0,0
t04_a12_B_k1,35,10,0,1,0,0,1,0,0,0,1,0,0,0,1,0,0,0,0,0
t04_a12_B_k1,35,11,0,1,0,0,1,0,0,0,1,0,0,0,1,0,0,0,0,0
t04_a12_B_k1,35,12,0,1,1,0,1,0,0,0,1,0,0,0,1,0,0,0,0,0
t04_a12_B_k1,35,13,0,1,0,0,1,0,1,0,1,0,0,0,1,0,0,0,0,0
t04_a12_B_k1,35,14,0,1,0,0,1,0,0,0,1,0,0,0,1,0,0,0,0,0
t04_a12_B_k1,35,15,0,1,0,0,1,0,0,0,1,0,1,0,1,0,0,0,0,0
t04_a12_B_k1,35,16,0,1,0,0,1,0,0,0,1,0,0,0,1,0,0,0,0,0
t04_a12_B_k1,35,17,0,1,0,0,1,0,0,0,1,0,0,0,1,0,0,0,0,0
t04_a12_B_k1,35,18,0,1,0,0,1,0,0,0,1,0,0,0,1,0,0,0,0,0
t04_a12_B_k1,35,19,0,1,0,0,1,0,0,0,1,0,0,0,1,0,1,0,0,0
t04_a12_B_k1,35,20,0,1,0,0,1,0,0,0,1,0,0,0,1,0,0,0,0,0
t04_a12_B_k1,35,21,0,1,0,0,1,0,0,0,1,0,0,0,1,0,0,0,0,0
t04_a12_B_k1,35,22,0,1,0,0,1,0,0,0,1,0,0,0,1,0,0,0,0,0
t04_a12_B_k1,35,23,0,1,1,0,1,0,0,0,1,0,0,0,1,0,0,0,0,0
t04_a12_B_k1,35,24,0,1,0,0,1,0,1,0,1,0,0,0,1,0,0,0,0,0
t04_a12_B_k1,35,25,0,1,0,0,1,0,0,0,1,0,0,0,1,0,0,0,0,0
t04_a12_B_k1,35,26,0,1,0,0,1,0,0,0,1,0,1,0,1,0,0,0,0,0
t04_a12_B_k1,35,27,0,1,0,0,1,0,0,0,1,0,0,0,1,0,0,0,0,0
t04_a12_B_k1,35,28,0,1,0,0,1,0,0,0,1,0,0,0,1,0,0,0,0,0
t04_a12_B_k1,35,29,0,1,0,0,1,0,0,0,1,0,0,0,1,0,0,0,0,0
t04_a12_B_k1,35,30,0,1,0,0,1,0,0,0,1,0,0,0,1,0,1,0,0,0
t04_a12_B_k1,35,31,0,1,0,0,1,0,0,0,1,0,0,0,1,0,0,0,0,0
t04_a12_B_k1,35,32,0,1,0,0,1,0,0,0,1,0,0,0,1,0,0,0,0,0
t04_a12_B_k1,35,33,0,1,0,0,1,0,0,0,1,0,0,0,1,0,0,0,0,0
t04_a12_B_k1,35,34,0,1,1,0,1,0,0,0,1,0,0,0,1,0,0,0,0,0
t04_a12_B_k1,35,35,0,1,0,0,1,0,1,0,1,0,0,0,1,0,0,0,0,0
t04_a12_B_k1,35,36,0,1,0,0,1,0,0,0,1,0,0,0,1,0,0,0,0,0
t04_a12_B_k1,35,37,0,1,0,0,1,0,0,0,1,0,1,0,1,0,0,0,0,0
t04_a12_B_k1,35,38,0,1,0,0,1,0,0,0,1,0,0,0,1,0,0,0,0,0
t04_a12_B_k1,35,39,0,1,0,0,1,0,0,0,1,0,0,0,1,0,0,0,0,0
t04_a12_B_k1,35,40,0,1,0,0,1,0,0,0,1,0,0,0,1,0,0,0,0,0
t04_a12_B_k1,35,41,0,1,0,0,1,0,0,0,1,0,0,0,1,0,1,0,0,0
t04_a12_B_k1,35,42,0,1,0,0,1,0,0,0,1,0,0,0,1,0,0,0,0,0
t04_a12_B_k1,35,43,0,1,0,0,1,0,0,0,1,0,0,0,1,0,0,0,0,0
t04_a12_B_k1,35,44,0,1,0,0,1,0,0,0,1,0,0,0,1,0,0,0,0,0
t04_a12_B_k1,35,45,0,1,1,0,1,0,0,0,1,0,0,0,1,0,0,0,0,0
t04_a12_B_k1,35,46,0,1,0,0,1,0,1,0,1,0,0,0,1,0,0,0,0,0
t04_a12_B_k1,35,47,0,1,0,0,1,0,0,0,1,0,0,0,1,0,0,0,0,0
t04_a12_B_k1,35,48,0,1,0,0,1,0,0,0,1,0,1,0,1,0,0,0,0,0
t04_a12_B_k1,35,49,0,1,0,0,1,0,0,0,1,0,0,0,1,0,0,0,0,0
t04_a12_B_k1,35,50,0,1,0,0,1,0,0,0,1,0,0,0,1,0,0,0,0,0
t04_a12_B_k1,35,51,0,1,0,0,1,0,0,0,1,0,0,0,1,0,0,0,0,0
t04_a12_B_k1,35,52,0,1,0,0,1,0,0,0,1,0,0,0,1,0,1,0,0,0
t04_a12_B_k1,35,53,0,1,0,0,1,0,0,0,1,0,0,0,1,0,0,0,0,0
t04_a12_B_k1,35,54,0,1,0,0,1,0,0,0,1,0,0,0,1,0,0,0,0,0
t04_a12_B_k1,35,55,0,1,0,0,1,0,0,0,1,0,0,0,1,0,0,0,0,0
t04_a12_B_k1,35,56,0,1,1,0,1,0,0,0,1,0,0,0,1,0,0,0,0,0
t04_a12_B_k1,35,57,0,1,0,0,1,0,1,0,1,0,0,0,1,0,0,0,0,0
t04_a12_B_k1,35,58,0,1,0,0,1,0,0,0,1,0,0,0,1,0,0,0,0,0
t04_a12_B_k1,35,59,0,1,0,0,1,0,0,0,1,0,1,0,1,0,0,0,0,0
t04_a12_B_k1,35,60,0,1,0,0,1,0,0,0,1,0,0,0,1,0,0,0,0,0
t04_a12_B_k1,35,61,0,1,0,0,1,0,0,0,1,0,0,0,1,0,0,0,0,0
t04_a12_B_k1,35,62,0,1,0,0,1,0,0,0,1,0,0,0,1,0,0,0,0,0
t04_a12_B_k1,35,63,0,1,0,0,1,0,0,0,1,0,0,0,1,0,1,0,0,0
t04_a12_B_k1,35,64,0,1,0,0,1,0,0,0,1,0,0,0,1,0,0,0,0,0
t04_a12_B_k1,35,65,0,1,0,0,1,0,0,0,1,0,0,0,1,0,0,0,0,0
t04_a12_B_k1,35,66,0,1,0,0,1,0,0,0,1,0,0,0,1,0,0,0,0,0
t04_a12_B_k1,35,67,0,1,1,0,1,0,0,0,1,0,0,0,1,0,0,0,0,0
t04_a12_B_k1,35,68,0,1,0,0,1,0,1,0,1,0,0,0,1,0,0,0,0,0
t04_a12_B_k1,35,69,0,1,0,0,1,0,0,0,1,0,0,0,1,0,0,0,0,0
t04_a12_B_k1,35,70,0,1,0,0,1,0,0,0,1,0,1,0,1,0,0,0,0,0
t04_a12_B_k1,35,71,0,1,0,0,1,0,0,0,1,0,0,0,1,0,0,0,0,0
t04_a12_B_k1,35,72,0,1,0,0,1,0,0,0,1,0,0,0,1,0,0,0,0,0
t04_a12_B_k1,35,73,0,1,0,0,1,0,0,0,1,0,0,0,1,0,0,0,0,0
t04_a12_B_k1,35,74,0,1,0,0,1,0,0,0,1,0,0,0,1,0,1,0,0,0
t04_a12_B_k1,35,75,0,1,0,0,1,0,0,0,1,0,0,0,1,0,0,0,0,0
t04_a12_B_k1,35,76,0,1,0,0,1,0,0,0,1,0,0,0,1,0,0,0,0,0
t04_a12_B_k1,35,77,0,1,0,0,1,0,0,0,1,0,0,0,1,0,0,0,0,0
t04_a12_B_k1,35,78,0,1,1,0,1,0,0,0,1,0,0,0,1,0,0,0,0,0
t04_a12_B_k1,35,79,0,1,0,0,1,0,1,0,1,0,0,0,1,0,0,0,0,0
t04_a12_B_k1,35,80,0,1,0,0,1,0,0,0,1,0,0,0,1,0,0,0,0,0
t04_a12_B_k1,35,81,0,1,0,0,1,0,0,0,1,0,1,0,1,0,0,0,0,0
t04_a12_B_k1,35,82,0,1,0,0,1,0,0,0,1,0,0,0,1,0,0,0,0,0
t04_a12_B_k1,35,83,0,1,0,0,1,0,0,0,1,0,0,0,1,0,0,0,0,0
t04_a12_B_k1,35,84,0,1,0,0,1,0,0,0,1,0,0,0,1,0,0,0,0,0
t04_a12_B_k1,35,85,0,1,0,0,1,0,0,0,1,0,0,0,1,0,1,0,0,0
t04_a12_B_k1,35,86,0,1,0,0,1,0,0,0,1,0,0,0,1,0,0,0,0,0
t04_a12_B_k1,35,87,0,1,0,0,1,0,0,0,1,0,0,0,1,0,0,0,0,0
t04_a12_B_k1,35,88,0,1,0,0,1,0,0,0,1,0,0,0,1,0,0,0,0,0
t04_a12_B_k1,35,89,0,1,1,0,1,0,0,0,1,0,0,0,1,0,0,0,0,0
t04_a12_B_k1,35,90,0,1,0,0,1,0,1,0,1,0,0,0,1,0,0,0,0,0
t04_a12_B_k1,35,91,0,1,0,0,1,0,0,0,1,0,0,0,1,0,0,0,0,0
t04_a12_B_k1,35,92,0,1,0,0,1,0,0,0,1,0,1,0,1,0,0,0,0,0
t04_a12_B_k1,35,93,0,1,0,0,1,0,0,0,1,0,0,0,1,0,0,0,0,0
t04_a12_B_k1,35,94,0,1,0,0,1,0,0,0,1,0,0,0,1,0,0,0,0,0
t04_a12_B_k1,35,95,0,1,0,0,1,0,0,0,1,0,0,0,1,0,0,0,0,0
t04_a12_B_k1,35,96,0,1,0,0,1,0,0,0,1,0,0,0,1,0,1,0,0,0
t04_a12_B_k1,35,97,0,1,0,0,1,0,0,0,1,0,0,0,1,0,0,0,0,0
t04_a12_B_k1,35,98,0,1,0,0,1,0,0,0,1,0,0,0,1,0,0,0,0,0
t04_a12_B_k1,35,99,0,1,0,0,1,0,0,0,1,0,0,0,1,0,0,0,0,0
t04_a12_B_k1,35,100,0,1,1,0,1,0,0,0,1,0,0,0,1,0,0,0,0,0
t04_a12_B_k1,35,101,0,1,0,0,1,0,1,0,1,0,0,0,1,0,0,0,0,0
t04_a12_B_k1,35,102,0,1,0,0,1,0,0,0,1,0,0,0,1,0,0,0,0,0
t04_a12_B_k1,35,103,0,1,0,0,1,0,0,0,1,0,1,0,1,0,0,0,0,0
t04_a12_B_k1,35,104,0,1,0,0,1,0,0,0,1,0,0,0,1,0,0,0,0,0
t04_a12_B_k1,35,105,0,1,0,0,1,0,0,0,1,0,0,0,1,0,0,0,0,0
t04_a12_B_k1,35,106,0,1,0,0,1,0,0,0,1,0,0,0,1,0,0,0,0,0
t04_a12_B_k1,35,107,0,1,0,0,1,0,0,0,1,0,0,0,1,0,1,0,0,0
t04_a12_B_k1,35,108,0,1,0,0,1,0,0,0,1,0,0,0,1,0,0,0,0,0
t04_a12_B_k1,35,109,0,1,0,0,1,0,0,0,1,0,0,0,1,0,0,0,0,0
t04_a12_B_k1,35,110,0,1,0,0,1,0,0,0,1,0,0,0,1,0,0,0,0,0
t04_a12_B_k1,35,111,0,1,1,0,1,0,0,0,1,0,0,0,1,0,0,0,0,0
t04_a12_B_k1,35,112,0,1,0,0,1,0,1,0,1,0,0,0,1,0,0,0,0,0
t04_a12_B_k1,35,113,0,1,0,0,1,0,0,0,1,0,0,0,1,0,0,0,0,0
t04_a12_B_k1,35,114,0,1,0,0,1,0,0,0,1,0,1,0,1,0,0,0,0,0
t04_a12_B_k1,35,115,0,1,0,0,1,0,0,0,1,0,0,0,1,0,0,0,0,0
t04_a12_B_k1,35,116,0,1,0,0,1,0,0,0,1,0,0,0,1,0,0,0,0,0
t04_a12_B_k1,35,117,0,1,0,0,1,0,0,0,1,0,0,0,1,0,0,0,0,0
t04_a12_B_k1,35,118,0,1,0,0,1,0,0,0,1,0,0,0,1,0,1,0,0,0
t04_a12_B_k1,35,119,0,1,0,0,1,0,0,0,1,0,0,0,1,0,0,0,0,0
t04_a12_B_k1,35,120,0,1,0,0,1,0,0,0,1,0,0,0,1,0,0,0,0,0
t04_a12_B_k2,36,0,0,1,0,0,1,0,0,0,1,0,0,0,1,0,0,0,1,0
t04_a12_B_k2,36,1,0,1,1,0,1,0,0,0,1,0,0,0,1,0,0,0,1,0
t04_a12_B_k2,36,2,0,1,0,0,1,0,1,0,1,0,0,0,1,0,0,0,1,0
t04_a12_B_k2,36,3,0,1,0,0,1,0,0,0,1,0,0,0,1,0,0,0,1,0
t04_a12_B_k2,36,4,0,1,0,0,1,0,0,0,1,0,1,0,1,0,0,0,1,0
t04_a12_B_k2,36,5,0,1,0,0,1,0,0,0,1,0,0,0,1,0,0,0,1,0
t04_a12_B_k2,36,6,0,1,0,0,1,0,0,0,1,0,0,0,1,0,0,0,1,0
t04_a12_B_k2,36,7,0,1,0,0,1,0,0,0,1,0,0,0,1,0,0,0,1,0
t04_a12_B_k2,36,8,1,1,0,0,1,0,0,0,1,0,0,0,1,0,1,0,1,0
t04_a12_B_k2,36,9,0,1,0,0,1,0,0,0,1,0,0,0,1,0,0,0,0,0
t04_a12_B_k2,36,10,0,1,0,0,1,0,0,0,1,0,0,0,1,0,0,0,0,0
t04_a12_B_k2,36,11,0,1,0,0,1,0,0,0,1,0,0,0,1,0,0,0,0,0
t04_a12_B_k2,36,12,0,1,1,0,1,0,0,0,1,0,0,0,1,0,0,0,0,0
t04_a12_B_k2,36,13,0,1,0,0,1,0,1,0,1,0,0,0,1,0,0,0,0,0
t04_a12_B_k2,36,14,0,1,0,0,1,0,0,0,1,0,0,0,1,0,0,0,0,0
t04_a12_B_k2,36,15,0,1,0,0,1,0,0,0,1,0,1,0,1,0,0,0,0,0
t04_a12_B_k2,36,16,0,1,0,0,1,0,0,0,1,0,0,0,1,0,0,0,0,0
t04_a12_B_k2,36,17,0,1,0,0,1,0,0,0,1,0,0,0,1,0,0,0,0,0
t04_a12_B_k2,36,18,0,1,0,0,1,0,0,0,1,0,0,0,1,0,0,0,0,0
t04_a12_B_k2,36,19,1,1,0,0,1,0,0,0,1,0,0,0,1,0,1,0,0,0
t04_a12_B_k2,36,20,0,1,0,0,1,0,0,0,1,0,0,0,1,0,0,1,1,1
t04_a12_B_k2,36,21,0,1,0,0,1,0,0,0,1,0,0,0,1,0,0,1,1,1
t04_a12_B_k2,36,22,0,1,0,0,1,0,0,0,1,0,0,0,1,0,0,1,1,1
t04_a12_B_k2,36,23,0,1,1,0,1,0,0,0,1,0,0,0,1,0,0,1,1,1
t04_a12_B_k2,36,24,0,1,0,0,1,0,1,0,1,0,0,0,1,0,0,1,1,1
t04_a12_B_k2,36,25,0,1,0,0,1,0,0,0,1,0,0,0,1,0,0,1,1,1
t04_a12_B_k2,36,26,0,1,0,0,1,0,0,0,1,0,1,0,1,0,0,1,1,1
t04_a12_B_k2,36,27,0,1,0,0,1,0,0,0,1,0,0,0,1,0,0,1,1,1
t04_a12_B_k2,36,28,0,1,0,0,1,0,0,0,1,0,0,0,1,0,0,1,1,1
t04_a12_B_k2,36,29,0,1,0,0,1,0,0,0,1,0,0,0,1,0,0,1,1,1
t04_a12_B_k2,36,30,0,1,0,0,1,0,0,0,1,0,0,0,1,0,1,1,1,1
t04_a12_B_k2,36,31,0,1,0,0,1,0,0,0,1,0,0,0,1,0,0,1,1,1
t04_a12_B_k2,36,32,0,1,0,0,1,0,0,0,1,0,0,0,1,0,0,1,1,1
t04_a12_B_k2,36,33,0,1,0,0,1,0,0,0,1,0,0,0,1,0,0,1,1,1
t04_a12_B_k2,36,34,0,1,1,0,1,0,0,0,1,0,0,0,1,0,0,1,1,1
t04_a12_B_k2,36,35,0,1,0,0,1,0,1,0,1,0,0,0,1,0,0,1,1,1
t04_a12_B_k2,36,36,0,1,0,0,1,0,0,0,1,0,0,0,1,0,0,1,1,1
t04_a12_B_k2,36,37,0,1,0,0,1,0,0,0,1,0,1,0,1,0,0,1,1,1
t04_a12_B_k2,36,38,0,1,0,0,1,0,0,0,1,0,0,0,1,0,0,1,1,1
t04_a12_B_k2,36,39,0,1,0,0,1,0,0,0,1,0,0,0,1,0,0,1,1,1
t04_a12_B_k2,36,40,0,1,0,0,1,0,0,0,1,0,0,0,1,0,0,1,1,1
t04_a12_B_k2,36,41,0,1,0,0,1,0,0,0,1,0,0,0,1,0,1,1,1,1
t04_a12_B_k2,36,42,0,1,0,0,1,0,0,0,1,0,0,0,1,0,0,1,1,1
t04_a12_B_k2,36,43,0,1,0,0,1,0,0,0,1,0,0,0,1,0,0,1,1,1
t04_a12_B_k2,36,44,0,1,0,0,1,0,0,0,1,0,0,0,1,0,0,1,1,1
t04_a12_B_k2,36,45,0,1,1,0,1,0,0,0,1,0,0,0,1,0,0,1,1,1
t04_a12_B_k2,36,46,0,1,0,0,1,0,1,0,1,0,0,0,1,0,0,1,1,1
t04_a12_B_k2,36,47,0,1,0,0,1,0,0,0,1,0,0,0,1,0,0,1,1,1
t04_a12_B_k2,36,48,0,1,0,0,1,0,0,0,1,0,1,0,1,0,0,1,1,1
t04_a12_B_k2,36,49,0,1,0,0,1,0,0,0,1,0,0,0,1,0,0,1,1,1
t04_a12_B_k2,36,50,0,1,0,0,1,0,0,0,1,0,0,0,1,0,0,1,1,1
t04_a12_B_k2,36,51,0,1,0,0,1,0,0,0,1,0,0,0,1,0,0,1,1,1
t04_a12_B_k2,36,52,0,1,0,0,1,0,0,0,1,0,0,0,1,0,1,1,1,1
t04_a12_B_k2,36,53,0,1,0,0,1,0,0,0,1,0,0,0,1,0,0,1,1,1
t04_a12_B_k2,36,54,0,1,0,0,1,0,0,0,1,0,0,0,1,0,0,1,1,1
t04_a12_B_k2,36,55,0,1,0,0,1,0,0,0,1,0,0,0,1,0,0,1,1,1
t04_a12_B_k2,36,56,0,1,1,0,1,0,0,0,1,0,0,0,1,0,0,1,1,1
t04_a12_B_k2,36,57,0,1,0,0,1,0,1,0,1,0,0,0,1,0,0,1,1,1
t04_a12_B_k2,36,58,0,1,0,0,1,0,0,0,1,0,0,0,1,0,0,1,1,1
t04_a12_B_k2,36,59,0,1,0,0,1,0,0,0,1,0,1,0,1,0,0,1,1,1
t04_a12_B_k2,36,60,0,1,0,0,1,0,0,0,1,0,0,0,1,0,0,1,1,1
t04_a12_B_k2,36,61,0,1,0,0,1,0,0,0,1,0,0,0,1,0,0,1,1,1
t04_a12_B_k2,36,62,0,1,0,0,1,0,0,0,1,0,0,0,1,0,0,1,1,1
t04_a12_B_k2,36,63,0,1,0,0,1,0,0,0,1,0,0,0,1,0,1,1,1,1
t04_a12_B_k2,36,64,0,1,0,0,1,0,0,0,1,0,0,0,1,0,0,1,1,1
t04_a12_B_k2,36,65,0,1,0,0,1,0,0,0,1,0,0,0,1,0,0,1,1,1
t04_a12_B_k2,36,66,0,1,0,0,1,0,0,0,1,0,0,0,1,0,0,1,1,1
t04_a12_B_k2,36,67,0,1,1,0,1,0,0,0,1,0,0,0,1,0,0,1,1,1
t04_a12_B_k2,36,68,0,1,0,0,1,0,1,0,1,0,0,0,1,0,0,1,1,1
t04_a12_B_k2,36,69,0,1,0,0,1,0,0,0,1,0,0,0,1,0,0,1,1,1
t04_a12_B_k2,36,70,0,1,0,0,1,0,0,0,1,0,1,0,1,0,0,1,1,1
t04_a12_B_k2,36,71,0,1,0,0,1,0,0,0,1,0,0,0,1,0,0,1,1,1
t04_a12_B_k2,36,72,0,1,0,0,1,0,0,0,1,0,0,0,1,0,0,1,1,1
t04_a12_B_k2,36,73,0,1,0,0,1,0,0,0,1,0,0,0,1,0,0,1,1,1
t04_a12_B_k2,36,74,0,1,0,0,1,0,0,0,1,0,0,0,1,0,1,1,1,1
t04_a12_B_k2,36,75,0,1,0,0,1,0,0,0,1,0,0,0,1,0,0,1,1,1
t04_a12_B_k2,36,76,0,1,0,0,1,0,0,0,1,0,0,0,1,0,0,1,1,1
t04_a12_B_k2,36,77,0,1,0,0,1,0,0,0,1,0,0,0,1,0,0,1,1,1
t04_a12_B_k2,36,78,0,1,1,0,1,0,0,0,1,0,0,0,1,0,0,1,1,1
t04_a12_B_k2,36,79,0,1,0,0,1,0,1,0,1,0,0,0,1,0,0,1,1,1
t04_a12_B_k2,36,80,0,1,0,0,1,0,0,0,1,0,0,0,1,0,0,1,1,1
t04_a12_B_k2,36,81,0,1,0,0,1,0,0,0,1,0,1,0,1,0,0,1,1,1
t04_a12_B_k2,36,82,0,1,0,0,1,0,0,0,1,0,0,0,1,0,0,1,1,1
t04_a12_B_k2,36,83,0,1,0,0,1,0,0,0,1,0,0,0,1,0,0,1,1,1
t04_a12_B_k2,36,84,0,1,0,0,1,0,0,0,1,0,0,0,1,0,0,1,1,1
t04_a12_B_k2,36,85,0,1,0,0,1,0,0,0,1,0,0,0,1,0,1,1,1,1
t04_a12_B_k2,36,86,0,1,0,0,1,0,0,0,1,0,0,0,1,0,0,1,1,1
t04_a12_B_k2,36,87,0,1,0,0,1,0,0,0,1,0,0,0,1,0,0,1,1,1
t04_a12_B_k2,36,88,0,1,0,0,1,0,0,0,1,0,0,0,1,0,0,1,1,1
t04_a12_B_k2,36,89,0,1,1,0,1,0,0,0,1,0,0,0,1,0,0,1,1,1
t04_a12_B_k2,36,90,0,1,0,0,1,0,1,0,1,0,0,0,1,0,0,1,1,1
t04_a12_B_k2,36,91,0,1,0,0,1,0,0,0,1,0,0,0,1,0,0,1,1,1
t04_a12_B_k2,36,92,0,1,0,0,1,0,0,0,1,0,1,0,1,0,0,1,1,1
t04_a12_B_k2,36,93,0,1,0,0,1,0,0,0,1,0,0,0,1,0,0,1,1,1
t04_a12_B_k2,36,94,0,1,0,0,1,0,0,0,1,0,0,0,1,0,0,1,1,1
t04_a12_B_k2,36,95,0,1,0,0,1,0,0,0,1,0,0,0,1,0,0,1,1,1
t04_a12_B_k2,36,96,0,1,0,0,1,0,0,0,1,0,0,0,1,0,1,1,1,1
t04_a12_B_k2,36,97,0,1,0,0,1,0,0,0,1,0,0,0,1,0,0,1,1,1
t04_a12_B_k2,36,98,0,1,0,0,1,0,0,0,1,0,0,0,1,0,0,1,1,1
t04_a12_B_k2,36,99,0,1,0,0,1,0,0,0,1,0,0,0,1,0,0,1,1,1
t04_a12_B_k2,36,100,0,1,1,0,1,0,0,0,1,0,0,0,1,0,0,1,1,1
t04_a12_B_k2,36,101,0,1,0,0,1,0,1,0,1,0,0,0,1,0,0,1,1,1
t04_a12_B_k2,36,102,0,1,0,0,1,0,0,0,1,0,0,0,1,0,0,1,1,1
t04_a12_B_k2,36,103,0,1,0,0,1,0,0,0,1,0,1,0,1,0,0,1,1,1
t04_a12_B_k2,36,104,0,1,0,0,1,0,0,0,1,0,0,0,1,0,0,1,1,1
t04_a12_B_k2,36,105,0,1,0,0,1,0,0,0,1,0,0,0,1,0,0,1,1,1
t04_a12_B_k2,36,106,0,1,0,0,1,0,0,0,1,0,0,0,1,0,0,1,1,1
t04_a12_B_k2,36,107,0,1,0,0,1,0,0,0,1,0,0,0,1,0,1,1,1,1
t04_a12_B_k2,36,108,0,1,0,0,1,0,0,0,1,0,0,0,1,0,0,1,1,1
t04_a12_B_k2,36,109,0,1,0,0,1,0,0,0,1,0,0,0,1,0,0,1,1,1
t04_a12_B_k2,36,110,0,1,0,0,1,0,0,0,1,0,0,0,1,0,0,1,1,1
t04_a12_B_k2,36,111,0,1,1,0,1,0,0,0,1,0,0,0,1,0,0,1,1,1
t04_a12_B_k2,36,112,0,1,0,0,1,0,1,0,1,0,0,0,1,0,0,1,1,1
t04_a12_B_k2,36,113,0,1,0,0,1,0,0,0,1,0,0,0,1,0,0,1,1,1
t04_a12_B_k2,36,114,0,1,0,0,1,0,0,0,1,0,1,0,1,0,0,1,1,1
t04_a12_B_k2,36,115,0,1,0,0,1,0,0,0,1,0,0,0,1,0,0,1,1,1
t04_a12_B_k2,36,116,0,1,0,0,1,0,0,0,1,0,0,0,1,0,0,1,1,1
t04_a12_B_k2,36,117,0,1,0,0,1,0,0,0,1,0,0,0,1,0,0,1,1,1
t04_a12_B_k2,36,118,0,1,0,0,1,0,0,0,1,0,0,0,1,0,1,1,1,1
t04_a12_B_k2,36,119,0,1,0,0,1,0,0,0,1,0,0,0,1,0,0,1,1,1
t04_a12_B_k2,36,120,0,1,0,0,1,0,0,0,1,0,0,0,1,0,0,1,1,1
t04_a12_B_k3,37,0,0,1,0,0,1,0,0,0,1,0,0,0,1,0,0,0,1,0
t04_a12_B_k3,37,1,0,1,1,0,1,0,0,0,1,0,0,0,1,0,0,0,1,0
t04_a12_B_k3,37,2,0,1,0,0,1,0,1,0,1,0,0,0,1,0,0,0,1,0
t04_a12_B_k3,37,3,0,1,0,0,1,0,0,0,1,0,0,0,1,0,0,0,1,0
t04_a12_B_k3,37,4,0,1,0,0,1,0,0,0,1,0,1,0,1,0,0,0,1,0
t04_a12_B_k3,37,5,0,1,0,0,1,0,0,0,1,0,0,0,1,0,0,0,1,0
t04_a12_B_k3,37,6,0,1,0,0,1,0,0,0,1,0,0,0,1,0,0,0,1,0
t04_a12_B_k3,37,7,0,1,0,0,1,0,0,0,1,0,0,0,1,0,0,0,1,0
t04_a12_B_k3,37,8,1,1,0,0,1,0,0,0,1,0,0,0,1,0,1,0,1,0
t04_a12_B_k3,37,9,0,1,0,0,1,0,0,0,1,0,0,0,1,0,0,0,0,0
t04_a12_B_k3,37,10,0,1,0,0,1,0,0,0,1,0,0,0,1,0,0,0,0,0
t04_a12_B_k3,37,11,0,1,0,0,1,0,0,0,1,0,0,0,1,0,0,0,0,0
t04_a12_B_k3,37,12,0,1,1,0,1,0,0,0,1,0,0,0,1,0,0,0,0,0
t04_a12_B_k3,37,13,0,1,0,0,1,0,1,0,1,0,0,0,1,0,0,0,0,0
t04_a12_B_k3,37,14,0,1,0,0,1,0,0,0,1,0,0,0,1,0,0,0,0,0
t04_a12_B_k3,37,15,0,1,0,0,1,0,0,0,1,0,1,0,1,0,0,0,0,0
t04_a12_B_k3,37,16,0,1,0,0,1,0,0,0,1,0,0,0,1,0,0,0,0,0
t04_a12_B_k3,37,17,0,1,0,0,1,0,0,0,1,0,0,0,1,0,0,0,0,0
t04_a12_B_k3,37,18,0,1,0,0,1,0,0,0,1,0,0,0,1,0,0,0,0,0
t04_a12_B_k3,37,19,1,1,0,0,1,0,0,0,1,0,0,0,1,0,1,0,0,0
t04_a12_B_k3,37,20,0,1,0,0,1,0,0,0,1,0,0,0,1,0,0,1,1,1
t04_a12_B_k3,37,21,0,1,0,0,1,0,0,0,1,0,0,0,1,0,0,1,1,1
t04_a12_B_k3,37,22,0,1,0,0,1,0,0,0,1,0,0,0,1,0,0,1,1,1
t04_a12_B_k3,37,23,0,1,1,0,1,0,0,0,1,0,0,0,1,0,0,1,1,1
t04_a12_B_k3,37,24,0,1,0,0,1,0,1,0,1,0,0,0,1,0,0,1,1,1
t04_a12_B_k3,37,25,0,1,0,0,1,0,0,0,1,0,0,0,1,0,0,1,1,1
t04_a12_B_k3,37,26,0,1,0,0,1,0,0,0,1,0,1,0,1,0,0,1,1,1
t04_a12_B_k3,37,27,0,1,0,0,1,0,0,0,1,0,0,0,1,0,0,1,1,1
t04_a12_B_k3,37,28,0,1,0,0,1,0,0,0,1,0,0,0,1,0,0,1,1,1
t04_a12_B_k3,37,29,0,1,0,0,1,0,0,0,1,0,0,0,1,0,0,1,1,1
t04_a12_B_k3,37,30,1,1,0,0,1,0,0,0,1,0,0,0,1,0,1,1,1,1
t04_a12_B_k3,37,31,0,1,0,0,1,0,0,0,1,0,0,0,1,0,0,1,0,0
t04_a12_B_k3,37,32,0,1,0,0,1,0,0,0,1,0,0,0,1,0,0,1,0,0
t04_a12_B_k3,37,33,0,1,0,0,1,0,0,0,1,0,0,0,1,0,0,1,0,0
t04_a12_B_k3,37,34,0,1,1,0,1,0,0,0,1,0,0,0,1,0,0,1,0,0
t04_a12_B_k3,37,35,0,1,0,0,1,0,1,0,1,0,0,0,1,0,0,1,0,0
t04_a12_B_k3,37,36,0,1,0,0,1,0,0,0,1,0,0,0,1,0,0,1,0,0
t04_a12_B_k3,37,37,0,1,0,0,1,0,0,0,1,0,1,0,1,0,0,1,0,0
t04_a12_B_k3,37,38,0,1,0,0,1,0,0,0,1,0,0,0,1,0,0,1,0,0
t04_a12_B_k3,37,39,0,1,0,0,1,0,0,0,1,0,0,0,1,0,0,1,0,0
t04_a12_B_k3,37,40,0,1,0,0,1,0,0,0,1,0,0,0,1,0,0,1,0,0
t04_a12_B_k3,37,41,0,1,0,0,1,0,0,0,1,0,0,0,1,0,1,1,0,0
t04_a12_B_k3,37,42,0,1,0,0,1,0,0,0,1,0,0,0,1,0,0,1,0,0
t04_a12_B_k3,37,43,0,1,0,0,1,0,0,0,1,0,0,0,1,0,0,1,0,0
t04_a12_B_k3,37,44,0,1,0,0,1,0,0,0,1,0,0,0,1,0,0,1,0,0
t04_a12_B_k3,37,45,0,1,1,0,1,0,0,0,1,0,0,0,1,0,0,1,0,0
t04_a12_B_k3,37,46,0,1,0,0,1,0,1,0,1,0,0,0,1,0,0,1,0,0
t04_a12_B_k3,37,47,0,1,0,0,1,0,0,0,1,0,0,0,1,0,0,1,0,0
t04_a12_B_k3,37,48,0,1,0,0,1,0,0,0,1,0,1,0,1,0,0,1,0,0
t04_a12_B_k3,37,49,0,1,0,0,1,0,0,0,1,0,0,0,1,0,0,1,0,0
t04_a12_B_k3,37,50,0,1,0,0,1,0,0,0,1,0,0,0,1,0,0,1,0,0
t04_a12_B_k3,37,51,0,1,0,0,1,0,0,0,1,0,0,0,1,0,0,1,0,0
t04_a12_B_k3,37,52,0,1,0,0,1,0,0,0,1,0,0,0,1,0,1,1,0,0
t04_a12_B_k3,37,53,0,1,0,0,1,0,0,0,1,0,0,0,1,0,0,1,0,0
t04_a12_B_k3,37,54,0,1,0,0,1,0,0,0,1,0,0,0,1,0,0,1,0,0
t04_a12_B_k3,37,55,0,1,0,0,1,0,0,0,1,0,0,0,1,0,0,1,0,0
t04_a12_B_k3,37,56,0,1,1,0,1,0,0,0,1,0,0,0,1,0,0,1,0,0
t04_a12_B_k3,37,57,0,1,0,0,1,0,1,0,1,0,0,0,1,0,0,1,0,0
t04_a12_B_k3,37,58,0,1,0,0,1,0,0,0,1,0,0,0,1,0,0,1,0,0
t04_a12_B_k3,37,59,0,1,0,0,1,0,0,0,1,0,1,0,1,0,0,1,0,0
t04_a12_B_k3,37,60,0,1,0,0,1,0,0,0,1,0,0,0,1,0,0,1,0,0
t04_a12_B_k3,37,61,0,1,0,0,1,0,0,0,1,0,0,0,1,0,0,1,0,0
t04_a12_B_k3,37,62,0,1,0,0,1,0,0,0,1,0,0,0,1,0,0,1,0,0
t04_a12_B_k3,37,63,0,1,0,0,1,0,0,0,1,0,0,0,1,0,1,1,0,0
t04_a12_B_k3,37,64,0,1,0,0,1,0,0,0,1,0,0,0,1,0,0,1,0,0
t04_a12_B_k3,37,65,0,1,0,0,1,0,0,0,1,0,0,0,1,0,0,1,0,0
t04_a12_B_k3,37,66,0,1,0,0,1,0,0,0,1,0,0,0,1,0,0,1,0,0
t04_a12_B_k3,37,67,0,1,1,0,1,0,0,0,1,0,0,0,1,0,0,1,0,0
t04_a12_B_k3,37,68,0,1,0,0,1,0,1,0,1,0,0,0,1,0,0,1,0,0
t04_a12_B_k3,37,69,0,1,0,0,1,0,0,0,1,0,0,0,1,0,0,1,0,0
t04_a12_B_k3,37,70,0,1,0,0,1,0,0,0,1,0,1,0,1,0,0,1,0,0
t04_a12_B_k3,37,71,0,1,0,0,1,0,0,0,1,0,0,0,1,0,0,1,0,0
t04_a12_B_k3,37,72,0,1,0,0,1,0,0,0,1,0,0,0,1,0,0,1,0,0
t04_a12_B_k3,37,73,0,1,0,0,1,0,0,0,1,0,0,0,1,0,0,1,0,0
t04_a12_B_k3,37,74,0,1,0,0,1,0,0,0,1,0,0,0,1,0,1,1,0,0
t04_a12_B_k3,37,75,0,1,0,0,1,0,0,0,1,0,0,0,1,0,0,1,0,0
t04_a12_B_k3,37,76,0,1,0,0,1,0,0,0,1,0,0,0,1,0,0,1,0,0
t04_a12_B_k3,37,77,0,1,0,0,1,0,0,0,1,0,0,0,1,0,0,1,0,0
t04_a12_B_k3,37,78,0,1,1,0,1,0,0,0,1,0,0,0,1,0,0,1,0,0
t04_a12_B_k3,37,79,0,1,0,0,1,0,1,0,1,0,0,0,1,0,0,1,0,0
t04_a12_B_k3,37,80,0,1,0,0,1,0,0,0,1,0,0,0,1,0,0,1,0,0
t04_a12_B_k3,37,81,0,1,0,0,1,0,0,0,1,0,1,0,1,0,0,1,0,0
t04_a12_B_k3,37,82,0,1,0,0,1,0,0,0,1,0,0,0,1,0,0,1,0,0
t04_a12_B_k3,37,83,0,1,0,0,1,0,0,0,1,0,0,0,1,0,0,1,0,0
t04_a12_B_k3,37,84,0,1,0,0,1,0,0,0,1,0,0,0,1,0,0,1,0,0
t04_a12_B_k3,37,85,0,1,0,0,1,0,0,0,1,0,0,0,1,0,1,1,0,0
t04_a12_B_k3,37,86,0,1,0,0,1,0,0,0,1,0,0,0,1,0,0,1,0,0
t04_a12_B_k3,37,87,0,1,0,0,1,0,0,0,1,0,0,0,1,0,0,1,0,0
t04_a12_B_k3,37,88,0,1,0,0,1,0,0,0,1,0,0,0,1,0,0,1,0,0
t04_a12_B_k3,37,89,0,1,1,0,1,0,0,0,1,0,0,0,1,0,0,1,0,0
t04_a12_B_k3,37,90,0,1,0,0,1,0,1,0,1,0,0,0,1,0,0,1,0,0
t04_a12_B_k3,37,91,0,1,0,0,1,0,0,0,1,0,0,0,1,0,0,1,0,0
t04_a12_B_k3,37,92,0,1,0,0,1,0,0,0,1,0,1,0,1,0,0,1,0,0
t04_a12_B_k3,37,93,0,1,0,0,1,0,0,0,1,0,0,0,1,0,0,1,0,0
t04_a12_B_k3,37,94,0,1,0,0,1,0,0,0,1,0,0,0,1,0,0,1,0,0
t04_a12_B_k3,37,95,0,1,0,0,1,0,0,0,1,0,0,0,1,0,0,1,0,0
t04_a12_B_k3,37,96,0,1,0,0,1,0,0,0,1,0,0,0,1,0,1,1,0,0
t04_a12_B_k3,37,97,0,1,0,0,1,0,0,0,1,0,0,0,1,0,0,1,0,0
t04_a12_B_k3,37,98,0,1,0,0,1,0,0,0,1,0,0,0,1,0,0,1,0,0
t04_a12_B_k3,37,99,0,1,0,0,1,0,0,0,1,0,0,0,1,0,0,1,0,0
t04_a12_B_k3,37,100,0,1,1,0,1,0,0,0,1,0,0,0,1,0,0,1,0,0
t04_a12_B_k3,37,101,0,1,0,0,1,0,1,0,1,0,0,0,1,0,0,1,0,0
t04_a12_B_k3,37,102,0,1,0,0,1,0,0,0,1,0,0,0,1,0,0,1,0,0
t04_a12_B_k3,37,103,0,1,0,0,1,0,0,0,1,0,1,0,1,0,0,1,0,0
t04_a12_B_k3,37,104,0,1,0,0,1,0,0,0,1,0,0,0,1,0,0,1,0,0
t04_a12_B_k3,37,105,0,1,0,0,1,0,0,0,1,0,0,0,1,0,0,1,0,0
t04_a12_B_k3,37,106,0,1,0,0,1,0,0,0,1,0,0,0,1,0,0,1,0,0
t04_a12_B_k3,37,107,0,1,0,0,1,0,0,0,1,0,0,0,1,0,1,1,0,0
t04_a12_B_k3,37,108,0,1,0,0,1,0,0,0,1,0,0,0,1,0,0,1,0,0
t04_a12_B_k3,37,109,0,1,0,0,1,0,0,0,1,0,0,0,1,0,0,1,0,0
t04_a12_B_k3,37,110,0,1,0,0,1,0,0,0,1,0,0,0,1,0,0,1,0,0
t04_a12_B_k3,37,111,0,1,1,0,1,0,0,0,1,0,0,0,1,0,0,1,0,0
t04_a12_B_k3,37,112,0,1,0,0,1,0,1,0,1,0,0,0,1,0,0,1,0,0
t04_a12_B_k3,37,113,0,1,0,0,1,0,0,0,1,0,0,0,1,0,0,1,0,0
t04_a12_B_k3,37,114,0,1,0,0,1,0,0,0,1,0,1,0,1,0,0,1,0,0
t04_a12_B_k3,37,115,0,1,0,0,1,0,0,0,1,0,0,0,1,0,0,1,0,0
t04_a12_B_k3,37,116,0,1,0,0,1,0,0,0,1,0,0,0,1,0,0,1,0,0
t04_a12_B_k3,37,117,0,1,0,0,1,0,0,0,1,0,0,0,1,0,0,1,0,0
t04_a12_B_k3,37,118,0,1,0,0,1,0,0,0,1,0,0,0,1,0,1,1,0,0
t04_a12_B_k3,37,119,0,1,0,0,1,0,0,0,1,0,0,0,1,0,0,1,0,0
t04_a12_B_k3,37,120,0,1,0,0,1,0,0,0,1,0,0,0,1,0,0,1,0,0
t04_a12_B_k4,38,0,0,1,0,0,1,0,0,0,1,0,0,0,1,0,0,0,1,0
t04_a12_B_k4,38,1,0,1,1,0,1,0,0,0,1,0,0,0,1,0,0,0,1,0
t04_a12_B_k4,38,2,0,1,0,0,1,0,1,0,1,0,0,0,1,0,0,0,1,0
t04_a12_B_k4,38,3,0,1,0,0,1,0,0,0,1,0,0,0,1,0,0,0,1,0
t04_a12_B_k4,38,4,0,1,0,0,1,0,0,0,1,0,1,0,1,0,0,0,1,0
t04_a12_B_k4,38,5,0,1,0,0,1,0,0,0,1,0,0,0,1,0,0,0,1,0
t04_a12_B_k4,38,6,0,1,0,0,1,0,0,0,1,0,0,0,1,0,0,0,1,0
t04_a12_B_k4,38,7,0,1,0,0,1,0,0,0,1,0,0,0,1,0,0,0,1,0
t04_a12_B_k4,38,8,1,1,0,0,1,0,0,0,1,0,0,0,1,0,1,0,1,0
t04_a12_B_k4,38,9,0,1,0,0,1,0,0,0,1,0,0,0,1,0,0,0,0,0
t04_a12_B_k4,38,10,0,1,0,0,1,0,0,0,1,0,0,0,1,0,0,0,0,0
t04_a12_B_k4,38,11,0,1,0,0,1,0,0,0,1,0,0,0,1,0,0,0,0,0
t04_a12_B_k4,38,12,0,1,1,0,1,0,0,0,1,0,0,0,1,0,0,0,0,0
t04_a12_B_k4,38,13,0,1,0,0,1,0,1,0,1,0,0,0,1,0,0,0,0,0
t04_a12_B_k4,38,14,0,1,0,0,1,0,0,0,1,0,0,0,1,0,0,0,0,0
t04_a12_B_k4,38,15,0,1,0,0,1,0,0,0,1,0,1,0,1,0,0,0,0,0
t04_a12_B_k4,38,16,0,1,0,0,1,0,0,0,1,0,0,0,1,0,0,0,0,0
t04_a12_B_k4,38,17,0,1,0,0,1,0,0,0,1,0,0,0,1,0,0,0,0,0
t04_a12_B_k4,38,18,0,1,0,0,1,0,0,0,1,0,0,0,1,0,0,0,0,0
t04_a12_B_k4,38,19,1,1,0,0,1,0,0,0,1,0,0,0,1,0,1,0,0,0
t04_a12_B_k4,38,20,0,1,0,0,1,0,0,0,1,0,0,0,1,0,0,1,1,1
t04_a12_B_k4,38,21,0,1,0,0,1,0,0,0,1,0,0,0,1,0,0,1,1,1
t04_a12_B_k4,38,22,0,1,0,0,1,0,0,0,1,0,0,0,1,0,0,1,1,1
t04_a12_B_k4,38,23,0,1,1,0,1,0,0,0,1,0,0,0,1,0,0,1,1,1
t04_a12_B_k4,38,24,0,1,0,0,1,0,1,0,1,0,0,0,1,0,0,1,1,1
t04_a12_B_k4,38,25,0,1,0,0,1,0,0,0,1,0,0,0,1,0,0,1,1,1
t04_a12_B_k4,38,26,0,1,0,0,1,0,0,0,1,0,1,0,1,0,0,1,1,1
t04_a12_B_k4,38,27,0,1,0,0,1,0,0,0,1,0,0,0,1,0,0,1,1,1
t04_a12_B_k4,38,28,0,1,0,0,1,0,0,0,1,0,0,0,1,0,0,1,1,1
t04_a12_B_k4,38,29,0,1,0,0,1,0,0,0,1,0,0,0,1,0,0,1,1,1
t04_a12_B_k4,38,30,1,1,0,0,1,0,0,0,1,0,0,0,1,0,1,1,1,1
t04_a12_B_k4,38,31,0,1,0,0,1,0,0,0,1,0,0,0,1,0,0,1,0,0
t04_a12_B_k4,38,32,0,1,0,0,1,0,0,0,1,0,0,0,1,0,0,1,0,0
t04_a12_B_k4,38,33,0,1,0,0,1,0,0,0,1,0,0,0,1,0,0,1,0,0
t04_a12_B_k4,38,34,0,1,1,0,1,0,0,0,1,0,0,0,1,0,0,1,0,0
t04_a12_B_k4,38,35,0,1,0,0,1,0,1,0,1,0,0,0,1,0,0,1,0,0
t04_a12_B_k4,38,36,0,1,0,0,1,0,0,0,1,0,0,0,1,0,0,1,0,0
t04_a12_B_k4,38,37,0,1,0,0,1,0,0,0,1,0,1,0,1,0,0,1,0,0
t04_a12_B_k4,38,38,0,1,0,0,1,0,0,0,1,0,0,0,1,0,0,1,0,0
t04_a12_B_k4,38,39,0,1,0,0,1,0,0,0,1,0,0,0,1,0,0,1,0,0
t04_a12_B_k4,38,40,0,1,0,0,1,0,0,0,1,0,0,0,1,0,0,1,0,0
t04_a12_B_k4,38,41,1,1,0,0,1,0,0,0,1,0,0,0,1,0,1,1,0,0
t04_a12_B_k4,38,42,0,1,0,0,1,0,0,0,1,0,0,0,1,0,0,1,0,0
t04_a12_B_k4,38,43,0,1,0,0,1,0,0,0,1,0,0,0,1,0,0,1,0,0
t04_a12_B_k4,38,44,0,1,0,0,1,0,0,0,1,0,0,0,1,0,0,1,0,0
t04_a12_B_k4,38,45,0,1,1,0,1,0,0,0,1,0,0,0,1,0,0,1,0,0
t04_a12_B_k4,38,46,0,1,0,0,1,0,1,0,1,0,0,0,1,0,0,1,0,0
t04_a12_B_k4,38,47,0,1,0,0,1,0,0,0,1,0,0,0,1,0,0,1,0,0
t04_a12_B_k4,38,48,0,1,0,0,1,0,0,0,1,0,1,0,1,0,0,1,0,0
t04_a12_B_k4,38,49,0,1,0,0,1,0,0,0,1,0,0,0,1,0,0,1,0,0
t04_a12_B_k4,38,50,0,1,0,0,1,0,0,0,1,0,0,0,1,0,0,1,0,0
t04_a12_B_k4,38,51,0,1,0,0,1,0,0,0,1,0,0,0,1,0,0,1,0,0
t04_a12_B_k4,38,52,0,1,0,0,1,0,0,0,1,0,0,0,1,0,1,1,0,0
t04_a12_B_k4,38,53,0,1,0,0,1,0,0,0,1,0,0,0,1,0,0,1,0,0
t04_a12_B_k4,38,54,0,1,0,0,1,0,0,0,1,0,0,0,1,0,0,1,0,0
t04_a12_B_k4,38,55,0,1,0,0,1,0,0,0,1,0,0,0,1,0,0,1,0,0
t04_a12_B_k4,38,56,0,1,1,0,1,0,0,0,1,0,0,0,1,0,0,1,0,0
t04_a12_B_k4,38,57,0,1,0,0,1,0,1,0,1,0,0,0,1,0,0,1,0,0
t04_a12_B_k4,38,58,0,1,0,0,1,0,0,0,1,0,0,0,1,0,0,1,0,0
t04_a12_B_k4,38,59,0,1,0,0,1,0,0,0,1,0,1,0,1,0,0,1,0,0
t04_a12_B_k4,38,60,0,1,0,0,1,0,0,0,1,0,0,0,1,0,0,1,0,0
t04_a12_B_k4,38,61,0,1,0,0,1,0,0,0,1,0,0,0,1,0,0,1,0,0
t04_a12_B_k4,38,62,0,1,0,0,1,0,0,0,1,0,0,0,1,0,0,1,0,0
t04_a12_B_k4,38,63,0,1,0,0,1,0,0,0,1,0,0,0,1,0,1,1,0,0
t04_a12_B_k4,38,64,0,1,0,0,1,0,0,0,1,0,0,0,1,0,0,1,0,0
t04_a12_B_k4,38,65,0,1,0,0,1,0,0,0,1,0,0,0,1,0,0,1,0,0
t04_a12_B_k4,38,66,0,1,0,0,1,0,0,0,1,0,0,0,1,0,0,1,0,0
t04_a12_B_k4,38,67,0,1,1,0,1,0,0,0,1,0,0,0,1,0,0,1,0,0
t04_a12_B_k4,38,68,0,1,0,0,1,0,1,0,1,0,0,0,1,0,0,1,0,0
t04_a12_B_k4,38,69,0,1,0,0,1,0,0,0,1,0,0,0,1,0,0,1,0,0
t04_a12_B_k4,38,70,0,1,0,0,1,0,0,0,1,0,1,0,1,0,0,1,0,0
t04_a12_B_k4,38,71,0,1,0,0,1,0,0,0,1,0,0,0,1,0,0,1,0,0
t04_a12_B_k4,38,72,0,1,0,0,1,0,0,0,1,0,0,0,1,0,0,1,0,0
t04_a12_B_k4,38,73,0,1,0,0,1,0,0,0,1,0,0,0,1,0,0,1,0,0
t04_a12_B_k4,38,74,0,1,0,0,1,0,0,0,1,0,0,0,1,0,1,1,0,0
t04_a12_B_k4,38,75,0,1,0,0,1,0,0,0,1,0,0,0,1,0,0,1,0,0
t04_a12_B_k4,38,76,0,1,0,0,1,0,0,0,1,0,0,0,1,0,0,1,0,0
t04_a12_B_k4,38,77,0,1,0,0,1,0,0,0,1,0,0,0,1,0,0,1,0,0
t04_a12_B_k4,38,78,0,1,1,0,1,0,0,0,1,0,0,0,1,0,0,1,0,0
t04_a12_B_k4,38,79,0,1,0,0,1,0,1,0,1,0,0,0,1,0,0,1,0,0
t04_a12_B_k4,38,80,0,1,0,0,1,0,0,0,1,0,0,0,1,0,0,1,0,0
t04_a12_B_k4,38,81,0,1,0,0,1,0,0,0,1,0,1,0,1,0,0,1,0,0
t04_a12_B_k4,38,82,0,1,0,0,1,0,0,0,1,0,0,0,1,0,0,1,0,0
t04_a12_B_k4,38,83,0,1,0,0,1,0,0,0,1,0,0,0,1,0,0,1,0,0
t04_a12_B_k4,38,84,0,1,0,0,1,0,0,0,1,0,0,0,1,0,0,1,0,0
t04_a12_B_k4,38,85,0,1,0,0,1,0,0,0,1,0,0,0,1,0,1,1,0,0
t04_a12_B_k4,38,86,0,1,0,0,1,0,0,0,1,0,0,0,1,0,0,1,0,0
t04_a12_B_k4,38,87,0,1,0,0,1,0,0,0,1,0,0,0,1,0,0,1,0,0
t04_a12_B_k4,38,88,0,1,0,0,1,0,0,0,1,0,0,0,1,0,0,1,0,0
t04_a12_B_k4,38,89,0,1,1,0,1,0,0,0,1,0,0,0,1,0,0,1,0,0
t04_a12_B_k4,38,90,0,1,0,0,1,0,1,0,1,0,0,0,1,0,0,1,0,0
t04_a12_B_k4,38,91,0,1,0,0,1,0,0,0,1,0,0,0,1,0,0,1,0,0
t04_a12_B_k4,38,92,0,1,0,0,1,0,0,0,1,0,1,0,1,0,0,1,0,0
t04_a12_B_k4,38,93,0,1,0,0,1,0,0,0,1,0,0,0,1,0,0,1,0,0
t04_a12_B_k4,38,94,0,1,0,0,1,0,0,0,1,0,0,0,1,0,0,1,0,0
t04_a12_B_k4,38,95,0,1,0,0,1,0,0,0,1,0,0,0,1,0,0,1,0,0
t04_a12_B_k4,38,96,0,1,0,0,1,0,0,0,1,0,0,0,1,0,1,1,0,0
t04_a12_B_k4,38,97,0,1,0,0,1,0,0,0,1,0,0,0,1,0,0,1,0,0
t04_a12_B_k4,38,98,0,1,0,0,1,0,0,0,1,0,0,0,1,0,0,1,0,0
t04_a12_B_k4,38,99,0,1,0,0,1,0,0,0,1,0,0,0,1,0,0,1,0,0
t04_a12_B_k4,38,100,0,1,1,0,1,0,0,0,1,0,0,0,1,0,0,1,0,0
t04_a12_B_k4,38,101,0,1,0,0,1,0,1,0,1,0,0,0,1,0,0,1,0,0
t04_a12_B_k4,38,102,0,1,0,0,1,0,0,0,1,0,0,0,1,0,0,1,0,0
t04_a12_B_k4,38,103,0,1,0,0,1,0,0,0,1,0,1,0,1,0,0,1,0,0
t04_a12_B_k4,38,104,0,1,0,0,1,0,0,0,1,0,0,0,1,0,0,1,0,0
t04_a12_B_k4,38,105,0,1,0,0,1,0,0,0,1,0,0,0,1,0,0,1,0,0
t04_a12_B_k4,38,106,0,1,0,0,1,0,0,0,1,0,0,0,1,0,0,1,0,0
t04_a12_B_k4,38,107,0,1,0,0,1,0,0,0,1,0,0,0,1,0,1,1,0,0
t04_a12_B_k4,38,108,0,1,0,0,1,0,0,0,1,0,0,0,1,0,0,1,0,0
t04_a12_B_k4,38,109,0,1,0,0,1,0,0,0,1,0,0,0,1,0,0,1,0,0
t04_a12_B_k4,38,110,0,1,0,0,1,0,0,0,1,0,0,0,1,0,0,1,0,0
t04_a12_B_k4,38,111,0,1,1,0,1,0,0,0,1,0,0,0,1,0,0,1,0,0
t04_a12_B_k4,38,112,0,1,0,0,1,0,1,0,1,0,0,0,1,0,0,1,0,0
t04_a12_B_k4,38,113,0,1,0,0,1,0,0,0,1,0,0,0,1,0,0,1,0,0
t04_a12_B_k4,38,114,0,1,0,0,1,0,0,0,1,0,1,0,1,0,0,1,0,0
t04_a12_B_k4,38,115,0,1,0,0,1,0,0,0,1,0,0,0,1,0,0,1,0,0
t04_a12_B_k4,38,116,0,1,0,0,1,0,0,0,1,0,0,0,1,0,0,1,0,0
t04_a12_B_k4,38,117,0,1,0,0,1,0,0,0,1,0,0,0,1,0,0,1,0,0
t04_a12_B_k4,38,118,0,1,0,0,1,0,0,0,1,0,0,0,1,0,1,1,0,0
t04_a12_B_k4,38,119,0,1,0,0,1,0,0,0,1,0,0,0,1,0,0,1,0,0
t04_a12_B_k4,38,120,0,1,0,0,1,0,0,0,1,0,0,0,1,0,0,1,0,0
t04_a12_B_k5,39,0,0,1,0,0,1,0,0,0,1,0,0,0,1,0,0,0,1,0
t04_a12_B_k5,39,1,0,1,1,0,1,0,0,0,1,0,0,0,1,0,0,0,1,0
t04_a12_B_k5,39,2,0,1,0,0,1,0,1,0,1,0,0,0,1,0,0,0,1,0
t04_a12_B_k5,39,3,0,1,0,0,1,0,0,0,1,0,0,0,1,0,0,0,1,0
t04_a12_B_k5,39,4,0,1,0,0,1,0,0,0,1,0,1,0,1,0,0,0,1,0
t04_a12_B_k5,39,5,0,1,0,0,1,0,0,0,1,0,0,0,1,0,0,0,1,0
t04_a12_B_k5,39,6,0,1,0,0,1,0,0,0,1,0,0,0,1,0,0,0,1,0
t04_a12_B_k5,39,7,0,1,0,0,1,0,0,0,1,0,0,0,1,0,0,0,1,0
t04_a12_B_k5,39,8,1,1,0,0,1,0,0,0,1,0,0,0,1,0,1,0,1,0
t04_a12_B_k5,39,9,0,1,0,0,1,0,0,0,1,0,0,0,1,0,0,0,0,0
t04_a12_B_k5,39,10,0,1,0,0,1,0,0,0,1,0,0,0,1,0,0,0,0,0
t04_a12_B_k5,39,11,0,1,0,0,1,0,0,0,1,0,0,0,1,0,0,0,0,0
t04_a12_B_k5,39,12,0,1,1,0,1,0,0,0,1,0,0,0,1,0,0,0,0,0
t04_a12_B_k5,39,13,0,1,0,0,1,0,1,0,1,0,0,0,1,0,0,0,0,0
t04_a12_B_k5,39,14,0,1,0,0,1,0,0,0,1,0,0,0,1,0,0,0,0,0
t04_a12_B_k5,39,15,0,1,0,0,1,0,0,0,1,0,1,0,1,0,0,0,0,0
t04_a12_B_k5,39,16,0,1,0,0,1,0,0,0,1,0,0,0,1,0,0,0,0,0
t04_a12_B_k5,39,17,0,1,0,0,1,0,0,0,1,0,0,0,1,0,0,0,0,0
t04_a12_B_k5,39,18,0,1,0,0,1,0,0,0,1,0,0,0,1,0,0,0,0,0
t04_a12_B_k5,39,19,1,1,0,0,1,0,0,0,1,0,0,0,1,0,1,0,0,0
t04_a12_B_k5,39,20,0,1,0,0,1,0,0,0,1,0,0,0,1,0,0,1,1,1
t04_a12_B_k5,39,21,0,1,0,0,1,0,0,0,1,0,0,0,1,0,0,1,1,1
t04_a12_B_k5,39,22,0,1,0,0,1,0,0,0,1,0,0,0,1,0,0,1,1,1
t04_a12_B_k5,39,23,0,1,1,0,1,0,0,0,1,0,0,0,1,0,0,1,1,1
t04_a12_B_k5,39,24,0,1,0,0,1,0,1,0,1,0,0,0,1,0,0,1,1,1
t04_a12_B_k5,39,25,0,1,0,0,1,0,0,0,1,0,0,0,1,0,0,1,1,1
t04_a12_B_k5,39,26,0,1,0,0,1,0,0,0,1,0,1,0,1,0,0,1,1,1
t04_a12_B_k5,39,27,0,1,0,0,1,0,0,0,1,0,0,0,1,0,0,1,1,1
t04_a12_B_k5,39,28,0,1,0,0,1,0,0,0,1,0,0,0,1,0,0,1,1,1
t04_a12_B_k5,39,29,0,1,0,0,1,0,0,0,1,0,0,0,1,0,0,1,1,1
t04_a12_B_k5,39,30,1,1,0,0,1,0,0,0,1,0,0,0,1,0,1,1,1,1
t04_a12_B_k5,39,31,0,1,0,0,1,0,0,0,1,0,0,0,1,0,0,1,0,0
t04_a12_B_k5,39,32,0,1,0,0,1,0,0,0,1,0,0,0,1,0,0,1,0,0
t04_a12_B_k5,39,33,0,1,0,0,1,0,0,0,1,0,0,0,1,0,0,1,0,0
t04_a12_B_k5,39,34,0,1,1,0,1,0,0,0,1,0,0,0,1,0,0,1,0,0
t04_a12_B_k5,39,35,0,1,0,0,1,0,1,0,1,0,0,0,1,0,0,1,0,0
t04_a12_B_k5,39,36,0,1,0,0,1,0,0,0,1,0,0,0,1,0,0,1,0,0
t04_a12_B_k5,39,37,0,1,0,0,1,0,0,0,1,0,1,0,1,0,0,1,0,0
t04_a12_B_k5,39,38,0,1,0,0,1,0,0,0,1,0,0,0,1,0,0,1,0,0
t04_a12_B_k5,39,39,0,1,0,0,1,0,0,0,1,0,0,0,1,0,0,1,0,0
t04_a12_B_k5,39,40,0,1,0,0,1,0,0,0,1,0,0,0,1,0,0,1,0,0
t04_a12_B_k5,39,41,1,1,0,0,1,0,0,0,1,0,0,0,1,0,1,1,0,0
t04_a12_B_k5,39,42,0,1,0,0,1,0,0,0,1,0,0,0,1,0,0,1,0,0
t04_a12_B_k5,39,43,0,1,0,0,1,0,0,0,1,0,0,0,1,0,0,1,0,0
t04_a12_B_k5,39,44,0,1,0,0,1,0,0,0,1,0,0,0,1,0,0,1,0,0
t04_a12_B_k5,39,45,0,1,1,0,1,0,0,0,1,0,0,0,1,0,0,1,0,0
t04_a12_B_k5,39,46,0,1,0,0,1,0,1,0,1,0,0,0,1,0,0,1,0,0
t04_a12_B_k5,39,47,0,1,0,0,1,0,0,0,1,0,0,0,1,0,0,1,0,0
t04_a12_B_k5,39,48,0,1,0,0,1,0,0,0,1,0,1,0,1,0,0,1,0,0
t04_a12_B_k5,39,49,0,1,0,0,1,0,0,0,1,0,0,0,1,0,0,1,0,0
t04_a12_B_k5,39,50,0,1,0,0,1,0,0,0,1,0,0,0,1,0,0,1,0,0
t04_a12_B_k5,39,51,0,1,0,0,1,0,0,0,1,0,0,0,1,0,0,1,0,0
t04_a12_B_k5,39,52,1,1,0,0,1,0,0,0,1,0,0,0,1,0,1,1,0,0
t04_a12_B_k5,39,53,0,1,0,0,1,0,0,0,1,0,0,0,1,0,0,1,0,0
t04_a12_B_k5,39,54,0,1,0,0,1,0,0,0,1,0,0,0,1,0,0,1,0,0
t04_a12_B_k5,39,55,0,1,0,0,1,0,0,0,1,0,0,0,1,0,0,1,0,0
t04_a12_B_k5,39,56,0,1,1,0,1,0,0,0,1,0,0,0,1,0,0,1,0,0
t04_a12_B_k5,39,57,0,1,0,0,1,0,1,0,1,0,0,0,1,0,0,1,0,0
t04_a12_B_k5,39,58,0,1,0,0,1,0,0,0,1,0,0,0,1,0,0,1,0,0
t04_a12_B_k5,39,59,0,1,0,0,1,0,0,0,1,0,1,0,1,0,0,1,0,0
t04_a12_B_k5,39,60,0,1,0,0,1,0,0,0,1,0,0,0,1,0,0,1,0,0
t04_a12_B_k5,39,61,0,1,0,0,1,0,0,0,1,0,0,0,1,0,0,1,0,0
t04_a12_B_k5,39,62,0,1,0,0,1,0,0,0,1,0,0,0,1,0,0,1,0,0
t04_a12_B_k5,39,63,0,1,0,0,1,0,0,0,1,0,0,0,1,0,1,1,0,0
t04_a12_B_k5,39,64,0,1,0,0,1,0,0,0,1,0,0,0,1,0,0,1,0,0
t04_a12_B_k5,39,65,0,1,0,0,1,0,0,0,1,0,0,0,1,0,0,1,0,0
t04_a12_B_k5,39,66,0,1,0,0,1,0,0,0,1,0,0,0,1,0,0,1,0,0
t04_a12_B_k5,39,67,0,1,1,0,1,0,0,0,1,0,0,0,1,0,0,1,0,0
t04_a12_B_k5,39,68,0,1,0,0,1,0,1,0,1,0,0,0,1,0,0,1,0,0
t04_a12_B_k5,39,69,0,1,0,0,1,0,0,0,1,0,0,0,1,0,0,1,0,0
t04_a12_B_k5,39,70,0,1,0,0,1,0,0,0,1,0,1,0,1,0,0,1,0,0
t04_a12_B_k5,39,71,0,1,0,0,1,0,0,0,1,0,0,0,1,0,0,1,0,0
t04_a12_B_k5,39,72,0,1,0,0,1,0,0,0,1,0,0,0,1,0,0,1,0,0
t04_a12_B_k5,39,73,0,1,0,0,1,0,0,0,1,0,0,0,1,0,0,1,0,0
t04_a12_B_k5,39,74,0,1,0,0,1,0,0,0,1,0,0,0,1,0,1,1,0,0
t04_a12_B_k5,39,75,0,1,0,0,1,0,0,0,1,0,0,0,1,0,0,1,0,0
t04_a12_B_k5,39,76,0,1,0,0,1,0,0,0,1,0,0,0,1,0,0,1,0,0
t04_a12_B_k5,39,77,0,1,0,0,1,0,0,0,1,0,0,0,1,0,0,1,0,0
t04_a12_B_k5,39,78,0,1,1,0,1,0,0,0,1,0,0,0,1,0,0,1,0,0
t04_a12_B_k5,39,79,0,1,0,0,1,0,1,0,1,0,0,0,1,0,0,1,0,0
t04_a12_B_k5,39,80,0,1,0,0,1,0,0,0,1,0,0,0,1,0,0,1,0,0
t04_a12_B_k5,39,81,0,1,0,0,1,0,0,0,1,0,1,0,1,0,0,1,0,0
t04_a12_B_k5,39,82,0,1,0,0,1,0,0,0,1,0,0,0,1,0,0,1,0,0
t04_a12_B_k5,39,83,0,1,0,0,1,0,0,0,1,0,0,0,1,0,0,1,0,0
t04_a12_B_k5,39,84,0,1,0,0,1,0,0,0,1,0,0,0,1,0,0,1,0,0
t04_a12_B_k5,39,85,0,1,0,0,1,0,0,0,1,0,0,0,1,0,1,1,0,0
t04_a12_B_k5,39,86,0,1,0,0,1,0,0,0,1,0,0,0,1,0,0,1,0,0
t04_a12_B_k5,39,87,0,1,0,0,1,0,0,0,1,0,0,0,1,0,0,1,0,0
t04_a12_B_k5,39,88,0,1,0,0,1,0,0,0,1,0,0,0,1,0,0,1,0,0
t04_a12_B_k5,39,89,0,1,1,0,1,0,0,0,1,0,0,0,1,0,0,1,0,0
t04_a12_B_k5,39,90,0,1,0,0,1,0,1,0,1,0,0,0,1,0,0,1,0,0
t04_a12_B_k5,39,91,0,1,0,0,1,0,0,0,1,0,0,0,1,0,0,1,0,0
t04_a12_B_k5,39,92,0,1,0,0,1,0,0,0,1,0,1,0,1,0,0,1,0,0
t04_a12_B_k5,39,93,0,1,0,0,1,0,0,0,1,0,0,0,1,0,0,1,0,0
t04_a12_B_k5,39,94,0,1,0,0,1,0,0,0,1,0,0,0,1,0,0,1,0,0
t04_a12_B_k5,39,95,0,1,0,0,1,0,0,0,1,0,0,0,1,0,0,1,0,0
t04_a12_B_k5,39,96,0,1,0,0,1,0,0,0,1,0,0,0,1,0,1,1,0,0
t04_a12_B_k5,39,97,0,1,0,0,1,0,0,0,1,0,0,0,1,0,0,1,0,0
t04_a12_B_k5,39,98,0,1,0,0,1,0,0,0,1,0,0,0,1,0,0,1,0,0
t04_a12_B_k5,39,99,0,1,0,0,1,0,0,0,1,0,0,0,1,0,0,1,0,0
t04_a12_B_k5,39,100,0,1,1,0,1,0,0,0,1,0,0,0,1,0,0,1,0,0
t04_a12_B_k5,39,101,0,1,0,0,1,0,1,0,1,0,0,0,1,0,0,1,0,0
t04_a12_B_k5,39,102,0,1,0,0,1,0,0,0,1,0,0,0,1,0,0,1,0,0
t04_a12_B_k5,39,103,0,1,0,0,1,0,0,0,1,0,1,0,1,0,0,1,0,0
t04_a12_B_k5,39,104,0,1,0,0,1,0,0,0,1,0,0,0,1,0,0,1,0,0
t04_a12_B_k5,39,105,0,1,0,0,1,0,0,0,1,0,0,0,1,0,0,1,0,0
t04_a12_B_k5,39,106,0,1,0,0,1,0,0,0,1,0,0,0,1,0,0,1,0,0
t04_a12_B_k5,39,107,0,1,0,0,1,0,0,0,1,0,0,0,1,0,1,1,0,0
t04_a12_B_k5,39,108,0,1,0,0,1,0,0,0,1,0,0,0,1,0,0,1,0,0
t04_a12_B_k5,39,109,0,1,0,0,1,0,0,0,1,0,0,0,1,0,0,1,0,0
t04_a12_B_k5,39,110,0,1,0,0,1,0,0,0,1,0,0,0,1,0,0,1,0,0
t04_a12_B_k5,39,111,0,1,1,0,1,0,0,0,1,0,0,0,1,0,0,1,0,0
t04_a12_B_k5,39,112,0,1,0,0,1,0,1,0,1,0,0,0,1,0,0,1,0,0
t04_a12_B_k5,39,113,0,1,0,0,1,0,0,0,1,0,0,0,1,0,0,1,0,0
t04_a12_B_k5,39,114,0,1,0,0,1,0,0,0,1,0,1,0,1,0,0,1,0,0
t04_a12_B_k5,39,115,0,1,0,0,1,0,0,0,1,0,0,0,1,0,0,1,0,0
t04_a12_B_k5,39,116,0,1,0,0,1,0,0,0,1,0,0,0,1,0,0,1,0,0
t04_a12_B_k5,39,117,0,1,0,0,1,0,0,0,1,0,0,0,1,0,0,1,0,0
t04_a12_B_k5,39,118,0,1,0,0,1,0,0,0,1,0,0,0,1,0,1,1,0,0
t04_a12_B_k5,39,119,0,1,0,0,1,0,0,0,1,0,0,0,1,0,0,1,0,0
t04_a12_B_k5,39,120,0,1,0,0,1,0,0,0,1,0,0,0,1,0,0,1,0,0
