mode,cyc,S,A0,A1,X,a31o_X,sticky_Q
all0,0,0,1,0,1,0,0
all0,1,0,1,0,1,0,0
all0,2,0,1,0,1,0,0
all0,3,0,1,0,1,0,0
all0,4,0,1,0,1,0,0
all0,5,0,1,0,1,0,0
all0,6,0,1,0,1,0,0
all0,7,0,1,0,1,0,0
all0,8,0,1,0,1,0,0
all0,9,0,1,0,1,0,0
all0,10,0,1,0,1,1,0
all0,11,0,1,0,1,1,1
all0,12,0,1,0,1,1,1
all0,13,0,1,0,1,1,1
all0,14,0,1,0,1,1,1
all0,15,0,1,0,1,1,1
all0,16,0,1,0,1,1,1
all0,17,0,1,0,1,1,1
all0,18,0,1,0,1,1,1
all0,19,0,1,0,1,1,1
all0,20,0,1,0,1,1,1
all0,21,0,1,0,1,1,1
all0,22,0,1,0,1,1,1
all0,23,0,1,0,1,1,1
all0,24,0,1,0,1,1,1
all0,25,0,1,0,1,1,1
all0,26,0,1,0,1,1,1
all0,27,0,1,0,1,1,1
all0,28,0,1,0,1,1,1
all0,29,0,1,0,1,1,1
all0,30,0,1,0,1,1,1
all0,31,0,1,0,1,1,1
all0,32,0,1,0,1,1,1
all0,33,0,1,0,1,1,1
all0,34,0,1,0,1,1,1
all0,35,0,1,0,1,1,1
all0,36,0,1,0,1,1,1
all0,37,0,1,0,1,1,1
all0,38,0,1,0,1,1,1
all0,39,0,1,0,1,1,1
all0,40,0,1,0,1,1,1
all0,41,0,1,0,1,1,1
all0,42,0,1,0,1,1,1
all0,43,0,1,0,1,1,1
all0,44,0,1,0,1,1,1
all0,45,0,1,0,1,1,1
all0,46,0,1,0,1,1,1
all0,47,0,1,0,1,1,1
all0,48,0,1,0,1,1,1
all0,49,0,1,0,1,1,1
all0,50,0,1,0,1,1,1
all0,51,0,1,0,1,1,1
all0,52,0,1,0,1,1,1
all0,53,0,1,0,1,1,1
all0,54,0,1,0,1,1,1
all0,55,0,1,0,1,1,1
all0,56,0,1,0,1,1,1
all0,57,0,1,0,1,1,1
all0,58,0,1,0,1,1,1
all0,59,0,1,0,1,1,1
all0,60,0,1,0,1,1,1
all0,61,0,1,0,1,1,1
all0,62,0,1,0,1,1,1
all0,63,0,1,0,1,1,1
all0,64,0,1,0,1,1,1
all0,65,0,1,0,1,1,1
all0,66,0,1,0,1,1,1
all0,67,0,1,0,1,1,1
all0,68,0,1,0,1,1,1
all0,69,0,1,0,1,1,1
all0,70,0,1,0,1,1,1
all0,71,0,1,0,1,1,1
all0,72,0,1,0,1,1,1
all0,73,0,1,0,1,1,1
all0,74,0,1,0,1,1,1
all0,75,0,1,0,1,1,1
all0,76,0,1,0,1,1,1
all0,77,0,1,0,1,1,1
all0,78,0,1,0,1,1,1
all0,79,0,1,0,1,1,1
all0,80,0,1,0,1,1,1
all0,81,0,1,0,1,1,1
all0,82,0,1,0,1,1,1
all0,83,0,1,0,1,1,1
all0,84,0,1,0,1,1,1
all0,85,0,1,0,1,1,1
all0,86,0,1,0,1,1,1
all0,87,0,1,0,1,1,1
all0,88,0,1,0,1,1,1
all0,89,0,1,0,1,1,1
all0,90,0,1,0,1,1,1
all0,91,0,1,0,1,1,1
all0,92,0,1,0,1,1,1
all0,93,0,1,0,1,1,1
all0,94,0,1,0,1,1,1
all0,95,0,1,0,1,1,1
all0,96,0,1,0,1,1,1
all0,97,0,1,0,1,1,1
all0,98,0,1,0,1,1,1
all0,99,0,1,0,1,1,1
all0,100,0,1,0,1,1,1
all0,101,0,1,0,1,1,1
all0,102,0,1,0,1,1,1
all0,103,0,1,0,1,1,1
all0,104,0,1,0,1,1,1
all0,105,0,1,0,1,1,1
all0,106,0,1,0,1,1,1
all0,107,0,1,0,1,1,1
all0,108,0,1,0,1,1,1
all0,109,0,1,0,1,1,1
all0,110,0,1,0,1,1,1
all0,111,0,1,0,1,1,1
all0,112,0,1,0,1,1,1
all0,113,0,1,0,1,1,1
all0,114,0,1,0,1,1,1
all0,115,0,1,0,1,1,1
all0,116,0,1,0,1,1,1
all0,117,0,1,0,1,1,1
all0,118,0,1,0,1,1,1
all0,119,0,1,0,1,1,1
all0,120,0,1,0,1,1,1
I1_@2,0,0,1,0,1,0,0
I1_@2,1,0,1,0,1,0,0
I1_@2,2,0,1,1,1,0,0
I1_@2,3,0,1,1,1,0,0
I1_@2,4,0,1,1,1,0,0
I1_@2,5,0,1,1,1,0,0
I1_@2,6,0,1,1,1,0,0
I1_@2,7,0,1,1,1,0,0
I1_@2,8,0,1,1,1,0,0
I1_@2,9,0,1,1,1,0,0
I1_@2,10,0,1,1,1,1,0
I1_@2,11,0,1,0,1,1,1
I1_@2,12,0,1,0,1,1,1
I1_@2,13,0,1,0,1,1,1
I1_@2,14,0,1,0,1,1,1
I1_@2,15,0,1,0,1,1,1
I1_@2,16,0,1,0,1,1,1
I1_@2,17,0,1,0,1,1,1
I1_@2,18,0,1,0,1,1,1
I1_@2,19,0,1,0,1,1,1
I1_@2,20,0,1,0,1,1,1
I1_@2,21,0,1,0,1,1,1
I1_@2,22,0,1,0,1,1,1
I1_@2,23,0,1,0,1,1,1
I1_@2,24,0,1,0,1,1,1
I1_@2,25,0,1,0,1,1,1
I1_@2,26,0,1,0,1,1,1
I1_@2,27,0,1,0,1,1,1
I1_@2,28,0,1,0,1,1,1
I1_@2,29,0,1,0,1,1,1
I1_@2,30,0,1,0,1,1,1
I1_@2,31,0,1,0,1,1,1
I1_@2,32,0,1,0,1,1,1
I1_@2,33,0,1,0,1,1,1
I1_@2,34,0,1,0,1,1,1
I1_@2,35,0,1,0,1,1,1
I1_@2,36,0,1,0,1,1,1
I1_@2,37,0,1,0,1,1,1
I1_@2,38,0,1,0,1,1,1
I1_@2,39,0,1,0,1,1,1
I1_@2,40,0,1,0,1,1,1
I1_@2,41,0,1,0,1,1,1
I1_@2,42,0,1,0,1,1,1
I1_@2,43,0,1,0,1,1,1
I1_@2,44,0,1,0,1,1,1
I1_@2,45,0,1,0,1,1,1
I1_@2,46,0,1,0,1,1,1
I1_@2,47,0,1,0,1,1,1
I1_@2,48,0,1,0,1,1,1
I1_@2,49,0,1,0,1,1,1
I1_@2,50,0,1,0,1,1,1
I1_@2,51,0,1,0,1,1,1
I1_@2,52,0,1,0,1,1,1
I1_@2,53,0,1,0,1,1,1
I1_@2,54,0,1,0,1,1,1
I1_@2,55,0,1,0,1,1,1
I1_@2,56,0,1,0,1,1,1
I1_@2,57,0,1,0,1,1,1
I1_@2,58,0,1,0,1,1,1
I1_@2,59,0,1,0,1,1,1
I1_@2,60,0,1,0,1,1,1
I1_@2,61,0,1,0,1,1,1
I1_@2,62,0,1,0,1,1,1
I1_@2,63,0,1,0,1,1,1
I1_@2,64,0,1,0,1,1,1
I1_@2,65,0,1,0,1,1,1
I1_@2,66,0,1,0,1,1,1
I1_@2,67,0,1,0,1,1,1
I1_@2,68,0,1,0,1,1,1
I1_@2,69,0,1,0,1,1,1
I1_@2,70,0,1,0,1,1,1
I1_@2,71,0,1,0,1,1,1
I1_@2,72,0,1,0,1,1,1
I1_@2,73,0,1,0,1,1,1
I1_@2,74,0,1,0,1,1,1
I1_@2,75,0,1,0,1,1,1
I1_@2,76,0,1,0,1,1,1
I1_@2,77,0,1,0,1,1,1
I1_@2,78,0,1,0,1,1,1
I1_@2,79,0,1,0,1,1,1
I1_@2,80,0,1,0,1,1,1
I1_@2,81,0,1,0,1,1,1
I1_@2,82,0,1,0,1,1,1
I1_@2,83,0,1,0,1,1,1
I1_@2,84,0,1,0,1,1,1
I1_@2,85,0,1,0,1,1,1
I1_@2,86,0,1,0,1,1,1
I1_@2,87,0,1,0,1,1,1
I1_@2,88,0,1,0,1,1,1
I1_@2,89,0,1,0,1,1,1
I1_@2,90,0,1,0,1,1,1
I1_@2,91,0,1,0,1,1,1
I1_@2,92,0,1,0,1,1,1
I1_@2,93,0,1,0,1,1,1
I1_@2,94,0,1,0,1,1,1
I1_@2,95,0,1,0,1,1,1
I1_@2,96,0,1,0,1,1,1
I1_@2,97,0,1,0,1,1,1
I1_@2,98,0,1,0,1,1,1
I1_@2,99,0,1,0,1,1,1
I1_@2,100,0,1,0,1,1,1
I1_@2,101,0,1,0,1,1,1
I1_@2,102,0,1,0,1,1,1
I1_@2,103,0,1,0,1,1,1
I1_@2,104,0,1,0,1,1,1
I1_@2,105,0,1,0,1,1,1
I1_@2,106,0,1,0,1,1,1
I1_@2,107,0,1,0,1,1,1
I1_@2,108,0,1,0,1,1,1
I1_@2,109,0,1,0,1,1,1
I1_@2,110,0,1,0,1,1,1
I1_@2,111,0,1,0,1,1,1
I1_@2,112,0,1,0,1,1,1
I1_@2,113,0,1,0,1,1,1
I1_@2,114,0,1,0,1,1,1
I1_@2,115,0,1,0,1,1,1
I1_@2,116,0,1,0,1,1,1
I1_@2,117,0,1,0,1,1,1
I1_@2,118,0,1,0,1,1,1
I1_@2,119,0,1,0,1,1,1
I1_@2,120,0,1,0,1,1,1
I1_@3,0,0,1,0,1,0,0
I1_@3,1,0,1,0,1,0,0
I1_@3,2,0,1,0,1,0,0
I1_@3,3,0,1,1,1,0,0
I1_@3,4,0,1,1,1,0,0
I1_@3,5,0,1,1,1,0,0
I1_@3,6,0,1,1,1,0,0
I1_@3,7,0,1,1,1,0,0
I1_@3,8,0,1,1,1,0,0
I1_@3,9,0,1,1,1,0,0
I1_@3,10,0,1,1,1,1,0
I1_@3,11,0,1,0,1,1,1
I1_@3,12,0,1,0,1,1,1
I1_@3,13,0,1,0,1,1,1
I1_@3,14,0,1,0,1,1,1
I1_@3,15,0,1,0,1,1,1
I1_@3,16,0,1,0,1,1,1
I1_@3,17,0,1,0,1,1,1
I1_@3,18,0,1,0,1,1,1
I1_@3,19,0,1,0,1,1,1
I1_@3,20,0,1,0,1,1,1
I1_@3,21,0,1,0,1,1,1
I1_@3,22,0,1,0,1,1,1
I1_@3,23,0,1,0,1,1,1
I1_@3,24,0,1,0,1,1,1
I1_@3,25,0,1,0,1,1,1
I1_@3,26,0,1,0,1,1,1
I1_@3,27,0,1,0,1,1,1
I1_@3,28,0,1,0,1,1,1
I1_@3,29,0,1,0,1,1,1
I1_@3,30,0,1,0,1,1,1
I1_@3,31,0,1,0,1,1,1
I1_@3,32,0,1,0,1,1,1
I1_@3,33,0,1,0,1,1,1
I1_@3,34,0,1,0,1,1,1
I1_@3,35,0,1,0,1,1,1
I1_@3,36,0,1,0,1,1,1
I1_@3,37,0,1,0,1,1,1
I1_@3,38,0,1,0,1,1,1
I1_@3,39,0,1,0,1,1,1
I1_@3,40,0,1,0,1,1,1
I1_@3,41,0,1,0,1,1,1
I1_@3,42,0,1,0,1,1,1
I1_@3,43,0,1,0,1,1,1
I1_@3,44,0,1,0,1,1,1
I1_@3,45,0,1,0,1,1,1
I1_@3,46,0,1,0,1,1,1
I1_@3,47,0,1,0,1,1,1
I1_@3,48,0,1,0,1,1,1
I1_@3,49,0,1,0,1,1,1
I1_@3,50,0,1,0,1,1,1
I1_@3,51,0,1,0,1,1,1
I1_@3,52,0,1,0,1,1,1
I1_@3,53,0,1,0,1,1,1
I1_@3,54,0,1,0,1,1,1
I1_@3,55,0,1,0,1,1,1
I1_@3,56,0,1,0,1,1,1
I1_@3,57,0,1,0,1,1,1
I1_@3,58,0,1,0,1,1,1
I1_@3,59,0,1,0,1,1,1
I1_@3,60,0,1,0,1,1,1
I1_@3,61,0,1,0,1,1,1
I1_@3,62,0,1,0,1,1,1
I1_@3,63,0,1,0,1,1,1
I1_@3,64,0,1,0,1,1,1
I1_@3,65,0,1,0,1,1,1
I1_@3,66,0,1,0,1,1,1
I1_@3,67,0,1,0,1,1,1
I1_@3,68,0,1,0,1,1,1
I1_@3,69,0,1,0,1,1,1
I1_@3,70,0,1,0,1,1,1
I1_@3,71,0,1,0,1,1,1
I1_@3,72,0,1,0,1,1,1
I1_@3,73,0,1,0,1,1,1
I1_@3,74,0,1,0,1,1,1
I1_@3,75,0,1,0,1,1,1
I1_@3,76,0,1,0,1,1,1
I1_@3,77,0,1,0,1,1,1
I1_@3,78,0,1,0,1,1,1
I1_@3,79,0,1,0,1,1,1
I1_@3,80,0,1,0,1,1,1
I1_@3,81,0,1,0,1,1,1
I1_@3,82,0,1,0,1,1,1
I1_@3,83,0,1,0,1,1,1
I1_@3,84,0,1,0,1,1,1
I1_@3,85,0,1,0,1,1,1
I1_@3,86,0,1,0,1,1,1
I1_@3,87,0,1,0,1,1,1
I1_@3,88,0,1,0,1,1,1
I1_@3,89,0,1,0,1,1,1
I1_@3,90,0,1,0,1,1,1
I1_@3,91,0,1,0,1,1,1
I1_@3,92,0,1,0,1,1,1
I1_@3,93,0,1,0,1,1,1
I1_@3,94,0,1,0,1,1,1
I1_@3,95,0,1,0,1,1,1
I1_@3,96,0,1,0,1,1,1
I1_@3,97,0,1,0,1,1,1
I1_@3,98,0,1,0,1,1,1
I1_@3,99,0,1,0,1,1,1
I1_@3,100,0,1,0,1,1,1
I1_@3,101,0,1,0,1,1,1
I1_@3,102,0,1,0,1,1,1
I1_@3,103,0,1,0,1,1,1
I1_@3,104,0,1,0,1,1,1
I1_@3,105,0,1,0,1,1,1
I1_@3,106,0,1,0,1,1,1
I1_@3,107,0,1,0,1,1,1
I1_@3,108,0,1,0,1,1,1
I1_@3,109,0,1,0,1,1,1
I1_@3,110,0,1,0,1,1,1
I1_@3,111,0,1,0,1,1,1
I1_@3,112,0,1,0,1,1,1
I1_@3,113,0,1,0,1,1,1
I1_@3,114,0,1,0,1,1,1
I1_@3,115,0,1,0,1,1,1
I1_@3,116,0,1,0,1,1,1
I1_@3,117,0,1,0,1,1,1
I1_@3,118,0,1,0,1,1,1
I1_@3,119,0,1,0,1,1,1
I1_@3,120,0,1,0,1,1,1
I1_@4,0,0,1,0,1,0,0
I1_@4,1,0,1,0,1,0,0
I1_@4,2,0,1,0,1,0,0
I1_@4,3,0,1,0,1,0,0
I1_@4,4,0,1,1,1,0,0
I1_@4,5,0,1,1,1,0,0
I1_@4,6,0,1,1,1,0,0
I1_@4,7,0,1,1,1,0,0
I1_@4,8,0,1,1,1,0,0
I1_@4,9,0,1,1,1,0,0
I1_@4,10,0,1,1,1,1,0
I1_@4,11,0,1,0,1,1,1
I1_@4,12,0,1,0,1,1,1
I1_@4,13,0,1,0,1,1,1
I1_@4,14,0,1,0,1,1,1
I1_@4,15,0,1,0,1,1,1
I1_@4,16,0,1,0,1,1,1
I1_@4,17,0,1,0,1,1,1
I1_@4,18,0,1,0,1,1,1
I1_@4,19,0,1,0,1,1,1
I1_@4,20,0,1,0,1,1,1
I1_@4,21,0,1,0,1,1,1
I1_@4,22,0,1,0,1,1,1
I1_@4,23,0,1,0,1,1,1
I1_@4,24,0,1,0,1,1,1
I1_@4,25,0,1,0,1,1,1
I1_@4,26,0,1,0,1,1,1
I1_@4,27,0,1,0,1,1,1
I1_@4,28,0,1,0,1,1,1
I1_@4,29,0,1,0,1,1,1
I1_@4,30,0,1,0,1,1,1
I1_@4,31,0,1,0,1,1,1
I1_@4,32,0,1,0,1,1,1
I1_@4,33,0,1,0,1,1,1
I1_@4,34,0,1,0,1,1,1
I1_@4,35,0,1,0,1,1,1
I1_@4,36,0,1,0,1,1,1
I1_@4,37,0,1,0,1,1,1
I1_@4,38,0,1,0,1,1,1
I1_@4,39,0,1,0,1,1,1
I1_@4,40,0,1,0,1,1,1
I1_@4,41,0,1,0,1,1,1
I1_@4,42,0,1,0,1,1,1
I1_@4,43,0,1,0,1,1,1
I1_@4,44,0,1,0,1,1,1
I1_@4,45,0,1,0,1,1,1
I1_@4,46,0,1,0,1,1,1
I1_@4,47,0,1,0,1,1,1
I1_@4,48,0,1,0,1,1,1
I1_@4,49,0,1,0,1,1,1
I1_@4,50,0,1,0,1,1,1
I1_@4,51,0,1,0,1,1,1
I1_@4,52,0,1,0,1,1,1
I1_@4,53,0,1,0,1,1,1
I1_@4,54,0,1,0,1,1,1
I1_@4,55,0,1,0,1,1,1
I1_@4,56,0,1,0,1,1,1
I1_@4,57,0,1,0,1,1,1
I1_@4,58,0,1,0,1,1,1
I1_@4,59,0,1,0,1,1,1
I1_@4,60,0,1,0,1,1,1
I1_@4,61,0,1,0,1,1,1
I1_@4,62,0,1,0,1,1,1
I1_@4,63,0,1,0,1,1,1
I1_@4,64,0,1,0,1,1,1
I1_@4,65,0,1,0,1,1,1
I1_@4,66,0,1,0,1,1,1
I1_@4,67,0,1,0,1,1,1
I1_@4,68,0,1,0,1,1,1
I1_@4,69,0,1,0,1,1,1
I1_@4,70,0,1,0,1,1,1
I1_@4,71,0,1,0,1,1,1
I1_@4,72,0,1,0,1,1,1
I1_@4,73,0,1,0,1,1,1
I1_@4,74,0,1,0,1,1,1
I1_@4,75,0,1,0,1,1,1
I1_@4,76,0,1,0,1,1,1
I1_@4,77,0,1,0,1,1,1
I1_@4,78,0,1,0,1,1,1
I1_@4,79,0,1,0,1,1,1
I1_@4,80,0,1,0,1,1,1
I1_@4,81,0,1,0,1,1,1
I1_@4,82,0,1,0,1,1,1
I1_@4,83,0,1,0,1,1,1
I1_@4,84,0,1,0,1,1,1
I1_@4,85,0,1,0,1,1,1
I1_@4,86,0,1,0,1,1,1
I1_@4,87,0,1,0,1,1,1
I1_@4,88,0,1,0,1,1,1
I1_@4,89,0,1,0,1,1,1
I1_@4,90,0,1,0,1,1,1
I1_@4,91,0,1,0,1,1,1
I1_@4,92,0,1,0,1,1,1
I1_@4,93,0,1,0,1,1,1
I1_@4,94,0,1,0,1,1,1
I1_@4,95,0,1,0,1,1,1
I1_@4,96,0,1,0,1,1,1
I1_@4,97,0,1,0,1,1,1
I1_@4,98,0,1,0,1,1,1
I1_@4,99,0,1,0,1,1,1
I1_@4,100,0,1,0,1,1,1
I1_@4,101,0,1,0,1,1,1
I1_@4,102,0,1,0,1,1,1
I1_@4,103,0,1,0,1,1,1
I1_@4,104,0,1,0,1,1,1
I1_@4,105,0,1,0,1,1,1
I1_@4,106,0,1,0,1,1,1
I1_@4,107,0,1,0,1,1,1
I1_@4,108,0,1,0,1,1,1
I1_@4,109,0,1,0,1,1,1
I1_@4,110,0,1,0,1,1,1
I1_@4,111,0,1,0,1,1,1
I1_@4,112,0,1,0,1,1,1
I1_@4,113,0,1,0,1,1,1
I1_@4,114,0,1,0,1,1,1
I1_@4,115,0,1,0,1,1,1
I1_@4,116,0,1,0,1,1,1
I1_@4,117,0,1,0,1,1,1
I1_@4,118,0,1,0,1,1,1
I1_@4,119,0,1,0,1,1,1
I1_@4,120,0,1,0,1,1,1
I1_@5,0,0,1,0,1,0,0
I1_@5,1,0,1,0,1,0,0
I1_@5,2,0,1,0,1,0,0
I1_@5,3,0,1,0,1,0,0
I1_@5,4,0,1,0,1,0,0
I1_@5,5,0,1,1,1,0,0
I1_@5,6,0,1,1,1,0,0
I1_@5,7,0,1,1,1,0,0
I1_@5,8,0,1,1,1,0,0
I1_@5,9,0,1,1,1,0,0
I1_@5,10,0,1,1,1,1,0
I1_@5,11,0,1,0,1,1,1
I1_@5,12,0,1,0,1,1,1
I1_@5,13,0,1,0,1,1,1
I1_@5,14,0,1,0,1,1,1
I1_@5,15,0,1,0,1,1,1
I1_@5,16,0,1,0,1,1,1
I1_@5,17,0,1,0,1,1,1
I1_@5,18,0,1,0,1,1,1
I1_@5,19,0,1,0,1,1,1
I1_@5,20,0,1,0,1,1,1
I1_@5,21,0,1,0,1,1,1
I1_@5,22,0,1,0,1,1,1
I1_@5,23,0,1,0,1,1,1
I1_@5,24,0,1,0,1,1,1
I1_@5,25,0,1,0,1,1,1
I1_@5,26,0,1,0,1,1,1
I1_@5,27,0,1,0,1,1,1
I1_@5,28,0,1,0,1,1,1
I1_@5,29,0,1,0,1,1,1
I1_@5,30,0,1,0,1,1,1
I1_@5,31,0,1,0,1,1,1
I1_@5,32,0,1,0,1,1,1
I1_@5,33,0,1,0,1,1,1
I1_@5,34,0,1,0,1,1,1
I1_@5,35,0,1,0,1,1,1
I1_@5,36,0,1,0,1,1,1
I1_@5,37,0,1,0,1,1,1
I1_@5,38,0,1,0,1,1,1
I1_@5,39,0,1,0,1,1,1
I1_@5,40,0,1,0,1,1,1
I1_@5,41,0,1,0,1,1,1
I1_@5,42,0,1,0,1,1,1
I1_@5,43,0,1,0,1,1,1
I1_@5,44,0,1,0,1,1,1
I1_@5,45,0,1,0,1,1,1
I1_@5,46,0,1,0,1,1,1
I1_@5,47,0,1,0,1,1,1
I1_@5,48,0,1,0,1,1,1
I1_@5,49,0,1,0,1,1,1
I1_@5,50,0,1,0,1,1,1
I1_@5,51,0,1,0,1,1,1
I1_@5,52,0,1,0,1,1,1
I1_@5,53,0,1,0,1,1,1
I1_@5,54,0,1,0,1,1,1
I1_@5,55,0,1,0,1,1,1
I1_@5,56,0,1,0,1,1,1
I1_@5,57,0,1,0,1,1,1
I1_@5,58,0,1,0,1,1,1
I1_@5,59,0,1,0,1,1,1
I1_@5,60,0,1,0,1,1,1
I1_@5,61,0,1,0,1,1,1
I1_@5,62,0,1,0,1,1,1
I1_@5,63,0,1,0,1,1,1
I1_@5,64,0,1,0,1,1,1
I1_@5,65,0,1,0,1,1,1
I1_@5,66,0,1,0,1,1,1
I1_@5,67,0,1,0,1,1,1
I1_@5,68,0,1,0,1,1,1
I1_@5,69,0,1,0,1,1,1
I1_@5,70,0,1,0,1,1,1
I1_@5,71,0,1,0,1,1,1
I1_@5,72,0,1,0,1,1,1
I1_@5,73,0,1,0,1,1,1
I1_@5,74,0,1,0,1,1,1
I1_@5,75,0,1,0,1,1,1
I1_@5,76,0,1,0,1,1,1
I1_@5,77,0,1,0,1,1,1
I1_@5,78,0,1,0,1,1,1
I1_@5,79,0,1,0,1,1,1
I1_@5,80,0,1,0,1,1,1
I1_@5,81,0,1,0,1,1,1
I1_@5,82,0,1,0,1,1,1
I1_@5,83,0,1,0,1,1,1
I1_@5,84,0,1,0,1,1,1
I1_@5,85,0,1,0,1,1,1
I1_@5,86,0,1,0,1,1,1
I1_@5,87,0,1,0,1,1,1
I1_@5,88,0,1,0,1,1,1
I1_@5,89,0,1,0,1,1,1
I1_@5,90,0,1,0,1,1,1
I1_@5,91,0,1,0,1,1,1
I1_@5,92,0,1,0,1,1,1
I1_@5,93,0,1,0,1,1,1
I1_@5,94,0,1,0,1,1,1
I1_@5,95,0,1,0,1,1,1
I1_@5,96,0,1,0,1,1,1
I1_@5,97,0,1,0,1,1,1
I1_@5,98,0,1,0,1,1,1
I1_@5,99,0,1,0,1,1,1
I1_@5,100,0,1,0,1,1,1
I1_@5,101,0,1,0,1,1,1
I1_@5,102,0,1,0,1,1,1
I1_@5,103,0,1,0,1,1,1
I1_@5,104,0,1,0,1,1,1
I1_@5,105,0,1,0,1,1,1
I1_@5,106,0,1,0,1,1,1
I1_@5,107,0,1,0,1,1,1
I1_@5,108,0,1,0,1,1,1
I1_@5,109,0,1,0,1,1,1
I1_@5,110,0,1,0,1,1,1
I1_@5,111,0,1,0,1,1,1
I1_@5,112,0,1,0,1,1,1
I1_@5,113,0,1,0,1,1,1
I1_@5,114,0,1,0,1,1,1
I1_@5,115,0,1,0,1,1,1
I1_@5,116,0,1,0,1,1,1
I1_@5,117,0,1,0,1,1,1
I1_@5,118,0,1,0,1,1,1
I1_@5,119,0,1,0,1,1,1
I1_@5,120,0,1,0,1,1,1
I1_@6,0,0,1,0,1,0,0
I1_@6,1,0,1,0,1,0,0
I1_@6,2,0,1,0,1,0,0
I1_@6,3,0,1,0,1,0,0
I1_@6,4,0,1,0,1,0,0
I1_@6,5,0,1,0,1,0,0
I1_@6,6,0,1,1,1,0,0
I1_@6,7,0,1,1,1,0,0
I1_@6,8,0,1,1,1,0,0
I1_@6,9,0,1,1,1,0,0
I1_@6,10,0,1,1,1,1,0
I1_@6,11,0,1,0,1,1,1
I1_@6,12,0,1,0,1,1,1
I1_@6,13,0,1,0,1,1,1
I1_@6,14,0,1,0,1,1,1
I1_@6,15,0,1,0,1,1,1
I1_@6,16,0,1,0,1,1,1
I1_@6,17,0,1,0,1,1,1
I1_@6,18,0,1,0,1,1,1
I1_@6,19,0,1,0,1,1,1
I1_@6,20,0,1,0,1,1,1
I1_@6,21,0,1,0,1,1,1
I1_@6,22,0,1,0,1,1,1
I1_@6,23,0,1,0,1,1,1
I1_@6,24,0,1,0,1,1,1
I1_@6,25,0,1,0,1,1,1
I1_@6,26,0,1,0,1,1,1
I1_@6,27,0,1,0,1,1,1
I1_@6,28,0,1,0,1,1,1
I1_@6,29,0,1,0,1,1,1
I1_@6,30,0,1,0,1,1,1
I1_@6,31,0,1,0,1,1,1
I1_@6,32,0,1,0,1,1,1
I1_@6,33,0,1,0,1,1,1
I1_@6,34,0,1,0,1,1,1
I1_@6,35,0,1,0,1,1,1
I1_@6,36,0,1,0,1,1,1
I1_@6,37,0,1,0,1,1,1
I1_@6,38,0,1,0,1,1,1
I1_@6,39,0,1,0,1,1,1
I1_@6,40,0,1,0,1,1,1
I1_@6,41,0,1,0,1,1,1
I1_@6,42,0,1,0,1,1,1
I1_@6,43,0,1,0,1,1,1
I1_@6,44,0,1,0,1,1,1
I1_@6,45,0,1,0,1,1,1
I1_@6,46,0,1,0,1,1,1
I1_@6,47,0,1,0,1,1,1
I1_@6,48,0,1,0,1,1,1
I1_@6,49,0,1,0,1,1,1
I1_@6,50,0,1,0,1,1,1
I1_@6,51,0,1,0,1,1,1
I1_@6,52,0,1,0,1,1,1
I1_@6,53,0,1,0,1,1,1
I1_@6,54,0,1,0,1,1,1
I1_@6,55,0,1,0,1,1,1
I1_@6,56,0,1,0,1,1,1
I1_@6,57,0,1,0,1,1,1
I1_@6,58,0,1,0,1,1,1
I1_@6,59,0,1,0,1,1,1
I1_@6,60,0,1,0,1,1,1
I1_@6,61,0,1,0,1,1,1
I1_@6,62,0,1,0,1,1,1
I1_@6,63,0,1,0,1,1,1
I1_@6,64,0,1,0,1,1,1
I1_@6,65,0,1,0,1,1,1
I1_@6,66,0,1,0,1,1,1
I1_@6,67,0,1,0,1,1,1
I1_@6,68,0,1,0,1,1,1
I1_@6,69,0,1,0,1,1,1
I1_@6,70,0,1,0,1,1,1
I1_@6,71,0,1,0,1,1,1
I1_@6,72,0,1,0,1,1,1
I1_@6,73,0,1,0,1,1,1
I1_@6,74,0,1,0,1,1,1
I1_@6,75,0,1,0,1,1,1
I1_@6,76,0,1,0,1,1,1
I1_@6,77,0,1,0,1,1,1
I1_@6,78,0,1,0,1,1,1
I1_@6,79,0,1,0,1,1,1
I1_@6,80,0,1,0,1,1,1
I1_@6,81,0,1,0,1,1,1
I1_@6,82,0,1,0,1,1,1
I1_@6,83,0,1,0,1,1,1
I1_@6,84,0,1,0,1,1,1
I1_@6,85,0,1,0,1,1,1
I1_@6,86,0,1,0,1,1,1
I1_@6,87,0,1,0,1,1,1
I1_@6,88,0,1,0,1,1,1
I1_@6,89,0,1,0,1,1,1
I1_@6,90,0,1,0,1,1,1
I1_@6,91,0,1,0,1,1,1
I1_@6,92,0,1,0,1,1,1
I1_@6,93,0,1,0,1,1,1
I1_@6,94,0,1,0,1,1,1
I1_@6,95,0,1,0,1,1,1
I1_@6,96,0,1,0,1,1,1
I1_@6,97,0,1,0,1,1,1
I1_@6,98,0,1,0,1,1,1
I1_@6,99,0,1,0,1,1,1
I1_@6,100,0,1,0,1,1,1
I1_@6,101,0,1,0,1,1,1
I1_@6,102,0,1,0,1,1,1
I1_@6,103,0,1,0,1,1,1
I1_@6,104,0,1,0,1,1,1
I1_@6,105,0,1,0,1,1,1
I1_@6,106,0,1,0,1,1,1
I1_@6,107,0,1,0,1,1,1
I1_@6,108,0,1,0,1,1,1
I1_@6,109,0,1,0,1,1,1
I1_@6,110,0,1,0,1,1,1
I1_@6,111,0,1,0,1,1,1
I1_@6,112,0,1,0,1,1,1
I1_@6,113,0,1,0,1,1,1
I1_@6,114,0,1,0,1,1,1
I1_@6,115,0,1,0,1,1,1
I1_@6,116,0,1,0,1,1,1
I1_@6,117,0,1,0,1,1,1
I1_@6,118,0,1,0,1,1,1
I1_@6,119,0,1,0,1,1,1
I1_@6,120,0,1,0,1,1,1
I1_@7,0,0,1,0,1,0,0
I1_@7,1,0,1,0,1,0,0
I1_@7,2,0,1,0,1,0,0
I1_@7,3,0,1,0,1,0,0
I1_@7,4,0,1,0,1,0,0
I1_@7,5,0,1,0,1,0,0
I1_@7,6,0,1,0,1,0,0
I1_@7,7,0,1,1,1,0,0
I1_@7,8,0,1,1,1,0,0
I1_@7,9,0,1,1,1,0,0
I1_@7,10,0,1,1,1,1,0
I1_@7,11,0,1,0,1,1,1
I1_@7,12,0,1,0,1,1,1
I1_@7,13,0,1,0,1,1,1
I1_@7,14,0,1,0,1,1,1
I1_@7,15,0,1,0,1,1,1
I1_@7,16,0,1,0,1,1,1
I1_@7,17,0,1,0,1,1,1
I1_@7,18,0,1,0,1,1,1
I1_@7,19,0,1,0,1,1,1
I1_@7,20,0,1,0,1,1,1
I1_@7,21,0,1,0,1,1,1
I1_@7,22,0,1,0,1,1,1
I1_@7,23,0,1,0,1,1,1
I1_@7,24,0,1,0,1,1,1
I1_@7,25,0,1,0,1,1,1
I1_@7,26,0,1,0,1,1,1
I1_@7,27,0,1,0,1,1,1
I1_@7,28,0,1,0,1,1,1
I1_@7,29,0,1,0,1,1,1
I1_@7,30,0,1,0,1,1,1
I1_@7,31,0,1,0,1,1,1
I1_@7,32,0,1,0,1,1,1
I1_@7,33,0,1,0,1,1,1
I1_@7,34,0,1,0,1,1,1
I1_@7,35,0,1,0,1,1,1
I1_@7,36,0,1,0,1,1,1
I1_@7,37,0,1,0,1,1,1
I1_@7,38,0,1,0,1,1,1
I1_@7,39,0,1,0,1,1,1
I1_@7,40,0,1,0,1,1,1
I1_@7,41,0,1,0,1,1,1
I1_@7,42,0,1,0,1,1,1
I1_@7,43,0,1,0,1,1,1
I1_@7,44,0,1,0,1,1,1
I1_@7,45,0,1,0,1,1,1
I1_@7,46,0,1,0,1,1,1
I1_@7,47,0,1,0,1,1,1
I1_@7,48,0,1,0,1,1,1
I1_@7,49,0,1,0,1,1,1
I1_@7,50,0,1,0,1,1,1
I1_@7,51,0,1,0,1,1,1
I1_@7,52,0,1,0,1,1,1
I1_@7,53,0,1,0,1,1,1
I1_@7,54,0,1,0,1,1,1
I1_@7,55,0,1,0,1,1,1
I1_@7,56,0,1,0,1,1,1
I1_@7,57,0,1,0,1,1,1
I1_@7,58,0,1,0,1,1,1
I1_@7,59,0,1,0,1,1,1
I1_@7,60,0,1,0,1,1,1
I1_@7,61,0,1,0,1,1,1
I1_@7,62,0,1,0,1,1,1
I1_@7,63,0,1,0,1,1,1
I1_@7,64,0,1,0,1,1,1
I1_@7,65,0,1,0,1,1,1
I1_@7,66,0,1,0,1,1,1
I1_@7,67,0,1,0,1,1,1
I1_@7,68,0,1,0,1,1,1
I1_@7,69,0,1,0,1,1,1
I1_@7,70,0,1,0,1,1,1
I1_@7,71,0,1,0,1,1,1
I1_@7,72,0,1,0,1,1,1
I1_@7,73,0,1,0,1,1,1
I1_@7,74,0,1,0,1,1,1
I1_@7,75,0,1,0,1,1,1
I1_@7,76,0,1,0,1,1,1
I1_@7,77,0,1,0,1,1,1
I1_@7,78,0,1,0,1,1,1
I1_@7,79,0,1,0,1,1,1
I1_@7,80,0,1,0,1,1,1
I1_@7,81,0,1,0,1,1,1
I1_@7,82,0,1,0,1,1,1
I1_@7,83,0,1,0,1,1,1
I1_@7,84,0,1,0,1,1,1
I1_@7,85,0,1,0,1,1,1
I1_@7,86,0,1,0,1,1,1
I1_@7,87,0,1,0,1,1,1
I1_@7,88,0,1,0,1,1,1
I1_@7,89,0,1,0,1,1,1
I1_@7,90,0,1,0,1,1,1
I1_@7,91,0,1,0,1,1,1
I1_@7,92,0,1,0,1,1,1
I1_@7,93,0,1,0,1,1,1
I1_@7,94,0,1,0,1,1,1
I1_@7,95,0,1,0,1,1,1
I1_@7,96,0,1,0,1,1,1
I1_@7,97,0,1,0,1,1,1
I1_@7,98,0,1,0,1,1,1
I1_@7,99,0,1,0,1,1,1
I1_@7,100,0,1,0,1,1,1
I1_@7,101,0,1,0,1,1,1
I1_@7,102,0,1,0,1,1,1
I1_@7,103,0,1,0,1,1,1
I1_@7,104,0,1,0,1,1,1
I1_@7,105,0,1,0,1,1,1
I1_@7,106,0,1,0,1,1,1
I1_@7,107,0,1,0,1,1,1
I1_@7,108,0,1,0,1,1,1
I1_@7,109,0,1,0,1,1,1
I1_@7,110,0,1,0,1,1,1
I1_@7,111,0,1,0,1,1,1
I1_@7,112,0,1,0,1,1,1
I1_@7,113,0,1,0,1,1,1
I1_@7,114,0,1,0,1,1,1
I1_@7,115,0,1,0,1,1,1
I1_@7,116,0,1,0,1,1,1
I1_@7,117,0,1,0,1,1,1
I1_@7,118,0,1,0,1,1,1
I1_@7,119,0,1,0,1,1,1
I1_@7,120,0,1,0,1,1,1
I1_@8,0,0,1,0,1,0,0
I1_@8,1,0,1,0,1,0,0
I1_@8,2,0,1,0,1,0,0
I1_@8,3,0,1,0,1,0,0
I1_@8,4,0,1,0,1,0,0
I1_@8,5,0,1,0,1,0,0
I1_@8,6,0,1,0,1,0,0
I1_@8,7,0,1,0,1,0,0
I1_@8,8,0,1,1,1,0,0
I1_@8,9,0,1,1,1,0,0
I1_@8,10,0,1,1,1,1,0
I1_@8,11,0,1,0,1,1,1
I1_@8,12,0,1,0,1,1,1
I1_@8,13,0,1,0,1,1,1
I1_@8,14,0,1,0,1,1,1
I1_@8,15,0,1,0,1,1,1
I1_@8,16,0,1,0,1,1,1
I1_@8,17,0,1,0,1,1,1
I1_@8,18,0,1,0,1,1,1
I1_@8,19,0,1,0,1,1,1
I1_@8,20,0,1,0,1,1,1
I1_@8,21,0,1,0,1,1,1
I1_@8,22,0,1,0,1,1,1
I1_@8,23,0,1,0,1,1,1
I1_@8,24,0,1,0,1,1,1
I1_@8,25,0,1,0,1,1,1
I1_@8,26,0,1,0,1,1,1
I1_@8,27,0,1,0,1,1,1
I1_@8,28,0,1,0,1,1,1
I1_@8,29,0,1,0,1,1,1
I1_@8,30,0,1,0,1,1,1
I1_@8,31,0,1,0,1,1,1
I1_@8,32,0,1,0,1,1,1
I1_@8,33,0,1,0,1,1,1
I1_@8,34,0,1,0,1,1,1
I1_@8,35,0,1,0,1,1,1
I1_@8,36,0,1,0,1,1,1
I1_@8,37,0,1,0,1,1,1
I1_@8,38,0,1,0,1,1,1
I1_@8,39,0,1,0,1,1,1
I1_@8,40,0,1,0,1,1,1
I1_@8,41,0,1,0,1,1,1
I1_@8,42,0,1,0,1,1,1
I1_@8,43,0,1,0,1,1,1
I1_@8,44,0,1,0,1,1,1
I1_@8,45,0,1,0,1,1,1
I1_@8,46,0,1,0,1,1,1
I1_@8,47,0,1,0,1,1,1
I1_@8,48,0,1,0,1,1,1
I1_@8,49,0,1,0,1,1,1
I1_@8,50,0,1,0,1,1,1
I1_@8,51,0,1,0,1,1,1
I1_@8,52,0,1,0,1,1,1
I1_@8,53,0,1,0,1,1,1
I1_@8,54,0,1,0,1,1,1
I1_@8,55,0,1,0,1,1,1
I1_@8,56,0,1,0,1,1,1
I1_@8,57,0,1,0,1,1,1
I1_@8,58,0,1,0,1,1,1
I1_@8,59,0,1,0,1,1,1
I1_@8,60,0,1,0,1,1,1
I1_@8,61,0,1,0,1,1,1
I1_@8,62,0,1,0,1,1,1
I1_@8,63,0,1,0,1,1,1
I1_@8,64,0,1,0,1,1,1
I1_@8,65,0,1,0,1,1,1
I1_@8,66,0,1,0,1,1,1
I1_@8,67,0,1,0,1,1,1
I1_@8,68,0,1,0,1,1,1
I1_@8,69,0,1,0,1,1,1
I1_@8,70,0,1,0,1,1,1
I1_@8,71,0,1,0,1,1,1
I1_@8,72,0,1,0,1,1,1
I1_@8,73,0,1,0,1,1,1
I1_@8,74,0,1,0,1,1,1
I1_@8,75,0,1,0,1,1,1
I1_@8,76,0,1,0,1,1,1
I1_@8,77,0,1,0,1,1,1
I1_@8,78,0,1,0,1,1,1
I1_@8,79,0,1,0,1,1,1
I1_@8,80,0,1,0,1,1,1
I1_@8,81,0,1,0,1,1,1
I1_@8,82,0,1,0,1,1,1
I1_@8,83,0,1,0,1,1,1
I1_@8,84,0,1,0,1,1,1
I1_@8,85,0,1,0,1,1,1
I1_@8,86,0,1,0,1,1,1
I1_@8,87,0,1,0,1,1,1
I1_@8,88,0,1,0,1,1,1
I1_@8,89,0,1,0,1,1,1
I1_@8,90,0,1,0,1,1,1
I1_@8,91,0,1,0,1,1,1
I1_@8,92,0,1,0,1,1,1
I1_@8,93,0,1,0,1,1,1
I1_@8,94,0,1,0,1,1,1
I1_@8,95,0,1,0,1,1,1
I1_@8,96,0,1,0,1,1,1
I1_@8,97,0,1,0,1,1,1
I1_@8,98,0,1,0,1,1,1
I1_@8,99,0,1,0,1,1,1
I1_@8,100,0,1,0,1,1,1
I1_@8,101,0,1,0,1,1,1
I1_@8,102,0,1,0,1,1,1
I1_@8,103,0,1,0,1,1,1
I1_@8,104,0,1,0,1,1,1
I1_@8,105,0,1,0,1,1,1
I1_@8,106,0,1,0,1,1,1
I1_@8,107,0,1,0,1,1,1
I1_@8,108,0,1,0,1,1,1
I1_@8,109,0,1,0,1,1,1
I1_@8,110,0,1,0,1,1,1
I1_@8,111,0,1,0,1,1,1
I1_@8,112,0,1,0,1,1,1
I1_@8,113,0,1,0,1,1,1
I1_@8,114,0,1,0,1,1,1
I1_@8,115,0,1,0,1,1,1
I1_@8,116,0,1,0,1,1,1
I1_@8,117,0,1,0,1,1,1
I1_@8,118,0,1,0,1,1,1
I1_@8,119,0,1,0,1,1,1
I1_@8,120,0,1,0,1,1,1
I1_@9,0,0,1,0,1,0,0
I1_@9,1,0,1,0,1,0,0
I1_@9,2,0,1,0,1,0,0
I1_@9,3,0,1,0,1,0,0
I1_@9,4,0,1,0,1,0,0
I1_@9,5,0,1,0,1,0,0
I1_@9,6,0,1,0,1,0,0
I1_@9,7,0,1,0,1,0,0
I1_@9,8,0,1,0,1,0,0
I1_@9,9,0,1,1,1,0,0
I1_@9,10,0,1,1,1,1,0
I1_@9,11,0,1,0,1,1,1
I1_@9,12,0,1,0,1,1,1
I1_@9,13,0,1,0,1,1,1
I1_@9,14,0,1,0,1,1,1
I1_@9,15,0,1,0,1,1,1
I1_@9,16,0,1,0,1,1,1
I1_@9,17,0,1,0,1,1,1
I1_@9,18,0,1,0,1,1,1
I1_@9,19,0,1,0,1,1,1
I1_@9,20,0,1,0,1,1,1
I1_@9,21,0,1,0,1,1,1
I1_@9,22,0,1,0,1,1,1
I1_@9,23,0,1,0,1,1,1
I1_@9,24,0,1,0,1,1,1
I1_@9,25,0,1,0,1,1,1
I1_@9,26,0,1,0,1,1,1
I1_@9,27,0,1,0,1,1,1
I1_@9,28,0,1,0,1,1,1
I1_@9,29,0,1,0,1,1,1
I1_@9,30,0,1,0,1,1,1
I1_@9,31,0,1,0,1,1,1
I1_@9,32,0,1,0,1,1,1
I1_@9,33,0,1,0,1,1,1
I1_@9,34,0,1,0,1,1,1
I1_@9,35,0,1,0,1,1,1
I1_@9,36,0,1,0,1,1,1
I1_@9,37,0,1,0,1,1,1
I1_@9,38,0,1,0,1,1,1
I1_@9,39,0,1,0,1,1,1
I1_@9,40,0,1,0,1,1,1
I1_@9,41,0,1,0,1,1,1
I1_@9,42,0,1,0,1,1,1
I1_@9,43,0,1,0,1,1,1
I1_@9,44,0,1,0,1,1,1
I1_@9,45,0,1,0,1,1,1
I1_@9,46,0,1,0,1,1,1
I1_@9,47,0,1,0,1,1,1
I1_@9,48,0,1,0,1,1,1
I1_@9,49,0,1,0,1,1,1
I1_@9,50,0,1,0,1,1,1
I1_@9,51,0,1,0,1,1,1
I1_@9,52,0,1,0,1,1,1
I1_@9,53,0,1,0,1,1,1
I1_@9,54,0,1,0,1,1,1
I1_@9,55,0,1,0,1,1,1
I1_@9,56,0,1,0,1,1,1
I1_@9,57,0,1,0,1,1,1
I1_@9,58,0,1,0,1,1,1
I1_@9,59,0,1,0,1,1,1
I1_@9,60,0,1,0,1,1,1
I1_@9,61,0,1,0,1,1,1
I1_@9,62,0,1,0,1,1,1
I1_@9,63,0,1,0,1,1,1
I1_@9,64,0,1,0,1,1,1
I1_@9,65,0,1,0,1,1,1
I1_@9,66,0,1,0,1,1,1
I1_@9,67,0,1,0,1,1,1
I1_@9,68,0,1,0,1,1,1
I1_@9,69,0,1,0,1,1,1
I1_@9,70,0,1,0,1,1,1
I1_@9,71,0,1,0,1,1,1
I1_@9,72,0,1,0,1,1,1
I1_@9,73,0,1,0,1,1,1
I1_@9,74,0,1,0,1,1,1
I1_@9,75,0,1,0,1,1,1
I1_@9,76,0,1,0,1,1,1
I1_@9,77,0,1,0,1,1,1
I1_@9,78,0,1,0,1,1,1
I1_@9,79,0,1,0,1,1,1
I1_@9,80,0,1,0,1,1,1
I1_@9,81,0,1,0,1,1,1
I1_@9,82,0,1,0,1,1,1
I1_@9,83,0,1,0,1,1,1
I1_@9,84,0,1,0,1,1,1
I1_@9,85,0,1,0,1,1,1
I1_@9,86,0,1,0,1,1,1
I1_@9,87,0,1,0,1,1,1
I1_@9,88,0,1,0,1,1,1
I1_@9,89,0,1,0,1,1,1
I1_@9,90,0,1,0,1,1,1
I1_@9,91,0,1,0,1,1,1
I1_@9,92,0,1,0,1,1,1
I1_@9,93,0,1,0,1,1,1
I1_@9,94,0,1,0,1,1,1
I1_@9,95,0,1,0,1,1,1
I1_@9,96,0,1,0,1,1,1
I1_@9,97,0,1,0,1,1,1
I1_@9,98,0,1,0,1,1,1
I1_@9,99,0,1,0,1,1,1
I1_@9,100,0,1,0,1,1,1
I1_@9,101,0,1,0,1,1,1
I1_@9,102,0,1,0,1,1,1
I1_@9,103,0,1,0,1,1,1
I1_@9,104,0,1,0,1,1,1
I1_@9,105,0,1,0,1,1,1
I1_@9,106,0,1,0,1,1,1
I1_@9,107,0,1,0,1,1,1
I1_@9,108,0,1,0,1,1,1
I1_@9,109,0,1,0,1,1,1
I1_@9,110,0,1,0,1,1,1
I1_@9,111,0,1,0,1,1,1
I1_@9,112,0,1,0,1,1,1
I1_@9,113,0,1,0,1,1,1
I1_@9,114,0,1,0,1,1,1
I1_@9,115,0,1,0,1,1,1
I1_@9,116,0,1,0,1,1,1
I1_@9,117,0,1,0,1,1,1
I1_@9,118,0,1,0,1,1,1
I1_@9,119,0,1,0,1,1,1
I1_@9,120,0,1,0,1,1,1
I1_@10,0,0,1,0,1,0,0
I1_@10,1,0,1,0,1,0,0
I1_@10,2,0,1,0,1,0,0
I1_@10,3,0,1,0,1,0,0
I1_@10,4,0,1,0,1,0,0
I1_@10,5,0,1,0,1,0,0
I1_@10,6,0,1,0,1,0,0
I1_@10,7,0,1,0,1,0,0
I1_@10,8,0,1,0,1,0,0
I1_@10,9,0,1,0,1,0,0
I1_@10,10,0,1,1,1,1,0
I1_@10,11,0,1,0,1,1,1
I1_@10,12,0,1,0,1,1,1
I1_@10,13,0,1,0,1,1,1
I1_@10,14,0,1,0,1,1,1
I1_@10,15,0,1,0,1,1,1
I1_@10,16,0,1,0,1,1,1
I1_@10,17,0,1,0,1,1,1
I1_@10,18,0,1,0,1,1,1
I1_@10,19,0,1,0,1,1,1
I1_@10,20,0,1,0,1,1,1
I1_@10,21,0,1,0,1,1,1
I1_@10,22,0,1,0,1,1,1
I1_@10,23,0,1,0,1,1,1
I1_@10,24,0,1,0,1,1,1
I1_@10,25,0,1,0,1,1,1
I1_@10,26,0,1,0,1,1,1
I1_@10,27,0,1,0,1,1,1
I1_@10,28,0,1,0,1,1,1
I1_@10,29,0,1,0,1,1,1
I1_@10,30,0,1,0,1,1,1
I1_@10,31,0,1,0,1,1,1
I1_@10,32,0,1,0,1,1,1
I1_@10,33,0,1,0,1,1,1
I1_@10,34,0,1,0,1,1,1
I1_@10,35,0,1,0,1,1,1
I1_@10,36,0,1,0,1,1,1
I1_@10,37,0,1,0,1,1,1
I1_@10,38,0,1,0,1,1,1
I1_@10,39,0,1,0,1,1,1
I1_@10,40,0,1,0,1,1,1
I1_@10,41,0,1,0,1,1,1
I1_@10,42,0,1,0,1,1,1
I1_@10,43,0,1,0,1,1,1
I1_@10,44,0,1,0,1,1,1
I1_@10,45,0,1,0,1,1,1
I1_@10,46,0,1,0,1,1,1
I1_@10,47,0,1,0,1,1,1
I1_@10,48,0,1,0,1,1,1
I1_@10,49,0,1,0,1,1,1
I1_@10,50,0,1,0,1,1,1
I1_@10,51,0,1,0,1,1,1
I1_@10,52,0,1,0,1,1,1
I1_@10,53,0,1,0,1,1,1
I1_@10,54,0,1,0,1,1,1
I1_@10,55,0,1,0,1,1,1
I1_@10,56,0,1,0,1,1,1
I1_@10,57,0,1,0,1,1,1
I1_@10,58,0,1,0,1,1,1
I1_@10,59,0,1,0,1,1,1
I1_@10,60,0,1,0,1,1,1
I1_@10,61,0,1,0,1,1,1
I1_@10,62,0,1,0,1,1,1
I1_@10,63,0,1,0,1,1,1
I1_@10,64,0,1,0,1,1,1
I1_@10,65,0,1,0,1,1,1
I1_@10,66,0,1,0,1,1,1
I1_@10,67,0,1,0,1,1,1
I1_@10,68,0,1,0,1,1,1
I1_@10,69,0,1,0,1,1,1
I1_@10,70,0,1,0,1,1,1
I1_@10,71,0,1,0,1,1,1
I1_@10,72,0,1,0,1,1,1
I1_@10,73,0,1,0,1,1,1
I1_@10,74,0,1,0,1,1,1
I1_@10,75,0,1,0,1,1,1
I1_@10,76,0,1,0,1,1,1
I1_@10,77,0,1,0,1,1,1
I1_@10,78,0,1,0,1,1,1
I1_@10,79,0,1,0,1,1,1
I1_@10,80,0,1,0,1,1,1
I1_@10,81,0,1,0,1,1,1
I1_@10,82,0,1,0,1,1,1
I1_@10,83,0,1,0,1,1,1
I1_@10,84,0,1,0,1,1,1
I1_@10,85,0,1,0,1,1,1
I1_@10,86,0,1,0,1,1,1
I1_@10,87,0,1,0,1,1,1
I1_@10,88,0,1,0,1,1,1
I1_@10,89,0,1,0,1,1,1
I1_@10,90,0,1,0,1,1,1
I1_@10,91,0,1,0,1,1,1
I1_@10,92,0,1,0,1,1,1
I1_@10,93,0,1,0,1,1,1
I1_@10,94,0,1,0,1,1,1
I1_@10,95,0,1,0,1,1,1
I1_@10,96,0,1,0,1,1,1
I1_@10,97,0,1,0,1,1,1
I1_@10,98,0,1,0,1,1,1
I1_@10,99,0,1,0,1,1,1
I1_@10,100,0,1,0,1,1,1
I1_@10,101,0,1,0,1,1,1
I1_@10,102,0,1,0,1,1,1
I1_@10,103,0,1,0,1,1,1
I1_@10,104,0,1,0,1,1,1
I1_@10,105,0,1,0,1,1,1
I1_@10,106,0,1,0,1,1,1
I1_@10,107,0,1,0,1,1,1
I1_@10,108,0,1,0,1,1,1
I1_@10,109,0,1,0,1,1,1
I1_@10,110,0,1,0,1,1,1
I1_@10,111,0,1,0,1,1,1
I1_@10,112,0,1,0,1,1,1
I1_@10,113,0,1,0,1,1,1
I1_@10,114,0,1,0,1,1,1
I1_@10,115,0,1,0,1,1,1
I1_@10,116,0,1,0,1,1,1
I1_@10,117,0,1,0,1,1,1
I1_@10,118,0,1,0,1,1,1
I1_@10,119,0,1,0,1,1,1
I1_@10,120,0,1,0,1,1,1
I1_@11,0,0,1,0,1,0,0
I1_@11,1,0,1,0,1,0,0
I1_@11,2,0,1,0,1,0,0
I1_@11,3,0,1,0,1,0,0
I1_@11,4,0,1,0,1,0,0
I1_@11,5,0,1,0,1,0,0
I1_@11,6,0,1,0,1,0,0
I1_@11,7,0,1,0,1,0,0
I1_@11,8,0,1,0,1,0,0
I1_@11,9,0,1,0,1,0,0
I1_@11,10,0,1,0,1,1,0
I1_@11,11,0,1,1,1,1,1
I1_@11,12,0,1,1,1,1,1
I1_@11,13,0,1,1,1,1,1
I1_@11,14,0,1,1,1,1,1
I1_@11,15,0,1,1,1,1,1
I1_@11,16,0,1,1,1,1,1
I1_@11,17,0,1,1,1,1,1
I1_@11,18,0,1,1,1,1,1
I1_@11,19,0,1,1,1,1,1
I1_@11,20,0,1,1,1,1,1
I1_@11,21,0,1,1,1,1,1
I1_@11,22,0,1,0,1,1,1
I1_@11,23,0,1,0,1,1,1
I1_@11,24,0,1,0,1,1,1
I1_@11,25,0,1,0,1,1,1
I1_@11,26,0,1,0,1,1,1
I1_@11,27,0,1,0,1,1,1
I1_@11,28,0,1,0,1,1,1
I1_@11,29,0,1,0,1,1,1
I1_@11,30,0,1,0,1,1,1
I1_@11,31,0,1,0,1,1,1
I1_@11,32,0,1,0,1,1,1
I1_@11,33,0,1,0,1,1,1
I1_@11,34,0,1,0,1,1,1
I1_@11,35,0,1,0,1,1,1
I1_@11,36,0,1,0,1,1,1
I1_@11,37,0,1,0,1,1,1
I1_@11,38,0,1,0,1,1,1
I1_@11,39,0,1,0,1,1,1
I1_@11,40,0,1,0,1,1,1
I1_@11,41,0,1,0,1,1,1
I1_@11,42,0,1,0,1,1,1
I1_@11,43,0,1,0,1,1,1
I1_@11,44,0,1,0,1,1,1
I1_@11,45,0,1,0,1,1,1
I1_@11,46,0,1,0,1,1,1
I1_@11,47,0,1,0,1,1,1
I1_@11,48,0,1,0,1,1,1
I1_@11,49,0,1,0,1,1,1
I1_@11,50,0,1,0,1,1,1
I1_@11,51,0,1,0,1,1,1
I1_@11,52,0,1,0,1,1,1
I1_@11,53,0,1,0,1,1,1
I1_@11,54,0,1,0,1,1,1
I1_@11,55,0,1,0,1,1,1
I1_@11,56,0,1,0,1,1,1
I1_@11,57,0,1,0,1,1,1
I1_@11,58,0,1,0,1,1,1
I1_@11,59,0,1,0,1,1,1
I1_@11,60,0,1,0,1,1,1
I1_@11,61,0,1,0,1,1,1
I1_@11,62,0,1,0,1,1,1
I1_@11,63,0,1,0,1,1,1
I1_@11,64,0,1,0,1,1,1
I1_@11,65,0,1,0,1,1,1
I1_@11,66,0,1,0,1,1,1
I1_@11,67,0,1,0,1,1,1
I1_@11,68,0,1,0,1,1,1
I1_@11,69,0,1,0,1,1,1
I1_@11,70,0,1,0,1,1,1
I1_@11,71,0,1,0,1,1,1
I1_@11,72,0,1,0,1,1,1
I1_@11,73,0,1,0,1,1,1
I1_@11,74,0,1,0,1,1,1
I1_@11,75,0,1,0,1,1,1
I1_@11,76,0,1,0,1,1,1
I1_@11,77,0,1,0,1,1,1
I1_@11,78,0,1,0,1,1,1
I1_@11,79,0,1,0,1,1,1
I1_@11,80,0,1,0,1,1,1
I1_@11,81,0,1,0,1,1,1
I1_@11,82,0,1,0,1,1,1
I1_@11,83,0,1,0,1,1,1
I1_@11,84,0,1,0,1,1,1
I1_@11,85,0,1,0,1,1,1
I1_@11,86,0,1,0,1,1,1
I1_@11,87,0,1,0,1,1,1
I1_@11,88,0,1,0,1,1,1
I1_@11,89,0,1,0,1,1,1
I1_@11,90,0,1,0,1,1,1
I1_@11,91,0,1,0,1,1,1
I1_@11,92,0,1,0,1,1,1
I1_@11,93,0,1,0,1,1,1
I1_@11,94,0,1,0,1,1,1
I1_@11,95,0,1,0,1,1,1
I1_@11,96,0,1,0,1,1,1
I1_@11,97,0,1,0,1,1,1
I1_@11,98,0,1,0,1,1,1
I1_@11,99,0,1,0,1,1,1
I1_@11,100,0,1,0,1,1,1
I1_@11,101,0,1,0,1,1,1
I1_@11,102,0,1,0,1,1,1
I1_@11,103,0,1,0,1,1,1
I1_@11,104,0,1,0,1,1,1
I1_@11,105,0,1,0,1,1,1
I1_@11,106,0,1,0,1,1,1
I1_@11,107,0,1,0,1,1,1
I1_@11,108,0,1,0,1,1,1
I1_@11,109,0,1,0,1,1,1
I1_@11,110,0,1,0,1,1,1
I1_@11,111,0,1,0,1,1,1
I1_@11,112,0,1,0,1,1,1
I1_@11,113,0,1,0,1,1,1
I1_@11,114,0,1,0,1,1,1
I1_@11,115,0,1,0,1,1,1
I1_@11,116,0,1,0,1,1,1
I1_@11,117,0,1,0,1,1,1
I1_@11,118,0,1,0,1,1,1
I1_@11,119,0,1,0,1,1,1
I1_@11,120,0,1,0,1,1,1
I1_@12,0,0,1,0,1,0,0
I1_@12,1,0,1,0,1,0,0
I1_@12,2,0,1,0,1,0,0
I1_@12,3,0,1,0,1,0,0
I1_@12,4,0,1,0,1,0,0
I1_@12,5,0,1,0,1,0,0
I1_@12,6,0,1,0,1,0,0
I1_@12,7,0,1,0,1,0,0
I1_@12,8,0,1,0,1,0,0
I1_@12,9,0,1,0,1,0,0
I1_@12,10,0,1,0,1,1,0
I1_@12,11,0,1,0,1,1,1
I1_@12,12,0,1,1,1,1,1
I1_@12,13,0,1,1,1,1,1
I1_@12,14,0,1,1,1,1,1
I1_@12,15,0,1,1,1,1,1
I1_@12,16,0,1,1,1,1,1
I1_@12,17,0,1,1,1,1,1
I1_@12,18,0,1,1,1,1,1
I1_@12,19,0,1,1,1,1,1
I1_@12,20,0,1,1,1,1,1
I1_@12,21,0,1,1,1,1,1
I1_@12,22,0,1,0,1,1,1
I1_@12,23,0,1,0,1,1,1
I1_@12,24,0,1,0,1,1,1
I1_@12,25,0,1,0,1,1,1
I1_@12,26,0,1,0,1,1,1
I1_@12,27,0,1,0,1,1,1
I1_@12,28,0,1,0,1,1,1
I1_@12,29,0,1,0,1,1,1
I1_@12,30,0,1,0,1,1,1
I1_@12,31,0,1,0,1,1,1
I1_@12,32,0,1,0,1,1,1
I1_@12,33,0,1,0,1,1,1
I1_@12,34,0,1,0,1,1,1
I1_@12,35,0,1,0,1,1,1
I1_@12,36,0,1,0,1,1,1
I1_@12,37,0,1,0,1,1,1
I1_@12,38,0,1,0,1,1,1
I1_@12,39,0,1,0,1,1,1
I1_@12,40,0,1,0,1,1,1
I1_@12,41,0,1,0,1,1,1
I1_@12,42,0,1,0,1,1,1
I1_@12,43,0,1,0,1,1,1
I1_@12,44,0,1,0,1,1,1
I1_@12,45,0,1,0,1,1,1
I1_@12,46,0,1,0,1,1,1
I1_@12,47,0,1,0,1,1,1
I1_@12,48,0,1,0,1,1,1
I1_@12,49,0,1,0,1,1,1
I1_@12,50,0,1,0,1,1,1
I1_@12,51,0,1,0,1,1,1
I1_@12,52,0,1,0,1,1,1
I1_@12,53,0,1,0,1,1,1
I1_@12,54,0,1,0,1,1,1
I1_@12,55,0,1,0,1,1,1
I1_@12,56,0,1,0,1,1,1
I1_@12,57,0,1,0,1,1,1
I1_@12,58,0,1,0,1,1,1
I1_@12,59,0,1,0,1,1,1
I1_@12,60,0,1,0,1,1,1
I1_@12,61,0,1,0,1,1,1
I1_@12,62,0,1,0,1,1,1
I1_@12,63,0,1,0,1,1,1
I1_@12,64,0,1,0,1,1,1
I1_@12,65,0,1,0,1,1,1
I1_@12,66,0,1,0,1,1,1
I1_@12,67,0,1,0,1,1,1
I1_@12,68,0,1,0,1,1,1
I1_@12,69,0,1,0,1,1,1
I1_@12,70,0,1,0,1,1,1
I1_@12,71,0,1,0,1,1,1
I1_@12,72,0,1,0,1,1,1
I1_@12,73,0,1,0,1,1,1
I1_@12,74,0,1,0,1,1,1
I1_@12,75,0,1,0,1,1,1
I1_@12,76,0,1,0,1,1,1
I1_@12,77,0,1,0,1,1,1
I1_@12,78,0,1,0,1,1,1
I1_@12,79,0,1,0,1,1,1
I1_@12,80,0,1,0,1,1,1
I1_@12,81,0,1,0,1,1,1
I1_@12,82,0,1,0,1,1,1
I1_@12,83,0,1,0,1,1,1
I1_@12,84,0,1,0,1,1,1
I1_@12,85,0,1,0,1,1,1
I1_@12,86,0,1,0,1,1,1
I1_@12,87,0,1,0,1,1,1
I1_@12,88,0,1,0,1,1,1
I1_@12,89,0,1,0,1,1,1
I1_@12,90,0,1,0,1,1,1
I1_@12,91,0,1,0,1,1,1
I1_@12,92,0,1,0,1,1,1
I1_@12,93,0,1,0,1,1,1
I1_@12,94,0,1,0,1,1,1
I1_@12,95,0,1,0,1,1,1
I1_@12,96,0,1,0,1,1,1
I1_@12,97,0,1,0,1,1,1
I1_@12,98,0,1,0,1,1,1
I1_@12,99,0,1,0,1,1,1
I1_@12,100,0,1,0,1,1,1
I1_@12,101,0,1,0,1,1,1
I1_@12,102,0,1,0,1,1,1
I1_@12,103,0,1,0,1,1,1
I1_@12,104,0,1,0,1,1,1
I1_@12,105,0,1,0,1,1,1
I1_@12,106,0,1,0,1,1,1
I1_@12,107,0,1,0,1,1,1
I1_@12,108,0,1,0,1,1,1
I1_@12,109,0,1,0,1,1,1
I1_@12,110,0,1,0,1,1,1
I1_@12,111,0,1,0,1,1,1
I1_@12,112,0,1,0,1,1,1
I1_@12,113,0,1,0,1,1,1
I1_@12,114,0,1,0,1,1,1
I1_@12,115,0,1,0,1,1,1
I1_@12,116,0,1,0,1,1,1
I1_@12,117,0,1,0,1,1,1
I1_@12,118,0,1,0,1,1,1
I1_@12,119,0,1,0,1,1,1
I1_@12,120,0,1,0,1,1,1
I1_@13,0,0,1,0,1,0,0
I1_@13,1,0,1,0,1,0,0
I1_@13,2,0,1,0,1,0,0
I1_@13,3,0,1,0,1,0,0
I1_@13,4,0,1,0,1,0,0
I1_@13,5,0,1,0,1,0,0
I1_@13,6,0,1,0,1,0,0
I1_@13,7,0,1,0,1,0,0
I1_@13,8,0,1,0,1,0,0
I1_@13,9,0,1,0,1,0,0
I1_@13,10,0,1,0,1,1,0
I1_@13,11,0,1,0,1,1,1
I1_@13,12,0,1,0,1,1,1
I1_@13,13,0,1,1,1,1,1
I1_@13,14,0,1,1,1,1,1
I1_@13,15,0,1,1,1,1,1
I1_@13,16,0,1,1,1,1,1
I1_@13,17,0,1,1,1,1,1
I1_@13,18,0,1,1,1,1,1
I1_@13,19,0,1,1,1,1,1
I1_@13,20,0,1,1,1,1,1
I1_@13,21,0,1,1,1,1,1
I1_@13,22,0,1,0,1,1,1
I1_@13,23,0,1,0,1,1,1
I1_@13,24,0,1,0,1,1,1
I1_@13,25,0,1,0,1,1,1
I1_@13,26,0,1,0,1,1,1
I1_@13,27,0,1,0,1,1,1
I1_@13,28,0,1,0,1,1,1
I1_@13,29,0,1,0,1,1,1
I1_@13,30,0,1,0,1,1,1
I1_@13,31,0,1,0,1,1,1
I1_@13,32,0,1,0,1,1,1
I1_@13,33,0,1,0,1,1,1
I1_@13,34,0,1,0,1,1,1
I1_@13,35,0,1,0,1,1,1
I1_@13,36,0,1,0,1,1,1
I1_@13,37,0,1,0,1,1,1
I1_@13,38,0,1,0,1,1,1
I1_@13,39,0,1,0,1,1,1
I1_@13,40,0,1,0,1,1,1
I1_@13,41,0,1,0,1,1,1
I1_@13,42,0,1,0,1,1,1
I1_@13,43,0,1,0,1,1,1
I1_@13,44,0,1,0,1,1,1
I1_@13,45,0,1,0,1,1,1
I1_@13,46,0,1,0,1,1,1
I1_@13,47,0,1,0,1,1,1
I1_@13,48,0,1,0,1,1,1
I1_@13,49,0,1,0,1,1,1
I1_@13,50,0,1,0,1,1,1
I1_@13,51,0,1,0,1,1,1
I1_@13,52,0,1,0,1,1,1
I1_@13,53,0,1,0,1,1,1
I1_@13,54,0,1,0,1,1,1
I1_@13,55,0,1,0,1,1,1
I1_@13,56,0,1,0,1,1,1
I1_@13,57,0,1,0,1,1,1
I1_@13,58,0,1,0,1,1,1
I1_@13,59,0,1,0,1,1,1
I1_@13,60,0,1,0,1,1,1
I1_@13,61,0,1,0,1,1,1
I1_@13,62,0,1,0,1,1,1
I1_@13,63,0,1,0,1,1,1
I1_@13,64,0,1,0,1,1,1
I1_@13,65,0,1,0,1,1,1
I1_@13,66,0,1,0,1,1,1
I1_@13,67,0,1,0,1,1,1
I1_@13,68,0,1,0,1,1,1
I1_@13,69,0,1,0,1,1,1
I1_@13,70,0,1,0,1,1,1
I1_@13,71,0,1,0,1,1,1
I1_@13,72,0,1,0,1,1,1
I1_@13,73,0,1,0,1,1,1
I1_@13,74,0,1,0,1,1,1
I1_@13,75,0,1,0,1,1,1
I1_@13,76,0,1,0,1,1,1
I1_@13,77,0,1,0,1,1,1
I1_@13,78,0,1,0,1,1,1
I1_@13,79,0,1,0,1,1,1
I1_@13,80,0,1,0,1,1,1
I1_@13,81,0,1,0,1,1,1
I1_@13,82,0,1,0,1,1,1
I1_@13,83,0,1,0,1,1,1
I1_@13,84,0,1,0,1,1,1
I1_@13,85,0,1,0,1,1,1
I1_@13,86,0,1,0,1,1,1
I1_@13,87,0,1,0,1,1,1
I1_@13,88,0,1,0,1,1,1
I1_@13,89,0,1,0,1,1,1
I1_@13,90,0,1,0,1,1,1
I1_@13,91,0,1,0,1,1,1
I1_@13,92,0,1,0,1,1,1
I1_@13,93,0,1,0,1,1,1
I1_@13,94,0,1,0,1,1,1
I1_@13,95,0,1,0,1,1,1
I1_@13,96,0,1,0,1,1,1
I1_@13,97,0,1,0,1,1,1
I1_@13,98,0,1,0,1,1,1
I1_@13,99,0,1,0,1,1,1
I1_@13,100,0,1,0,1,1,1
I1_@13,101,0,1,0,1,1,1
I1_@13,102,0,1,0,1,1,1
I1_@13,103,0,1,0,1,1,1
I1_@13,104,0,1,0,1,1,1
I1_@13,105,0,1,0,1,1,1
I1_@13,106,0,1,0,1,1,1
I1_@13,107,0,1,0,1,1,1
I1_@13,108,0,1,0,1,1,1
I1_@13,109,0,1,0,1,1,1
I1_@13,110,0,1,0,1,1,1
I1_@13,111,0,1,0,1,1,1
I1_@13,112,0,1,0,1,1,1
I1_@13,113,0,1,0,1,1,1
I1_@13,114,0,1,0,1,1,1
I1_@13,115,0,1,0,1,1,1
I1_@13,116,0,1,0,1,1,1
I1_@13,117,0,1,0,1,1,1
I1_@13,118,0,1,0,1,1,1
I1_@13,119,0,1,0,1,1,1
I1_@13,120,0,1,0,1,1,1
I1_@14,0,0,1,0,1,0,0
I1_@14,1,0,1,0,1,0,0
I1_@14,2,0,1,0,1,0,0
I1_@14,3,0,1,0,1,0,0
I1_@14,4,0,1,0,1,0,0
I1_@14,5,0,1,0,1,0,0
I1_@14,6,0,1,0,1,0,0
I1_@14,7,0,1,0,1,0,0
I1_@14,8,0,1,0,1,0,0
I1_@14,9,0,1,0,1,0,0
I1_@14,10,0,1,0,1,1,0
I1_@14,11,0,1,0,1,1,1
I1_@14,12,0,1,0,1,1,1
I1_@14,13,0,1,0,1,1,1
I1_@14,14,0,1,1,1,1,1
I1_@14,15,0,1,1,1,1,1
I1_@14,16,0,1,1,1,1,1
I1_@14,17,0,1,1,1,1,1
I1_@14,18,0,1,1,1,1,1
I1_@14,19,0,1,1,1,1,1
I1_@14,20,0,1,1,1,1,1
I1_@14,21,0,1,1,1,1,1
I1_@14,22,0,1,0,1,1,1
I1_@14,23,0,1,0,1,1,1
I1_@14,24,0,1,0,1,1,1
I1_@14,25,0,1,0,1,1,1
I1_@14,26,0,1,0,1,1,1
I1_@14,27,0,1,0,1,1,1
I1_@14,28,0,1,0,1,1,1
I1_@14,29,0,1,0,1,1,1
I1_@14,30,0,1,0,1,1,1
I1_@14,31,0,1,0,1,1,1
I1_@14,32,0,1,0,1,1,1
I1_@14,33,0,1,0,1,1,1
I1_@14,34,0,1,0,1,1,1
I1_@14,35,0,1,0,1,1,1
I1_@14,36,0,1,0,1,1,1
I1_@14,37,0,1,0,1,1,1
I1_@14,38,0,1,0,1,1,1
I1_@14,39,0,1,0,1,1,1
I1_@14,40,0,1,0,1,1,1
I1_@14,41,0,1,0,1,1,1
I1_@14,42,0,1,0,1,1,1
I1_@14,43,0,1,0,1,1,1
I1_@14,44,0,1,0,1,1,1
I1_@14,45,0,1,0,1,1,1
I1_@14,46,0,1,0,1,1,1
I1_@14,47,0,1,0,1,1,1
I1_@14,48,0,1,0,1,1,1
I1_@14,49,0,1,0,1,1,1
I1_@14,50,0,1,0,1,1,1
I1_@14,51,0,1,0,1,1,1
I1_@14,52,0,1,0,1,1,1
I1_@14,53,0,1,0,1,1,1
I1_@14,54,0,1,0,1,1,1
I1_@14,55,0,1,0,1,1,1
I1_@14,56,0,1,0,1,1,1
I1_@14,57,0,1,0,1,1,1
I1_@14,58,0,1,0,1,1,1
I1_@14,59,0,1,0,1,1,1
I1_@14,60,0,1,0,1,1,1
I1_@14,61,0,1,0,1,1,1
I1_@14,62,0,1,0,1,1,1
I1_@14,63,0,1,0,1,1,1
I1_@14,64,0,1,0,1,1,1
I1_@14,65,0,1,0,1,1,1
I1_@14,66,0,1,0,1,1,1
I1_@14,67,0,1,0,1,1,1
I1_@14,68,0,1,0,1,1,1
I1_@14,69,0,1,0,1,1,1
I1_@14,70,0,1,0,1,1,1
I1_@14,71,0,1,0,1,1,1
I1_@14,72,0,1,0,1,1,1
I1_@14,73,0,1,0,1,1,1
I1_@14,74,0,1,0,1,1,1
I1_@14,75,0,1,0,1,1,1
I1_@14,76,0,1,0,1,1,1
I1_@14,77,0,1,0,1,1,1
I1_@14,78,0,1,0,1,1,1
I1_@14,79,0,1,0,1,1,1
I1_@14,80,0,1,0,1,1,1
I1_@14,81,0,1,0,1,1,1
I1_@14,82,0,1,0,1,1,1
I1_@14,83,0,1,0,1,1,1
I1_@14,84,0,1,0,1,1,1
I1_@14,85,0,1,0,1,1,1
I1_@14,86,0,1,0,1,1,1
I1_@14,87,0,1,0,1,1,1
I1_@14,88,0,1,0,1,1,1
I1_@14,89,0,1,0,1,1,1
I1_@14,90,0,1,0,1,1,1
I1_@14,91,0,1,0,1,1,1
I1_@14,92,0,1,0,1,1,1
I1_@14,93,0,1,0,1,1,1
I1_@14,94,0,1,0,1,1,1
I1_@14,95,0,1,0,1,1,1
I1_@14,96,0,1,0,1,1,1
I1_@14,97,0,1,0,1,1,1
I1_@14,98,0,1,0,1,1,1
I1_@14,99,0,1,0,1,1,1
I1_@14,100,0,1,0,1,1,1
I1_@14,101,0,1,0,1,1,1
I1_@14,102,0,1,0,1,1,1
I1_@14,103,0,1,0,1,1,1
I1_@14,104,0,1,0,1,1,1
I1_@14,105,0,1,0,1,1,1
I1_@14,106,0,1,0,1,1,1
I1_@14,107,0,1,0,1,1,1
I1_@14,108,0,1,0,1,1,1
I1_@14,109,0,1,0,1,1,1
I1_@14,110,0,1,0,1,1,1
I1_@14,111,0,1,0,1,1,1
I1_@14,112,0,1,0,1,1,1
I1_@14,113,0,1,0,1,1,1
I1_@14,114,0,1,0,1,1,1
I1_@14,115,0,1,0,1,1,1
I1_@14,116,0,1,0,1,1,1
I1_@14,117,0,1,0,1,1,1
I1_@14,118,0,1,0,1,1,1
I1_@14,119,0,1,0,1,1,1
I1_@14,120,0,1,0,1,1,1
"I2_d01_@2,3",0,0,1,0,1,0,0
"I2_d01_@2,3",1,0,1,0,1,0,0
"I2_d01_@2,3",2,0,1,1,1,0,0
"I2_d01_@2,3",3,0,0,1,0,0,0
"I2_d01_@2,3",4,1,1,0,0,0,0
"I2_d01_@2,3",5,1,1,0,0,0,0
"I2_d01_@2,3",6,1,1,0,0,0,0
"I2_d01_@2,3",7,1,1,0,0,0,0
"I2_d01_@2,3",8,1,1,0,0,0,0
"I2_d01_@2,3",9,1,1,0,0,0,0
"I2_d01_@2,3",10,1,1,0,0,0,0
"I2_d01_@2,3",11,0,1,0,1,0,0
"I2_d01_@2,3",12,0,1,0,1,0,0
"I2_d01_@2,3",13,0,1,0,1,0,0
"I2_d01_@2,3",14,0,1,0,1,0,0
"I2_d01_@2,3",15,0,1,0,1,0,0
"I2_d01_@2,3",16,0,1,0,1,0,0
"I2_d01_@2,3",17,0,1,0,1,0,0
"I2_d01_@2,3",18,0,1,0,1,0,0
"I2_d01_@2,3",19,0,1,0,1,0,0
"I2_d01_@2,3",20,0,1,0,1,0,0
"I2_d01_@2,3",21,0,1,0,1,1,0
"I2_d01_@2,3",22,0,1,0,1,1,1
"I2_d01_@2,3",23,0,1,0,1,1,1
"I2_d01_@2,3",24,0,1,0,1,1,1
"I2_d01_@2,3",25,0,1,0,1,1,1
"I2_d01_@2,3",26,0,1,0,1,1,1
"I2_d01_@2,3",27,0,1,0,1,1,1
"I2_d01_@2,3",28,0,1,0,1,1,1
"I2_d01_@2,3",29,0,1,0,1,1,1
"I2_d01_@2,3",30,0,1,0,1,1,1
"I2_d01_@2,3",31,0,1,0,1,1,1
"I2_d01_@2,3",32,0,1,0,1,1,1
"I2_d01_@2,3",33,0,1,0,1,1,1
"I2_d01_@2,3",34,0,1,0,1,1,1
"I2_d01_@2,3",35,0,1,0,1,1,1
"I2_d01_@2,3",36,0,1,0,1,1,1
"I2_d01_@2,3",37,0,1,0,1,1,1
"I2_d01_@2,3",38,0,1,0,1,1,1
"I2_d01_@2,3",39,0,1,0,1,1,1
"I2_d01_@2,3",40,0,1,0,1,1,1
"I2_d01_@2,3",41,0,1,0,1,1,1
"I2_d01_@2,3",42,0,1,0,1,1,1
"I2_d01_@2,3",43,0,1,0,1,1,1
"I2_d01_@2,3",44,0,1,0,1,1,1
"I2_d01_@2,3",45,0,1,0,1,1,1
"I2_d01_@2,3",46,0,1,0,1,1,1
"I2_d01_@2,3",47,0,1,0,1,1,1
"I2_d01_@2,3",48,0,1,0,1,1,1
"I2_d01_@2,3",49,0,1,0,1,1,1
"I2_d01_@2,3",50,0,1,0,1,1,1
"I2_d01_@2,3",51,0,1,0,1,1,1
"I2_d01_@2,3",52,0,1,0,1,1,1
"I2_d01_@2,3",53,0,1,0,1,1,1
"I2_d01_@2,3",54,0,1,0,1,1,1
"I2_d01_@2,3",55,0,1,0,1,1,1
"I2_d01_@2,3",56,0,1,0,1,1,1
"I2_d01_@2,3",57,0,1,0,1,1,1
"I2_d01_@2,3",58,0,1,0,1,1,1
"I2_d01_@2,3",59,0,1,0,1,1,1
"I2_d01_@2,3",60,0,1,0,1,1,1
"I2_d01_@2,3",61,0,1,0,1,1,1
"I2_d01_@2,3",62,0,1,0,1,1,1
"I2_d01_@2,3",63,0,1,0,1,1,1
"I2_d01_@2,3",64,0,1,0,1,1,1
"I2_d01_@2,3",65,0,1,0,1,1,1
"I2_d01_@2,3",66,0,1,0,1,1,1
"I2_d01_@2,3",67,0,1,0,1,1,1
"I2_d01_@2,3",68,0,1,0,1,1,1
"I2_d01_@2,3",69,0,1,0,1,1,1
"I2_d01_@2,3",70,0,1,0,1,1,1
"I2_d01_@2,3",71,0,1,0,1,1,1
"I2_d01_@2,3",72,0,1,0,1,1,1
"I2_d01_@2,3",73,0,1,0,1,1,1
"I2_d01_@2,3",74,0,1,0,1,1,1
"I2_d01_@2,3",75,0,1,0,1,1,1
"I2_d01_@2,3",76,0,1,0,1,1,1
"I2_d01_@2,3",77,0,1,0,1,1,1
"I2_d01_@2,3",78,0,1,0,1,1,1
"I2_d01_@2,3",79,0,1,0,1,1,1
"I2_d01_@2,3",80,0,1,0,1,1,1
"I2_d01_@2,3",81,0,1,0,1,1,1
"I2_d01_@2,3",82,0,1,0,1,1,1
"I2_d01_@2,3",83,0,1,0,1,1,1
"I2_d01_@2,3",84,0,1,0,1,1,1
"I2_d01_@2,3",85,0,1,0,1,1,1
"I2_d01_@2,3",86,0,1,0,1,1,1
"I2_d01_@2,3",87,0,1,0,1,1,1
"I2_d01_@2,3",88,0,1,0,1,1,1
"I2_d01_@2,3",89,0,1,0,1,1,1
"I2_d01_@2,3",90,0,1,0,1,1,1
"I2_d01_@2,3",91,0,1,0,1,1,1
"I2_d01_@2,3",92,0,1,0,1,1,1
"I2_d01_@2,3",93,0,1,0,1,1,1
"I2_d01_@2,3",94,0,1,0,1,1,1
"I2_d01_@2,3",95,0,1,0,1,1,1
"I2_d01_@2,3",96,0,1,0,1,1,1
"I2_d01_@2,3",97,0,1,0,1,1,1
"I2_d01_@2,3",98,0,1,0,1,1,1
"I2_d01_@2,3",99,0,1,0,1,1,1
"I2_d01_@2,3",100,0,1,0,1,1,1
"I2_d01_@2,3",101,0,1,0,1,1,1
"I2_d01_@2,3",102,0,1,0,1,1,1
"I2_d01_@2,3",103,0,1,0,1,1,1
"I2_d01_@2,3",104,0,1,0,1,1,1
"I2_d01_@2,3",105,0,1,0,1,1,1
"I2_d01_@2,3",106,0,1,0,1,1,1
"I2_d01_@2,3",107,0,1,0,1,1,1
"I2_d01_@2,3",108,0,1,0,1,1,1
"I2_d01_@2,3",109,0,1,0,1,1,1
"I2_d01_@2,3",110,0,1,0,1,1,1
"I2_d01_@2,3",111,0,1,0,1,1,1
"I2_d01_@2,3",112,0,1,0,1,1,1
"I2_d01_@2,3",113,0,1,0,1,1,1
"I2_d01_@2,3",114,0,1,0,1,1,1
"I2_d01_@2,3",115,0,1,0,1,1,1
"I2_d01_@2,3",116,0,1,0,1,1,1
"I2_d01_@2,3",117,0,1,0,1,1,1
"I2_d01_@2,3",118,0,1,0,1,1,1
"I2_d01_@2,3",119,0,1,0,1,1,1
"I2_d01_@2,3",120,0,1,0,1,1,1
"I2_d02_@2,4",0,0,1,0,1,0,0
"I2_d02_@2,4",1,0,1,0,1,0,0
"I2_d02_@2,4",2,0,1,1,1,0,0
"I2_d02_@2,4",3,0,1,1,1,0,0
"I2_d02_@2,4",4,0,0,1,0,0,0
"I2_d02_@2,4",5,1,1,0,0,0,0
"I2_d02_@2,4",6,1,1,0,0,0,0
"I2_d02_@2,4",7,1,1,0,0,0,0
"I2_d02_@2,4",8,1,1,0,0,0,0
"I2_d02_@2,4",9,1,1,0,0,0,0
"I2_d02_@2,4",10,1,1,0,0,0,0
"I2_d02_@2,4",11,0,1,0,1,0,0
"I2_d02_@2,4",12,0,1,0,1,0,0
"I2_d02_@2,4",13,0,1,0,1,0,0
"I2_d02_@2,4",14,0,1,0,1,0,0
"I2_d02_@2,4",15,0,1,0,1,0,0
"I2_d02_@2,4",16,0,1,0,1,0,0
"I2_d02_@2,4",17,0,1,0,1,0,0
"I2_d02_@2,4",18,0,1,0,1,0,0
"I2_d02_@2,4",19,0,1,0,1,0,0
"I2_d02_@2,4",20,0,1,0,1,0,0
"I2_d02_@2,4",21,0,1,0,1,1,0
"I2_d02_@2,4",22,0,1,0,1,1,1
"I2_d02_@2,4",23,0,1,0,1,1,1
"I2_d02_@2,4",24,0,1,0,1,1,1
"I2_d02_@2,4",25,0,1,0,1,1,1
"I2_d02_@2,4",26,0,1,0,1,1,1
"I2_d02_@2,4",27,0,1,0,1,1,1
"I2_d02_@2,4",28,0,1,0,1,1,1
"I2_d02_@2,4",29,0,1,0,1,1,1
"I2_d02_@2,4",30,0,1,0,1,1,1
"I2_d02_@2,4",31,0,1,0,1,1,1
"I2_d02_@2,4",32,0,1,0,1,1,1
"I2_d02_@2,4",33,0,1,0,1,1,1
"I2_d02_@2,4",34,0,1,0,1,1,1
"I2_d02_@2,4",35,0,1,0,1,1,1
"I2_d02_@2,4",36,0,1,0,1,1,1
"I2_d02_@2,4",37,0,1,0,1,1,1
"I2_d02_@2,4",38,0,1,0,1,1,1
"I2_d02_@2,4",39,0,1,0,1,1,1
"I2_d02_@2,4",40,0,1,0,1,1,1
"I2_d02_@2,4",41,0,1,0,1,1,1
"I2_d02_@2,4",42,0,1,0,1,1,1
"I2_d02_@2,4",43,0,1,0,1,1,1
"I2_d02_@2,4",44,0,1,0,1,1,1
"I2_d02_@2,4",45,0,1,0,1,1,1
"I2_d02_@2,4",46,0,1,0,1,1,1
"I2_d02_@2,4",47,0,1,0,1,1,1
"I2_d02_@2,4",48,0,1,0,1,1,1
"I2_d02_@2,4",49,0,1,0,1,1,1
"I2_d02_@2,4",50,0,1,0,1,1,1
"I2_d02_@2,4",51,0,1,0,1,1,1
"I2_d02_@2,4",52,0,1,0,1,1,1
"I2_d02_@2,4",53,0,1,0,1,1,1
"I2_d02_@2,4",54,0,1,0,1,1,1
"I2_d02_@2,4",55,0,1,0,1,1,1
"I2_d02_@2,4",56,0,1,0,1,1,1
"I2_d02_@2,4",57,0,1,0,1,1,1
"I2_d02_@2,4",58,0,1,0,1,1,1
"I2_d02_@2,4",59,0,1,0,1,1,1
"I2_d02_@2,4",60,0,1,0,1,1,1
"I2_d02_@2,4",61,0,1,0,1,1,1
"I2_d02_@2,4",62,0,1,0,1,1,1
"I2_d02_@2,4",63,0,1,0,1,1,1
"I2_d02_@2,4",64,0,1,0,1,1,1
"I2_d02_@2,4",65,0,1,0,1,1,1
"I2_d02_@2,4",66,0,1,0,1,1,1
"I2_d02_@2,4",67,0,1,0,1,1,1
"I2_d02_@2,4",68,0,1,0,1,1,1
"I2_d02_@2,4",69,0,1,0,1,1,1
"I2_d02_@2,4",70,0,1,0,1,1,1
"I2_d02_@2,4",71,0,1,0,1,1,1
"I2_d02_@2,4",72,0,1,0,1,1,1
"I2_d02_@2,4",73,0,1,0,1,1,1
"I2_d02_@2,4",74,0,1,0,1,1,1
"I2_d02_@2,4",75,0,1,0,1,1,1
"I2_d02_@2,4",76,0,1,0,1,1,1
"I2_d02_@2,4",77,0,1,0,1,1,1
"I2_d02_@2,4",78,0,1,0,1,1,1
"I2_d02_@2,4",79,0,1,0,1,1,1
"I2_d02_@2,4",80,0,1,0,1,1,1
"I2_d02_@2,4",81,0,1,0,1,1,1
"I2_d02_@2,4",82,0,1,0,1,1,1
"I2_d02_@2,4",83,0,1,0,1,1,1
"I2_d02_@2,4",84,0,1,0,1,1,1
"I2_d02_@2,4",85,0,1,0,1,1,1
"I2_d02_@2,4",86,0,1,0,1,1,1
"I2_d02_@2,4",87,0,1,0,1,1,1
"I2_d02_@2,4",88,0,1,0,1,1,1
"I2_d02_@2,4",89,0,1,0,1,1,1
"I2_d02_@2,4",90,0,1,0,1,1,1
"I2_d02_@2,4",91,0,1,0,1,1,1
"I2_d02_@2,4",92,0,1,0,1,1,1
"I2_d02_@2,4",93,0,1,0,1,1,1
"I2_d02_@2,4",94,0,1,0,1,1,1
"I2_d02_@2,4",95,0,1,0,1,1,1
"I2_d02_@2,4",96,0,1,0,1,1,1
"I2_d02_@2,4",97,0,1,0,1,1,1
"I2_d02_@2,4",98,0,1,0,1,1,1
"I2_d02_@2,4",99,0,1,0,1,1,1
"I2_d02_@2,4",100,0,1,0,1,1,1
"I2_d02_@2,4",101,0,1,0,1,1,1
"I2_d02_@2,4",102,0,1,0,1,1,1
"I2_d02_@2,4",103,0,1,0,1,1,1
"I2_d02_@2,4",104,0,1,0,1,1,1
"I2_d02_@2,4",105,0,1,0,1,1,1
"I2_d02_@2,4",106,0,1,0,1,1,1
"I2_d02_@2,4",107,0,1,0,1,1,1
"I2_d02_@2,4",108,0,1,0,1,1,1
"I2_d02_@2,4",109,0,1,0,1,1,1
"I2_d02_@2,4",110,0,1,0,1,1,1
"I2_d02_@2,4",111,0,1,0,1,1,1
"I2_d02_@2,4",112,0,1,0,1,1,1
"I2_d02_@2,4",113,0,1,0,1,1,1
"I2_d02_@2,4",114,0,1,0,1,1,1
"I2_d02_@2,4",115,0,1,0,1,1,1
"I2_d02_@2,4",116,0,1,0,1,1,1
"I2_d02_@2,4",117,0,1,0,1,1,1
"I2_d02_@2,4",118,0,1,0,1,1,1
"I2_d02_@2,4",119,0,1,0,1,1,1
"I2_d02_@2,4",120,0,1,0,1,1,1
"I2_d03_@2,5",0,0,1,0,1,0,0
"I2_d03_@2,5",1,0,1,0,1,0,0
"I2_d03_@2,5",2,0,1,1,1,0,0
"I2_d03_@2,5",3,0,1,1,1,0,0
"I2_d03_@2,5",4,0,1,1,1,0,0
"I2_d03_@2,5",5,0,0,1,0,0,0
"I2_d03_@2,5",6,1,1,0,0,0,0
"I2_d03_@2,5",7,1,1,0,0,0,0
"I2_d03_@2,5",8,1,1,0,0,0,0
"I2_d03_@2,5",9,1,1,0,0,0,0
"I2_d03_@2,5",10,1,1,0,0,0,0
"I2_d03_@2,5",11,0,1,0,1,0,0
"I2_d03_@2,5",12,0,1,0,1,0,0
"I2_d03_@2,5",13,0,1,0,1,0,0
"I2_d03_@2,5",14,0,1,0,1,0,0
"I2_d03_@2,5",15,0,1,0,1,0,0
"I2_d03_@2,5",16,0,1,0,1,0,0
"I2_d03_@2,5",17,0,1,0,1,0,0
"I2_d03_@2,5",18,0,1,0,1,0,0
"I2_d03_@2,5",19,0,1,0,1,0,0
"I2_d03_@2,5",20,0,1,0,1,0,0
"I2_d03_@2,5",21,0,1,0,1,1,0
"I2_d03_@2,5",22,0,1,0,1,1,1
"I2_d03_@2,5",23,0,1,0,1,1,1
"I2_d03_@2,5",24,0,1,0,1,1,1
"I2_d03_@2,5",25,0,1,0,1,1,1
"I2_d03_@2,5",26,0,1,0,1,1,1
"I2_d03_@2,5",27,0,1,0,1,1,1
"I2_d03_@2,5",28,0,1,0,1,1,1
"I2_d03_@2,5",29,0,1,0,1,1,1
"I2_d03_@2,5",30,0,1,0,1,1,1
"I2_d03_@2,5",31,0,1,0,1,1,1
"I2_d03_@2,5",32,0,1,0,1,1,1
"I2_d03_@2,5",33,0,1,0,1,1,1
"I2_d03_@2,5",34,0,1,0,1,1,1
"I2_d03_@2,5",35,0,1,0,1,1,1
"I2_d03_@2,5",36,0,1,0,1,1,1
"I2_d03_@2,5",37,0,1,0,1,1,1
"I2_d03_@2,5",38,0,1,0,1,1,1
"I2_d03_@2,5",39,0,1,0,1,1,1
"I2_d03_@2,5",40,0,1,0,1,1,1
"I2_d03_@2,5",41,0,1,0,1,1,1
"I2_d03_@2,5",42,0,1,0,1,1,1
"I2_d03_@2,5",43,0,1,0,1,1,1
"I2_d03_@2,5",44,0,1,0,1,1,1
"I2_d03_@2,5",45,0,1,0,1,1,1
"I2_d03_@2,5",46,0,1,0,1,1,1
"I2_d03_@2,5",47,0,1,0,1,1,1
"I2_d03_@2,5",48,0,1,0,1,1,1
"I2_d03_@2,5",49,0,1,0,1,1,1
"I2_d03_@2,5",50,0,1,0,1,1,1
"I2_d03_@2,5",51,0,1,0,1,1,1
"I2_d03_@2,5",52,0,1,0,1,1,1
"I2_d03_@2,5",53,0,1,0,1,1,1
"I2_d03_@2,5",54,0,1,0,1,1,1
"I2_d03_@2,5",55,0,1,0,1,1,1
"I2_d03_@2,5",56,0,1,0,1,1,1
"I2_d03_@2,5",57,0,1,0,1,1,1
"I2_d03_@2,5",58,0,1,0,1,1,1
"I2_d03_@2,5",59,0,1,0,1,1,1
"I2_d03_@2,5",60,0,1,0,1,1,1
"I2_d03_@2,5",61,0,1,0,1,1,1
"I2_d03_@2,5",62,0,1,0,1,1,1
"I2_d03_@2,5",63,0,1,0,1,1,1
"I2_d03_@2,5",64,0,1,0,1,1,1
"I2_d03_@2,5",65,0,1,0,1,1,1
"I2_d03_@2,5",66,0,1,0,1,1,1
"I2_d03_@2,5",67,0,1,0,1,1,1
"I2_d03_@2,5",68,0,1,0,1,1,1
"I2_d03_@2,5",69,0,1,0,1,1,1
"I2_d03_@2,5",70,0,1,0,1,1,1
"I2_d03_@2,5",71,0,1,0,1,1,1
"I2_d03_@2,5",72,0,1,0,1,1,1
"I2_d03_@2,5",73,0,1,0,1,1,1
"I2_d03_@2,5",74,0,1,0,1,1,1
"I2_d03_@2,5",75,0,1,0,1,1,1
"I2_d03_@2,5",76,0,1,0,1,1,1
"I2_d03_@2,5",77,0,1,0,1,1,1
"I2_d03_@2,5",78,0,1,0,1,1,1
"I2_d03_@2,5",79,0,1,0,1,1,1
"I2_d03_@2,5",80,0,1,0,1,1,1
"I2_d03_@2,5",81,0,1,0,1,1,1
"I2_d03_@2,5",82,0,1,0,1,1,1
"I2_d03_@2,5",83,0,1,0,1,1,1
"I2_d03_@2,5",84,0,1,0,1,1,1
"I2_d03_@2,5",85,0,1,0,1,1,1
"I2_d03_@2,5",86,0,1,0,1,1,1
"I2_d03_@2,5",87,0,1,0,1,1,1
"I2_d03_@2,5",88,0,1,0,1,1,1
"I2_d03_@2,5",89,0,1,0,1,1,1
"I2_d03_@2,5",90,0,1,0,1,1,1
"I2_d03_@2,5",91,0,1,0,1,1,1
"I2_d03_@2,5",92,0,1,0,1,1,1
"I2_d03_@2,5",93,0,1,0,1,1,1
"I2_d03_@2,5",94,0,1,0,1,1,1
"I2_d03_@2,5",95,0,1,0,1,1,1
"I2_d03_@2,5",96,0,1,0,1,1,1
"I2_d03_@2,5",97,0,1,0,1,1,1
"I2_d03_@2,5",98,0,1,0,1,1,1
"I2_d03_@2,5",99,0,1,0,1,1,1
"I2_d03_@2,5",100,0,1,0,1,1,1
"I2_d03_@2,5",101,0,1,0,1,1,1
"I2_d03_@2,5",102,0,1,0,1,1,1
"I2_d03_@2,5",103,0,1,0,1,1,1
"I2_d03_@2,5",104,0,1,0,1,1,1
"I2_d03_@2,5",105,0,1,0,1,1,1
"I2_d03_@2,5",106,0,1,0,1,1,1
"I2_d03_@2,5",107,0,1,0,1,1,1
"I2_d03_@2,5",108,0,1,0,1,1,1
"I2_d03_@2,5",109,0,1,0,1,1,1
"I2_d03_@2,5",110,0,1,0,1,1,1
"I2_d03_@2,5",111,0,1,0,1,1,1
"I2_d03_@2,5",112,0,1,0,1,1,1
"I2_d03_@2,5",113,0,1,0,1,1,1
"I2_d03_@2,5",114,0,1,0,1,1,1
"I2_d03_@2,5",115,0,1,0,1,1,1
"I2_d03_@2,5",116,0,1,0,1,1,1
"I2_d03_@2,5",117,0,1,0,1,1,1
"I2_d03_@2,5",118,0,1,0,1,1,1
"I2_d03_@2,5",119,0,1,0,1,1,1
"I2_d03_@2,5",120,0,1,0,1,1,1
"I2_d04_@2,6",0,0,1,0,1,0,0
"I2_d04_@2,6",1,0,1,0,1,0,0
"I2_d04_@2,6",2,0,1,1,1,0,0
"I2_d04_@2,6",3,0,1,1,1,0,0
"I2_d04_@2,6",4,0,1,1,1,0,0
"I2_d04_@2,6",5,0,1,1,1,0,0
"I2_d04_@2,6",6,0,0,1,0,0,0
"I2_d04_@2,6",7,1,1,0,0,0,0
"I2_d04_@2,6",8,1,1,0,0,0,0
"I2_d04_@2,6",9,1,1,0,0,0,0
"I2_d04_@2,6",10,1,1,0,0,0,0
"I2_d04_@2,6",11,0,1,0,1,0,0
"I2_d04_@2,6",12,0,1,0,1,0,0
"I2_d04_@2,6",13,0,1,0,1,0,0
"I2_d04_@2,6",14,0,1,0,1,0,0
"I2_d04_@2,6",15,0,1,0,1,0,0
"I2_d04_@2,6",16,0,1,0,1,0,0
"I2_d04_@2,6",17,0,1,0,1,0,0
"I2_d04_@2,6",18,0,1,0,1,0,0
"I2_d04_@2,6",19,0,1,0,1,0,0
"I2_d04_@2,6",20,0,1,0,1,0,0
"I2_d04_@2,6",21,0,1,0,1,1,0
"I2_d04_@2,6",22,0,1,0,1,1,1
"I2_d04_@2,6",23,0,1,0,1,1,1
"I2_d04_@2,6",24,0,1,0,1,1,1
"I2_d04_@2,6",25,0,1,0,1,1,1
"I2_d04_@2,6",26,0,1,0,1,1,1
"I2_d04_@2,6",27,0,1,0,1,1,1
"I2_d04_@2,6",28,0,1,0,1,1,1
"I2_d04_@2,6",29,0,1,0,1,1,1
"I2_d04_@2,6",30,0,1,0,1,1,1
"I2_d04_@2,6",31,0,1,0,1,1,1
"I2_d04_@2,6",32,0,1,0,1,1,1
"I2_d04_@2,6",33,0,1,0,1,1,1
"I2_d04_@2,6",34,0,1,0,1,1,1
"I2_d04_@2,6",35,0,1,0,1,1,1
"I2_d04_@2,6",36,0,1,0,1,1,1
"I2_d04_@2,6",37,0,1,0,1,1,1
"I2_d04_@2,6",38,0,1,0,1,1,1
"I2_d04_@2,6",39,0,1,0,1,1,1
"I2_d04_@2,6",40,0,1,0,1,1,1
"I2_d04_@2,6",41,0,1,0,1,1,1
"I2_d04_@2,6",42,0,1,0,1,1,1
"I2_d04_@2,6",43,0,1,0,1,1,1
"I2_d04_@2,6",44,0,1,0,1,1,1
"I2_d04_@2,6",45,0,1,0,1,1,1
"I2_d04_@2,6",46,0,1,0,1,1,1
"I2_d04_@2,6",47,0,1,0,1,1,1
"I2_d04_@2,6",48,0,1,0,1,1,1
"I2_d04_@2,6",49,0,1,0,1,1,1
"I2_d04_@2,6",50,0,1,0,1,1,1
"I2_d04_@2,6",51,0,1,0,1,1,1
"I2_d04_@2,6",52,0,1,0,1,1,1
"I2_d04_@2,6",53,0,1,0,1,1,1
"I2_d04_@2,6",54,0,1,0,1,1,1
"I2_d04_@2,6",55,0,1,0,1,1,1
"I2_d04_@2,6",56,0,1,0,1,1,1
"I2_d04_@2,6",57,0,1,0,1,1,1
"I2_d04_@2,6",58,0,1,0,1,1,1
"I2_d04_@2,6",59,0,1,0,1,1,1
"I2_d04_@2,6",60,0,1,0,1,1,1
"I2_d04_@2,6",61,0,1,0,1,1,1
"I2_d04_@2,6",62,0,1,0,1,1,1
"I2_d04_@2,6",63,0,1,0,1,1,1
"I2_d04_@2,6",64,0,1,0,1,1,1
"I2_d04_@2,6",65,0,1,0,1,1,1
"I2_d04_@2,6",66,0,1,0,1,1,1
"I2_d04_@2,6",67,0,1,0,1,1,1
"I2_d04_@2,6",68,0,1,0,1,1,1
"I2_d04_@2,6",69,0,1,0,1,1,1
"I2_d04_@2,6",70,0,1,0,1,1,1
"I2_d04_@2,6",71,0,1,0,1,1,1
"I2_d04_@2,6",72,0,1,0,1,1,1
"I2_d04_@2,6",73,0,1,0,1,1,1
"I2_d04_@2,6",74,0,1,0,1,1,1
"I2_d04_@2,6",75,0,1,0,1,1,1
"I2_d04_@2,6",76,0,1,0,1,1,1
"I2_d04_@2,6",77,0,1,0,1,1,1
"I2_d04_@2,6",78,0,1,0,1,1,1
"I2_d04_@2,6",79,0,1,0,1,1,1
"I2_d04_@2,6",80,0,1,0,1,1,1
"I2_d04_@2,6",81,0,1,0,1,1,1
"I2_d04_@2,6",82,0,1,0,1,1,1
"I2_d04_@2,6",83,0,1,0,1,1,1
"I2_d04_@2,6",84,0,1,0,1,1,1
"I2_d04_@2,6",85,0,1,0,1,1,1
"I2_d04_@2,6",86,0,1,0,1,1,1
"I2_d04_@2,6",87,0,1,0,1,1,1
"I2_d04_@2,6",88,0,1,0,1,1,1
"I2_d04_@2,6",89,0,1,0,1,1,1
"I2_d04_@2,6",90,0,1,0,1,1,1
"I2_d04_@2,6",91,0,1,0,1,1,1
"I2_d04_@2,6",92,0,1,0,1,1,1
"I2_d04_@2,6",93,0,1,0,1,1,1
"I2_d04_@2,6",94,0,1,0,1,1,1
"I2_d04_@2,6",95,0,1,0,1,1,1
"I2_d04_@2,6",96,0,1,0,1,1,1
"I2_d04_@2,6",97,0,1,0,1,1,1
"I2_d04_@2,6",98,0,1,0,1,1,1
"I2_d04_@2,6",99,0,1,0,1,1,1
"I2_d04_@2,6",100,0,1,0,1,1,1
"I2_d04_@2,6",101,0,1,0,1,1,1
"I2_d04_@2,6",102,0,1,0,1,1,1
"I2_d04_@2,6",103,0,1,0,1,1,1
"I2_d04_@2,6",104,0,1,0,1,1,1
"I2_d04_@2,6",105,0,1,0,1,1,1
"I2_d04_@2,6",106,0,1,0,1,1,1
"I2_d04_@2,6",107,0,1,0,1,1,1
"I2_d04_@2,6",108,0,1,0,1,1,1
"I2_d04_@2,6",109,0,1,0,1,1,1
"I2_d04_@2,6",110,0,1,0,1,1,1
"I2_d04_@2,6",111,0,1,0,1,1,1
"I2_d04_@2,6",112,0,1,0,1,1,1
"I2_d04_@2,6",113,0,1,0,1,1,1
"I2_d04_@2,6",114,0,1,0,1,1,1
"I2_d04_@2,6",115,0,1,0,1,1,1
"I2_d04_@2,6",116,0,1,0,1,1,1
"I2_d04_@2,6",117,0,1,0,1,1,1
"I2_d04_@2,6",118,0,1,0,1,1,1
"I2_d04_@2,6",119,0,1,0,1,1,1
"I2_d04_@2,6",120,0,1,0,1,1,1
"I2_d05_@2,7",0,0,1,0,1,0,0
"I2_d05_@2,7",1,0,1,0,1,0,0
"I2_d05_@2,7",2,0,1,1,1,0,0
"I2_d05_@2,7",3,0,1,1,1,0,0
"I2_d05_@2,7",4,0,1,1,1,0,0
"I2_d05_@2,7",5,0,1,1,1,0,0
"I2_d05_@2,7",6,0,1,1,1,0,0
"I2_d05_@2,7",7,0,0,1,0,0,0
"I2_d05_@2,7",8,1,1,0,0,0,0
"I2_d05_@2,7",9,1,1,0,0,0,0
"I2_d05_@2,7",10,1,1,0,0,0,0
"I2_d05_@2,7",11,0,1,0,1,0,0
"I2_d05_@2,7",12,0,1,0,1,0,0
"I2_d05_@2,7",13,0,1,0,1,0,0
"I2_d05_@2,7",14,0,1,0,1,0,0
"I2_d05_@2,7",15,0,1,0,1,0,0
"I2_d05_@2,7",16,0,1,0,1,0,0
"I2_d05_@2,7",17,0,1,0,1,0,0
"I2_d05_@2,7",18,0,1,0,1,0,0
"I2_d05_@2,7",19,0,1,0,1,0,0
"I2_d05_@2,7",20,0,1,0,1,0,0
"I2_d05_@2,7",21,0,1,0,1,1,0
"I2_d05_@2,7",22,0,1,0,1,1,1
"I2_d05_@2,7",23,0,1,0,1,1,1
"I2_d05_@2,7",24,0,1,0,1,1,1
"I2_d05_@2,7",25,0,1,0,1,1,1
"I2_d05_@2,7",26,0,1,0,1,1,1
"I2_d05_@2,7",27,0,1,0,1,1,1
"I2_d05_@2,7",28,0,1,0,1,1,1
"I2_d05_@2,7",29,0,1,0,1,1,1
"I2_d05_@2,7",30,0,1,0,1,1,1
"I2_d05_@2,7",31,0,1,0,1,1,1
"I2_d05_@2,7",32,0,1,0,1,1,1
"I2_d05_@2,7",33,0,1,0,1,1,1
"I2_d05_@2,7",34,0,1,0,1,1,1
"I2_d05_@2,7",35,0,1,0,1,1,1
"I2_d05_@2,7",36,0,1,0,1,1,1
"I2_d05_@2,7",37,0,1,0,1,1,1
"I2_d05_@2,7",38,0,1,0,1,1,1
"I2_d05_@2,7",39,0,1,0,1,1,1
"I2_d05_@2,7",40,0,1,0,1,1,1
"I2_d05_@2,7",41,0,1,0,1,1,1
"I2_d05_@2,7",42,0,1,0,1,1,1
"I2_d05_@2,7",43,0,1,0,1,1,1
"I2_d05_@2,7",44,0,1,0,1,1,1
"I2_d05_@2,7",45,0,1,0,1,1,1
"I2_d05_@2,7",46,0,1,0,1,1,1
"I2_d05_@2,7",47,0,1,0,1,1,1
"I2_d05_@2,7",48,0,1,0,1,1,1
"I2_d05_@2,7",49,0,1,0,1,1,1
"I2_d05_@2,7",50,0,1,0,1,1,1
"I2_d05_@2,7",51,0,1,0,1,1,1
"I2_d05_@2,7",52,0,1,0,1,1,1
"I2_d05_@2,7",53,0,1,0,1,1,1
"I2_d05_@2,7",54,0,1,0,1,1,1
"I2_d05_@2,7",55,0,1,0,1,1,1
"I2_d05_@2,7",56,0,1,0,1,1,1
"I2_d05_@2,7",57,0,1,0,1,1,1
"I2_d05_@2,7",58,0,1,0,1,1,1
"I2_d05_@2,7",59,0,1,0,1,1,1
"I2_d05_@2,7",60,0,1,0,1,1,1
"I2_d05_@2,7",61,0,1,0,1,1,1
"I2_d05_@2,7",62,0,1,0,1,1,1
"I2_d05_@2,7",63,0,1,0,1,1,1
"I2_d05_@2,7",64,0,1,0,1,1,1
"I2_d05_@2,7",65,0,1,0,1,1,1
"I2_d05_@2,7",66,0,1,0,1,1,1
"I2_d05_@2,7",67,0,1,0,1,1,1
"I2_d05_@2,7",68,0,1,0,1,1,1
"I2_d05_@2,7",69,0,1,0,1,1,1
"I2_d05_@2,7",70,0,1,0,1,1,1
"I2_d05_@2,7",71,0,1,0,1,1,1
"I2_d05_@2,7",72,0,1,0,1,1,1
"I2_d05_@2,7",73,0,1,0,1,1,1
"I2_d05_@2,7",74,0,1,0,1,1,1
"I2_d05_@2,7",75,0,1,0,1,1,1
"I2_d05_@2,7",76,0,1,0,1,1,1
"I2_d05_@2,7",77,0,1,0,1,1,1
"I2_d05_@2,7",78,0,1,0,1,1,1
"I2_d05_@2,7",79,0,1,0,1,1,1
"I2_d05_@2,7",80,0,1,0,1,1,1
"I2_d05_@2,7",81,0,1,0,1,1,1
"I2_d05_@2,7",82,0,1,0,1,1,1
"I2_d05_@2,7",83,0,1,0,1,1,1
"I2_d05_@2,7",84,0,1,0,1,1,1
"I2_d05_@2,7",85,0,1,0,1,1,1
"I2_d05_@2,7",86,0,1,0,1,1,1
"I2_d05_@2,7",87,0,1,0,1,1,1
"I2_d05_@2,7",88,0,1,0,1,1,1
"I2_d05_@2,7",89,0,1,0,1,1,1
"I2_d05_@2,7",90,0,1,0,1,1,1
"I2_d05_@2,7",91,0,1,0,1,1,1
"I2_d05_@2,7",92,0,1,0,1,1,1
"I2_d05_@2,7",93,0,1,0,1,1,1
"I2_d05_@2,7",94,0,1,0,1,1,1
"I2_d05_@2,7",95,0,1,0,1,1,1
"I2_d05_@2,7",96,0,1,0,1,1,1
"I2_d05_@2,7",97,0,1,0,1,1,1
"I2_d05_@2,7",98,0,1,0,1,1,1
"I2_d05_@2,7",99,0,1,0,1,1,1
"I2_d05_@2,7",100,0,1,0,1,1,1
"I2_d05_@2,7",101,0,1,0,1,1,1
"I2_d05_@2,7",102,0,1,0,1,1,1
"I2_d05_@2,7",103,0,1,0,1,1,1
"I2_d05_@2,7",104,0,1,0,1,1,1
"I2_d05_@2,7",105,0,1,0,1,1,1
"I2_d05_@2,7",106,0,1,0,1,1,1
"I2_d05_@2,7",107,0,1,0,1,1,1
"I2_d05_@2,7",108,0,1,0,1,1,1
"I2_d05_@2,7",109,0,1,0,1,1,1
"I2_d05_@2,7",110,0,1,0,1,1,1
"I2_d05_@2,7",111,0,1,0,1,1,1
"I2_d05_@2,7",112,0,1,0,1,1,1
"I2_d05_@2,7",113,0,1,0,1,1,1
"I2_d05_@2,7",114,0,1,0,1,1,1
"I2_d05_@2,7",115,0,1,0,1,1,1
"I2_d05_@2,7",116,0,1,0,1,1,1
"I2_d05_@2,7",117,0,1,0,1,1,1
"I2_d05_@2,7",118,0,1,0,1,1,1
"I2_d05_@2,7",119,0,1,0,1,1,1
"I2_d05_@2,7",120,0,1,0,1,1,1
"I2_d06_@2,8",0,0,1,0,1,0,0
"I2_d06_@2,8",1,0,1,0,1,0,0
"I2_d06_@2,8",2,0,1,1,1,0,0
"I2_d06_@2,8",3,0,1,1,1,0,0
"I2_d06_@2,8",4,0,1,1,1,0,0
"I2_d06_@2,8",5,0,1,1,1,0,0
"I2_d06_@2,8",6,0,1,1,1,0,0
"I2_d06_@2,8",7,0,1,1,1,0,0
"I2_d06_@2,8",8,0,0,1,0,0,0
"I2_d06_@2,8",9,1,1,0,0,0,0
"I2_d06_@2,8",10,1,1,0,0,0,0
"I2_d06_@2,8",11,0,1,0,1,0,0
"I2_d06_@2,8",12,0,1,0,1,0,0
"I2_d06_@2,8",13,0,1,0,1,0,0
"I2_d06_@2,8",14,0,1,0,1,0,0
"I2_d06_@2,8",15,0,1,0,1,0,0
"I2_d06_@2,8",16,0,1,0,1,0,0
"I2_d06_@2,8",17,0,1,0,1,0,0
"I2_d06_@2,8",18,0,1,0,1,0,0
"I2_d06_@2,8",19,0,1,0,1,0,0
"I2_d06_@2,8",20,0,1,0,1,0,0
"I2_d06_@2,8",21,0,1,0,1,1,0
"I2_d06_@2,8",22,0,1,0,1,1,1
"I2_d06_@2,8",23,0,1,0,1,1,1
"I2_d06_@2,8",24,0,1,0,1,1,1
"I2_d06_@2,8",25,0,1,0,1,1,1
"I2_d06_@2,8",26,0,1,0,1,1,1
"I2_d06_@2,8",27,0,1,0,1,1,1
"I2_d06_@2,8",28,0,1,0,1,1,1
"I2_d06_@2,8",29,0,1,0,1,1,1
"I2_d06_@2,8",30,0,1,0,1,1,1
"I2_d06_@2,8",31,0,1,0,1,1,1
"I2_d06_@2,8",32,0,1,0,1,1,1
"I2_d06_@2,8",33,0,1,0,1,1,1
"I2_d06_@2,8",34,0,1,0,1,1,1
"I2_d06_@2,8",35,0,1,0,1,1,1
"I2_d06_@2,8",36,0,1,0,1,1,1
"I2_d06_@2,8",37,0,1,0,1,1,1
"I2_d06_@2,8",38,0,1,0,1,1,1
"I2_d06_@2,8",39,0,1,0,1,1,1
"I2_d06_@2,8",40,0,1,0,1,1,1
"I2_d06_@2,8",41,0,1,0,1,1,1
"I2_d06_@2,8",42,0,1,0,1,1,1
"I2_d06_@2,8",43,0,1,0,1,1,1
"I2_d06_@2,8",44,0,1,0,1,1,1
"I2_d06_@2,8",45,0,1,0,1,1,1
"I2_d06_@2,8",46,0,1,0,1,1,1
"I2_d06_@2,8",47,0,1,0,1,1,1
"I2_d06_@2,8",48,0,1,0,1,1,1
"I2_d06_@2,8",49,0,1,0,1,1,1
"I2_d06_@2,8",50,0,1,0,1,1,1
"I2_d06_@2,8",51,0,1,0,1,1,1
"I2_d06_@2,8",52,0,1,0,1,1,1
"I2_d06_@2,8",53,0,1,0,1,1,1
"I2_d06_@2,8",54,0,1,0,1,1,1
"I2_d06_@2,8",55,0,1,0,1,1,1
"I2_d06_@2,8",56,0,1,0,1,1,1
"I2_d06_@2,8",57,0,1,0,1,1,1
"I2_d06_@2,8",58,0,1,0,1,1,1
"I2_d06_@2,8",59,0,1,0,1,1,1
"I2_d06_@2,8",60,0,1,0,1,1,1
"I2_d06_@2,8",61,0,1,0,1,1,1
"I2_d06_@2,8",62,0,1,0,1,1,1
"I2_d06_@2,8",63,0,1,0,1,1,1
"I2_d06_@2,8",64,0,1,0,1,1,1
"I2_d06_@2,8",65,0,1,0,1,1,1
"I2_d06_@2,8",66,0,1,0,1,1,1
"I2_d06_@2,8",67,0,1,0,1,1,1
"I2_d06_@2,8",68,0,1,0,1,1,1
"I2_d06_@2,8",69,0,1,0,1,1,1
"I2_d06_@2,8",70,0,1,0,1,1,1
"I2_d06_@2,8",71,0,1,0,1,1,1
"I2_d06_@2,8",72,0,1,0,1,1,1
"I2_d06_@2,8",73,0,1,0,1,1,1
"I2_d06_@2,8",74,0,1,0,1,1,1
"I2_d06_@2,8",75,0,1,0,1,1,1
"I2_d06_@2,8",76,0,1,0,1,1,1
"I2_d06_@2,8",77,0,1,0,1,1,1
"I2_d06_@2,8",78,0,1,0,1,1,1
"I2_d06_@2,8",79,0,1,0,1,1,1
"I2_d06_@2,8",80,0,1,0,1,1,1
"I2_d06_@2,8",81,0,1,0,1,1,1
"I2_d06_@2,8",82,0,1,0,1,1,1
"I2_d06_@2,8",83,0,1,0,1,1,1
"I2_d06_@2,8",84,0,1,0,1,1,1
"I2_d06_@2,8",85,0,1,0,1,1,1
"I2_d06_@2,8",86,0,1,0,1,1,1
"I2_d06_@2,8",87,0,1,0,1,1,1
"I2_d06_@2,8",88,0,1,0,1,1,1
"I2_d06_@2,8",89,0,1,0,1,1,1
"I2_d06_@2,8",90,0,1,0,1,1,1
"I2_d06_@2,8",91,0,1,0,1,1,1
"I2_d06_@2,8",92,0,1,0,1,1,1
"I2_d06_@2,8",93,0,1,0,1,1,1
"I2_d06_@2,8",94,0,1,0,1,1,1
"I2_d06_@2,8",95,0,1,0,1,1,1
"I2_d06_@2,8",96,0,1,0,1,1,1
"I2_d06_@2,8",97,0,1,0,1,1,1
"I2_d06_@2,8",98,0,1,0,1,1,1
"I2_d06_@2,8",99,0,1,0,1,1,1
"I2_d06_@2,8",100,0,1,0,1,1,1
"I2_d06_@2,8",101,0,1,0,1,1,1
"I2_d06_@2,8",102,0,1,0,1,1,1
"I2_d06_@2,8",103,0,1,0,1,1,1
"I2_d06_@2,8",104,0,1,0,1,1,1
"I2_d06_@2,8",105,0,1,0,1,1,1
"I2_d06_@2,8",106,0,1,0,1,1,1
"I2_d06_@2,8",107,0,1,0,1,1,1
"I2_d06_@2,8",108,0,1,0,1,1,1
"I2_d06_@2,8",109,0,1,0,1,1,1
"I2_d06_@2,8",110,0,1,0,1,1,1
"I2_d06_@2,8",111,0,1,0,1,1,1
"I2_d06_@2,8",112,0,1,0,1,1,1
"I2_d06_@2,8",113,0,1,0,1,1,1
"I2_d06_@2,8",114,0,1,0,1,1,1
"I2_d06_@2,8",115,0,1,0,1,1,1
"I2_d06_@2,8",116,0,1,0,1,1,1
"I2_d06_@2,8",117,0,1,0,1,1,1
"I2_d06_@2,8",118,0,1,0,1,1,1
"I2_d06_@2,8",119,0,1,0,1,1,1
"I2_d06_@2,8",120,0,1,0,1,1,1
"I2_d07_@2,9",0,0,1,0,1,0,0
"I2_d07_@2,9",1,0,1,0,1,0,0
"I2_d07_@2,9",2,0,1,1,1,0,0
"I2_d07_@2,9",3,0,1,1,1,0,0
"I2_d07_@2,9",4,0,1,1,1,0,0
"I2_d07_@2,9",5,0,1,1,1,0,0
"I2_d07_@2,9",6,0,1,1,1,0,0
"I2_d07_@2,9",7,0,1,1,1,0,0
"I2_d07_@2,9",8,0,1,1,1,0,0
"I2_d07_@2,9",9,0,0,1,0,0,0
"I2_d07_@2,9",10,1,1,0,0,0,0
"I2_d07_@2,9",11,0,1,0,1,0,0
"I2_d07_@2,9",12,0,1,0,1,0,0
"I2_d07_@2,9",13,0,1,0,1,0,0
"I2_d07_@2,9",14,0,1,0,1,0,0
"I2_d07_@2,9",15,0,1,0,1,0,0
"I2_d07_@2,9",16,0,1,0,1,0,0
"I2_d07_@2,9",17,0,1,0,1,0,0
"I2_d07_@2,9",18,0,1,0,1,0,0
"I2_d07_@2,9",19,0,1,0,1,0,0
"I2_d07_@2,9",20,0,1,0,1,0,0
"I2_d07_@2,9",21,0,1,0,1,1,0
"I2_d07_@2,9",22,0,1,0,1,1,1
"I2_d07_@2,9",23,0,1,0,1,1,1
"I2_d07_@2,9",24,0,1,0,1,1,1
"I2_d07_@2,9",25,0,1,0,1,1,1
"I2_d07_@2,9",26,0,1,0,1,1,1
"I2_d07_@2,9",27,0,1,0,1,1,1
"I2_d07_@2,9",28,0,1,0,1,1,1
"I2_d07_@2,9",29,0,1,0,1,1,1
"I2_d07_@2,9",30,0,1,0,1,1,1
"I2_d07_@2,9",31,0,1,0,1,1,1
"I2_d07_@2,9",32,0,1,0,1,1,1
"I2_d07_@2,9",33,0,1,0,1,1,1
"I2_d07_@2,9",34,0,1,0,1,1,1
"I2_d07_@2,9",35,0,1,0,1,1,1
"I2_d07_@2,9",36,0,1,0,1,1,1
"I2_d07_@2,9",37,0,1,0,1,1,1
"I2_d07_@2,9",38,0,1,0,1,1,1
"I2_d07_@2,9",39,0,1,0,1,1,1
"I2_d07_@2,9",40,0,1,0,1,1,1
"I2_d07_@2,9",41,0,1,0,1,1,1
"I2_d07_@2,9",42,0,1,0,1,1,1
"I2_d07_@2,9",43,0,1,0,1,1,1
"I2_d07_@2,9",44,0,1,0,1,1,1
"I2_d07_@2,9",45,0,1,0,1,1,1
"I2_d07_@2,9",46,0,1,0,1,1,1
"I2_d07_@2,9",47,0,1,0,1,1,1
"I2_d07_@2,9",48,0,1,0,1,1,1
"I2_d07_@2,9",49,0,1,0,1,1,1
"I2_d07_@2,9",50,0,1,0,1,1,1
"I2_d07_@2,9",51,0,1,0,1,1,1
"I2_d07_@2,9",52,0,1,0,1,1,1
"I2_d07_@2,9",53,0,1,0,1,1,1
"I2_d07_@2,9",54,0,1,0,1,1,1
"I2_d07_@2,9",55,0,1,0,1,1,1
"I2_d07_@2,9",56,0,1,0,1,1,1
"I2_d07_@2,9",57,0,1,0,1,1,1
"I2_d07_@2,9",58,0,1,0,1,1,1
"I2_d07_@2,9",59,0,1,0,1,1,1
"I2_d07_@2,9",60,0,1,0,1,1,1
"I2_d07_@2,9",61,0,1,0,1,1,1
"I2_d07_@2,9",62,0,1,0,1,1,1
"I2_d07_@2,9",63,0,1,0,1,1,1
"I2_d07_@2,9",64,0,1,0,1,1,1
"I2_d07_@2,9",65,0,1,0,1,1,1
"I2_d07_@2,9",66,0,1,0,1,1,1
"I2_d07_@2,9",67,0,1,0,1,1,1
"I2_d07_@2,9",68,0,1,0,1,1,1
"I2_d07_@2,9",69,0,1,0,1,1,1
"I2_d07_@2,9",70,0,1,0,1,1,1
"I2_d07_@2,9",71,0,1,0,1,1,1
"I2_d07_@2,9",72,0,1,0,1,1,1
"I2_d07_@2,9",73,0,1,0,1,1,1
"I2_d07_@2,9",74,0,1,0,1,1,1
"I2_d07_@2,9",75,0,1,0,1,1,1
"I2_d07_@2,9",76,0,1,0,1,1,1
"I2_d07_@2,9",77,0,1,0,1,1,1
"I2_d07_@2,9",78,0,1,0,1,1,1
"I2_d07_@2,9",79,0,1,0,1,1,1
"I2_d07_@2,9",80,0,1,0,1,1,1
"I2_d07_@2,9",81,0,1,0,1,1,1
"I2_d07_@2,9",82,0,1,0,1,1,1
"I2_d07_@2,9",83,0,1,0,1,1,1
"I2_d07_@2,9",84,0,1,0,1,1,1
"I2_d07_@2,9",85,0,1,0,1,1,1
"I2_d07_@2,9",86,0,1,0,1,1,1
"I2_d07_@2,9",87,0,1,0,1,1,1
"I2_d07_@2,9",88,0,1,0,1,1,1
"I2_d07_@2,9",89,0,1,0,1,1,1
"I2_d07_@2,9",90,0,1,0,1,1,1
"I2_d07_@2,9",91,0,1,0,1,1,1
"I2_d07_@2,9",92,0,1,0,1,1,1
"I2_d07_@2,9",93,0,1,0,1,1,1
"I2_d07_@2,9",94,0,1,0,1,1,1
"I2_d07_@2,9",95,0,1,0,1,1,1
"I2_d07_@2,9",96,0,1,0,1,1,1
"I2_d07_@2,9",97,0,1,0,1,1,1
"I2_d07_@2,9",98,0,1,0,1,1,1
"I2_d07_@2,9",99,0,1,0,1,1,1
"I2_d07_@2,9",100,0,1,0,1,1,1
"I2_d07_@2,9",101,0,1,0,1,1,1
"I2_d07_@2,9",102,0,1,0,1,1,1
"I2_d07_@2,9",103,0,1,0,1,1,1
"I2_d07_@2,9",104,0,1,0,1,1,1
"I2_d07_@2,9",105,0,1,0,1,1,1
"I2_d07_@2,9",106,0,1,0,1,1,1
"I2_d07_@2,9",107,0,1,0,1,1,1
"I2_d07_@2,9",108,0,1,0,1,1,1
"I2_d07_@2,9",109,0,1,0,1,1,1
"I2_d07_@2,9",110,0,1,0,1,1,1
"I2_d07_@2,9",111,0,1,0,1,1,1
"I2_d07_@2,9",112,0,1,0,1,1,1
"I2_d07_@2,9",113,0,1,0,1,1,1
"I2_d07_@2,9",114,0,1,0,1,1,1
"I2_d07_@2,9",115,0,1,0,1,1,1
"I2_d07_@2,9",116,0,1,0,1,1,1
"I2_d07_@2,9",117,0,1,0,1,1,1
"I2_d07_@2,9",118,0,1,0,1,1,1
"I2_d07_@2,9",119,0,1,0,1,1,1
"I2_d07_@2,9",120,0,1,0,1,1,1
"I2_d08_@2,10",0,0,1,0,1,0,0
"I2_d08_@2,10",1,0,1,0,1,0,0
"I2_d08_@2,10",2,0,1,1,1,0,0
"I2_d08_@2,10",3,0,1,1,1,0,0
"I2_d08_@2,10",4,0,1,1,1,0,0
"I2_d08_@2,10",5,0,1,1,1,0,0
"I2_d08_@2,10",6,0,1,1,1,0,0
"I2_d08_@2,10",7,0,1,1,1,0,0
"I2_d08_@2,10",8,0,1,1,1,0,0
"I2_d08_@2,10",9,0,1,1,1,0,0
"I2_d08_@2,10",10,0,0,1,0,0,0
"I2_d08_@2,10",11,0,1,0,1,0,0
"I2_d08_@2,10",12,0,1,0,1,0,0
"I2_d08_@2,10",13,0,1,0,1,0,0
"I2_d08_@2,10",14,0,1,0,1,0,0
"I2_d08_@2,10",15,0,1,0,1,0,0
"I2_d08_@2,10",16,0,1,0,1,0,0
"I2_d08_@2,10",17,0,1,0,1,0,0
"I2_d08_@2,10",18,0,1,0,1,0,0
"I2_d08_@2,10",19,0,1,0,1,0,0
"I2_d08_@2,10",20,0,1,0,1,0,0
"I2_d08_@2,10",21,0,1,0,1,1,0
"I2_d08_@2,10",22,0,1,0,1,1,1
"I2_d08_@2,10",23,0,1,0,1,1,1
"I2_d08_@2,10",24,0,1,0,1,1,1
"I2_d08_@2,10",25,0,1,0,1,1,1
"I2_d08_@2,10",26,0,1,0,1,1,1
"I2_d08_@2,10",27,0,1,0,1,1,1
"I2_d08_@2,10",28,0,1,0,1,1,1
"I2_d08_@2,10",29,0,1,0,1,1,1
"I2_d08_@2,10",30,0,1,0,1,1,1
"I2_d08_@2,10",31,0,1,0,1,1,1
"I2_d08_@2,10",32,0,1,0,1,1,1
"I2_d08_@2,10",33,0,1,0,1,1,1
"I2_d08_@2,10",34,0,1,0,1,1,1
"I2_d08_@2,10",35,0,1,0,1,1,1
"I2_d08_@2,10",36,0,1,0,1,1,1
"I2_d08_@2,10",37,0,1,0,1,1,1
"I2_d08_@2,10",38,0,1,0,1,1,1
"I2_d08_@2,10",39,0,1,0,1,1,1
"I2_d08_@2,10",40,0,1,0,1,1,1
"I2_d08_@2,10",41,0,1,0,1,1,1
"I2_d08_@2,10",42,0,1,0,1,1,1
"I2_d08_@2,10",43,0,1,0,1,1,1
"I2_d08_@2,10",44,0,1,0,1,1,1
"I2_d08_@2,10",45,0,1,0,1,1,1
"I2_d08_@2,10",46,0,1,0,1,1,1
"I2_d08_@2,10",47,0,1,0,1,1,1
"I2_d08_@2,10",48,0,1,0,1,1,1
"I2_d08_@2,10",49,0,1,0,1,1,1
"I2_d08_@2,10",50,0,1,0,1,1,1
"I2_d08_@2,10",51,0,1,0,1,1,1
"I2_d08_@2,10",52,0,1,0,1,1,1
"I2_d08_@2,10",53,0,1,0,1,1,1
"I2_d08_@2,10",54,0,1,0,1,1,1
"I2_d08_@2,10",55,0,1,0,1,1,1
"I2_d08_@2,10",56,0,1,0,1,1,1
"I2_d08_@2,10",57,0,1,0,1,1,1
"I2_d08_@2,10",58,0,1,0,1,1,1
"I2_d08_@2,10",59,0,1,0,1,1,1
"I2_d08_@2,10",60,0,1,0,1,1,1
"I2_d08_@2,10",61,0,1,0,1,1,1
"I2_d08_@2,10",62,0,1,0,1,1,1
"I2_d08_@2,10",63,0,1,0,1,1,1
"I2_d08_@2,10",64,0,1,0,1,1,1
"I2_d08_@2,10",65,0,1,0,1,1,1
"I2_d08_@2,10",66,0,1,0,1,1,1
"I2_d08_@2,10",67,0,1,0,1,1,1
"I2_d08_@2,10",68,0,1,0,1,1,1
"I2_d08_@2,10",69,0,1,0,1,1,1
"I2_d08_@2,10",70,0,1,0,1,1,1
"I2_d08_@2,10",71,0,1,0,1,1,1
"I2_d08_@2,10",72,0,1,0,1,1,1
"I2_d08_@2,10",73,0,1,0,1,1,1
"I2_d08_@2,10",74,0,1,0,1,1,1
"I2_d08_@2,10",75,0,1,0,1,1,1
"I2_d08_@2,10",76,0,1,0,1,1,1
"I2_d08_@2,10",77,0,1,0,1,1,1
"I2_d08_@2,10",78,0,1,0,1,1,1
"I2_d08_@2,10",79,0,1,0,1,1,1
"I2_d08_@2,10",80,0,1,0,1,1,1
"I2_d08_@2,10",81,0,1,0,1,1,1
"I2_d08_@2,10",82,0,1,0,1,1,1
"I2_d08_@2,10",83,0,1,0,1,1,1
"I2_d08_@2,10",84,0,1,0,1,1,1
"I2_d08_@2,10",85,0,1,0,1,1,1
"I2_d08_@2,10",86,0,1,0,1,1,1
"I2_d08_@2,10",87,0,1,0,1,1,1
"I2_d08_@2,10",88,0,1,0,1,1,1
"I2_d08_@2,10",89,0,1,0,1,1,1
"I2_d08_@2,10",90,0,1,0,1,1,1
"I2_d08_@2,10",91,0,1,0,1,1,1
"I2_d08_@2,10",92,0,1,0,1,1,1
"I2_d08_@2,10",93,0,1,0,1,1,1
"I2_d08_@2,10",94,0,1,0,1,1,1
"I2_d08_@2,10",95,0,1,0,1,1,1
"I2_d08_@2,10",96,0,1,0,1,1,1
"I2_d08_@2,10",97,0,1,0,1,1,1
"I2_d08_@2,10",98,0,1,0,1,1,1
"I2_d08_@2,10",99,0,1,0,1,1,1
"I2_d08_@2,10",100,0,1,0,1,1,1
"I2_d08_@2,10",101,0,1,0,1,1,1
"I2_d08_@2,10",102,0,1,0,1,1,1
"I2_d08_@2,10",103,0,1,0,1,1,1
"I2_d08_@2,10",104,0,1,0,1,1,1
"I2_d08_@2,10",105,0,1,0,1,1,1
"I2_d08_@2,10",106,0,1,0,1,1,1
"I2_d08_@2,10",107,0,1,0,1,1,1
"I2_d08_@2,10",108,0,1,0,1,1,1
"I2_d08_@2,10",109,0,1,0,1,1,1
"I2_d08_@2,10",110,0,1,0,1,1,1
"I2_d08_@2,10",111,0,1,0,1,1,1
"I2_d08_@2,10",112,0,1,0,1,1,1
"I2_d08_@2,10",113,0,1,0,1,1,1
"I2_d08_@2,10",114,0,1,0,1,1,1
"I2_d08_@2,10",115,0,1,0,1,1,1
"I2_d08_@2,10",116,0,1,0,1,1,1
"I2_d08_@2,10",117,0,1,0,1,1,1
"I2_d08_@2,10",118,0,1,0,1,1,1
"I2_d08_@2,10",119,0,1,0,1,1,1
"I2_d08_@2,10",120,0,1,0,1,1,1
"I2_d09_@2,11",0,0,1,0,1,0,0
"I2_d09_@2,11",1,0,1,0,1,0,0
"I2_d09_@2,11",2,0,1,1,1,0,0
"I2_d09_@2,11",3,0,1,1,1,0,0
"I2_d09_@2,11",4,0,1,1,1,0,0
"I2_d09_@2,11",5,0,1,1,1,0,0
"I2_d09_@2,11",6,0,1,1,1,0,0
"I2_d09_@2,11",7,0,1,1,1,0,0
"I2_d09_@2,11",8,0,1,1,1,0,0
"I2_d09_@2,11",9,0,1,1,1,0,0
"I2_d09_@2,11",10,0,1,1,1,1,0
"I2_d09_@2,11",11,0,1,1,1,1,1
"I2_d09_@2,11",12,0,1,1,1,1,1
"I2_d09_@2,11",13,0,1,1,1,1,1
"I2_d09_@2,11",14,0,1,1,1,1,1
"I2_d09_@2,11",15,0,1,1,1,1,1
"I2_d09_@2,11",16,0,1,1,1,1,1
"I2_d09_@2,11",17,0,1,1,1,1,1
"I2_d09_@2,11",18,0,1,1,1,1,1
"I2_d09_@2,11",19,0,1,1,1,1,1
"I2_d09_@2,11",20,0,1,1,1,1,1
"I2_d09_@2,11",21,0,1,1,1,1,1
"I2_d09_@2,11",22,0,1,0,1,1,1
"I2_d09_@2,11",23,0,1,0,1,1,1
"I2_d09_@2,11",24,0,1,0,1,1,1
"I2_d09_@2,11",25,0,1,0,1,1,1
"I2_d09_@2,11",26,0,1,0,1,1,1
"I2_d09_@2,11",27,0,1,0,1,1,1
"I2_d09_@2,11",28,0,1,0,1,1,1
"I2_d09_@2,11",29,0,1,0,1,1,1
"I2_d09_@2,11",30,0,1,0,1,1,1
"I2_d09_@2,11",31,0,1,0,1,1,1
"I2_d09_@2,11",32,0,1,0,1,1,1
"I2_d09_@2,11",33,0,1,0,1,1,1
"I2_d09_@2,11",34,0,1,0,1,1,1
"I2_d09_@2,11",35,0,1,0,1,1,1
"I2_d09_@2,11",36,0,1,0,1,1,1
"I2_d09_@2,11",37,0,1,0,1,1,1
"I2_d09_@2,11",38,0,1,0,1,1,1
"I2_d09_@2,11",39,0,1,0,1,1,1
"I2_d09_@2,11",40,0,1,0,1,1,1
"I2_d09_@2,11",41,0,1,0,1,1,1
"I2_d09_@2,11",42,0,1,0,1,1,1
"I2_d09_@2,11",43,0,1,0,1,1,1
"I2_d09_@2,11",44,0,1,0,1,1,1
"I2_d09_@2,11",45,0,1,0,1,1,1
"I2_d09_@2,11",46,0,1,0,1,1,1
"I2_d09_@2,11",47,0,1,0,1,1,1
"I2_d09_@2,11",48,0,1,0,1,1,1
"I2_d09_@2,11",49,0,1,0,1,1,1
"I2_d09_@2,11",50,0,1,0,1,1,1
"I2_d09_@2,11",51,0,1,0,1,1,1
"I2_d09_@2,11",52,0,1,0,1,1,1
"I2_d09_@2,11",53,0,1,0,1,1,1
"I2_d09_@2,11",54,0,1,0,1,1,1
"I2_d09_@2,11",55,0,1,0,1,1,1
"I2_d09_@2,11",56,0,1,0,1,1,1
"I2_d09_@2,11",57,0,1,0,1,1,1
"I2_d09_@2,11",58,0,1,0,1,1,1
"I2_d09_@2,11",59,0,1,0,1,1,1
"I2_d09_@2,11",60,0,1,0,1,1,1
"I2_d09_@2,11",61,0,1,0,1,1,1
"I2_d09_@2,11",62,0,1,0,1,1,1
"I2_d09_@2,11",63,0,1,0,1,1,1
"I2_d09_@2,11",64,0,1,0,1,1,1
"I2_d09_@2,11",65,0,1,0,1,1,1
"I2_d09_@2,11",66,0,1,0,1,1,1
"I2_d09_@2,11",67,0,1,0,1,1,1
"I2_d09_@2,11",68,0,1,0,1,1,1
"I2_d09_@2,11",69,0,1,0,1,1,1
"I2_d09_@2,11",70,0,1,0,1,1,1
"I2_d09_@2,11",71,0,1,0,1,1,1
"I2_d09_@2,11",72,0,1,0,1,1,1
"I2_d09_@2,11",73,0,1,0,1,1,1
"I2_d09_@2,11",74,0,1,0,1,1,1
"I2_d09_@2,11",75,0,1,0,1,1,1
"I2_d09_@2,11",76,0,1,0,1,1,1
"I2_d09_@2,11",77,0,1,0,1,1,1
"I2_d09_@2,11",78,0,1,0,1,1,1
"I2_d09_@2,11",79,0,1,0,1,1,1
"I2_d09_@2,11",80,0,1,0,1,1,1
"I2_d09_@2,11",81,0,1,0,1,1,1
"I2_d09_@2,11",82,0,1,0,1,1,1
"I2_d09_@2,11",83,0,1,0,1,1,1
"I2_d09_@2,11",84,0,1,0,1,1,1
"I2_d09_@2,11",85,0,1,0,1,1,1
"I2_d09_@2,11",86,0,1,0,1,1,1
"I2_d09_@2,11",87,0,1,0,1,1,1
"I2_d09_@2,11",88,0,1,0,1,1,1
"I2_d09_@2,11",89,0,1,0,1,1,1
"I2_d09_@2,11",90,0,1,0,1,1,1
"I2_d09_@2,11",91,0,1,0,1,1,1
"I2_d09_@2,11",92,0,1,0,1,1,1
"I2_d09_@2,11",93,0,1,0,1,1,1
"I2_d09_@2,11",94,0,1,0,1,1,1
"I2_d09_@2,11",95,0,1,0,1,1,1
"I2_d09_@2,11",96,0,1,0,1,1,1
"I2_d09_@2,11",97,0,1,0,1,1,1
"I2_d09_@2,11",98,0,1,0,1,1,1
"I2_d09_@2,11",99,0,1,0,1,1,1
"I2_d09_@2,11",100,0,1,0,1,1,1
"I2_d09_@2,11",101,0,1,0,1,1,1
"I2_d09_@2,11",102,0,1,0,1,1,1
"I2_d09_@2,11",103,0,1,0,1,1,1
"I2_d09_@2,11",104,0,1,0,1,1,1
"I2_d09_@2,11",105,0,1,0,1,1,1
"I2_d09_@2,11",106,0,1,0,1,1,1
"I2_d09_@2,11",107,0,1,0,1,1,1
"I2_d09_@2,11",108,0,1,0,1,1,1
"I2_d09_@2,11",109,0,1,0,1,1,1
"I2_d09_@2,11",110,0,1,0,1,1,1
"I2_d09_@2,11",111,0,1,0,1,1,1
"I2_d09_@2,11",112,0,1,0,1,1,1
"I2_d09_@2,11",113,0,1,0,1,1,1
"I2_d09_@2,11",114,0,1,0,1,1,1
"I2_d09_@2,11",115,0,1,0,1,1,1
"I2_d09_@2,11",116,0,1,0,1,1,1
"I2_d09_@2,11",117,0,1,0,1,1,1
"I2_d09_@2,11",118,0,1,0,1,1,1
"I2_d09_@2,11",119,0,1,0,1,1,1
"I2_d09_@2,11",120,0,1,0,1,1,1
"I2_d10_@2,12",0,0,1,0,1,0,0
"I2_d10_@2,12",1,0,1,0,1,0,0
"I2_d10_@2,12",2,0,1,1,1,0,0
"I2_d10_@2,12",3,0,1,1,1,0,0
"I2_d10_@2,12",4,0,1,1,1,0,0
"I2_d10_@2,12",5,0,1,1,1,0,0
"I2_d10_@2,12",6,0,1,1,1,0,0
"I2_d10_@2,12",7,0,1,1,1,0,0
"I2_d10_@2,12",8,0,1,1,1,0,0
"I2_d10_@2,12",9,0,1,1,1,0,0
"I2_d10_@2,12",10,0,1,1,1,1,0
"I2_d10_@2,12",11,0,1,0,1,1,1
"I2_d10_@2,12",12,0,1,1,1,1,1
"I2_d10_@2,12",13,0,1,1,1,1,1
"I2_d10_@2,12",14,0,1,1,1,1,1
"I2_d10_@2,12",15,0,1,1,1,1,1
"I2_d10_@2,12",16,0,1,1,1,1,1
"I2_d10_@2,12",17,0,1,1,1,1,1
"I2_d10_@2,12",18,0,1,1,1,1,1
"I2_d10_@2,12",19,0,1,1,1,1,1
"I2_d10_@2,12",20,0,1,1,1,1,1
"I2_d10_@2,12",21,0,1,1,1,1,1
"I2_d10_@2,12",22,0,1,0,1,1,1
"I2_d10_@2,12",23,0,1,0,1,1,1
"I2_d10_@2,12",24,0,1,0,1,1,1
"I2_d10_@2,12",25,0,1,0,1,1,1
"I2_d10_@2,12",26,0,1,0,1,1,1
"I2_d10_@2,12",27,0,1,0,1,1,1
"I2_d10_@2,12",28,0,1,0,1,1,1
"I2_d10_@2,12",29,0,1,0,1,1,1
"I2_d10_@2,12",30,0,1,0,1,1,1
"I2_d10_@2,12",31,0,1,0,1,1,1
"I2_d10_@2,12",32,0,1,0,1,1,1
"I2_d10_@2,12",33,0,1,0,1,1,1
"I2_d10_@2,12",34,0,1,0,1,1,1
"I2_d10_@2,12",35,0,1,0,1,1,1
"I2_d10_@2,12",36,0,1,0,1,1,1
"I2_d10_@2,12",37,0,1,0,1,1,1
"I2_d10_@2,12",38,0,1,0,1,1,1
"I2_d10_@2,12",39,0,1,0,1,1,1
"I2_d10_@2,12",40,0,1,0,1,1,1
"I2_d10_@2,12",41,0,1,0,1,1,1
"I2_d10_@2,12",42,0,1,0,1,1,1
"I2_d10_@2,12",43,0,1,0,1,1,1
"I2_d10_@2,12",44,0,1,0,1,1,1
"I2_d10_@2,12",45,0,1,0,1,1,1
"I2_d10_@2,12",46,0,1,0,1,1,1
"I2_d10_@2,12",47,0,1,0,1,1,1
"I2_d10_@2,12",48,0,1,0,1,1,1
"I2_d10_@2,12",49,0,1,0,1,1,1
"I2_d10_@2,12",50,0,1,0,1,1,1
"I2_d10_@2,12",51,0,1,0,1,1,1
"I2_d10_@2,12",52,0,1,0,1,1,1
"I2_d10_@2,12",53,0,1,0,1,1,1
"I2_d10_@2,12",54,0,1,0,1,1,1
"I2_d10_@2,12",55,0,1,0,1,1,1
"I2_d10_@2,12",56,0,1,0,1,1,1
"I2_d10_@2,12",57,0,1,0,1,1,1
"I2_d10_@2,12",58,0,1,0,1,1,1
"I2_d10_@2,12",59,0,1,0,1,1,1
"I2_d10_@2,12",60,0,1,0,1,1,1
"I2_d10_@2,12",61,0,1,0,1,1,1
"I2_d10_@2,12",62,0,1,0,1,1,1
"I2_d10_@2,12",63,0,1,0,1,1,1
"I2_d10_@2,12",64,0,1,0,1,1,1
"I2_d10_@2,12",65,0,1,0,1,1,1
"I2_d10_@2,12",66,0,1,0,1,1,1
"I2_d10_@2,12",67,0,1,0,1,1,1
"I2_d10_@2,12",68,0,1,0,1,1,1
"I2_d10_@2,12",69,0,1,0,1,1,1
"I2_d10_@2,12",70,0,1,0,1,1,1
"I2_d10_@2,12",71,0,1,0,1,1,1
"I2_d10_@2,12",72,0,1,0,1,1,1
"I2_d10_@2,12",73,0,1,0,1,1,1
"I2_d10_@2,12",74,0,1,0,1,1,1
"I2_d10_@2,12",75,0,1,0,1,1,1
"I2_d10_@2,12",76,0,1,0,1,1,1
"I2_d10_@2,12",77,0,1,0,1,1,1
"I2_d10_@2,12",78,0,1,0,1,1,1
"I2_d10_@2,12",79,0,1,0,1,1,1
"I2_d10_@2,12",80,0,1,0,1,1,1
"I2_d10_@2,12",81,0,1,0,1,1,1
"I2_d10_@2,12",82,0,1,0,1,1,1
"I2_d10_@2,12",83,0,1,0,1,1,1
"I2_d10_@2,12",84,0,1,0,1,1,1
"I2_d10_@2,12",85,0,1,0,1,1,1
"I2_d10_@2,12",86,0,1,0,1,1,1
"I2_d10_@2,12",87,0,1,0,1,1,1
"I2_d10_@2,12",88,0,1,0,1,1,1
"I2_d10_@2,12",89,0,1,0,1,1,1
"I2_d10_@2,12",90,0,1,0,1,1,1
"I2_d10_@2,12",91,0,1,0,1,1,1
"I2_d10_@2,12",92,0,1,0,1,1,1
"I2_d10_@2,12",93,0,1,0,1,1,1
"I2_d10_@2,12",94,0,1,0,1,1,1
"I2_d10_@2,12",95,0,1,0,1,1,1
"I2_d10_@2,12",96,0,1,0,1,1,1
"I2_d10_@2,12",97,0,1,0,1,1,1
"I2_d10_@2,12",98,0,1,0,1,1,1
"I2_d10_@2,12",99,0,1,0,1,1,1
"I2_d10_@2,12",100,0,1,0,1,1,1
"I2_d10_@2,12",101,0,1,0,1,1,1
"I2_d10_@2,12",102,0,1,0,1,1,1
"I2_d10_@2,12",103,0,1,0,1,1,1
"I2_d10_@2,12",104,0,1,0,1,1,1
"I2_d10_@2,12",105,0,1,0,1,1,1
"I2_d10_@2,12",106,0,1,0,1,1,1
"I2_d10_@2,12",107,0,1,0,1,1,1
"I2_d10_@2,12",108,0,1,0,1,1,1
"I2_d10_@2,12",109,0,1,0,1,1,1
"I2_d10_@2,12",110,0,1,0,1,1,1
"I2_d10_@2,12",111,0,1,0,1,1,1
"I2_d10_@2,12",112,0,1,0,1,1,1
"I2_d10_@2,12",113,0,1,0,1,1,1
"I2_d10_@2,12",114,0,1,0,1,1,1
"I2_d10_@2,12",115,0,1,0,1,1,1
"I2_d10_@2,12",116,0,1,0,1,1,1
"I2_d10_@2,12",117,0,1,0,1,1,1
"I2_d10_@2,12",118,0,1,0,1,1,1
"I2_d10_@2,12",119,0,1,0,1,1,1
"I2_d10_@2,12",120,0,1,0,1,1,1
"I2_d11_@2,13",0,0,1,0,1,0,0
"I2_d11_@2,13",1,0,1,0,1,0,0
"I2_d11_@2,13",2,0,1,1,1,0,0
"I2_d11_@2,13",3,0,1,1,1,0,0
"I2_d11_@2,13",4,0,1,1,1,0,0
"I2_d11_@2,13",5,0,1,1,1,0,0
"I2_d11_@2,13",6,0,1,1,1,0,0
"I2_d11_@2,13",7,0,1,1,1,0,0
"I2_d11_@2,13",8,0,1,1,1,0,0
"I2_d11_@2,13",9,0,1,1,1,0,0
"I2_d11_@2,13",10,0,1,1,1,1,0
"I2_d11_@2,13",11,0,1,0,1,1,1
"I2_d11_@2,13",12,0,1,0,1,1,1
"I2_d11_@2,13",13,0,1,1,1,1,1
"I2_d11_@2,13",14,0,1,1,1,1,1
"I2_d11_@2,13",15,0,1,1,1,1,1
"I2_d11_@2,13",16,0,1,1,1,1,1
"I2_d11_@2,13",17,0,1,1,1,1,1
"I2_d11_@2,13",18,0,1,1,1,1,1
"I2_d11_@2,13",19,0,1,1,1,1,1
"I2_d11_@2,13",20,0,1,1,1,1,1
"I2_d11_@2,13",21,0,1,1,1,1,1
"I2_d11_@2,13",22,0,1,0,1,1,1
"I2_d11_@2,13",23,0,1,0,1,1,1
"I2_d11_@2,13",24,0,1,0,1,1,1
"I2_d11_@2,13",25,0,1,0,1,1,1
"I2_d11_@2,13",26,0,1,0,1,1,1
"I2_d11_@2,13",27,0,1,0,1,1,1
"I2_d11_@2,13",28,0,1,0,1,1,1
"I2_d11_@2,13",29,0,1,0,1,1,1
"I2_d11_@2,13",30,0,1,0,1,1,1
"I2_d11_@2,13",31,0,1,0,1,1,1
"I2_d11_@2,13",32,0,1,0,1,1,1
"I2_d11_@2,13",33,0,1,0,1,1,1
"I2_d11_@2,13",34,0,1,0,1,1,1
"I2_d11_@2,13",35,0,1,0,1,1,1
"I2_d11_@2,13",36,0,1,0,1,1,1
"I2_d11_@2,13",37,0,1,0,1,1,1
"I2_d11_@2,13",38,0,1,0,1,1,1
"I2_d11_@2,13",39,0,1,0,1,1,1
"I2_d11_@2,13",40,0,1,0,1,1,1
"I2_d11_@2,13",41,0,1,0,1,1,1
"I2_d11_@2,13",42,0,1,0,1,1,1
"I2_d11_@2,13",43,0,1,0,1,1,1
"I2_d11_@2,13",44,0,1,0,1,1,1
"I2_d11_@2,13",45,0,1,0,1,1,1
"I2_d11_@2,13",46,0,1,0,1,1,1
"I2_d11_@2,13",47,0,1,0,1,1,1
"I2_d11_@2,13",48,0,1,0,1,1,1
"I2_d11_@2,13",49,0,1,0,1,1,1
"I2_d11_@2,13",50,0,1,0,1,1,1
"I2_d11_@2,13",51,0,1,0,1,1,1
"I2_d11_@2,13",52,0,1,0,1,1,1
"I2_d11_@2,13",53,0,1,0,1,1,1
"I2_d11_@2,13",54,0,1,0,1,1,1
"I2_d11_@2,13",55,0,1,0,1,1,1
"I2_d11_@2,13",56,0,1,0,1,1,1
"I2_d11_@2,13",57,0,1,0,1,1,1
"I2_d11_@2,13",58,0,1,0,1,1,1
"I2_d11_@2,13",59,0,1,0,1,1,1
"I2_d11_@2,13",60,0,1,0,1,1,1
"I2_d11_@2,13",61,0,1,0,1,1,1
"I2_d11_@2,13",62,0,1,0,1,1,1
"I2_d11_@2,13",63,0,1,0,1,1,1
"I2_d11_@2,13",64,0,1,0,1,1,1
"I2_d11_@2,13",65,0,1,0,1,1,1
"I2_d11_@2,13",66,0,1,0,1,1,1
"I2_d11_@2,13",67,0,1,0,1,1,1
"I2_d11_@2,13",68,0,1,0,1,1,1
"I2_d11_@2,13",69,0,1,0,1,1,1
"I2_d11_@2,13",70,0,1,0,1,1,1
"I2_d11_@2,13",71,0,1,0,1,1,1
"I2_d11_@2,13",72,0,1,0,1,1,1
"I2_d11_@2,13",73,0,1,0,1,1,1
"I2_d11_@2,13",74,0,1,0,1,1,1
"I2_d11_@2,13",75,0,1,0,1,1,1
"I2_d11_@2,13",76,0,1,0,1,1,1
"I2_d11_@2,13",77,0,1,0,1,1,1
"I2_d11_@2,13",78,0,1,0,1,1,1
"I2_d11_@2,13",79,0,1,0,1,1,1
"I2_d11_@2,13",80,0,1,0,1,1,1
"I2_d11_@2,13",81,0,1,0,1,1,1
"I2_d11_@2,13",82,0,1,0,1,1,1
"I2_d11_@2,13",83,0,1,0,1,1,1
"I2_d11_@2,13",84,0,1,0,1,1,1
"I2_d11_@2,13",85,0,1,0,1,1,1
"I2_d11_@2,13",86,0,1,0,1,1,1
"I2_d11_@2,13",87,0,1,0,1,1,1
"I2_d11_@2,13",88,0,1,0,1,1,1
"I2_d11_@2,13",89,0,1,0,1,1,1
"I2_d11_@2,13",90,0,1,0,1,1,1
"I2_d11_@2,13",91,0,1,0,1,1,1
"I2_d11_@2,13",92,0,1,0,1,1,1
"I2_d11_@2,13",93,0,1,0,1,1,1
"I2_d11_@2,13",94,0,1,0,1,1,1
"I2_d11_@2,13",95,0,1,0,1,1,1
"I2_d11_@2,13",96,0,1,0,1,1,1
"I2_d11_@2,13",97,0,1,0,1,1,1
"I2_d11_@2,13",98,0,1,0,1,1,1
"I2_d11_@2,13",99,0,1,0,1,1,1
"I2_d11_@2,13",100,0,1,0,1,1,1
"I2_d11_@2,13",101,0,1,0,1,1,1
"I2_d11_@2,13",102,0,1,0,1,1,1
"I2_d11_@2,13",103,0,1,0,1,1,1
"I2_d11_@2,13",104,0,1,0,1,1,1
"I2_d11_@2,13",105,0,1,0,1,1,1
"I2_d11_@2,13",106,0,1,0,1,1,1
"I2_d11_@2,13",107,0,1,0,1,1,1
"I2_d11_@2,13",108,0,1,0,1,1,1
"I2_d11_@2,13",109,0,1,0,1,1,1
"I2_d11_@2,13",110,0,1,0,1,1,1
"I2_d11_@2,13",111,0,1,0,1,1,1
"I2_d11_@2,13",112,0,1,0,1,1,1
"I2_d11_@2,13",113,0,1,0,1,1,1
"I2_d11_@2,13",114,0,1,0,1,1,1
"I2_d11_@2,13",115,0,1,0,1,1,1
"I2_d11_@2,13",116,0,1,0,1,1,1
"I2_d11_@2,13",117,0,1,0,1,1,1
"I2_d11_@2,13",118,0,1,0,1,1,1
"I2_d11_@2,13",119,0,1,0,1,1,1
"I2_d11_@2,13",120,0,1,0,1,1,1
"I2_d12_@2,14",0,0,1,0,1,0,0
"I2_d12_@2,14",1,0,1,0,1,0,0
"I2_d12_@2,14",2,0,1,1,1,0,0
"I2_d12_@2,14",3,0,1,1,1,0,0
"I2_d12_@2,14",4,0,1,1,1,0,0
"I2_d12_@2,14",5,0,1,1,1,0,0
"I2_d12_@2,14",6,0,1,1,1,0,0
"I2_d12_@2,14",7,0,1,1,1,0,0
"I2_d12_@2,14",8,0,1,1,1,0,0
"I2_d12_@2,14",9,0,1,1,1,0,0
"I2_d12_@2,14",10,0,1,1,1,1,0
"I2_d12_@2,14",11,0,1,0,1,1,1
"I2_d12_@2,14",12,0,1,0,1,1,1
"I2_d12_@2,14",13,0,1,0,1,1,1
"I2_d12_@2,14",14,0,1,1,1,1,1
"I2_d12_@2,14",15,0,1,1,1,1,1
"I2_d12_@2,14",16,0,1,1,1,1,1
"I2_d12_@2,14",17,0,1,1,1,1,1
"I2_d12_@2,14",18,0,1,1,1,1,1
"I2_d12_@2,14",19,0,1,1,1,1,1
"I2_d12_@2,14",20,0,1,1,1,1,1
"I2_d12_@2,14",21,0,1,1,1,1,1
"I2_d12_@2,14",22,0,1,0,1,1,1
"I2_d12_@2,14",23,0,1,0,1,1,1
"I2_d12_@2,14",24,0,1,0,1,1,1
"I2_d12_@2,14",25,0,1,0,1,1,1
"I2_d12_@2,14",26,0,1,0,1,1,1
"I2_d12_@2,14",27,0,1,0,1,1,1
"I2_d12_@2,14",28,0,1,0,1,1,1
"I2_d12_@2,14",29,0,1,0,1,1,1
"I2_d12_@2,14",30,0,1,0,1,1,1
"I2_d12_@2,14",31,0,1,0,1,1,1
"I2_d12_@2,14",32,0,1,0,1,1,1
"I2_d12_@2,14",33,0,1,0,1,1,1
"I2_d12_@2,14",34,0,1,0,1,1,1
"I2_d12_@2,14",35,0,1,0,1,1,1
"I2_d12_@2,14",36,0,1,0,1,1,1
"I2_d12_@2,14",37,0,1,0,1,1,1
"I2_d12_@2,14",38,0,1,0,1,1,1
"I2_d12_@2,14",39,0,1,0,1,1,1
"I2_d12_@2,14",40,0,1,0,1,1,1
"I2_d12_@2,14",41,0,1,0,1,1,1
"I2_d12_@2,14",42,0,1,0,1,1,1
"I2_d12_@2,14",43,0,1,0,1,1,1
"I2_d12_@2,14",44,0,1,0,1,1,1
"I2_d12_@2,14",45,0,1,0,1,1,1
"I2_d12_@2,14",46,0,1,0,1,1,1
"I2_d12_@2,14",47,0,1,0,1,1,1
"I2_d12_@2,14",48,0,1,0,1,1,1
"I2_d12_@2,14",49,0,1,0,1,1,1
"I2_d12_@2,14",50,0,1,0,1,1,1
"I2_d12_@2,14",51,0,1,0,1,1,1
"I2_d12_@2,14",52,0,1,0,1,1,1
"I2_d12_@2,14",53,0,1,0,1,1,1
"I2_d12_@2,14",54,0,1,0,1,1,1
"I2_d12_@2,14",55,0,1,0,1,1,1
"I2_d12_@2,14",56,0,1,0,1,1,1
"I2_d12_@2,14",57,0,1,0,1,1,1
"I2_d12_@2,14",58,0,1,0,1,1,1
"I2_d12_@2,14",59,0,1,0,1,1,1
"I2_d12_@2,14",60,0,1,0,1,1,1
"I2_d12_@2,14",61,0,1,0,1,1,1
"I2_d12_@2,14",62,0,1,0,1,1,1
"I2_d12_@2,14",63,0,1,0,1,1,1
"I2_d12_@2,14",64,0,1,0,1,1,1
"I2_d12_@2,14",65,0,1,0,1,1,1
"I2_d12_@2,14",66,0,1,0,1,1,1
"I2_d12_@2,14",67,0,1,0,1,1,1
"I2_d12_@2,14",68,0,1,0,1,1,1
"I2_d12_@2,14",69,0,1,0,1,1,1
"I2_d12_@2,14",70,0,1,0,1,1,1
"I2_d12_@2,14",71,0,1,0,1,1,1
"I2_d12_@2,14",72,0,1,0,1,1,1
"I2_d12_@2,14",73,0,1,0,1,1,1
"I2_d12_@2,14",74,0,1,0,1,1,1
"I2_d12_@2,14",75,0,1,0,1,1,1
"I2_d12_@2,14",76,0,1,0,1,1,1
"I2_d12_@2,14",77,0,1,0,1,1,1
"I2_d12_@2,14",78,0,1,0,1,1,1
"I2_d12_@2,14",79,0,1,0,1,1,1
"I2_d12_@2,14",80,0,1,0,1,1,1
"I2_d12_@2,14",81,0,1,0,1,1,1
"I2_d12_@2,14",82,0,1,0,1,1,1
"I2_d12_@2,14",83,0,1,0,1,1,1
"I2_d12_@2,14",84,0,1,0,1,1,1
"I2_d12_@2,14",85,0,1,0,1,1,1
"I2_d12_@2,14",86,0,1,0,1,1,1
"I2_d12_@2,14",87,0,1,0,1,1,1
"I2_d12_@2,14",88,0,1,0,1,1,1
"I2_d12_@2,14",89,0,1,0,1,1,1
"I2_d12_@2,14",90,0,1,0,1,1,1
"I2_d12_@2,14",91,0,1,0,1,1,1
"I2_d12_@2,14",92,0,1,0,1,1,1
"I2_d12_@2,14",93,0,1,0,1,1,1
"I2_d12_@2,14",94,0,1,0,1,1,1
"I2_d12_@2,14",95,0,1,0,1,1,1
"I2_d12_@2,14",96,0,1,0,1,1,1
"I2_d12_@2,14",97,0,1,0,1,1,1
"I2_d12_@2,14",98,0,1,0,1,1,1
"I2_d12_@2,14",99,0,1,0,1,1,1
"I2_d12_@2,14",100,0,1,0,1,1,1
"I2_d12_@2,14",101,0,1,0,1,1,1
"I2_d12_@2,14",102,0,1,0,1,1,1
"I2_d12_@2,14",103,0,1,0,1,1,1
"I2_d12_@2,14",104,0,1,0,1,1,1
"I2_d12_@2,14",105,0,1,0,1,1,1
"I2_d12_@2,14",106,0,1,0,1,1,1
"I2_d12_@2,14",107,0,1,0,1,1,1
"I2_d12_@2,14",108,0,1,0,1,1,1
"I2_d12_@2,14",109,0,1,0,1,1,1
"I2_d12_@2,14",110,0,1,0,1,1,1
"I2_d12_@2,14",111,0,1,0,1,1,1
"I2_d12_@2,14",112,0,1,0,1,1,1
"I2_d12_@2,14",113,0,1,0,1,1,1
"I2_d12_@2,14",114,0,1,0,1,1,1
"I2_d12_@2,14",115,0,1,0,1,1,1
"I2_d12_@2,14",116,0,1,0,1,1,1
"I2_d12_@2,14",117,0,1,0,1,1,1
"I2_d12_@2,14",118,0,1,0,1,1,1
"I2_d12_@2,14",119,0,1,0,1,1,1
"I2_d12_@2,14",120,0,1,0,1,1,1
"I3eq_d01_@2,3,4",0,0,1,0,1,0,0
"I3eq_d01_@2,3,4",1,0,1,0,1,0,0
"I3eq_d01_@2,3,4",2,0,1,1,1,0,0
"I3eq_d01_@2,3,4",3,0,0,1,0,0,0
"I3eq_d01_@2,3,4",4,1,1,1,1,0,0
"I3eq_d01_@2,3,4",5,1,1,1,1,0,0
"I3eq_d01_@2,3,4",6,1,1,1,1,0,0
"I3eq_d01_@2,3,4",7,1,1,1,1,0,0
"I3eq_d01_@2,3,4",8,1,1,1,1,0,0
"I3eq_d01_@2,3,4",9,1,1,1,1,0,0
"I3eq_d01_@2,3,4",10,1,1,1,1,1,0
"I3eq_d01_@2,3,4",11,0,1,0,1,1,1
"I3eq_d01_@2,3,4",12,0,1,0,1,1,1
"I3eq_d01_@2,3,4",13,0,1,0,1,1,1
"I3eq_d01_@2,3,4",14,0,1,0,1,1,1
"I3eq_d01_@2,3,4",15,0,1,0,1,1,1
"I3eq_d01_@2,3,4",16,0,1,0,1,1,1
"I3eq_d01_@2,3,4",17,0,1,0,1,1,1
"I3eq_d01_@2,3,4",18,0,1,0,1,1,1
"I3eq_d01_@2,3,4",19,0,1,0,1,1,1
"I3eq_d01_@2,3,4",20,0,1,0,1,1,1
"I3eq_d01_@2,3,4",21,0,1,0,1,1,1
"I3eq_d01_@2,3,4",22,0,1,0,1,1,1
"I3eq_d01_@2,3,4",23,0,1,0,1,1,1
"I3eq_d01_@2,3,4",24,0,1,0,1,1,1
"I3eq_d01_@2,3,4",25,0,1,0,1,1,1
"I3eq_d01_@2,3,4",26,0,1,0,1,1,1
"I3eq_d01_@2,3,4",27,0,1,0,1,1,1
"I3eq_d01_@2,3,4",28,0,1,0,1,1,1
"I3eq_d01_@2,3,4",29,0,1,0,1,1,1
"I3eq_d01_@2,3,4",30,0,1,0,1,1,1
"I3eq_d01_@2,3,4",31,0,1,0,1,1,1
"I3eq_d01_@2,3,4",32,0,1,0,1,1,1
"I3eq_d01_@2,3,4",33,0,1,0,1,1,1
"I3eq_d01_@2,3,4",34,0,1,0,1,1,1
"I3eq_d01_@2,3,4",35,0,1,0,1,1,1
"I3eq_d01_@2,3,4",36,0,1,0,1,1,1
"I3eq_d01_@2,3,4",37,0,1,0,1,1,1
"I3eq_d01_@2,3,4",38,0,1,0,1,1,1
"I3eq_d01_@2,3,4",39,0,1,0,1,1,1
"I3eq_d01_@2,3,4",40,0,1,0,1,1,1
"I3eq_d01_@2,3,4",41,0,1,0,1,1,1
"I3eq_d01_@2,3,4",42,0,1,0,1,1,1
"I3eq_d01_@2,3,4",43,0,1,0,1,1,1
"I3eq_d01_@2,3,4",44,0,1,0,1,1,1
"I3eq_d01_@2,3,4",45,0,1,0,1,1,1
"I3eq_d01_@2,3,4",46,0,1,0,1,1,1
"I3eq_d01_@2,3,4",47,0,1,0,1,1,1
"I3eq_d01_@2,3,4",48,0,1,0,1,1,1
"I3eq_d01_@2,3,4",49,0,1,0,1,1,1
"I3eq_d01_@2,3,4",50,0,1,0,1,1,1
"I3eq_d01_@2,3,4",51,0,1,0,1,1,1
"I3eq_d01_@2,3,4",52,0,1,0,1,1,1
"I3eq_d01_@2,3,4",53,0,1,0,1,1,1
"I3eq_d01_@2,3,4",54,0,1,0,1,1,1
"I3eq_d01_@2,3,4",55,0,1,0,1,1,1
"I3eq_d01_@2,3,4",56,0,1,0,1,1,1
"I3eq_d01_@2,3,4",57,0,1,0,1,1,1
"I3eq_d01_@2,3,4",58,0,1,0,1,1,1
"I3eq_d01_@2,3,4",59,0,1,0,1,1,1
"I3eq_d01_@2,3,4",60,0,1,0,1,1,1
"I3eq_d01_@2,3,4",61,0,1,0,1,1,1
"I3eq_d01_@2,3,4",62,0,1,0,1,1,1
"I3eq_d01_@2,3,4",63,0,1,0,1,1,1
"I3eq_d01_@2,3,4",64,0,1,0,1,1,1
"I3eq_d01_@2,3,4",65,0,1,0,1,1,1
"I3eq_d01_@2,3,4",66,0,1,0,1,1,1
"I3eq_d01_@2,3,4",67,0,1,0,1,1,1
"I3eq_d01_@2,3,4",68,0,1,0,1,1,1
"I3eq_d01_@2,3,4",69,0,1,0,1,1,1
"I3eq_d01_@2,3,4",70,0,1,0,1,1,1
"I3eq_d01_@2,3,4",71,0,1,0,1,1,1
"I3eq_d01_@2,3,4",72,0,1,0,1,1,1
"I3eq_d01_@2,3,4",73,0,1,0,1,1,1
"I3eq_d01_@2,3,4",74,0,1,0,1,1,1
"I3eq_d01_@2,3,4",75,0,1,0,1,1,1
"I3eq_d01_@2,3,4",76,0,1,0,1,1,1
"I3eq_d01_@2,3,4",77,0,1,0,1,1,1
"I3eq_d01_@2,3,4",78,0,1,0,1,1,1
"I3eq_d01_@2,3,4",79,0,1,0,1,1,1
"I3eq_d01_@2,3,4",80,0,1,0,1,1,1
"I3eq_d01_@2,3,4",81,0,1,0,1,1,1
"I3eq_d01_@2,3,4",82,0,1,0,1,1,1
"I3eq_d01_@2,3,4",83,0,1,0,1,1,1
"I3eq_d01_@2,3,4",84,0,1,0,1,1,1
"I3eq_d01_@2,3,4",85,0,1,0,1,1,1
"I3eq_d01_@2,3,4",86,0,1,0,1,1,1
"I3eq_d01_@2,3,4",87,0,1,0,1,1,1
"I3eq_d01_@2,3,4",88,0,1,0,1,1,1
"I3eq_d01_@2,3,4",89,0,1,0,1,1,1
"I3eq_d01_@2,3,4",90,0,1,0,1,1,1
"I3eq_d01_@2,3,4",91,0,1,0,1,1,1
"I3eq_d01_@2,3,4",92,0,1,0,1,1,1
"I3eq_d01_@2,3,4",93,0,1,0,1,1,1
"I3eq_d01_@2,3,4",94,0,1,0,1,1,1
"I3eq_d01_@2,3,4",95,0,1,0,1,1,1
"I3eq_d01_@2,3,4",96,0,1,0,1,1,1
"I3eq_d01_@2,3,4",97,0,1,0,1,1,1
"I3eq_d01_@2,3,4",98,0,1,0,1,1,1
"I3eq_d01_@2,3,4",99,0,1,0,1,1,1
"I3eq_d01_@2,3,4",100,0,1,0,1,1,1
"I3eq_d01_@2,3,4",101,0,1,0,1,1,1
"I3eq_d01_@2,3,4",102,0,1,0,1,1,1
"I3eq_d01_@2,3,4",103,0,1,0,1,1,1
"I3eq_d01_@2,3,4",104,0,1,0,1,1,1
"I3eq_d01_@2,3,4",105,0,1,0,1,1,1
"I3eq_d01_@2,3,4",106,0,1,0,1,1,1
"I3eq_d01_@2,3,4",107,0,1,0,1,1,1
"I3eq_d01_@2,3,4",108,0,1,0,1,1,1
"I3eq_d01_@2,3,4",109,0,1,0,1,1,1
"I3eq_d01_@2,3,4",110,0,1,0,1,1,1
"I3eq_d01_@2,3,4",111,0,1,0,1,1,1
"I3eq_d01_@2,3,4",112,0,1,0,1,1,1
"I3eq_d01_@2,3,4",113,0,1,0,1,1,1
"I3eq_d01_@2,3,4",114,0,1,0,1,1,1
"I3eq_d01_@2,3,4",115,0,1,0,1,1,1
"I3eq_d01_@2,3,4",116,0,1,0,1,1,1
"I3eq_d01_@2,3,4",117,0,1,0,1,1,1
"I3eq_d01_@2,3,4",118,0,1,0,1,1,1
"I3eq_d01_@2,3,4",119,0,1,0,1,1,1
"I3eq_d01_@2,3,4",120,0,1,0,1,1,1
"I3eq_d02_@2,4,6",0,0,1,0,1,0,0
"I3eq_d02_@2,4,6",1,0,1,0,1,0,0
"I3eq_d02_@2,4,6",2,0,1,1,1,0,0
"I3eq_d02_@2,4,6",3,0,1,1,1,0,0
"I3eq_d02_@2,4,6",4,0,0,1,0,0,0
"I3eq_d02_@2,4,6",5,1,1,0,0,0,0
"I3eq_d02_@2,4,6",6,1,1,1,1,0,0
"I3eq_d02_@2,4,6",7,1,1,1,1,0,0
"I3eq_d02_@2,4,6",8,1,1,1,1,0,0
"I3eq_d02_@2,4,6",9,1,1,1,1,0,0
"I3eq_d02_@2,4,6",10,1,1,1,1,1,0
"I3eq_d02_@2,4,6",11,0,1,0,1,1,1
"I3eq_d02_@2,4,6",12,0,1,0,1,1,1
"I3eq_d02_@2,4,6",13,0,1,0,1,1,1
"I3eq_d02_@2,4,6",14,0,1,0,1,1,1
"I3eq_d02_@2,4,6",15,0,1,0,1,1,1
"I3eq_d02_@2,4,6",16,0,1,0,1,1,1
"I3eq_d02_@2,4,6",17,0,1,0,1,1,1
"I3eq_d02_@2,4,6",18,0,1,0,1,1,1
"I3eq_d02_@2,4,6",19,0,1,0,1,1,1
"I3eq_d02_@2,4,6",20,0,1,0,1,1,1
"I3eq_d02_@2,4,6",21,0,1,0,1,1,1
"I3eq_d02_@2,4,6",22,0,1,0,1,1,1
"I3eq_d02_@2,4,6",23,0,1,0,1,1,1
"I3eq_d02_@2,4,6",24,0,1,0,1,1,1
"I3eq_d02_@2,4,6",25,0,1,0,1,1,1
"I3eq_d02_@2,4,6",26,0,1,0,1,1,1
"I3eq_d02_@2,4,6",27,0,1,0,1,1,1
"I3eq_d02_@2,4,6",28,0,1,0,1,1,1
"I3eq_d02_@2,4,6",29,0,1,0,1,1,1
"I3eq_d02_@2,4,6",30,0,1,0,1,1,1
"I3eq_d02_@2,4,6",31,0,1,0,1,1,1
"I3eq_d02_@2,4,6",32,0,1,0,1,1,1
"I3eq_d02_@2,4,6",33,0,1,0,1,1,1
"I3eq_d02_@2,4,6",34,0,1,0,1,1,1
"I3eq_d02_@2,4,6",35,0,1,0,1,1,1
"I3eq_d02_@2,4,6",36,0,1,0,1,1,1
"I3eq_d02_@2,4,6",37,0,1,0,1,1,1
"I3eq_d02_@2,4,6",38,0,1,0,1,1,1
"I3eq_d02_@2,4,6",39,0,1,0,1,1,1
"I3eq_d02_@2,4,6",40,0,1,0,1,1,1
"I3eq_d02_@2,4,6",41,0,1,0,1,1,1
"I3eq_d02_@2,4,6",42,0,1,0,1,1,1
"I3eq_d02_@2,4,6",43,0,1,0,1,1,1
"I3eq_d02_@2,4,6",44,0,1,0,1,1,1
"I3eq_d02_@2,4,6",45,0,1,0,1,1,1
"I3eq_d02_@2,4,6",46,0,1,0,1,1,1
"I3eq_d02_@2,4,6",47,0,1,0,1,1,1
"I3eq_d02_@2,4,6",48,0,1,0,1,1,1
"I3eq_d02_@2,4,6",49,0,1,0,1,1,1
"I3eq_d02_@2,4,6",50,0,1,0,1,1,1
"I3eq_d02_@2,4,6",51,0,1,0,1,1,1
"I3eq_d02_@2,4,6",52,0,1,0,1,1,1
"I3eq_d02_@2,4,6",53,0,1,0,1,1,1
"I3eq_d02_@2,4,6",54,0,1,0,1,1,1
"I3eq_d02_@2,4,6",55,0,1,0,1,1,1
"I3eq_d02_@2,4,6",56,0,1,0,1,1,1
"I3eq_d02_@2,4,6",57,0,1,0,1,1,1
"I3eq_d02_@2,4,6",58,0,1,0,1,1,1
"I3eq_d02_@2,4,6",59,0,1,0,1,1,1
"I3eq_d02_@2,4,6",60,0,1,0,1,1,1
"I3eq_d02_@2,4,6",61,0,1,0,1,1,1
"I3eq_d02_@2,4,6",62,0,1,0,1,1,1
"I3eq_d02_@2,4,6",63,0,1,0,1,1,1
"I3eq_d02_@2,4,6",64,0,1,0,1,1,1
"I3eq_d02_@2,4,6",65,0,1,0,1,1,1
"I3eq_d02_@2,4,6",66,0,1,0,1,1,1
"I3eq_d02_@2,4,6",67,0,1,0,1,1,1
"I3eq_d02_@2,4,6",68,0,1,0,1,1,1
"I3eq_d02_@2,4,6",69,0,1,0,1,1,1
"I3eq_d02_@2,4,6",70,0,1,0,1,1,1
"I3eq_d02_@2,4,6",71,0,1,0,1,1,1
"I3eq_d02_@2,4,6",72,0,1,0,1,1,1
"I3eq_d02_@2,4,6",73,0,1,0,1,1,1
"I3eq_d02_@2,4,6",74,0,1,0,1,1,1
"I3eq_d02_@2,4,6",75,0,1,0,1,1,1
"I3eq_d02_@2,4,6",76,0,1,0,1,1,1
"I3eq_d02_@2,4,6",77,0,1,0,1,1,1
"I3eq_d02_@2,4,6",78,0,1,0,1,1,1
"I3eq_d02_@2,4,6",79,0,1,0,1,1,1
"I3eq_d02_@2,4,6",80,0,1,0,1,1,1
"I3eq_d02_@2,4,6",81,0,1,0,1,1,1
"I3eq_d02_@2,4,6",82,0,1,0,1,1,1
"I3eq_d02_@2,4,6",83,0,1,0,1,1,1
"I3eq_d02_@2,4,6",84,0,1,0,1,1,1
"I3eq_d02_@2,4,6",85,0,1,0,1,1,1
"I3eq_d02_@2,4,6",86,0,1,0,1,1,1
"I3eq_d02_@2,4,6",87,0,1,0,1,1,1
"I3eq_d02_@2,4,6",88,0,1,0,1,1,1
"I3eq_d02_@2,4,6",89,0,1,0,1,1,1
"I3eq_d02_@2,4,6",90,0,1,0,1,1,1
"I3eq_d02_@2,4,6",91,0,1,0,1,1,1
"I3eq_d02_@2,4,6",92,0,1,0,1,1,1
"I3eq_d02_@2,4,6",93,0,1,0,1,1,1
"I3eq_d02_@2,4,6",94,0,1,0,1,1,1
"I3eq_d02_@2,4,6",95,0,1,0,1,1,1
"I3eq_d02_@2,4,6",96,0,1,0,1,1,1
"I3eq_d02_@2,4,6",97,0,1,0,1,1,1
"I3eq_d02_@2,4,6",98,0,1,0,1,1,1
"I3eq_d02_@2,4,6",99,0,1,0,1,1,1
"I3eq_d02_@2,4,6",100,0,1,0,1,1,1
"I3eq_d02_@2,4,6",101,0,1,0,1,1,1
"I3eq_d02_@2,4,6",102,0,1,0,1,1,1
"I3eq_d02_@2,4,6",103,0,1,0,1,1,1
"I3eq_d02_@2,4,6",104,0,1,0,1,1,1
"I3eq_d02_@2,4,6",105,0,1,0,1,1,1
"I3eq_d02_@2,4,6",106,0,1,0,1,1,1
"I3eq_d02_@2,4,6",107,0,1,0,1,1,1
"I3eq_d02_@2,4,6",108,0,1,0,1,1,1
"I3eq_d02_@2,4,6",109,0,1,0,1,1,1
"I3eq_d02_@2,4,6",110,0,1,0,1,1,1
"I3eq_d02_@2,4,6",111,0,1,0,1,1,1
"I3eq_d02_@2,4,6",112,0,1,0,1,1,1
"I3eq_d02_@2,4,6",113,0,1,0,1,1,1
"I3eq_d02_@2,4,6",114,0,1,0,1,1,1
"I3eq_d02_@2,4,6",115,0,1,0,1,1,1
"I3eq_d02_@2,4,6",116,0,1,0,1,1,1
"I3eq_d02_@2,4,6",117,0,1,0,1,1,1
"I3eq_d02_@2,4,6",118,0,1,0,1,1,1
"I3eq_d02_@2,4,6",119,0,1,0,1,1,1
"I3eq_d02_@2,4,6",120,0,1,0,1,1,1
"I3eq_d03_@2,5,8",0,0,1,0,1,0,0
"I3eq_d03_@2,5,8",1,0,1,0,1,0,0
"I3eq_d03_@2,5,8",2,0,1,1,1,0,0
"I3eq_d03_@2,5,8",3,0,1,1,1,0,0
"I3eq_d03_@2,5,8",4,0,1,1,1,0,0
"I3eq_d03_@2,5,8",5,0,0,1,0,0,0
"I3eq_d03_@2,5,8",6,1,1,0,0,0,0
"I3eq_d03_@2,5,8",7,1,1,0,0,0,0
"I3eq_d03_@2,5,8",8,1,1,1,1,0,0
"I3eq_d03_@2,5,8",9,1,1,1,1,0,0
"I3eq_d03_@2,5,8",10,1,1,1,1,1,0
"I3eq_d03_@2,5,8",11,0,1,0,1,1,1
"I3eq_d03_@2,5,8",12,0,1,0,1,1,1
"I3eq_d03_@2,5,8",13,0,1,0,1,1,1
"I3eq_d03_@2,5,8",14,0,1,0,1,1,1
"I3eq_d03_@2,5,8",15,0,1,0,1,1,1
"I3eq_d03_@2,5,8",16,0,1,0,1,1,1
"I3eq_d03_@2,5,8",17,0,1,0,1,1,1
"I3eq_d03_@2,5,8",18,0,1,0,1,1,1
"I3eq_d03_@2,5,8",19,0,1,0,1,1,1
"I3eq_d03_@2,5,8",20,0,1,0,1,1,1
"I3eq_d03_@2,5,8",21,0,1,0,1,1,1
"I3eq_d03_@2,5,8",22,0,1,0,1,1,1
"I3eq_d03_@2,5,8",23,0,1,0,1,1,1
"I3eq_d03_@2,5,8",24,0,1,0,1,1,1
"I3eq_d03_@2,5,8",25,0,1,0,1,1,1
"I3eq_d03_@2,5,8",26,0,1,0,1,1,1
"I3eq_d03_@2,5,8",27,0,1,0,1,1,1
"I3eq_d03_@2,5,8",28,0,1,0,1,1,1
"I3eq_d03_@2,5,8",29,0,1,0,1,1,1
"I3eq_d03_@2,5,8",30,0,1,0,1,1,1
"I3eq_d03_@2,5,8",31,0,1,0,1,1,1
"I3eq_d03_@2,5,8",32,0,1,0,1,1,1
"I3eq_d03_@2,5,8",33,0,1,0,1,1,1
"I3eq_d03_@2,5,8",34,0,1,0,1,1,1
"I3eq_d03_@2,5,8",35,0,1,0,1,1,1
"I3eq_d03_@2,5,8",36,0,1,0,1,1,1
"I3eq_d03_@2,5,8",37,0,1,0,1,1,1
"I3eq_d03_@2,5,8",38,0,1,0,1,1,1
"I3eq_d03_@2,5,8",39,0,1,0,1,1,1
"I3eq_d03_@2,5,8",40,0,1,0,1,1,1
"I3eq_d03_@2,5,8",41,0,1,0,1,1,1
"I3eq_d03_@2,5,8",42,0,1,0,1,1,1
"I3eq_d03_@2,5,8",43,0,1,0,1,1,1
"I3eq_d03_@2,5,8",44,0,1,0,1,1,1
"I3eq_d03_@2,5,8",45,0,1,0,1,1,1
"I3eq_d03_@2,5,8",46,0,1,0,1,1,1
"I3eq_d03_@2,5,8",47,0,1,0,1,1,1
"I3eq_d03_@2,5,8",48,0,1,0,1,1,1
"I3eq_d03_@2,5,8",49,0,1,0,1,1,1
"I3eq_d03_@2,5,8",50,0,1,0,1,1,1
"I3eq_d03_@2,5,8",51,0,1,0,1,1,1
"I3eq_d03_@2,5,8",52,0,1,0,1,1,1
"I3eq_d03_@2,5,8",53,0,1,0,1,1,1
"I3eq_d03_@2,5,8",54,0,1,0,1,1,1
"I3eq_d03_@2,5,8",55,0,1,0,1,1,1
"I3eq_d03_@2,5,8",56,0,1,0,1,1,1
"I3eq_d03_@2,5,8",57,0,1,0,1,1,1
"I3eq_d03_@2,5,8",58,0,1,0,1,1,1
"I3eq_d03_@2,5,8",59,0,1,0,1,1,1
"I3eq_d03_@2,5,8",60,0,1,0,1,1,1
"I3eq_d03_@2,5,8",61,0,1,0,1,1,1
"I3eq_d03_@2,5,8",62,0,1,0,1,1,1
"I3eq_d03_@2,5,8",63,0,1,0,1,1,1
"I3eq_d03_@2,5,8",64,0,1,0,1,1,1
"I3eq_d03_@2,5,8",65,0,1,0,1,1,1
"I3eq_d03_@2,5,8",66,0,1,0,1,1,1
"I3eq_d03_@2,5,8",67,0,1,0,1,1,1
"I3eq_d03_@2,5,8",68,0,1,0,1,1,1
"I3eq_d03_@2,5,8",69,0,1,0,1,1,1
"I3eq_d03_@2,5,8",70,0,1,0,1,1,1
"I3eq_d03_@2,5,8",71,0,1,0,1,1,1
"I3eq_d03_@2,5,8",72,0,1,0,1,1,1
"I3eq_d03_@2,5,8",73,0,1,0,1,1,1
"I3eq_d03_@2,5,8",74,0,1,0,1,1,1
"I3eq_d03_@2,5,8",75,0,1,0,1,1,1
"I3eq_d03_@2,5,8",76,0,1,0,1,1,1
"I3eq_d03_@2,5,8",77,0,1,0,1,1,1
"I3eq_d03_@2,5,8",78,0,1,0,1,1,1
"I3eq_d03_@2,5,8",79,0,1,0,1,1,1
"I3eq_d03_@2,5,8",80,0,1,0,1,1,1
"I3eq_d03_@2,5,8",81,0,1,0,1,1,1
"I3eq_d03_@2,5,8",82,0,1,0,1,1,1
"I3eq_d03_@2,5,8",83,0,1,0,1,1,1
"I3eq_d03_@2,5,8",84,0,1,0,1,1,1
"I3eq_d03_@2,5,8",85,0,1,0,1,1,1
"I3eq_d03_@2,5,8",86,0,1,0,1,1,1
"I3eq_d03_@2,5,8",87,0,1,0,1,1,1
"I3eq_d03_@2,5,8",88,0,1,0,1,1,1
"I3eq_d03_@2,5,8",89,0,1,0,1,1,1
"I3eq_d03_@2,5,8",90,0,1,0,1,1,1
"I3eq_d03_@2,5,8",91,0,1,0,1,1,1
"I3eq_d03_@2,5,8",92,0,1,0,1,1,1
"I3eq_d03_@2,5,8",93,0,1,0,1,1,1
"I3eq_d03_@2,5,8",94,0,1,0,1,1,1
"I3eq_d03_@2,5,8",95,0,1,0,1,1,1
"I3eq_d03_@2,5,8",96,0,1,0,1,1,1
"I3eq_d03_@2,5,8",97,0,1,0,1,1,1
"I3eq_d03_@2,5,8",98,0,1,0,1,1,1
"I3eq_d03_@2,5,8",99,0,1,0,1,1,1
"I3eq_d03_@2,5,8",100,0,1,0,1,1,1
"I3eq_d03_@2,5,8",101,0,1,0,1,1,1
"I3eq_d03_@2,5,8",102,0,1,0,1,1,1
"I3eq_d03_@2,5,8",103,0,1,0,1,1,1
"I3eq_d03_@2,5,8",104,0,1,0,1,1,1
"I3eq_d03_@2,5,8",105,0,1,0,1,1,1
"I3eq_d03_@2,5,8",106,0,1,0,1,1,1
"I3eq_d03_@2,5,8",107,0,1,0,1,1,1
"I3eq_d03_@2,5,8",108,0,1,0,1,1,1
"I3eq_d03_@2,5,8",109,0,1,0,1,1,1
"I3eq_d03_@2,5,8",110,0,1,0,1,1,1
"I3eq_d03_@2,5,8",111,0,1,0,1,1,1
"I3eq_d03_@2,5,8",112,0,1,0,1,1,1
"I3eq_d03_@2,5,8",113,0,1,0,1,1,1
"I3eq_d03_@2,5,8",114,0,1,0,1,1,1
"I3eq_d03_@2,5,8",115,0,1,0,1,1,1
"I3eq_d03_@2,5,8",116,0,1,0,1,1,1
"I3eq_d03_@2,5,8",117,0,1,0,1,1,1
"I3eq_d03_@2,5,8",118,0,1,0,1,1,1
"I3eq_d03_@2,5,8",119,0,1,0,1,1,1
"I3eq_d03_@2,5,8",120,0,1,0,1,1,1
"I3eq_d04_@2,6,10",0,0,1,0,1,0,0
"I3eq_d04_@2,6,10",1,0,1,0,1,0,0
"I3eq_d04_@2,6,10",2,0,1,1,1,0,0
"I3eq_d04_@2,6,10",3,0,1,1,1,0,0
"I3eq_d04_@2,6,10",4,0,1,1,1,0,0
"I3eq_d04_@2,6,10",5,0,1,1,1,0,0
"I3eq_d04_@2,6,10",6,0,0,1,0,0,0
"I3eq_d04_@2,6,10",7,1,1,0,0,0,0
"I3eq_d04_@2,6,10",8,1,1,0,0,0,0
"I3eq_d04_@2,6,10",9,1,1,0,0,0,0
"I3eq_d04_@2,6,10",10,1,1,1,1,1,0
"I3eq_d04_@2,6,10",11,0,1,0,1,1,1
"I3eq_d04_@2,6,10",12,0,1,0,1,1,1
"I3eq_d04_@2,6,10",13,0,1,0,1,1,1
"I3eq_d04_@2,6,10",14,0,1,0,1,1,1
"I3eq_d04_@2,6,10",15,0,1,0,1,1,1
"I3eq_d04_@2,6,10",16,0,1,0,1,1,1
"I3eq_d04_@2,6,10",17,0,1,0,1,1,1
"I3eq_d04_@2,6,10",18,0,1,0,1,1,1
"I3eq_d04_@2,6,10",19,0,1,0,1,1,1
"I3eq_d04_@2,6,10",20,0,1,0,1,1,1
"I3eq_d04_@2,6,10",21,0,1,0,1,1,1
"I3eq_d04_@2,6,10",22,0,1,0,1,1,1
"I3eq_d04_@2,6,10",23,0,1,0,1,1,1
"I3eq_d04_@2,6,10",24,0,1,0,1,1,1
"I3eq_d04_@2,6,10",25,0,1,0,1,1,1
"I3eq_d04_@2,6,10",26,0,1,0,1,1,1
"I3eq_d04_@2,6,10",27,0,1,0,1,1,1
"I3eq_d04_@2,6,10",28,0,1,0,1,1,1
"I3eq_d04_@2,6,10",29,0,1,0,1,1,1
"I3eq_d04_@2,6,10",30,0,1,0,1,1,1
"I3eq_d04_@2,6,10",31,0,1,0,1,1,1
"I3eq_d04_@2,6,10",32,0,1,0,1,1,1
"I3eq_d04_@2,6,10",33,0,1,0,1,1,1
"I3eq_d04_@2,6,10",34,0,1,0,1,1,1
"I3eq_d04_@2,6,10",35,0,1,0,1,1,1
"I3eq_d04_@2,6,10",36,0,1,0,1,1,1
"I3eq_d04_@2,6,10",37,0,1,0,1,1,1
"I3eq_d04_@2,6,10",38,0,1,0,1,1,1
"I3eq_d04_@2,6,10",39,0,1,0,1,1,1
"I3eq_d04_@2,6,10",40,0,1,0,1,1,1
"I3eq_d04_@2,6,10",41,0,1,0,1,1,1
"I3eq_d04_@2,6,10",42,0,1,0,1,1,1
"I3eq_d04_@2,6,10",43,0,1,0,1,1,1
"I3eq_d04_@2,6,10",44,0,1,0,1,1,1
"I3eq_d04_@2,6,10",45,0,1,0,1,1,1
"I3eq_d04_@2,6,10",46,0,1,0,1,1,1
"I3eq_d04_@2,6,10",47,0,1,0,1,1,1
"I3eq_d04_@2,6,10",48,0,1,0,1,1,1
"I3eq_d04_@2,6,10",49,0,1,0,1,1,1
"I3eq_d04_@2,6,10",50,0,1,0,1,1,1
"I3eq_d04_@2,6,10",51,0,1,0,1,1,1
"I3eq_d04_@2,6,10",52,0,1,0,1,1,1
"I3eq_d04_@2,6,10",53,0,1,0,1,1,1
"I3eq_d04_@2,6,10",54,0,1,0,1,1,1
"I3eq_d04_@2,6,10",55,0,1,0,1,1,1
"I3eq_d04_@2,6,10",56,0,1,0,1,1,1
"I3eq_d04_@2,6,10",57,0,1,0,1,1,1
"I3eq_d04_@2,6,10",58,0,1,0,1,1,1
"I3eq_d04_@2,6,10",59,0,1,0,1,1,1
"I3eq_d04_@2,6,10",60,0,1,0,1,1,1
"I3eq_d04_@2,6,10",61,0,1,0,1,1,1
"I3eq_d04_@2,6,10",62,0,1,0,1,1,1
"I3eq_d04_@2,6,10",63,0,1,0,1,1,1
"I3eq_d04_@2,6,10",64,0,1,0,1,1,1
"I3eq_d04_@2,6,10",65,0,1,0,1,1,1
"I3eq_d04_@2,6,10",66,0,1,0,1,1,1
"I3eq_d04_@2,6,10",67,0,1,0,1,1,1
"I3eq_d04_@2,6,10",68,0,1,0,1,1,1
"I3eq_d04_@2,6,10",69,0,1,0,1,1,1
"I3eq_d04_@2,6,10",70,0,1,0,1,1,1
"I3eq_d04_@2,6,10",71,0,1,0,1,1,1
"I3eq_d04_@2,6,10",72,0,1,0,1,1,1
"I3eq_d04_@2,6,10",73,0,1,0,1,1,1
"I3eq_d04_@2,6,10",74,0,1,0,1,1,1
"I3eq_d04_@2,6,10",75,0,1,0,1,1,1
"I3eq_d04_@2,6,10",76,0,1,0,1,1,1
"I3eq_d04_@2,6,10",77,0,1,0,1,1,1
"I3eq_d04_@2,6,10",78,0,1,0,1,1,1
"I3eq_d04_@2,6,10",79,0,1,0,1,1,1
"I3eq_d04_@2,6,10",80,0,1,0,1,1,1
"I3eq_d04_@2,6,10",81,0,1,0,1,1,1
"I3eq_d04_@2,6,10",82,0,1,0,1,1,1
"I3eq_d04_@2,6,10",83,0,1,0,1,1,1
"I3eq_d04_@2,6,10",84,0,1,0,1,1,1
"I3eq_d04_@2,6,10",85,0,1,0,1,1,1
"I3eq_d04_@2,6,10",86,0,1,0,1,1,1
"I3eq_d04_@2,6,10",87,0,1,0,1,1,1
"I3eq_d04_@2,6,10",88,0,1,0,1,1,1
"I3eq_d04_@2,6,10",89,0,1,0,1,1,1
"I3eq_d04_@2,6,10",90,0,1,0,1,1,1
"I3eq_d04_@2,6,10",91,0,1,0,1,1,1
"I3eq_d04_@2,6,10",92,0,1,0,1,1,1
"I3eq_d04_@2,6,10",93,0,1,0,1,1,1
"I3eq_d04_@2,6,10",94,0,1,0,1,1,1
"I3eq_d04_@2,6,10",95,0,1,0,1,1,1
"I3eq_d04_@2,6,10",96,0,1,0,1,1,1
"I3eq_d04_@2,6,10",97,0,1,0,1,1,1
"I3eq_d04_@2,6,10",98,0,1,0,1,1,1
"I3eq_d04_@2,6,10",99,0,1,0,1,1,1
"I3eq_d04_@2,6,10",100,0,1,0,1,1,1
"I3eq_d04_@2,6,10",101,0,1,0,1,1,1
"I3eq_d04_@2,6,10",102,0,1,0,1,1,1
"I3eq_d04_@2,6,10",103,0,1,0,1,1,1
"I3eq_d04_@2,6,10",104,0,1,0,1,1,1
"I3eq_d04_@2,6,10",105,0,1,0,1,1,1
"I3eq_d04_@2,6,10",106,0,1,0,1,1,1
"I3eq_d04_@2,6,10",107,0,1,0,1,1,1
"I3eq_d04_@2,6,10",108,0,1,0,1,1,1
"I3eq_d04_@2,6,10",109,0,1,0,1,1,1
"I3eq_d04_@2,6,10",110,0,1,0,1,1,1
"I3eq_d04_@2,6,10",111,0,1,0,1,1,1
"I3eq_d04_@2,6,10",112,0,1,0,1,1,1
"I3eq_d04_@2,6,10",113,0,1,0,1,1,1
"I3eq_d04_@2,6,10",114,0,1,0,1,1,1
"I3eq_d04_@2,6,10",115,0,1,0,1,1,1
"I3eq_d04_@2,6,10",116,0,1,0,1,1,1
"I3eq_d04_@2,6,10",117,0,1,0,1,1,1
"I3eq_d04_@2,6,10",118,0,1,0,1,1,1
"I3eq_d04_@2,6,10",119,0,1,0,1,1,1
"I3eq_d04_@2,6,10",120,0,1,0,1,1,1
"I3eq_d05_@2,7,12",0,0,1,0,1,0,0
"I3eq_d05_@2,7,12",1,0,1,0,1,0,0
"I3eq_d05_@2,7,12",2,0,1,1,1,0,0
"I3eq_d05_@2,7,12",3,0,1,1,1,0,0
"I3eq_d05_@2,7,12",4,0,1,1,1,0,0
"I3eq_d05_@2,7,12",5,0,1,1,1,0,0
"I3eq_d05_@2,7,12",6,0,1,1,1,0,0
"I3eq_d05_@2,7,12",7,0,0,1,0,0,0
"I3eq_d05_@2,7,12",8,1,1,0,0,0,0
"I3eq_d05_@2,7,12",9,1,1,0,0,0,0
"I3eq_d05_@2,7,12",10,1,1,0,0,0,0
"I3eq_d05_@2,7,12",11,0,1,0,1,0,0
"I3eq_d05_@2,7,12",12,0,1,1,1,0,0
"I3eq_d05_@2,7,12",13,0,1,1,1,0,0
"I3eq_d05_@2,7,12",14,0,1,1,1,0,0
"I3eq_d05_@2,7,12",15,0,1,1,1,0,0
"I3eq_d05_@2,7,12",16,0,1,1,1,0,0
"I3eq_d05_@2,7,12",17,0,1,1,1,0,0
"I3eq_d05_@2,7,12",18,0,1,1,1,0,0
"I3eq_d05_@2,7,12",19,0,1,1,1,0,0
"I3eq_d05_@2,7,12",20,0,1,1,1,0,0
"I3eq_d05_@2,7,12",21,0,1,1,1,1,0
"I3eq_d05_@2,7,12",22,0,1,0,1,1,1
"I3eq_d05_@2,7,12",23,0,1,0,1,1,1
"I3eq_d05_@2,7,12",24,0,1,0,1,1,1
"I3eq_d05_@2,7,12",25,0,1,0,1,1,1
"I3eq_d05_@2,7,12",26,0,1,0,1,1,1
"I3eq_d05_@2,7,12",27,0,1,0,1,1,1
"I3eq_d05_@2,7,12",28,0,1,0,1,1,1
"I3eq_d05_@2,7,12",29,0,1,0,1,1,1
"I3eq_d05_@2,7,12",30,0,1,0,1,1,1
"I3eq_d05_@2,7,12",31,0,1,0,1,1,1
"I3eq_d05_@2,7,12",32,0,1,0,1,1,1
"I3eq_d05_@2,7,12",33,0,1,0,1,1,1
"I3eq_d05_@2,7,12",34,0,1,0,1,1,1
"I3eq_d05_@2,7,12",35,0,1,0,1,1,1
"I3eq_d05_@2,7,12",36,0,1,0,1,1,1
"I3eq_d05_@2,7,12",37,0,1,0,1,1,1
"I3eq_d05_@2,7,12",38,0,1,0,1,1,1
"I3eq_d05_@2,7,12",39,0,1,0,1,1,1
"I3eq_d05_@2,7,12",40,0,1,0,1,1,1
"I3eq_d05_@2,7,12",41,0,1,0,1,1,1
"I3eq_d05_@2,7,12",42,0,1,0,1,1,1
"I3eq_d05_@2,7,12",43,0,1,0,1,1,1
"I3eq_d05_@2,7,12",44,0,1,0,1,1,1
"I3eq_d05_@2,7,12",45,0,1,0,1,1,1
"I3eq_d05_@2,7,12",46,0,1,0,1,1,1
"I3eq_d05_@2,7,12",47,0,1,0,1,1,1
"I3eq_d05_@2,7,12",48,0,1,0,1,1,1
"I3eq_d05_@2,7,12",49,0,1,0,1,1,1
"I3eq_d05_@2,7,12",50,0,1,0,1,1,1
"I3eq_d05_@2,7,12",51,0,1,0,1,1,1
"I3eq_d05_@2,7,12",52,0,1,0,1,1,1
"I3eq_d05_@2,7,12",53,0,1,0,1,1,1
"I3eq_d05_@2,7,12",54,0,1,0,1,1,1
"I3eq_d05_@2,7,12",55,0,1,0,1,1,1
"I3eq_d05_@2,7,12",56,0,1,0,1,1,1
"I3eq_d05_@2,7,12",57,0,1,0,1,1,1
"I3eq_d05_@2,7,12",58,0,1,0,1,1,1
"I3eq_d05_@2,7,12",59,0,1,0,1,1,1
"I3eq_d05_@2,7,12",60,0,1,0,1,1,1
"I3eq_d05_@2,7,12",61,0,1,0,1,1,1
"I3eq_d05_@2,7,12",62,0,1,0,1,1,1
"I3eq_d05_@2,7,12",63,0,1,0,1,1,1
"I3eq_d05_@2,7,12",64,0,1,0,1,1,1
"I3eq_d05_@2,7,12",65,0,1,0,1,1,1
"I3eq_d05_@2,7,12",66,0,1,0,1,1,1
"I3eq_d05_@2,7,12",67,0,1,0,1,1,1
"I3eq_d05_@2,7,12",68,0,1,0,1,1,1
"I3eq_d05_@2,7,12",69,0,1,0,1,1,1
"I3eq_d05_@2,7,12",70,0,1,0,1,1,1
"I3eq_d05_@2,7,12",71,0,1,0,1,1,1
"I3eq_d05_@2,7,12",72,0,1,0,1,1,1
"I3eq_d05_@2,7,12",73,0,1,0,1,1,1
"I3eq_d05_@2,7,12",74,0,1,0,1,1,1
"I3eq_d05_@2,7,12",75,0,1,0,1,1,1
"I3eq_d05_@2,7,12",76,0,1,0,1,1,1
"I3eq_d05_@2,7,12",77,0,1,0,1,1,1
"I3eq_d05_@2,7,12",78,0,1,0,1,1,1
"I3eq_d05_@2,7,12",79,0,1,0,1,1,1
"I3eq_d05_@2,7,12",80,0,1,0,1,1,1
"I3eq_d05_@2,7,12",81,0,1,0,1,1,1
"I3eq_d05_@2,7,12",82,0,1,0,1,1,1
"I3eq_d05_@2,7,12",83,0,1,0,1,1,1
"I3eq_d05_@2,7,12",84,0,1,0,1,1,1
"I3eq_d05_@2,7,12",85,0,1,0,1,1,1
"I3eq_d05_@2,7,12",86,0,1,0,1,1,1
"I3eq_d05_@2,7,12",87,0,1,0,1,1,1
"I3eq_d05_@2,7,12",88,0,1,0,1,1,1
"I3eq_d05_@2,7,12",89,0,1,0,1,1,1
"I3eq_d05_@2,7,12",90,0,1,0,1,1,1
"I3eq_d05_@2,7,12",91,0,1,0,1,1,1
"I3eq_d05_@2,7,12",92,0,1,0,1,1,1
"I3eq_d05_@2,7,12",93,0,1,0,1,1,1
"I3eq_d05_@2,7,12",94,0,1,0,1,1,1
"I3eq_d05_@2,7,12",95,0,1,0,1,1,1
"I3eq_d05_@2,7,12",96,0,1,0,1,1,1
"I3eq_d05_@2,7,12",97,0,1,0,1,1,1
"I3eq_d05_@2,7,12",98,0,1,0,1,1,1
"I3eq_d05_@2,7,12",99,0,1,0,1,1,1
"I3eq_d05_@2,7,12",100,0,1,0,1,1,1
"I3eq_d05_@2,7,12",101,0,1,0,1,1,1
"I3eq_d05_@2,7,12",102,0,1,0,1,1,1
"I3eq_d05_@2,7,12",103,0,1,0,1,1,1
"I3eq_d05_@2,7,12",104,0,1,0,1,1,1
"I3eq_d05_@2,7,12",105,0,1,0,1,1,1
"I3eq_d05_@2,7,12",106,0,1,0,1,1,1
"I3eq_d05_@2,7,12",107,0,1,0,1,1,1
"I3eq_d05_@2,7,12",108,0,1,0,1,1,1
"I3eq_d05_@2,7,12",109,0,1,0,1,1,1
"I3eq_d05_@2,7,12",110,0,1,0,1,1,1
"I3eq_d05_@2,7,12",111,0,1,0,1,1,1
"I3eq_d05_@2,7,12",112,0,1,0,1,1,1
"I3eq_d05_@2,7,12",113,0,1,0,1,1,1
"I3eq_d05_@2,7,12",114,0,1,0,1,1,1
"I3eq_d05_@2,7,12",115,0,1,0,1,1,1
"I3eq_d05_@2,7,12",116,0,1,0,1,1,1
"I3eq_d05_@2,7,12",117,0,1,0,1,1,1
"I3eq_d05_@2,7,12",118,0,1,0,1,1,1
"I3eq_d05_@2,7,12",119,0,1,0,1,1,1
"I3eq_d05_@2,7,12",120,0,1,0,1,1,1
"I3eq_d06_@2,8,14",0,0,1,0,1,0,0
"I3eq_d06_@2,8,14",1,0,1,0,1,0,0
"I3eq_d06_@2,8,14",2,0,1,1,1,0,0
"I3eq_d06_@2,8,14",3,0,1,1,1,0,0
"I3eq_d06_@2,8,14",4,0,1,1,1,0,0
"I3eq_d06_@2,8,14",5,0,1,1,1,0,0
"I3eq_d06_@2,8,14",6,0,1,1,1,0,0
"I3eq_d06_@2,8,14",7,0,1,1,1,0,0
"I3eq_d06_@2,8,14",8,0,0,1,0,0,0
"I3eq_d06_@2,8,14",9,1,1,0,0,0,0
"I3eq_d06_@2,8,14",10,1,1,0,0,0,0
"I3eq_d06_@2,8,14",11,0,1,0,1,0,0
"I3eq_d06_@2,8,14",12,0,1,0,1,0,0
"I3eq_d06_@2,8,14",13,0,1,0,1,0,0
"I3eq_d06_@2,8,14",14,0,1,1,1,0,0
"I3eq_d06_@2,8,14",15,0,1,1,1,0,0
"I3eq_d06_@2,8,14",16,0,1,1,1,0,0
"I3eq_d06_@2,8,14",17,0,1,1,1,0,0
"I3eq_d06_@2,8,14",18,0,1,1,1,0,0
"I3eq_d06_@2,8,14",19,0,1,1,1,0,0
"I3eq_d06_@2,8,14",20,0,1,1,1,0,0
"I3eq_d06_@2,8,14",21,0,1,1,1,1,0
"I3eq_d06_@2,8,14",22,0,1,0,1,1,1
"I3eq_d06_@2,8,14",23,0,1,0,1,1,1
"I3eq_d06_@2,8,14",24,0,1,0,1,1,1
"I3eq_d06_@2,8,14",25,0,1,0,1,1,1
"I3eq_d06_@2,8,14",26,0,1,0,1,1,1
"I3eq_d06_@2,8,14",27,0,1,0,1,1,1
"I3eq_d06_@2,8,14",28,0,1,0,1,1,1
"I3eq_d06_@2,8,14",29,0,1,0,1,1,1
"I3eq_d06_@2,8,14",30,0,1,0,1,1,1
"I3eq_d06_@2,8,14",31,0,1,0,1,1,1
"I3eq_d06_@2,8,14",32,0,1,0,1,1,1
"I3eq_d06_@2,8,14",33,0,1,0,1,1,1
"I3eq_d06_@2,8,14",34,0,1,0,1,1,1
"I3eq_d06_@2,8,14",35,0,1,0,1,1,1
"I3eq_d06_@2,8,14",36,0,1,0,1,1,1
"I3eq_d06_@2,8,14",37,0,1,0,1,1,1
"I3eq_d06_@2,8,14",38,0,1,0,1,1,1
"I3eq_d06_@2,8,14",39,0,1,0,1,1,1
"I3eq_d06_@2,8,14",40,0,1,0,1,1,1
"I3eq_d06_@2,8,14",41,0,1,0,1,1,1
"I3eq_d06_@2,8,14",42,0,1,0,1,1,1
"I3eq_d06_@2,8,14",43,0,1,0,1,1,1
"I3eq_d06_@2,8,14",44,0,1,0,1,1,1
"I3eq_d06_@2,8,14",45,0,1,0,1,1,1
"I3eq_d06_@2,8,14",46,0,1,0,1,1,1
"I3eq_d06_@2,8,14",47,0,1,0,1,1,1
"I3eq_d06_@2,8,14",48,0,1,0,1,1,1
"I3eq_d06_@2,8,14",49,0,1,0,1,1,1
"I3eq_d06_@2,8,14",50,0,1,0,1,1,1
"I3eq_d06_@2,8,14",51,0,1,0,1,1,1
"I3eq_d06_@2,8,14",52,0,1,0,1,1,1
"I3eq_d06_@2,8,14",53,0,1,0,1,1,1
"I3eq_d06_@2,8,14",54,0,1,0,1,1,1
"I3eq_d06_@2,8,14",55,0,1,0,1,1,1
"I3eq_d06_@2,8,14",56,0,1,0,1,1,1
"I3eq_d06_@2,8,14",57,0,1,0,1,1,1
"I3eq_d06_@2,8,14",58,0,1,0,1,1,1
"I3eq_d06_@2,8,14",59,0,1,0,1,1,1
"I3eq_d06_@2,8,14",60,0,1,0,1,1,1
"I3eq_d06_@2,8,14",61,0,1,0,1,1,1
"I3eq_d06_@2,8,14",62,0,1,0,1,1,1
"I3eq_d06_@2,8,14",63,0,1,0,1,1,1
"I3eq_d06_@2,8,14",64,0,1,0,1,1,1
"I3eq_d06_@2,8,14",65,0,1,0,1,1,1
"I3eq_d06_@2,8,14",66,0,1,0,1,1,1
"I3eq_d06_@2,8,14",67,0,1,0,1,1,1
"I3eq_d06_@2,8,14",68,0,1,0,1,1,1
"I3eq_d06_@2,8,14",69,0,1,0,1,1,1
"I3eq_d06_@2,8,14",70,0,1,0,1,1,1
"I3eq_d06_@2,8,14",71,0,1,0,1,1,1
"I3eq_d06_@2,8,14",72,0,1,0,1,1,1
"I3eq_d06_@2,8,14",73,0,1,0,1,1,1
"I3eq_d06_@2,8,14",74,0,1,0,1,1,1
"I3eq_d06_@2,8,14",75,0,1,0,1,1,1
"I3eq_d06_@2,8,14",76,0,1,0,1,1,1
"I3eq_d06_@2,8,14",77,0,1,0,1,1,1
"I3eq_d06_@2,8,14",78,0,1,0,1,1,1
"I3eq_d06_@2,8,14",79,0,1,0,1,1,1
"I3eq_d06_@2,8,14",80,0,1,0,1,1,1
"I3eq_d06_@2,8,14",81,0,1,0,1,1,1
"I3eq_d06_@2,8,14",82,0,1,0,1,1,1
"I3eq_d06_@2,8,14",83,0,1,0,1,1,1
"I3eq_d06_@2,8,14",84,0,1,0,1,1,1
"I3eq_d06_@2,8,14",85,0,1,0,1,1,1
"I3eq_d06_@2,8,14",86,0,1,0,1,1,1
"I3eq_d06_@2,8,14",87,0,1,0,1,1,1
"I3eq_d06_@2,8,14",88,0,1,0,1,1,1
"I3eq_d06_@2,8,14",89,0,1,0,1,1,1
"I3eq_d06_@2,8,14",90,0,1,0,1,1,1
"I3eq_d06_@2,8,14",91,0,1,0,1,1,1
"I3eq_d06_@2,8,14",92,0,1,0,1,1,1
"I3eq_d06_@2,8,14",93,0,1,0,1,1,1
"I3eq_d06_@2,8,14",94,0,1,0,1,1,1
"I3eq_d06_@2,8,14",95,0,1,0,1,1,1
"I3eq_d06_@2,8,14",96,0,1,0,1,1,1
"I3eq_d06_@2,8,14",97,0,1,0,1,1,1
"I3eq_d06_@2,8,14",98,0,1,0,1,1,1
"I3eq_d06_@2,8,14",99,0,1,0,1,1,1
"I3eq_d06_@2,8,14",100,0,1,0,1,1,1
"I3eq_d06_@2,8,14",101,0,1,0,1,1,1
"I3eq_d06_@2,8,14",102,0,1,0,1,1,1
"I3eq_d06_@2,8,14",103,0,1,0,1,1,1
"I3eq_d06_@2,8,14",104,0,1,0,1,1,1
"I3eq_d06_@2,8,14",105,0,1,0,1,1,1
"I3eq_d06_@2,8,14",106,0,1,0,1,1,1
"I3eq_d06_@2,8,14",107,0,1,0,1,1,1
"I3eq_d06_@2,8,14",108,0,1,0,1,1,1
"I3eq_d06_@2,8,14",109,0,1,0,1,1,1
"I3eq_d06_@2,8,14",110,0,1,0,1,1,1
"I3eq_d06_@2,8,14",111,0,1,0,1,1,1
"I3eq_d06_@2,8,14",112,0,1,0,1,1,1
"I3eq_d06_@2,8,14",113,0,1,0,1,1,1
"I3eq_d06_@2,8,14",114,0,1,0,1,1,1
"I3eq_d06_@2,8,14",115,0,1,0,1,1,1
"I3eq_d06_@2,8,14",116,0,1,0,1,1,1
"I3eq_d06_@2,8,14",117,0,1,0,1,1,1
"I3eq_d06_@2,8,14",118,0,1,0,1,1,1
"I3eq_d06_@2,8,14",119,0,1,0,1,1,1
"I3eq_d06_@2,8,14",120,0,1,0,1,1,1
